2026-08-24 13:38:26 | INFO | Starting benchmark: task=hotpotqa method=standard
2026-08-24 13:38:26 | INFO | Code version: 0.10.0
2026-08-24 13:38:26 | INFO | Run directory: /content/ReACT_ICLR_2023_Reproduction/outputs/hotpotqa/standard/2026-08-24_133826
2026-08-24 13:38:26 | INFO | Inference batch size: 32
2026-08-24 13:38:26 | INFO | Loading 500 HotpotQA samples with seed=42
2026-08-24 13:38:56 | INFO | Loading tokenizer: Qwen/Qwen2.5-7B-Instruct
2026-08-24 13:38:59 | INFO | Loading model: Qwen/Qwen2.5-7B-Instruct device=cuda dtype=torch.bfloat16
2026-08-24 13:39:48 | INFO | Model ready: Qwen/Qwen2.5-7B-Instruct
2026-08-24 13:39:48 | INFO | Inference batch [1-32/500] size=32
2026-08-24 13:39:48 | INFO | [1/500] example_id=5ae143ed55429920d5234360
2026-08-24 13:39:48 | INFO | Question: In what year was the university where Sergei Aleksandrovich Tokarev was a professor founded?
2026-08-24 13:39:48 | INFO | [2/500] example_id=5abc19705542993a06baf86e
2026-08-24 13:39:48 | INFO | Question: Black Book starred the actress and writer of what heritage?
2026-08-24 13:39:48 | INFO | [3/500] example_id=5ac3e0f7554299194317388b
2026-08-24 13:39:48 | INFO | Question: Which actor does American Beauty and American Beauty have in common?
2026-08-24 13:39:48 | INFO | [4/500] example_id=5ae518655542993aec5ec139
2026-08-24 13:39:48 | INFO | Question: Ken Pruitt  was a Republican member of an upper house of the legislature with how many members ?
2026-08-24 13:39:48 | INFO | [5/500] example_id=5ab985eb554299131ca42360
2026-08-24 13:39:48 | INFO | Question: Between Greyia and Calibanus, which genus contains more species?
2026-08-24 13:39:48 | INFO | [6/500] example_id=5a8753d95542994846c1cd63
2026-08-24 13:39:48 | INFO | Question: Did John Updike and Tom Clancy both publish more than 15 bestselling novels?
2026-08-24 13:39:48 | INFO | [7/500] example_id=5ab97d0a5542996be202051e
2026-08-24 13:39:48 | INFO | Question: Who was hung for assisting the attempted surrender of a defector from the American Continental Army to the British Army?
2026-08-24 13:39:48 | INFO | [8/500] example_id=5adef1b35542993a75d263af
2026-08-24 13:39:48 | INFO | Question: which Mexican and American film actress is Ethel Houbiers  French voice of
2026-08-24 13:39:48 | INFO | [9/500] example_id=5a73b55855429978a71e9086
2026-08-24 13:39:48 | INFO | Question: Which major international airport in south-east England ranks as the 8th busiest airport in Europe and replaced Croydon Airport?
2026-08-24 13:39:48 | INFO | [10/500] example_id=5ae80919554299540e5a56f6
2026-08-24 13:39:48 | INFO | Question: Isabella Kelly was born at a ruined castle characterized as one of the most isolated fortifications in Britain by who?
2026-08-24 13:39:48 | INFO | [11/500] example_id=5ae361605542994393b9e69b
2026-08-24 13:39:48 | INFO | Question: The facility where Robert Croft worked as a navy instructor was also known as?
2026-08-24 13:39:48 | INFO | [12/500] example_id=5ac3a76e554299741d48a2be
2026-08-24 13:39:48 | INFO | Question: Who released the song "With or Without You" first, Jai McDowall or U2?
2026-08-24 13:39:48 | INFO | [13/500] example_id=5a7557d75542992d0ec05f68
2026-08-24 13:39:48 | INFO | Question: Which "Roseanne" star is in Scream 2?
2026-08-24 13:39:48 | INFO | [14/500] example_id=5a8d12ca5542994ba4e3dbe2
2026-08-24 13:39:48 | INFO | Question: In what city is the company that Fastjet Tanzania was originally founded as a part of prior to rebranding based?
2026-08-24 13:39:48 | INFO | [15/500] example_id=5ab7f6d35542993667794070
2026-08-24 13:39:48 | INFO | Question: What is the name of the Australian specialist electronic music magazine that features avant-rock, experimental sound art, and experimental hip hop?
2026-08-24 13:39:48 | INFO | [16/500] example_id=5ac3d9135542995c82c4ac4c
2026-08-24 13:39:48 | INFO | Question: What is the population of the city that Munsonville is in the northwest corner of?
2026-08-24 13:39:48 | INFO | [17/500] example_id=5ae129115542990adbacf722
2026-08-24 13:39:48 | INFO | Question: A Pair of Brown Eyes and Wild Mountain Thyme is based from what artists song?
2026-08-24 13:39:48 | INFO | [18/500] example_id=5a86769c5542994775f60776
2026-08-24 13:39:48 | INFO | Question: Armageddon in Retrospect was written by the author who was best known for what 1969 satire novel?
2026-08-24 13:39:48 | INFO | [19/500] example_id=5ab31864554299233954ff06
2026-08-24 13:39:48 | INFO | Question: What class of instrument does Apatim Majumdar play?
2026-08-24 13:39:48 | INFO | [20/500] example_id=5a7b1023554299042af8f6c2
2026-08-24 13:39:48 | INFO | Question: Which movie did Disney produce first,  The Many Adventures of Winnie the Pooh or Ride a Wild Pony?
2026-08-24 13:39:48 | INFO | [21/500] example_id=5ac19f405542991316484b5b
2026-08-24 13:39:48 | INFO | Question: Pandikona and Berger Blanc Suisse are both what kinds of animals?
2026-08-24 13:39:48 | INFO | [22/500] example_id=5ae382ee5542992e3233c430
2026-08-24 13:39:48 | INFO | Question: The Prussian General Carl von Clausewitz is associated with what type of realism?
2026-08-24 13:39:48 | INFO | [23/500] example_id=5adcdf455542994ed6169c11
2026-08-24 13:39:48 | INFO | Question: What where both Hawker Hurricane and No. 1455 Flight apart of?
2026-08-24 13:39:48 | INFO | [24/500] example_id=5ac35a7e554299741d48a257
2026-08-24 13:39:48 | INFO | Question: what language did the ethnic group which Torstein Ellingsen was its drumer  speaks
2026-08-24 13:39:48 | INFO | [25/500] example_id=5ab2659e554299340b5254b2
2026-08-24 13:39:48 | INFO | Question: From March 631 to April 631, Farrukhzad Khosrau V was the king of an empire that succeeded which empire?
2026-08-24 13:39:48 | INFO | [26/500] example_id=5adcbb815542994ed6169bde
2026-08-24 13:39:48 | INFO | Question: Beer Wars covers the differences between large corporate breweries, and small breweries, such as what brewery that is headquartered in Escondido, california?
2026-08-24 13:39:48 | INFO | [27/500] example_id=5a74f8bd5542993748c8976a
2026-08-24 13:39:48 | INFO | Question: Which head coach has led their team for a longer period of time, Tim Cluess or Steve Prohm?
2026-08-24 13:39:48 | INFO | [28/500] example_id=5ade25ed5542997c77aded70
2026-08-24 13:39:48 | INFO | Question: During what war were the Russia-United Kingdom relations in a state of rivalry after the abdication of Emperor Nicholas II?
2026-08-24 13:39:48 | INFO | [29/500] example_id=5a78ae8b5542990784727730
2026-08-24 13:39:48 | INFO | Question: How far from Sacramento is the flight school in Atwater?
2026-08-24 13:39:48 | INFO | [30/500] example_id=5ae12a4b55429920d52342df
2026-08-24 13:39:48 | INFO | Question: Baraki Barak District is situated in the western part of a province whose capital is what?
2026-08-24 13:39:48 | INFO | [31/500] example_id=5ae22eae554299495565da30
2026-08-24 13:39:48 | INFO | Question: What was the 2010 population of the town where Black Crescent Mountain was located?
2026-08-24 13:39:48 | INFO | [32/500] example_id=5ab6aa4c55429953192ad359
2026-08-24 13:39:48 | INFO | Question: In the NASA mission where Moon trees were taken into space, what was the nickname of the Command Module?
2026-08-24 13:39:50 | INFO | Step 1
2026-08-24 13:39:50 | INFO | Model output: Answer: 1910
2026-08-24 13:39:50 | INFO | Prediction: 1910
2026-08-24 13:39:50 | INFO | Gold: 1755
2026-08-24 13:39:50 | INFO | Answer | EM: 0.0000 | F1: 0.0000
2026-08-24 13:39:50 | INFO | Result | Correct: False | Running EM: 0.00% | Termination: completed | Steps: 1 | Tool calls: 0 | Latency: 0.077s
2026-08-24 13:39:50 | INFO | Step 1
2026-08-24 13:39:50 | INFO | Model output: Answer: Dutch
2026-08-24 13:39:50 | INFO | Prediction: Dutch
2026-08-24 13:39:50 | INFO | Gold: Dutch
2026-08-24 13:39:50 | INFO | Answer | EM: 1.0000 | F1: 1.0000
2026-08-24 13:39:50 | INFO | Result | Correct: True | Running EM: 50.00% | Termination: completed | Steps: 1 | Tool calls: 0 | Latency: 0.077s
2026-08-24 13:39:50 | INFO | Step 1
2026-08-24 13:39:50 | INFO | Model output: Answer: Kevin Spacey
2026-08-24 13:39:50 | INFO | Prediction: Kevin Spacey
2026-08-24 13:39:50 | INFO | Gold: Kevin Spacey
2026-08-24 13:39:50 | INFO | Answer | EM: 1.0000 | F1: 1.0000
2026-08-24 13:39:50 | INFO | Result | Correct: True | Running EM: 66.67% | Termination: completed | Steps: 1 | Tool calls: 0 | Latency: 0.077s
2026-08-24 13:39:50 | INFO | Step 1
2026-08-24 13:39:50 | INFO | Model output: Answer: 40 members
2026-08-24 13:39:50 | INFO | Prediction: 40 members
2026-08-24 13:39:50 | INFO | Gold: 40 members
2026-08-24 13:39:50 | INFO | Answer | EM: 1.0000 | F1: 1.0000
2026-08-24 13:39:50 | INFO | Result | Correct: True | Running EM: 75.00% | Termination: completed | Steps: 1 | Tool calls: 0 | Latency: 0.077s
2026-08-24 13:39:50 | INFO | Step 1
2026-08-24 13:39:50 | INFO | Model output: Answer: Greyia
2026-08-24 13:39:50 | INFO | Prediction: Greyia
2026-08-24 13:39:50 | INFO | Gold: Greyia
2026-08-24 13:39:50 | INFO | Answer | EM: 1.0000 | F1: 1.0000
2026-08-24 13:39:50 | INFO | Result | Correct: True | Running EM: 80.00% | Termination: completed | Steps: 1 | Tool calls: 0 | Latency: 0.077s
2026-08-24 13:39:50 | INFO | Step 1
2026-08-24 13:39:50 | INFO | Model output: Answer: Yes
2026-08-24 13:39:50 | INFO | Prediction: Yes
2026-08-24 13:39:50 | INFO | Gold: yes
2026-08-24 13:39:50 | INFO | Answer | EM: 1.0000 | F1: 1.0000
2026-08-24 13:39:50 | INFO | Result | Correct: True | Running EM: 83.33% | Termination: completed | Steps: 1 | Tool calls: 0 | Latency: 0.077s
2026-08-24 13:39:50 | INFO | Step 1
2026-08-24 13:39:50 | INFO | Model output: Answer: John Andre
2026-08-24 13:39:50 | INFO | Prediction: John Andre
2026-08-24 13:39:50 | INFO | Gold: John André
2026-08-24 13:39:50 | INFO | Answer | EM: 0.0000 | F1: 0.5000
2026-08-24 13:39:50 | INFO | Result | Correct: False | Running EM: 71.43% | Termination: completed | Steps: 1 | Tool calls: 0 | Latency: 0.077s
2026-08-24 13:39:50 | INFO | Step 1
2026-08-24 13:39:50 | INFO | Model output: Answer: María Félix
2026-08-24 13:39:50 | INFO | Prediction: María Félix
2026-08-24 13:39:50 | INFO | Gold: Salma Hayek Pinault
2026-08-24 13:39:50 | INFO | Answer | EM: 0.0000 | F1: 0.0000
2026-08-24 13:39:50 | INFO | Result | Correct: False | Running EM: 62.50% | Termination: completed | Steps: 1 | Tool calls: 0 | Latency: 0.077s
2026-08-24 13:39:50 | INFO | Step 1
2026-08-24 13:39:50 | INFO | Model output: Answer: London Heathrow Airport
2026-08-24 13:39:50 | INFO | Prediction: London Heathrow Airport
2026-08-24 13:39:50 | INFO | Gold: Gatwick Airport
2026-08-24 13:39:50 | INFO | Answer | EM: 0.0000 | F1: 0.4000
2026-08-24 13:39:50 | INFO | Result | Correct: False | Running EM: 55.56% | Termination: completed | Steps: 1 | Tool calls: 0 | Latency: 0.077s
2026-08-24 13:39:50 | INFO | Step 1
2026-08-24 13:39:50 | INFO | Model output: Answer: Sir Walter Scott
2026-08-24 13:39:50 | INFO | Prediction: Sir Walter Scott
2026-08-24 13:39:50 | INFO | Gold: The Changing Scottish Landscape
2026-08-24 13:39:50 | INFO | Answer | EM: 0.0000 | F1: 0.0000
2026-08-24 13:39:50 | INFO | Result | Correct: False | Running EM: 50.00% | Termination: completed | Steps: 1 | Tool calls: 0 | Latency: 0.077s
2026-08-24 13:39:50 | INFO | Step 1
2026-08-24 13:39:50 | INFO | Model output: Answer: Pearl Harbor
2026-08-24 13:39:50 | INFO | Prediction: Pearl Harbor
2026-08-24 13:39:50 | INFO | Gold: "Home of the Submarine Force"
2026-08-24 13:39:50 | INFO | Answer | EM: 0.0000 | F1: 0.0000
2026-08-24 13:39:50 | INFO | Result | Correct: False | Running EM: 45.45% | Termination: completed | Steps: 1 | Tool calls: 0 | Latency: 0.077s
2026-08-24 13:39:50 | INFO | Step 1
2026-08-24 13:39:50 | INFO | Model output: Answer: U2
2026-08-24 13:39:50 | INFO | Prediction: U2
2026-08-24 13:39:50 | INFO | Gold: U2
2026-08-24 13:39:50 | INFO | Answer | EM: 1.0000 | F1: 1.0000
2026-08-24 13:39:50 | INFO | Result | Correct: True | Running EM: 50.00% | Termination: completed | Steps: 1 | Tool calls: 0 | Latency: 0.077s
2026-08-24 13:39:50 | INFO | Step 1
2026-08-24 13:39:50 | INFO | Model output: Answer: Julia Louis-Dreyfus
2026-08-24 13:39:50 | INFO | Prediction: Julia Louis-Dreyfus
2026-08-24 13:39:50 | INFO | Gold: Laurie Metcalf
2026-08-24 13:39:50 | INFO | Answer | EM: 0.0000 | F1: 0.0000
2026-08-24 13:39:50 | INFO | Result | Correct: False | Running EM: 46.15% | Termination: completed | Steps: 1 | Tool calls: 0 | Latency: 0.077s
2026-08-24 13:39:50 | INFO | Step 1
2026-08-24 13:39:50 | INFO | Model output: Answer: Glasgow
2026-08-24 13:39:50 | INFO | Prediction: Glasgow
2026-08-24 13:39:50 | INFO | Gold: Nairobi, Kenya
2026-08-24 13:39:50 | INFO | Answer | EM: 0.0000 | F1: 0.0000
2026-08-24 13:39:50 | INFO | Result | Correct: False | Running EM: 42.86% | Termination: completed | Steps: 1 | Tool calls: 0 | Latency: 0.077s
2026-08-24 13:39:50 | INFO | Step 1
2026-08-24 13:39:50 | INFO | Model output: Answer: EMI Magazine
2026-08-24 13:39:50 | INFO | Prediction: EMI Magazine
2026-08-24 13:39:50 | INFO | Gold: Cyclic Defrost
2026-08-24 13:39:50 | INFO | Answer | EM: 0.0000 | F1: 0.0000
2026-08-24 13:39:50 | INFO | Result | Correct: False | Running EM: 40.00% | Termination: completed | Steps: 1 | Tool calls: 0 | Latency: 0.077s
2026-08-24 13:39:50 | INFO | Step 1
2026-08-24 13:39:50 | INFO | Model output: Answer: Answer: 2,349 (as of the 2020 census)
2026-08-24 13:39:50 | INFO | Prediction: Answer: 2,349 (as of the 2020 census)
2026-08-24 13:39:50 | INFO | Gold: 729 at the 2010 census
2026-08-24 13:39:50 | INFO | Answer | EM: 0.0000 | F1: 0.2000
2026-08-24 13:39:50 | INFO | Result | Correct: False | Running EM: 37.50% | Termination: completed | Steps: 1 | Tool calls: 0 | Latency: 0.077s
2026-08-24 13:39:50 | INFO | Step 1
2026-08-24 13:39:50 | INFO | Model output: Answer: A Pair of Brown Eyes
2026-08-24 13:39:50 | INFO | Prediction: A Pair of Brown Eyes
2026-08-24 13:39:50 | INFO | Gold: Francis McPeake
2026-08-24 13:39:50 | INFO | Answer | EM: 0.0000 | F1: 0.0000
2026-08-24 13:39:50 | INFO | Result | Correct: False | Running EM: 35.29% | Termination: completed | Steps: 1 | Tool calls: 0 | Latency: 0.077s
2026-08-24 13:39:50 | INFO | Step 1
2026-08-24 13:39:50 | INFO | Model output: Answer: Catch-22
2026-08-24 13:39:50 | INFO | Prediction: Catch-22
2026-08-24 13:39:50 | INFO | Gold: Slaughterhouse-Five
2026-08-24 13:39:50 | INFO | Answer | EM: 0.0000 | F1: 0.0000
2026-08-24 13:39:50 | INFO | Result | Correct: False | Running EM: 33.33% | Termination: completed | Steps: 1 | Tool calls: 0 | Latency: 0.077s
2026-08-24 13:39:50 | INFO | Step 1
2026-08-24 13:39:50 | INFO | Model output: Answer: Answer not found in existing knowledge.
2026-08-24 13:39:50 | INFO | Prediction: Answer not found in existing knowledge.
2026-08-24 13:39:50 | INFO | Gold: strings
2026-08-24 13:39:50 | INFO | Answer | EM: 0.0000 | F1: 0.0000
2026-08-24 13:39:50 | INFO | Result | Correct: False | Running EM: 31.58% | Termination: completed | Steps: 1 | Tool calls: 0 | Latency: 0.077s
2026-08-24 13:39:50 | INFO | Step 1
2026-08-24 13:39:50 | INFO | Model output: Answer: The Many Adventures of Winnie the Pooh
2026-08-24 13:39:50 | INFO | Prediction: The Many Adventures of Winnie the Pooh
2026-08-24 13:39:50 | INFO | Gold: Ride a Wild Pony
2026-08-24 13:39:50 | INFO | Answer | EM: 0.0000 | F1: 0.0000
2026-08-24 13:39:50 | INFO | Result | Correct: False | Running EM: 30.00% | Termination: completed | Steps: 1 | Tool calls: 0 | Latency: 0.077s
2026-08-24 13:39:50 | INFO | Step 1
2026-08-24 13:39:50 | INFO | Model output: Answer: cows
2026-08-24 13:39:50 | INFO | Prediction: cows
2026-08-24 13:39:50 | INFO | Gold: dogs
2026-08-24 13:39:50 | INFO | Answer | EM: 0.0000 | F1: 0.0000
2026-08-24 13:39:50 | INFO | Result | Correct: False | Running EM: 28.57% | Termination: completed | Steps: 1 | Tool calls: 0 | Latency: 0.077s
2026-08-24 13:39:50 | INFO | Step 1
2026-08-24 13:39:50 | INFO | Model output: Answer: political realism
2026-08-24 13:39:50 | INFO | Prediction: political realism
2026-08-24 13:39:50 | INFO | Gold: Modern thinkers associated with classical realism are Carl von Clausewitz
2026-08-24 13:39:50 | INFO | Answer | EM: 0.0000 | F1: 0.1667
2026-08-24 13:39:50 | INFO | Result | Correct: False | Running EM: 27.27% | Termination: completed | Steps: 1 | Tool calls: 0 | Latency: 0.077s
2026-08-24 13:39:50 | INFO | Step 1
2026-08-24 13:39:50 | INFO | Model output: Answer: Royal Air Force
2026-08-24 13:39:50 | INFO | Prediction: Royal Air Force
2026-08-24 13:39:50 | INFO | Gold: Royal Air Force
2026-08-24 13:39:50 | INFO | Answer | EM: 1.0000 | F1: 1.0000
2026-08-24 13:39:50 | INFO | Result | Correct: True | Running EM: 30.43% | Termination: completed | Steps: 1 | Tool calls: 0 | Latency: 0.077s
2026-08-24 13:39:50 | INFO | Step 1
2026-08-24 13:39:50 | INFO | Model output: Answer: Norwegian
2026-08-24 13:39:50 | INFO | Prediction: Norwegian
2026-08-24 13:39:50 | INFO | Gold: Norwegian language
2026-08-24 13:39:50 | INFO | Answer | EM: 0.0000 | F1: 0.6667
2026-08-24 13:39:50 | INFO | Result | Correct: False | Running EM: 29.17% | Termination: completed | Steps: 1 | Tool calls: 0 | Latency: 0.077s
2026-08-24 13:39:50 | INFO | Step 1
2026-08-24 13:39:50 | INFO | Model output: Answer: Sassanian Empire
2026-08-24 13:39:50 | INFO | Prediction: Sassanian Empire
2026-08-24 13:39:50 | INFO | Gold: the Parthian Empire
2026-08-24 13:39:50 | INFO | Answer | EM: 0.0000 | F1: 0.5000
2026-08-24 13:39:50 | INFO | Result | Correct: False | Running EM: 28.00% | Termination: completed | Steps: 1 | Tool calls: 0 | Latency: 0.077s
2026-08-24 13:39:50 | INFO | Step 1
2026-08-24 13:39:50 | INFO | Model output: Answer: Stone Brewing
2026-08-24 13:39:50 | INFO | Prediction: Stone Brewing
2026-08-24 13:39:50 | INFO | Gold: Stone Brewing
2026-08-24 13:39:50 | INFO | Answer | EM: 1.0000 | F1: 1.0000
2026-08-24 13:39:50 | INFO | Result | Correct: True | Running EM: 30.77% | Termination: completed | Steps: 1 | Tool calls: 0 | Latency: 0.077s
2026-08-24 13:39:50 | INFO | Step 1
2026-08-24 13:39:50 | INFO | Model output: Answer: Steve Prohm
2026-08-24 13:39:50 | INFO | Prediction: Steve Prohm
2026-08-24 13:39:50 | INFO | Gold: Tim Cluess
2026-08-24 13:39:50 | INFO | Answer | EM: 0.0000 | F1: 0.0000
2026-08-24 13:39:50 | INFO | Result | Correct: False | Running EM: 29.63% | Termination: completed | Steps: 1 | Tool calls: 0 | Latency: 0.077s
2026-08-24 13:39:50 | INFO | Step 1
2026-08-24 13:39:50 | INFO | Model output: Answer: World War I
2026-08-24 13:39:50 | INFO | Prediction: World War I
2026-08-24 13:39:50 | INFO | Gold: the Cold War (1947–91)
2026-08-24 13:39:50 | INFO | Answer | EM: 0.0000 | F1: 0.3333
2026-08-24 13:39:50 | INFO | Result | Correct: False | Running EM: 28.57% | Termination: completed | Steps: 1 | Tool calls: 0 | Latency: 0.077s
2026-08-24 13:39:50 | INFO | Step 1
2026-08-24 13:39:50 | INFO | Model output: Answer: 15 miles
2026-08-24 13:39:50 | INFO | Prediction: 15 miles
2026-08-24 13:39:50 | INFO | Gold: about 115 miles (185 km)
2026-08-24 13:39:50 | INFO | Answer | EM: 0.0000 | F1: 0.2857
2026-08-24 13:39:50 | INFO | Result | Correct: False | Running EM: 27.59% | Termination: completed | Steps: 1 | Tool calls: 0 | Latency: 0.077s
2026-08-24 13:39:50 | INFO | Step 1
2026-08-24 13:39:50 | INFO | Model output: Answer: Dodoma
2026-08-24 13:39:50 | INFO | Prediction: Dodoma
2026-08-24 13:39:50 | INFO | Gold: Puli Alam
2026-08-24 13:39:50 | INFO | Answer | EM: 0.0000 | F1: 0.0000
2026-08-24 13:39:50 | INFO | Result | Correct: False | Running EM: 26.67% | Termination: completed | Steps: 1 | Tool calls: 0 | Latency: 0.077s
2026-08-24 13:39:50 | INFO | Step 1
2026-08-24 13:39:50 | INFO | Model output: Answer: Data not available
2026-08-24 13:39:50 | INFO | Prediction: Data not available
2026-08-24 13:39:50 | INFO | Gold: 310
2026-08-24 13:39:50 | INFO | Answer | EM: 0.0000 | F1: 0.0000
2026-08-24 13:39:50 | INFO | Result | Correct: False | Running EM: 25.81% | Termination: completed | Steps: 1 | Tool calls: 0 | Latency: 0.077s
2026-08-24 13:39:50 | INFO | Step 1
2026-08-24 13:39:50 | INFO | Model output: Answer: Columbia
2026-08-24 13:39:50 | INFO | Prediction: Columbia
2026-08-24 13:39:50 | INFO | Gold: "Kitty Hawk"
2026-08-24 13:39:50 | INFO | Answer | EM: 0.0000 | F1: 0.0000
2026-08-24 13:39:50 | INFO | Result | Correct: False | Running EM: 25.00% | Termination: completed | Steps: 1 | Tool calls: 0 | Latency: 0.077s
2026-08-24 13:39:50 | INFO | Inference batch [33-64/500] size=32
2026-08-24 13:39:50 | INFO | [33/500] example_id=5adf3e835542993a75d26442
2026-08-24 13:39:50 | INFO | Question: Which comic series involves characters such as Nick Fury and Baron von Strucker?
2026-08-24 13:39:50 | INFO | [34/500] example_id=5a8ee3a755429917b4a5be02
2026-08-24 13:39:50 | INFO | Question: College Humor is a 1933 American pre-Code musical comedy film that starred what American singer and actor who has a trademark warm bass-baritone voice?
2026-08-24 13:39:50 | INFO | [35/500] example_id=5ac0dcf25542996f0d89cc2c
2026-08-24 13:39:50 | INFO | Question: Who is writing a book about the Koch family who control the second-largest privately owned company in the United States?
2026-08-24 13:39:50 | INFO | [36/500] example_id=5a7e618155429949594199b0
2026-08-24 13:39:50 | INFO | Question: New York State Route 9R rejoins its parent in a hamlet located  in what New York County?
2026-08-24 13:39:50 | INFO | [37/500] example_id=5ab916e155429919ba4e23a4
2026-08-24 13:39:50 | INFO | Question: 12 Years a Slave starred what British actor born 10 July 1977)
2026-08-24 13:39:50 | INFO | [38/500] example_id=5a713b325542994082a3e6b5
2026-08-24 13:39:50 | INFO | Question: What was the capital of India when the Taj Mahal was commissioned?
2026-08-24 13:39:50 | INFO | [39/500] example_id=5a87c13f5542996e4f30890c
2026-08-24 13:39:50 | INFO | Question: In what city did the "Prince of tenors" star in a film based on an opera by Giacomo Puccini?
2026-08-24 13:39:50 | INFO | [40/500] example_id=5a8843cd5542994846c1ce75
2026-08-24 13:39:50 | INFO | Question: What river can a  large African bovine be seen bathing in in the Mwabvi Wildlife Reserve?
2026-08-24 13:39:50 | INFO | [41/500] example_id=5ab90d8955429916710eb0f1
2026-08-24 13:39:50 | INFO | Question: Jalen Jones plays basketball for an NBA team that plays their home games in what arena?
2026-08-24 13:39:50 | INFO | [42/500] example_id=5ae788fa55429952e35ea964
2026-08-24 13:39:50 | INFO | Question: The On Tour Forever album gave Blues Traveler the opportunity to display what musical trademark?
2026-08-24 13:39:50 | INFO | [43/500] example_id=5ae1925a554299492dc91b48
2026-08-24 13:39:50 | INFO | Question: Which Victorian poet was born in a 15th-century castle home to the Earl of Southesk?
2026-08-24 13:39:50 | INFO | [44/500] example_id=5ae1443855429920d5234362
2026-08-24 13:39:50 | INFO | Question: Alexander Petrovich Nikolayev received the title Hero of the Soviet Union and the Order of Lenin for his actions during the   the final major offensive of the European theatre of what war?
2026-08-24 13:39:50 | INFO | [45/500] example_id=5ac54c435542993e66e822d1
2026-08-24 13:39:50 | INFO | Question: Where did Cale Gundy's brother play football in college?
2026-08-24 13:39:50 | INFO | [46/500] example_id=5a7a77425542995eb53be83e
2026-08-24 13:39:50 | INFO | Question: Who has released more solo albums, Nick Carter or Brady Seals?
2026-08-24 13:39:50 | INFO | [47/500] example_id=5a7153d05542994082a3e7dc
2026-08-24 13:39:50 | INFO | Question: Which Istanbul mosque is unique for retaining a Baroque style of architecture, the Bayezid II Mosque or the Nusretiye Mosque?
2026-08-24 13:39:50 | INFO | [48/500] example_id=5ae361805542992e3233c3c9
2026-08-24 13:39:50 | INFO | Question: What university did the last Detroit Pistons player to wear the number retired in honor of a player nicknamed "The Worm" attend?
2026-08-24 13:39:50 | INFO | [49/500] example_id=5a72688c5542997f827839b2
2026-08-24 13:39:50 | INFO | Question: The Atik Valide Mosque and Valens Aqueduct are found in what country?
2026-08-24 13:39:50 | INFO | [50/500] example_id=5a7ce0ce554299452d57ba92
2026-08-24 13:39:50 | INFO | Question: Which of the four US Presidents who have been assinated was shot on the grounds of the Pan-American Exposition at the Temple of Music in Buffalo, New York?
2026-08-24 13:39:50 | INFO | [51/500] example_id=5a83411655429966c78a6b5d
2026-08-24 13:39:50 | INFO | Question: Who created the NBC sitcom that Johnny Pemberton appears in as the character Bo Thompson?
2026-08-24 13:39:50 | INFO | [52/500] example_id=5a877dd65542993e715abf79
2026-08-24 13:39:50 | INFO | Question: Were Halldór Laxness and Timothy Leary from the same country?
2026-08-24 13:39:50 | INFO | [53/500] example_id=5ab6087a554299110f2199be
2026-08-24 13:39:50 | INFO | Question: Do both Korematsu v. United States and Chaplinsky v. New Hampshire cases regard the rights of U. S. citizens?
2026-08-24 13:39:50 | INFO | [54/500] example_id=5adbd70c55429947ff173843
2026-08-24 13:39:50 | INFO | Question: What is the title of the memoir written by the honoree of the Black and White Ball?
2026-08-24 13:39:50 | INFO | [55/500] example_id=5a7796e05542992a6e59df0f
2026-08-24 13:39:50 | INFO | Question: What country is the theme park served by the Huis Ten Bosch train service themed on?
2026-08-24 13:39:50 | INFO | [56/500] example_id=5abc030e554299642a094bdc
2026-08-24 13:39:50 | INFO | Question: The Distribution of Industry act was passed by a man who was prime minister when?
2026-08-24 13:39:50 | INFO | [57/500] example_id=5a7bb7f2554299042af8f7b6
2026-08-24 13:39:50 | INFO | Question: What Cantonese slang term can mean both "ghost man" and to refer to Westerners?
2026-08-24 13:39:50 | INFO | [58/500] example_id=5a8b3de95542997f31a41cc3
2026-08-24 13:39:50 | INFO | Question: In what year was the most famous statute at Po Lin Monastery built?
2026-08-24 13:39:50 | INFO | [59/500] example_id=5ab3bfd3554299233954ff99
2026-08-24 13:39:50 | INFO | Question: The Nike Hoop Summit has had many current NBA players as former participants, including what German player from the Dallas Mavericks?
2026-08-24 13:39:50 | INFO | [60/500] example_id=5ab9b7d555429970cfb8eb7a
2026-08-24 13:39:50 | INFO | Question: Which actor from the South Korean-Thai drama film Final Recipe debuted as a member of Super Junior-M in 2008?
2026-08-24 13:39:50 | INFO | [61/500] example_id=5ab6bf6d55429953192ad372
2026-08-24 13:39:50 | INFO | Question: Are Phlebodium and Pieris both species of ferns?
2026-08-24 13:39:50 | INFO | [62/500] example_id=5ae7cb9b5542994a481bbde2
2026-08-24 13:39:50 | INFO | Question: Who was the great grandfather of Franklin Seaver Pratt's wife?
2026-08-24 13:39:50 | INFO | [63/500] example_id=5ab1d6545542997061209588
2026-08-24 13:39:50 | INFO | Question: At what age did Cieli di Toscana's singer become blind?
2026-08-24 13:39:50 | INFO | [64/500] example_id=5addcb215542997dc7907033
2026-08-24 13:39:50 | INFO | Question: Which late 1980s and 1990s English super model was featured in the song nasty girl by The Notorious B.I.G.?
2026-08-24 13:39:52 | INFO | Step 1
2026-08-24 13:39:52 | INFO | Model output: Answer: Marvel Comics
2026-08-24 13:39:52 | INFO | Prediction: Marvel Comics
2026-08-24 13:39:52 | INFO | Gold: Marvel
2026-08-24 13:39:52 | INFO | Answer | EM: 0.0000 | F1: 0.6667
2026-08-24 13:39:52 | INFO | Result | Correct: False | Running EM: 24.24% | Termination: completed | Steps: 1 | Tool calls: 0 | Latency: 0.067s
2026-08-24 13:39:52 | INFO | Step 1
2026-08-24 13:39:52 | INFO | Model output: Answer: Bing Crosby
2026-08-24 13:39:52 | INFO | Prediction: Bing Crosby
2026-08-24 13:39:52 | INFO | Gold: Harry Lillis "Bing" Crosby Jr.
2026-08-24 13:39:52 | INFO | Answer | EM: 0.0000 | F1: 0.5714
2026-08-24 13:39:52 | INFO | Result | Correct: False | Running EM: 23.53% | Termination: completed | Steps: 1 | Tool calls: 0 | Latency: 0.067s
2026-08-24 13:39:52 | INFO | Step 1
2026-08-24 13:39:52 | INFO | Model output: Answer: Matthew Continetti
2026-08-24 13:39:52 | INFO | Prediction: Matthew Continetti
2026-08-24 13:39:52 | INFO | Gold: Jane Mayer
2026-08-24 13:39:52 | INFO | Answer | EM: 0.0000 | F1: 0.0000
2026-08-24 13:39:52 | INFO | Result | Correct: False | Running EM: 22.86% | Termination: completed | Steps: 1 | Tool calls: 0 | Latency: 0.067s
2026-08-24 13:39:52 | INFO | Step 1
2026-08-24 13:39:52 | INFO | Model output: Answer: Queens
2026-08-24 13:39:52 | INFO | Prediction: Queens
2026-08-24 13:39:52 | INFO | Gold: Albany
2026-08-24 13:39:52 | INFO | Answer | EM: 0.0000 | F1: 0.0000
2026-08-24 13:39:52 | INFO | Result | Correct: False | Running EM: 22.22% | Termination: completed | Steps: 1 | Tool calls: 0 | Latency: 0.067s
2026-08-24 13:39:52 | INFO | Step 1
2026-08-24 13:39:52 | INFO | Model output: Answer: Chiwetel Ejiofor
2026-08-24 13:39:52 | INFO | Prediction: Chiwetel Ejiofor
2026-08-24 13:39:52 | INFO | Gold: Chiwetel Ejiofor
2026-08-24 13:39:52 | INFO | Answer | EM: 1.0000 | F1: 1.0000
2026-08-24 13:39:52 | INFO | Result | Correct: True | Running EM: 24.32% | Termination: completed | Steps: 1 | Tool calls: 0 | Latency: 0.067s
2026-08-24 13:39:52 | INFO | Step 1
2026-08-24 13:39:52 | INFO | Model output: Answer: Agra
2026-08-24 13:39:52 | INFO | Prediction: Agra
2026-08-24 13:39:52 | INFO | Gold: Agra
2026-08-24 13:39:52 | INFO | Answer | EM: 1.0000 | F1: 1.0000
2026-08-24 13:39:52 | INFO | Result | Correct: True | Running EM: 26.32% | Termination: completed | Steps: 1 | Tool calls: 0 | Latency: 0.067s
2026-08-24 13:39:52 | INFO | Step 1
2026-08-24 13:39:52 | INFO | Model output: Answer: Milan
2026-08-24 13:39:52 | INFO | Prediction: Milan
2026-08-24 13:39:52 | INFO | Gold: Rome
2026-08-24 13:39:52 | INFO | Answer | EM: 0.0000 | F1: 0.0000
2026-08-24 13:39:52 | INFO | Result | Correct: False | Running EM: 25.64% | Termination: completed | Steps: 1 | Tool calls: 0 | Latency: 0.067s
2026-08-24 13:39:52 | INFO | Step 1
2026-08-24 13:39:52 | INFO | Model output: Answer: Zambezi River
2026-08-24 13:39:52 | INFO | Prediction: Zambezi River
2026-08-24 13:39:52 | INFO | Gold: Buffalo
2026-08-24 13:39:52 | INFO | Answer | EM: 0.0000 | F1: 0.0000
2026-08-24 13:39:52 | INFO | Result | Correct: False | Running EM: 25.00% | Termination: completed | Steps: 1 | Tool calls: 0 | Latency: 0.067s
2026-08-24 13:39:52 | INFO | Step 1
2026-08-24 13:39:52 | INFO | Model output: Answer: United Center
2026-08-24 13:39:52 | INFO | Prediction: United Center
2026-08-24 13:39:52 | INFO | Gold: Smoothie King Center
2026-08-24 13:39:52 | INFO | Answer | EM: 0.0000 | F1: 0.4000
2026-08-24 13:39:52 | INFO | Result | Correct: False | Running EM: 24.39% | Termination: completed | Steps: 1 | Tool calls: 0 | Latency: 0.067s
2026-08-24 13:39:52 | INFO | Step 1
2026-08-24 13:39:52 | INFO | Model output: Answer: their signature blend of rock, blues, and psychedelic influences
2026-08-24 13:39:52 | INFO | Prediction: their signature blend of rock, blues, and psychedelic influences
2026-08-24 13:39:52 | INFO | Gold: extensive use of segues
2026-08-24 13:39:52 | INFO | Answer | EM: 0.0000 | F1: 0.1538
2026-08-24 13:39:52 | INFO | Result | Correct: False | Running EM: 23.81% | Termination: completed | Steps: 1 | Tool calls: 0 | Latency: 0.067s
2026-08-24 13:39:52 | INFO | Step 1
2026-08-24 13:39:52 | INFO | Model output: Answer: Robert Burns
2026-08-24 13:39:52 | INFO | Prediction: Robert Burns
2026-08-24 13:39:52 | INFO | Gold: Charlotte Carnegie
2026-08-24 13:39:52 | INFO | Answer | EM: 0.0000 | F1: 0.0000
2026-08-24 13:39:52 | INFO | Result | Correct: False | Running EM: 23.26% | Termination: completed | Steps: 1 | Tool calls: 0 | Latency: 0.067s
2026-08-24 13:39:52 | INFO | Step 1
2026-08-24 13:39:52 | INFO | Model output: Answer: World War II
2026-08-24 13:39:52 | INFO | Prediction: World War II
2026-08-24 13:39:52 | INFO | Gold: World War II
2026-08-24 13:39:52 | INFO | Answer | EM: 1.0000 | F1: 1.0000
2026-08-24 13:39:52 | INFO | Result | Correct: True | Running EM: 25.00% | Termination: completed | Steps: 1 | Tool calls: 0 | Latency: 0.067s
2026-08-24 13:39:52 | INFO | Step 1
2026-08-24 13:39:52 | INFO | Model output: Answer: Utah State University
2026-08-24 13:39:52 | INFO | Prediction: Utah State University
2026-08-24 13:39:52 | INFO | Gold: Oklahoma State University
2026-08-24 13:39:52 | INFO | Answer | EM: 0.0000 | F1: 0.6667
2026-08-24 13:39:52 | INFO | Result | Correct: False | Running EM: 24.44% | Termination: completed | Steps: 1 | Tool calls: 0 | Latency: 0.067s
2026-08-24 13:39:52 | INFO | Step 1
2026-08-24 13:39:52 | INFO | Model output: Answer: Brady Seals
2026-08-24 13:39:52 | INFO | Prediction: Brady Seals
2026-08-24 13:39:52 | INFO | Gold: Brady Seals
2026-08-24 13:39:52 | INFO | Answer | EM: 1.0000 | F1: 1.0000
2026-08-24 13:39:52 | INFO | Result | Correct: True | Running EM: 26.09% | Termination: completed | Steps: 1 | Tool calls: 0 | Latency: 0.067s
2026-08-24 13:39:52 | INFO | Step 1
2026-08-24 13:39:52 | INFO | Model output: Answer: the Nusretiye Mosque
2026-08-24 13:39:52 | INFO | Prediction: the Nusretiye Mosque
2026-08-24 13:39:52 | INFO | Gold: Nusretiye Mosque
2026-08-24 13:39:52 | INFO | Answer | EM: 1.0000 | F1: 1.0000
2026-08-24 13:39:52 | INFO | Result | Correct: True | Running EM: 27.66% | Termination: completed | Steps: 1 | Tool calls: 0 | Latency: 0.067s
2026-08-24 13:39:52 | INFO | Step 1
2026-08-24 13:39:52 | INFO | Model output: Answer: Ohio State University
2026-08-24 13:39:52 | INFO | Prediction: Ohio State University
2026-08-24 13:39:52 | INFO | Gold: Georgetown University
2026-08-24 13:39:52 | INFO | Answer | EM: 0.0000 | F1: 0.4000
2026-08-24 13:39:52 | INFO | Result | Correct: False | Running EM: 27.08% | Termination: completed | Steps: 1 | Tool calls: 0 | Latency: 0.067s
2026-08-24 13:39:52 | INFO | Step 1
2026-08-24 13:39:52 | INFO | Model output: Answer: Turkey
2026-08-24 13:39:52 | INFO | Prediction: Turkey
2026-08-24 13:39:52 | INFO | Gold: Turkey
2026-08-24 13:39:52 | INFO | Answer | EM: 1.0000 | F1: 1.0000
2026-08-24 13:39:52 | INFO | Result | Correct: True | Running EM: 28.57% | Termination: completed | Steps: 1 | Tool calls: 0 | Latency: 0.067s
2026-08-24 13:39:52 | INFO | Step 1
2026-08-24 13:39:52 | INFO | Model output: Answer: William McKinley
2026-08-24 13:39:52 | INFO | Prediction: William McKinley
2026-08-24 13:39:52 | INFO | Gold: William McKinley
2026-08-24 13:39:52 | INFO | Answer | EM: 1.0000 | F1: 1.0000
2026-08-24 13:39:52 | INFO | Result | Correct: True | Running EM: 30.00% | Termination: completed | Steps: 1 | Tool calls: 0 | Latency: 0.067s
2026-08-24 13:39:52 | INFO | Step 1
2026-08-24 13:39:52 | INFO | Model output: Answer: Greg Berlanti
2026-08-24 13:39:52 | INFO | Prediction: Greg Berlanti
2026-08-24 13:39:52 | INFO | Gold: Justin Spitzer
2026-08-24 13:39:52 | INFO | Answer | EM: 0.0000 | F1: 0.0000
2026-08-24 13:39:52 | INFO | Result | Correct: False | Running EM: 29.41% | Termination: completed | Steps: 1 | Tool calls: 0 | Latency: 0.067s
2026-08-24 13:39:52 | INFO | Step 1
2026-08-24 13:39:52 | INFO | Model output: Answer: No
2026-08-24 13:39:52 | INFO | Prediction: No
2026-08-24 13:39:52 | INFO | Gold: no
2026-08-24 13:39:52 | INFO | Answer | EM: 1.0000 | F1: 1.0000
2026-08-24 13:39:52 | INFO | Result | Correct: True | Running EM: 30.77% | Termination: completed | Steps: 1 | Tool calls: 0 | Latency: 0.067s
2026-08-24 13:39:52 | INFO | Step 1
2026-08-24 13:39:52 | INFO | Model output: Answer: Yes
2026-08-24 13:39:52 | INFO | Prediction: Yes
2026-08-24 13:39:52 | INFO | Gold: yes
2026-08-24 13:39:52 | INFO | Answer | EM: 1.0000 | F1: 1.0000
2026-08-24 13:39:52 | INFO | Result | Correct: True | Running EM: 32.08% | Termination: completed | Steps: 1 | Tool calls: 0 | Latency: 0.067s
2026-08-24 13:39:52 | INFO | Step 1
2026-08-24 13:39:52 | INFO | Model output: Answer: Answering this question requires specific information about the honoree of the Black and White Ball and their memoir, which is not provided in the given context. Additional details would be needed to provide an accurate answer.
2026-08-24 13:39:52 | INFO | Prediction: Answering this question requires specific information about the honoree of the Black and White Ball and their memoir, which is not provided in the given context. Additional details would be needed to provide an accurate answer.
2026-08-24 13:39:52 | INFO | Gold: Personal History
2026-08-24 13:39:52 | INFO | Answer | EM: 0.0000 | F1: 0.0000
2026-08-24 13:39:52 | INFO | Result | Correct: False | Running EM: 31.48% | Termination: completed | Steps: 1 | Tool calls: 0 | Latency: 0.067s
2026-08-24 13:39:52 | INFO | Step 1
2026-08-24 13:39:52 | INFO | Model output: Answer: Japan
2026-08-24 13:39:52 | INFO | Prediction: Japan
2026-08-24 13:39:52 | INFO | Gold: Netherlands
2026-08-24 13:39:52 | INFO | Answer | EM: 0.0000 | F1: 0.0000
2026-08-24 13:39:52 | INFO | Result | Correct: False | Running EM: 30.91% | Termination: completed | Steps: 1 | Tool calls: 0 | Latency: 0.067s
2026-08-24 13:39:52 | INFO | Step 1
2026-08-24 13:39:52 | INFO | Model output: Answer: Ramsay MacDonald
2026-08-24 13:39:52 | INFO | Prediction: Ramsay MacDonald
2026-08-24 13:39:52 | INFO | Gold: 1945 to 1951
2026-08-24 13:39:52 | INFO | Answer | EM: 0.0000 | F1: 0.0000
2026-08-24 13:39:52 | INFO | Result | Correct: False | Running EM: 30.36% | Termination: completed | Steps: 1 | Tool calls: 0 | Latency: 0.067s
2026-08-24 13:39:52 | INFO | Step 1
2026-08-24 13:39:52 | INFO | Model output: Answer:鬼佬
2026-08-24 13:39:52 | INFO | Prediction: 鬼佬
2026-08-24 13:39:52 | INFO | Gold: Gweilo
2026-08-24 13:39:52 | INFO | Answer | EM: 0.0000 | F1: 0.0000
2026-08-24 13:39:52 | INFO | Result | Correct: False | Running EM: 29.82% | Termination: completed | Steps: 1 | Tool calls: 0 | Latency: 0.067s
2026-08-24 13:39:52 | INFO | Step 1
2026-08-24 13:39:52 | INFO | Model output: Answer: 1993
2026-08-24 13:39:52 | INFO | Prediction: 1993
2026-08-24 13:39:52 | INFO | Gold: Tian Tan Buddha
2026-08-24 13:39:52 | INFO | Answer | EM: 0.0000 | F1: 0.0000
2026-08-24 13:39:52 | INFO | Result | Correct: False | Running EM: 29.31% | Termination: completed | Steps: 1 | Tool calls: 0 | Latency: 0.067s
2026-08-24 13:39:52 | INFO | Step 1
2026-08-24 13:39:52 | INFO | Model output: Answer: Dirk Nowitzki
2026-08-24 13:39:52 | INFO | Prediction: Dirk Nowitzki
2026-08-24 13:39:52 | INFO | Gold: Dirk Werner Nowitzki
2026-08-24 13:39:52 | INFO | Answer | EM: 0.0000 | F1: 0.8000
2026-08-24 13:39:52 | INFO | Result | Correct: False | Running EM: 28.81% | Termination: completed | Steps: 1 | Tool calls: 0 | Latency: 0.067s
2026-08-24 13:39:52 | INFO | Step 1
2026-08-24 13:39:52 | INFO | Model output: Answer: Kim Jong-hyun
2026-08-24 13:39:52 | INFO | Prediction: Kim Jong-hyun
2026-08-24 13:39:52 | INFO | Gold: Henry Lau
2026-08-24 13:39:52 | INFO | Answer | EM: 0.0000 | F1: 0.0000
2026-08-24 13:39:52 | INFO | Result | Correct: False | Running EM: 28.33% | Termination: completed | Steps: 1 | Tool calls: 0 | Latency: 0.067s
2026-08-24 13:39:52 | INFO | Step 1
2026-08-24 13:39:52 | INFO | Model output: Answer: No
2026-08-24 13:39:52 | INFO | Prediction: No
2026-08-24 13:39:52 | INFO | Gold: no
2026-08-24 13:39:52 | INFO | Answer | EM: 1.0000 | F1: 1.0000
2026-08-24 13:39:52 | INFO | Result | Correct: True | Running EM: 29.51% | Termination: completed | Steps: 1 | Tool calls: 0 | Latency: 0.067s
2026-08-24 13:39:52 | INFO | Step 1
2026-08-24 13:39:52 | INFO | Model output: Answer: Samuel Pratt
2026-08-24 13:39:52 | INFO | Prediction: Samuel Pratt
2026-08-24 13:39:52 | INFO | Gold: Kalokuokamaile
2026-08-24 13:39:52 | INFO | Answer | EM: 0.0000 | F1: 0.0000
2026-08-24 13:39:52 | INFO | Result | Correct: False | Running EM: 29.03% | Termination: completed | Steps: 1 | Tool calls: 0 | Latency: 0.067s
2026-08-24 13:39:52 | INFO | Step 1
2026-08-24 13:39:52 | INFO | Model output: Answer: 3 years old
2026-08-24 13:39:52 | INFO | Prediction: 3 years old
2026-08-24 13:39:52 | INFO | Gold: Bocelli became completely blind at the age of 12
2026-08-24 13:39:52 | INFO | Answer | EM: 0.0000 | F1: 0.0000
2026-08-24 13:39:52 | INFO | Result | Correct: False | Running EM: 28.57% | Termination: completed | Steps: 1 | Tool calls: 0 | Latency: 0.067s
2026-08-24 13:39:52 | INFO | Step 1
2026-08-24 13:39:52 | INFO | Model output: Answer: Naomi Campbell
2026-08-24 13:39:52 | INFO | Prediction: Naomi Campbell
2026-08-24 13:39:52 | INFO | Gold: Naomi Elaine Campbell
2026-08-24 13:39:52 | INFO | Answer | EM: 0.0000 | F1: 0.8000
2026-08-24 13:39:52 | INFO | Result | Correct: False | Running EM: 28.12% | Termination: completed | Steps: 1 | Tool calls: 0 | Latency: 0.067s
2026-08-24 13:39:52 | INFO | Inference batch [65-96/500] size=32
2026-08-24 13:39:52 | INFO | [65/500] example_id=5ae528ed5542993aec5ec16e
2026-08-24 13:39:52 | INFO | Question: What is the name of the film directed by Alex Cox  adapted from a 1606 play starring Diana Quick as the Dutchess?
2026-08-24 13:39:52 | INFO | [66/500] example_id=5a8c7ced5542995e66a4761c
2026-08-24 13:39:52 | INFO | Question: Josh Trank and Mike Valerio both work in what industry?
2026-08-24 13:39:52 | INFO | [67/500] example_id=5a72f74a55429901807daf59
2026-08-24 13:39:52 | INFO | Question: Which American comedian born on March 21, 1962, appeared in the movie "Sleepless in Seattle?"
2026-08-24 13:39:52 | INFO | [68/500] example_id=5ae1d4e8554299234fd04312
2026-08-24 13:39:52 | INFO | Question: Any Questions for Ben? was directed by which Australian producer and actor?
2026-08-24 13:39:52 | INFO | [69/500] example_id=5a80aeef5542992097ad301a
2026-08-24 13:39:52 | INFO | Question: What American indie rock group first had Jesse Sandoval as the drummer and now has Jon Sortland on drums?
2026-08-24 13:39:52 | INFO | [70/500] example_id=5a7f66f155429969796c1a33
2026-08-24 13:39:52 | INFO | Question: What 3 countries are part of the legal name of the airline that merged with Braathens in 2004?
2026-08-24 13:39:52 | INFO | [71/500] example_id=5abbda84554299642a094b5b
2026-08-24 13:39:52 | INFO | Question: What is the ratio of flow velocity past a boundary to the local speed of sound for a Saab JAS 39 Gripen?
2026-08-24 13:39:52 | INFO | [72/500] example_id=5abe3dc65542993f32c2a0c4
2026-08-24 13:39:52 | INFO | Question: SWX Right Now airs on the station that broadcasts on what channel in Billings, Montana?
2026-08-24 13:39:52 | INFO | [73/500] example_id=5ae489ab5542995ad6573d62
2026-08-24 13:39:52 | INFO | Question: Which player, who also played for the New Jersey Nets and the Golden State Warriors, finished third in the league with 231 three-point field goals during the 1995-96 Atlanta Hawks season?
2026-08-24 13:39:52 | INFO | [74/500] example_id=5a7e1b7155429965cec5ea6c
2026-08-24 13:39:52 | INFO | Question: Saltillo Engine is an engine plant in Ramos Arizpe that belongs to the American subsidiary of what company?
2026-08-24 13:39:52 | INFO | [75/500] example_id=5a8fae205542997ba9cb32ec
2026-08-24 13:39:52 | INFO | Question: What type of television show did Dylan Everett star in, in 2015?
2026-08-24 13:39:52 | INFO | [76/500] example_id=5ae588cb55429960a22e0300
2026-08-24 13:39:52 | INFO | Question: Which plant, the Chaerophyllum or the Cryptanthus, can be found in various places across the world?
2026-08-24 13:39:52 | INFO | [77/500] example_id=5a75e62f5542992d0ec06013
2026-08-24 13:39:52 | INFO | Question: Johnny Mathis: Wonderful Wonderful aired at what luxury hotel, casino and spa resort located in Atlantic City, New Jersey?
2026-08-24 13:39:52 | INFO | [78/500] example_id=5ac113e2554299294b21909a
2026-08-24 13:39:52 | INFO | Question: Who wrote the lyrics for Linda Eder's Broadway debut?
2026-08-24 13:39:52 | INFO | [79/500] example_id=5a82fe5055429966c78a6ad3
2026-08-24 13:39:52 | INFO | Question: The Company They Keep is a book written by Diana Pavlac Glyer, who is a professor at a university in Azusa, California, that was founded in 1899, and is under the auspices of what religion?
2026-08-24 13:39:52 | INFO | [80/500] example_id=5a7e05ba5542995f4f402392
2026-08-24 13:39:52 | INFO | Question: For One Night Only was hosted by the man most well-known for hosting what show from 1962 until 1999?
2026-08-24 13:39:52 | INFO | [81/500] example_id=5a7264ed5542990c210a411a
2026-08-24 13:39:52 | INFO | Question: What was the slogan  that came about from the idea of Lebensraum which had its most extreme form supported by the Nazi Party until the end of World War II?
2026-08-24 13:39:52 | INFO | [82/500] example_id=5a8ed10b5542995085b374a0
2026-08-24 13:39:52 | INFO | Question: Olivia DeJonge starred in an American horror film directed by Shyamalan called what
2026-08-24 13:39:52 | INFO | [83/500] example_id=5add8f055542990dbb2f7e6d
2026-08-24 13:39:52 | INFO | Question: Who conducted the negotiations  with the owners and the longest serving commandant of Auschwitz concentration and extermination camp?
2026-08-24 13:39:52 | INFO | [84/500] example_id=5a86ab7755429960ec39b6bf
2026-08-24 13:39:52 | INFO | Question: What genre is the novel from which the fast-food restaurant specializing in seafood derives its name?
2026-08-24 13:39:52 | INFO | [85/500] example_id=5a7a112a5542990783324e2b
2026-08-24 13:39:52 | INFO | Question: What kind of musicians are Mark Gaudet and Jan Axel Blomberg?
2026-08-24 13:39:52 | INFO | [86/500] example_id=5ab870ee5542990e739ec8f6
2026-08-24 13:39:52 | INFO | Question: A Wind in the Door is part of a series written by who?
2026-08-24 13:39:52 | INFO | [87/500] example_id=5a8810485542997e5c09a590
2026-08-24 13:39:52 | INFO | Question: The Airport located next to the A13 handled how many passengers in 2016 ?
2026-08-24 13:39:52 | INFO | [88/500] example_id=5a8208ee5542990a1d231f1e
2026-08-24 13:39:52 | INFO | Question: The town of Sinclair, West Virginia, is named after the founder of the local oil drilling company. What is on Sinclair Oil's famous logo?
2026-08-24 13:39:52 | INFO | [89/500] example_id=5a86399e5542994775f60733
2026-08-24 13:39:52 | INFO | Question: Jihad: A Story of the Others is a documentary by the director who is of what descent?
2026-08-24 13:39:52 | INFO | [90/500] example_id=5a78e9a2554299148911f995
2026-08-24 13:39:52 | INFO | Question: Minor league baseball games that were played between the rivalling teams of the Sooners and the Cowboys were played at the stadium formerly known as what?
2026-08-24 13:39:52 | INFO | [91/500] example_id=5a84995d5542997b5ce3fee4
2026-08-24 13:39:52 | INFO | Question: Cooperative Living Organization is located in a city that is the county seat of what county in Florida?
2026-08-24 13:39:52 | INFO | [92/500] example_id=5ab941c2554299743d22ea88
2026-08-24 13:39:52 | INFO | Question: What is the pen name of author Carolyn Janice Cherry, who wrote the Fortress Series?
2026-08-24 13:39:52 | INFO | [93/500] example_id=5a8e5f1f5542995a26add4d6
2026-08-24 13:39:52 | INFO | Question: Which dog is believed to dispel ghosts and evil spirits, Segugio Italiano or Sapsali?
2026-08-24 13:39:52 | INFO | [94/500] example_id=5abf1ad15542997ec76fd3c2
2026-08-24 13:39:52 | INFO | Question: Which French aristocrat and military officer who fought in the American Revolutionary War visited this historic home located at Enfield, Halifax County, North Carolina, known as The Cellar?
2026-08-24 13:39:52 | INFO | [95/500] example_id=5ae5cf625542996de7b71a22
2026-08-24 13:39:52 | INFO | Question: What sports team included both of the brothers Case McCoy and Colt McCoy during different years?
2026-08-24 13:39:52 | INFO | [96/500] example_id=5a7c8ae855429935c91b5207
2026-08-24 13:39:52 | INFO | Question: Which member of The New Russian School was both a doctor and a chemist besides being a composer?
2026-08-24 13:39:54 | INFO | Step 1
2026-08-24 13:39:54 | INFO | Model output: Answer: Repo Man
2026-08-24 13:39:54 | INFO | Prediction: Repo Man
2026-08-24 13:39:54 | INFO | Gold: Revengers Tragedy
2026-08-24 13:39:54 | INFO | Answer | EM: 0.0000 | F1: 0.0000
2026-08-24 13:39:54 | INFO | Result | Correct: False | Running EM: 27.69% | Termination: completed | Steps: 1 | Tool calls: 0 | Latency: 0.047s
2026-08-24 13:39:54 | INFO | Step 1
2026-08-24 13:39:54 | INFO | Model output: Answer: film industry
2026-08-24 13:39:54 | INFO | Prediction: film industry
2026-08-24 13:39:54 | INFO | Gold: entertainment
2026-08-24 13:39:54 | INFO | Answer | EM: 0.0000 | F1: 0.0000
2026-08-24 13:39:54 | INFO | Result | Correct: False | Running EM: 27.27% | Termination: completed | Steps: 1 | Tool calls: 0 | Latency: 0.047s
2026-08-24 13:39:54 | INFO | Step 1
2026-08-24 13:39:54 | INFO | Model output: Answer: Tom Hanks
2026-08-24 13:39:54 | INFO | Prediction: Tom Hanks
2026-08-24 13:39:54 | INFO | Gold: Rosie O'Donnell
2026-08-24 13:39:54 | INFO | Answer | EM: 0.0000 | F1: 0.0000
2026-08-24 13:39:54 | INFO | Result | Correct: False | Running EM: 26.87% | Termination: completed | Steps: 1 | Tool calls: 0 | Latency: 0.047s
2026-08-24 13:39:54 | INFO | Step 1
2026-08-24 13:39:54 | INFO | Model output: Answer: John Waters
2026-08-24 13:39:54 | INFO | Prediction: John Waters
2026-08-24 13:39:54 | INFO | Gold: Robert Ian "Rob" Sitch
2026-08-24 13:39:54 | INFO | Answer | EM: 0.0000 | F1: 0.0000
2026-08-24 13:39:54 | INFO | Result | Correct: False | Running EM: 26.47% | Termination: completed | Steps: 1 | Tool calls: 0 | Latency: 0.047s
2026-08-24 13:39:54 | INFO | Step 1
2026-08-24 13:39:54 | INFO | Model output: Answer: Grandaddy
2026-08-24 13:39:54 | INFO | Prediction: Grandaddy
2026-08-24 13:39:54 | INFO | Gold: The Shins
2026-08-24 13:39:54 | INFO | Answer | EM: 0.0000 | F1: 0.0000
2026-08-24 13:39:54 | INFO | Result | Correct: False | Running EM: 26.09% | Termination: completed | Steps: 1 | Tool calls: 0 | Latency: 0.047s
2026-08-24 13:39:54 | INFO | Step 1
2026-08-24 13:39:54 | INFO | Model output: Answer: Norway, Sweden, Finland
2026-08-24 13:39:54 | INFO | Prediction: Norway, Sweden, Finland
2026-08-24 13:39:54 | INFO | Gold: Denmark–Norway–Sweden
2026-08-24 13:39:54 | INFO | Answer | EM: 0.0000 | F1: 0.0000
2026-08-24 13:39:54 | INFO | Result | Correct: False | Running EM: 25.71% | Termination: completed | Steps: 1 | Tool calls: 0 | Latency: 0.047s
2026-08-24 13:39:54 | INFO | Step 1
2026-08-24 13:39:54 | INFO | Model output: Answer: Supersonic
2026-08-24 13:39:54 | INFO | Prediction: Supersonic
2026-08-24 13:39:54 | INFO | Gold: 2
2026-08-24 13:39:54 | INFO | Answer | EM: 0.0000 | F1: 0.0000
2026-08-24 13:39:54 | INFO | Result | Correct: False | Running EM: 25.35% | Termination: completed | Steps: 1 | Tool calls: 0 | Latency: 0.047s
2026-08-24 13:39:54 | INFO | Step 1
2026-08-24 13:39:54 | INFO | Model output: Answer: 42
2026-08-24 13:39:54 | INFO | Prediction: 42
2026-08-24 13:39:54 | INFO | Gold: 8
2026-08-24 13:39:54 | INFO | Answer | EM: 0.0000 | F1: 0.0000
2026-08-24 13:39:54 | INFO | Result | Correct: False | Running EM: 25.00% | Termination: completed | Steps: 1 | Tool calls: 0 | Latency: 0.047s
2026-08-24 13:39:54 | INFO | Step 1
2026-08-24 13:39:54 | INFO | Model output: Answer: Milt Palacio
2026-08-24 13:39:54 | INFO | Prediction: Milt Palacio
2026-08-24 13:39:54 | INFO | Gold: Mookie Blaylock
2026-08-24 13:39:54 | INFO | Answer | EM: 0.0000 | F1: 0.0000
2026-08-24 13:39:54 | INFO | Result | Correct: False | Running EM: 24.66% | Termination: completed | Steps: 1 | Tool calls: 0 | Latency: 0.047s
2026-08-24 13:39:54 | INFO | Step 1
2026-08-24 13:39:54 | INFO | Model output: Answer: Ford
2026-08-24 13:39:54 | INFO | Prediction: Ford
2026-08-24 13:39:54 | INFO | Gold: Fiat Chrysler Automobiles N.V.
2026-08-24 13:39:54 | INFO | Answer | EM: 0.0000 | F1: 0.0000
2026-08-24 13:39:54 | INFO | Result | Correct: False | Running EM: 24.32% | Termination: completed | Steps: 1 | Tool calls: 0 | Latency: 0.047s
2026-08-24 13:39:54 | INFO | Step 1
2026-08-24 13:39:54 | INFO | Model output: Answer: drama
2026-08-24 13:39:54 | INFO | Prediction: drama
2026-08-24 13:39:54 | INFO | Gold: American-Canadian mystery-drama
2026-08-24 13:39:54 | INFO | Answer | EM: 0.0000 | F1: 0.0000
2026-08-24 13:39:54 | INFO | Result | Correct: False | Running EM: 24.00% | Termination: completed | Steps: 1 | Tool calls: 0 | Latency: 0.047s
2026-08-24 13:39:54 | INFO | Step 1
2026-08-24 13:39:54 | INFO | Model output: Answer: Chaerophyllum
2026-08-24 13:39:54 | INFO | Prediction: Chaerophyllum
2026-08-24 13:39:54 | INFO | Gold: Chaerophyllum
2026-08-24 13:39:54 | INFO | Answer | EM: 1.0000 | F1: 1.0000
2026-08-24 13:39:54 | INFO | Result | Correct: True | Running EM: 25.00% | Termination: completed | Steps: 1 | Tool calls: 0 | Latency: 0.047s
2026-08-24 13:39:54 | INFO | Step 1
2026-08-24 13:39:54 | INFO | Model output: Answer: Caesars Atlantic City
2026-08-24 13:39:54 | INFO | Prediction: Caesars Atlantic City
2026-08-24 13:39:54 | INFO | Gold: Tropicana Casino & Resort
2026-08-24 13:39:54 | INFO | Answer | EM: 0.0000 | F1: 0.0000
2026-08-24 13:39:54 | INFO | Result | Correct: False | Running EM: 24.68% | Termination: completed | Steps: 1 | Tool calls: 0 | Latency: 0.047s
2026-08-24 13:39:54 | INFO | Step 1
2026-08-24 13:39:54 | INFO | Model output: Answer: Stephen Sondheim
2026-08-24 13:39:54 | INFO | Prediction: Stephen Sondheim
2026-08-24 13:39:54 | INFO | Gold: Wildhorn, Bricusse and Cuden
2026-08-24 13:39:54 | INFO | Answer | EM: 0.0000 | F1: 0.0000
2026-08-24 13:39:54 | INFO | Result | Correct: False | Running EM: 24.36% | Termination: completed | Steps: 1 | Tool calls: 0 | Latency: 0.047s
2026-08-24 13:39:54 | INFO | Step 1
2026-08-24 13:39:54 | INFO | Model output: Answer: Seventh-day Adventist Church
2026-08-24 13:39:54 | INFO | Prediction: Seventh-day Adventist Church
2026-08-24 13:39:54 | INFO | Gold: evangelical Christian
2026-08-24 13:39:54 | INFO | Answer | EM: 0.0000 | F1: 0.0000
2026-08-24 13:39:54 | INFO | Result | Correct: False | Running EM: 24.05% | Termination: completed | Steps: 1 | Tool calls: 0 | Latency: 0.047s
2026-08-24 13:39:54 | INFO | Step 1
2026-08-24 13:39:54 | INFO | Model output: Answer: The Tonight Show
2026-08-24 13:39:54 | INFO | Prediction: The Tonight Show
2026-08-24 13:39:54 | INFO | Gold: The Late Late Show
2026-08-24 13:39:54 | INFO | Answer | EM: 0.0000 | F1: 0.4000
2026-08-24 13:39:54 | INFO | Result | Correct: False | Running EM: 23.75% | Termination: completed | Steps: 1 | Tool calls: 0 | Latency: 0.047s
2026-08-24 13:39:54 | INFO | Step 1
2026-08-24 13:39:54 | INFO | Model output: Answer: expansion territory
2026-08-24 13:39:54 | INFO | Prediction: expansion territory
2026-08-24 13:39:54 | INFO | Gold: Blood and soil
2026-08-24 13:39:54 | INFO | Answer | EM: 0.0000 | F1: 0.0000
2026-08-24 13:39:54 | INFO | Result | Correct: False | Running EM: 23.46% | Termination: completed | Steps: 1 | Tool calls: 0 | Latency: 0.047s
2026-08-24 13:39:54 | INFO | Step 1
2026-08-24 13:39:54 | INFO | Model output: Answer: Splitinandthekiss
2026-08-24 13:39:54 | INFO | Prediction: Splitinandthekiss
2026-08-24 13:39:54 | INFO | Gold: The Visit
2026-08-24 13:39:54 | INFO | Answer | EM: 0.0000 | F1: 0.0000
2026-08-24 13:39:54 | INFO | Result | Correct: False | Running EM: 23.17% | Termination: completed | Steps: 1 | Tool calls: 0 | Latency: 0.047s
2026-08-24 13:39:54 | INFO | Step 1
2026-08-24 13:39:54 | INFO | Model output: Answer: Rudolf Höss
2026-08-24 13:39:54 | INFO | Prediction: Rudolf Höss
2026-08-24 13:39:54 | INFO | Gold: Rudolf Höss
2026-08-24 13:39:54 | INFO | Answer | EM: 1.0000 | F1: 1.0000
2026-08-24 13:39:54 | INFO | Result | Correct: True | Running EM: 24.10% | Termination: completed | Steps: 1 | Tool calls: 0 | Latency: 0.047s
2026-08-24 13:39:54 | INFO | Step 1
2026-08-24 13:39:54 | INFO | Model output: Answer: romance
2026-08-24 13:39:54 | INFO | Prediction: romance
2026-08-24 13:39:54 | INFO | Gold: an adventure novel
2026-08-24 13:39:54 | INFO | Answer | EM: 0.0000 | F1: 0.0000
2026-08-24 13:39:54 | INFO | Result | Correct: False | Running EM: 23.81% | Termination: completed | Steps: 1 | Tool calls: 0 | Latency: 0.047s
2026-08-24 13:39:54 | INFO | Step 1
2026-08-24 13:39:54 | INFO | Model output: Answer: black metal musicians
2026-08-24 13:39:54 | INFO | Prediction: black metal musicians
2026-08-24 13:39:54 | INFO | Gold: drummer
2026-08-24 13:39:54 | INFO | Answer | EM: 0.0000 | F1: 0.0000
2026-08-24 13:39:54 | INFO | Result | Correct: False | Running EM: 23.53% | Termination: completed | Steps: 1 | Tool calls: 0 | Latency: 0.047s
2026-08-24 13:39:54 | INFO | Step 1
2026-08-24 13:39:54 | INFO | Model output: Answer: Madeleine L'Engle
2026-08-24 13:39:54 | INFO | Prediction: Madeleine L'Engle
2026-08-24 13:39:54 | INFO | Gold: Madeleine L'Engle
2026-08-24 13:39:54 | INFO | Answer | EM: 1.0000 | F1: 1.0000
2026-08-24 13:39:54 | INFO | Result | Correct: True | Running EM: 24.42% | Termination: completed | Steps: 1 | Tool calls: 0 | Latency: 0.047s
2026-08-24 13:39:54 | INFO | Step 1
2026-08-24 13:39:54 | INFO | Model output: Answer: London Stansted handled 19,544,000 passengers in 2016.
2026-08-24 13:39:54 | INFO | Prediction: London Stansted handled 19,544,000 passengers in 2016.
2026-08-24 13:39:54 | INFO | Gold: 1.6 million passengers
2026-08-24 13:39:54 | INFO | Answer | EM: 0.0000 | F1: 0.2000
2026-08-24 13:39:54 | INFO | Result | Correct: False | Running EM: 24.14% | Termination: completed | Steps: 1 | Tool calls: 0 | Latency: 0.047s
2026-08-24 13:39:54 | INFO | Step 1
2026-08-24 13:39:54 | INFO | Model output: Answer: Texas oil field equipment
2026-08-24 13:39:54 | INFO | Prediction: Texas oil field equipment
2026-08-24 13:39:54 | INFO | Gold: dinosaur
2026-08-24 13:39:54 | INFO | Answer | EM: 0.0000 | F1: 0.0000
2026-08-24 13:39:54 | INFO | Result | Correct: False | Running EM: 23.86% | Termination: completed | Steps: 1 | Tool calls: 0 | Latency: 0.047s
2026-08-24 13:39:54 | INFO | Step 1
2026-08-24 13:39:54 | INFO | Model output: Answer: Palestinian-Israeli descent
2026-08-24 13:39:54 | INFO | Prediction: Palestinian-Israeli descent
2026-08-24 13:39:54 | INFO | Gold: Punjabi/Pashtun
2026-08-24 13:39:54 | INFO | Answer | EM: 0.0000 | F1: 0.0000
2026-08-24 13:39:54 | INFO | Result | Correct: False | Running EM: 23.60% | Termination: completed | Steps: 1 | Tool calls: 0 | Latency: 0.047s
2026-08-24 13:39:54 | INFO | Step 1
2026-08-24 13:39:54 | INFO | Model output: Answer: McAfee Arena
2026-08-24 13:39:54 | INFO | Prediction: McAfee Arena
2026-08-24 13:39:54 | INFO | Gold: Drillers Stadium
2026-08-24 13:39:54 | INFO | Answer | EM: 0.0000 | F1: 0.0000
2026-08-24 13:39:54 | INFO | Result | Correct: False | Running EM: 23.33% | Termination: completed | Steps: 1 | Tool calls: 0 | Latency: 0.047s
2026-08-24 13:39:54 | INFO | Step 1
2026-08-24 13:39:54 | INFO | Model output: Answer: Miami-Dade County
2026-08-24 13:39:54 | INFO | Prediction: Miami-Dade County
2026-08-24 13:39:54 | INFO | Gold: Alachua
2026-08-24 13:39:54 | INFO | Answer | EM: 0.0000 | F1: 0.0000
2026-08-24 13:39:54 | INFO | Result | Correct: False | Running EM: 23.08% | Termination: completed | Steps: 1 | Tool calls: 0 | Latency: 0.047s
2026-08-24 13:39:54 | INFO | Step 1
2026-08-24 13:39:54 | INFO | Model output: Answer: Kiersten White
2026-08-24 13:39:54 | INFO | Prediction: Kiersten White
2026-08-24 13:39:54 | INFO | Gold: Carolyn Janice Cherry (born September 1, 1942), better known by the pen name C. J. Cherryh,
2026-08-24 13:39:54 | INFO | Answer | EM: 0.0000 | F1: 0.0000
2026-08-24 13:39:54 | INFO | Result | Correct: False | Running EM: 22.83% | Termination: completed | Steps: 1 | Tool calls: 0 | Latency: 0.047s
2026-08-24 13:39:54 | INFO | Step 1
2026-08-24 13:39:54 | INFO | Model output: Answer: Sapsali
2026-08-24 13:39:54 | INFO | Prediction: Sapsali
2026-08-24 13:39:54 | INFO | Gold: Sapsali
2026-08-24 13:39:54 | INFO | Answer | EM: 1.0000 | F1: 1.0000
2026-08-24 13:39:54 | INFO | Result | Correct: True | Running EM: 23.66% | Termination: completed | Steps: 1 | Tool calls: 0 | Latency: 0.047s
2026-08-24 13:39:54 | INFO | Step 1
2026-08-24 13:39:54 | INFO | Model output: Answer: Charles Cornwallis
2026-08-24 13:39:54 | INFO | Prediction: Charles Cornwallis
2026-08-24 13:39:54 | INFO | Gold: Marquis de Lafayette
2026-08-24 13:39:54 | INFO | Answer | EM: 0.0000 | F1: 0.0000
2026-08-24 13:39:54 | INFO | Result | Correct: False | Running EM: 23.40% | Termination: completed | Steps: 1 | Tool calls: 0 | Latency: 0.047s
2026-08-24 13:39:54 | INFO | Step 1
2026-08-24 13:39:54 | INFO | Model output: Answer: Texas Longhorns
2026-08-24 13:39:54 | INFO | Prediction: Texas Longhorns
2026-08-24 13:39:54 | INFO | Gold: University of Texas Longhorns
2026-08-24 13:39:54 | INFO | Answer | EM: 0.0000 | F1: 0.6667
2026-08-24 13:39:54 | INFO | Result | Correct: False | Running EM: 23.16% | Termination: completed | Steps: 1 | Tool calls: 0 | Latency: 0.047s
2026-08-24 13:39:54 | INFO | Step 1
2026-08-24 13:39:54 | INFO | Model output: Answer: Alexander Scriabin
2026-08-24 13:39:54 | INFO | Prediction: Alexander Scriabin
2026-08-24 13:39:54 | INFO | Gold: Alexander Porfiryevich Borodin
2026-08-24 13:39:54 | INFO | Answer | EM: 0.0000 | F1: 0.4000
2026-08-24 13:39:54 | INFO | Result | Correct: False | Running EM: 22.92% | Termination: completed | Steps: 1 | Tool calls: 0 | Latency: 0.047s
2026-08-24 13:39:54 | INFO | Inference batch [97-128/500] size=32
2026-08-24 13:39:54 | INFO | [97/500] example_id=5a87106555429960ec39b71f
2026-08-24 13:39:54 | INFO | Question: Susanna Thompson appeared in the courtroom drama film Ghosts of Mississippi, directed by who?
2026-08-24 13:39:54 | INFO | [98/500] example_id=5a7f296f55429934daa2fd10
2026-08-24 13:39:54 | INFO | Question: Live Wire Radio will possibly be considered as a replacement for a variety show created in what year?
2026-08-24 13:39:54 | INFO | [99/500] example_id=5ae14b5c55429920d52343aa
2026-08-24 13:39:54 | INFO | Question: Luke Rockhold defeated the MMA fighter who was the first to earn a win against which champion in the UFC?
2026-08-24 13:39:54 | INFO | [100/500] example_id=5a88b3b4554299206df2b336
2026-08-24 13:39:54 | INFO | Question: What type of art does The Consul and Arlecchino have in common?
2026-08-24 13:39:54 | INFO | [101/500] example_id=5add67705542992ae4cec54f
2026-08-24 13:39:54 | INFO | Question: Who is a Brazilian mixed martial artist in the UFC who Namsaknoi Yudthagarngamtorn coached?
2026-08-24 13:39:54 | INFO | [102/500] example_id=5a875fee5542996e4f3087ab
2026-08-24 13:39:54 | INFO | Question: Which has more species, Lysiloma or Hydrocotyle umbellata?
2026-08-24 13:39:54 | INFO | [103/500] example_id=5ab2b630554299545a2cfa17
2026-08-24 13:39:54 | INFO | Question: Are the films Gasland from 2010 and Pumping Iron from 1977 both documentaries?
2026-08-24 13:39:54 | INFO | [104/500] example_id=5a851ba95542997175ce1f81
2026-08-24 13:39:54 | INFO | Question: Rosemary Willis was seen in the grass in what Texas town, where John F. Kennedy was assassinated?
2026-08-24 13:39:54 | INFO | [105/500] example_id=5ae1d0e8554299234fd0430a
2026-08-24 13:39:54 | INFO | Question: Which king of Northumbria did The "Historia" gives the abbot central place in his election as king
2026-08-24 13:39:54 | INFO | [106/500] example_id=5ae1ebf95542997283cd22f2
2026-08-24 13:39:54 | INFO | Question: Mooreville, Mississippi is located on which Interstate highway that follows US Route 78?
2026-08-24 13:39:54 | INFO | [107/500] example_id=5a81d0515542990a1d231ed4
2026-08-24 13:39:54 | INFO | Question: Where is the casino that Summer Nights takes place in?
2026-08-24 13:39:54 | INFO | [108/500] example_id=5ae35e8c5542990afbd1e120
2026-08-24 13:39:54 | INFO | Question: who was the anthropologist who thought that the plaster casts that were discovered by Paul Freeman were a critical piece of evidence?
2026-08-24 13:39:54 | INFO | [109/500] example_id=5a87ed5b5542994846c1cdfc
2026-08-24 13:39:54 | INFO | Question: What type of license is the open source roguelike video game video released 2012, in which a subset of it's pricing model is a called free-to-play, licensed under?
2026-08-24 13:39:54 | INFO | [110/500] example_id=5abc41315542993a06baf8bb
2026-08-24 13:39:54 | INFO | Question: Mía Maestro had a role in the 2002 biopic directed by whom?
2026-08-24 13:39:54 | INFO | [111/500] example_id=5a7be1ab5542997c3ec972a9
2026-08-24 13:39:54 | INFO | Question: UFO Magazine covers what subject named for Charles Hoy Fort?
2026-08-24 13:39:54 | INFO | [112/500] example_id=5a840e395542992ef85e239d
2026-08-24 13:39:54 | INFO | Question: Are both The Straight Story and Frozen films of the same genre?
2026-08-24 13:39:54 | INFO | [113/500] example_id=5ae8167b55429952e35eaa06
2026-08-24 13:39:54 | INFO | Question: What 1876 battle featured the Other Magpie?
2026-08-24 13:39:54 | INFO | [114/500] example_id=5a776a805542993735360269
2026-08-24 13:39:54 | INFO | Question: What Disney movie was the wrestler with the real name of John William Minton in?
2026-08-24 13:39:54 | INFO | [115/500] example_id=5ab4b9f75542990594ba9ca4
2026-08-24 13:39:54 | INFO | Question: Who covered the song I Love You by Chris Write?
2026-08-24 13:39:54 | INFO | [116/500] example_id=5a78e3b955429974737f78f1
2026-08-24 13:39:54 | INFO | Question: Who was born first, Javier Frana or Sherwood Stewart?
2026-08-24 13:39:54 | INFO | [117/500] example_id=5a851b0d5542997175ce1f7f
2026-08-24 13:39:54 | INFO | Question: Are Dogo Cubano and the Dutch Shepherd both breeds of dog?
2026-08-24 13:39:54 | INFO | [118/500] example_id=5a78b5f7554299148911f95b
2026-08-24 13:39:54 | INFO | Question: Spawn, a fictional character who Mustafa Shakir has expressed interest in playing, was created by?
2026-08-24 13:39:54 | INFO | [119/500] example_id=5ab4304a55429942dd415ec5
2026-08-24 13:39:54 | INFO | Question: To where did the war criminal who is the fictional defendant in the film After the Truth flee in real life ?
2026-08-24 13:39:54 | INFO | [120/500] example_id=5a72dcb45542992359bc31af
2026-08-24 13:39:54 | INFO | Question: What company did Rex Maughan aquire?
2026-08-24 13:39:54 | INFO | [121/500] example_id=5a7e0ed25542991319bc9424
2026-08-24 13:39:54 | INFO | Question: The 249th episode of "The Simpsons" was aired on what date?
2026-08-24 13:39:54 | INFO | [122/500] example_id=5ab9e477554299232ef4a25d
2026-08-24 13:39:54 | INFO | Question: Which was built first Woolworth Building or 1 New York Plaza?
2026-08-24 13:39:54 | INFO | [123/500] example_id=5ab900045542991b5579f0c0
2026-08-24 13:39:54 | INFO | Question: Where is the concert venue which hosted the first US performance of "Libuše" located?
2026-08-24 13:39:54 | INFO | [124/500] example_id=5ab6e848554299710c8d1faa
2026-08-24 13:39:54 | INFO | Question: When was the advisor of Alpher–Bethe–Gamow paper died?
2026-08-24 13:39:54 | INFO | [125/500] example_id=5a7dc2495542997cc2c4749a
2026-08-24 13:39:54 | INFO | Question: What competition held in Kathmandu, Nepal did Julian Bolling compete in 1984?
2026-08-24 13:39:54 | INFO | [126/500] example_id=5a84e9d35542994c784dda84
2026-08-24 13:39:54 | INFO | Question: The Nike Mercurial Vapor is endorsed by a Stoke City football player who also plays for what national team?
2026-08-24 13:39:54 | INFO | [127/500] example_id=5a7cfea2554299452d57babe
2026-08-24 13:39:54 | INFO | Question: Which aired first, Life After People or Werner Herzog Eats His Shoe?
2026-08-24 13:39:54 | INFO | [128/500] example_id=5ae497f15542995ad6573db8
2026-08-24 13:39:54 | INFO | Question: What NIFL Premier Intermediate League team did Sean Connor play for?
2026-08-24 13:39:56 | INFO | Step 1
2026-08-24 13:39:56 | INFO | Model output: Answer: Alan Parker
2026-08-24 13:39:56 | INFO | Prediction: Alan Parker
2026-08-24 13:39:56 | INFO | Gold: Rob Reiner
2026-08-24 13:39:56 | INFO | Answer | EM: 0.0000 | F1: 0.0000
2026-08-24 13:39:56 | INFO | Result | Correct: False | Running EM: 22.68% | Termination: completed | Steps: 1 | Tool calls: 0 | Latency: 0.055s
2026-08-24 13:39:56 | INFO | Step 1
2026-08-24 13:39:56 | INFO | Model output: Answer: 2015
2026-08-24 13:39:56 | INFO | Prediction: 2015
2026-08-24 13:39:56 | INFO | Gold: 1974
2026-08-24 13:39:56 | INFO | Answer | EM: 0.0000 | F1: 0.0000
2026-08-24 13:39:56 | INFO | Result | Correct: False | Running EM: 22.45% | Termination: completed | Steps: 1 | Tool calls: 0 | Latency: 0.055s
2026-08-24 13:39:56 | INFO | Step 1
2026-08-24 13:39:56 | INFO | Model output: Answer: Robert Whittaker
2026-08-24 13:39:56 | INFO | Prediction: Robert Whittaker
2026-08-24 13:39:56 | INFO | Gold: Anderson Silva
2026-08-24 13:39:56 | INFO | Answer | EM: 0.0000 | F1: 0.0000
2026-08-24 13:39:56 | INFO | Result | Correct: False | Running EM: 22.22% | Termination: completed | Steps: 1 | Tool calls: 0 | Latency: 0.055s
2026-08-24 13:39:56 | INFO | Step 1
2026-08-24 13:39:56 | INFO | Model output: Answer: painting
2026-08-24 13:39:56 | INFO | Prediction: painting
2026-08-24 13:39:56 | INFO | Gold: music
2026-08-24 13:39:56 | INFO | Answer | EM: 0.0000 | F1: 0.0000
2026-08-24 13:39:56 | INFO | Result | Correct: False | Running EM: 22.00% | Termination: completed | Steps: 1 | Tool calls: 0 | Latency: 0.055s
2026-08-24 13:39:56 | INFO | Step 1
2026-08-24 13:39:56 | INFO | Model output: Answer: Anderson Silva
2026-08-24 13:39:56 | INFO | Prediction: Anderson Silva
2026-08-24 13:39:56 | INFO | Gold: Rafael Souza dos Anjos
2026-08-24 13:39:56 | INFO | Answer | EM: 0.0000 | F1: 0.0000
2026-08-24 13:39:56 | INFO | Result | Correct: False | Running EM: 21.78% | Termination: completed | Steps: 1 | Tool calls: 0 | Latency: 0.055s
2026-08-24 13:39:56 | INFO | Step 1
2026-08-24 13:39:56 | INFO | Model output: Answer: Lysiloma
2026-08-24 13:39:56 | INFO | Prediction: Lysiloma
2026-08-24 13:39:56 | INFO | Gold: Lysiloma
2026-08-24 13:39:56 | INFO | Answer | EM: 1.0000 | F1: 1.0000
2026-08-24 13:39:56 | INFO | Result | Correct: True | Running EM: 22.55% | Termination: completed | Steps: 1 | Tool calls: 0 | Latency: 0.055s
2026-08-24 13:39:56 | INFO | Step 1
2026-08-24 13:39:56 | INFO | Model output: Answer: Yes
2026-08-24 13:39:56 | INFO | Prediction: Yes
2026-08-24 13:39:56 | INFO | Gold: yes
2026-08-24 13:39:56 | INFO | Answer | EM: 1.0000 | F1: 1.0000
2026-08-24 13:39:56 | INFO | Result | Correct: True | Running EM: 23.30% | Termination: completed | Steps: 1 | Tool calls: 0 | Latency: 0.055s
2026-08-24 13:39:56 | INFO | Step 1
2026-08-24 13:39:56 | INFO | Model output: Answer: Dallas
2026-08-24 13:39:56 | INFO | Prediction: Dallas
2026-08-24 13:39:56 | INFO | Gold: Dallas
2026-08-24 13:39:56 | INFO | Answer | EM: 1.0000 | F1: 1.0000
2026-08-24 13:39:56 | INFO | Result | Correct: True | Running EM: 24.04% | Termination: completed | Steps: 1 | Tool calls: 0 | Latency: 0.055s
2026-08-24 13:39:56 | INFO | Step 1
2026-08-24 13:39:56 | INFO | Model output: Answer: Oswald
2026-08-24 13:39:56 | INFO | Prediction: Oswald
2026-08-24 13:39:56 | INFO | Gold: Guthred or Guthfrith
2026-08-24 13:39:56 | INFO | Answer | EM: 0.0000 | F1: 0.0000
2026-08-24 13:39:56 | INFO | Result | Correct: False | Running EM: 23.81% | Termination: completed | Steps: 1 | Tool calls: 0 | Latency: 0.055s
2026-08-24 13:39:56 | INFO | Step 1
2026-08-24 13:39:56 | INFO | Model output: Answer: Interstate 55
2026-08-24 13:39:56 | INFO | Prediction: Interstate 55
2026-08-24 13:39:56 | INFO | Gold: Interstate 22
2026-08-24 13:39:56 | INFO | Answer | EM: 0.0000 | F1: 0.5000
2026-08-24 13:39:56 | INFO | Result | Correct: False | Running EM: 23.58% | Termination: completed | Steps: 1 | Tool calls: 0 | Latency: 0.055s
2026-08-24 13:39:56 | INFO | Step 1
2026-08-24 13:39:56 | INFO | Model output: Answer: Las Vegas
2026-08-24 13:39:56 | INFO | Prediction: Las Vegas
2026-08-24 13:39:56 | INFO | Gold: Las Vegas Strip in Paradise, Nevada
2026-08-24 13:39:56 | INFO | Answer | EM: 0.0000 | F1: 0.5000
2026-08-24 13:39:56 | INFO | Result | Correct: False | Running EM: 23.36% | Termination: completed | Steps: 1 | Tool calls: 0 | Latency: 0.055s
2026-08-24 13:39:56 | INFO | Step 1
2026-08-24 13:39:56 | INFO | Model output: Answer: Alan L. Lieberman
2026-08-24 13:39:56 | INFO | Prediction: Alan L. Lieberman
2026-08-24 13:39:56 | INFO | Gold: Don Jeffrey "Jeff" Meldrum (born May 24, 1958) is a Professor of Anatomy and Anthropology
2026-08-24 13:39:56 | INFO | Answer | EM: 0.0000 | F1: 0.0000
2026-08-24 13:39:56 | INFO | Result | Correct: False | Running EM: 23.15% | Termination: completed | Steps: 1 | Tool calls: 0 | Latency: 0.055s
2026-08-24 13:39:56 | INFO | Step 1
2026-08-24 13:39:56 | INFO | Model output: Answer: zlib license
2026-08-24 13:39:56 | INFO | Prediction: zlib license
2026-08-24 13:39:56 | INFO | Gold: GNU GPLv3
2026-08-24 13:39:56 | INFO | Answer | EM: 0.0000 | F1: 0.0000
2026-08-24 13:39:56 | INFO | Result | Correct: False | Running EM: 22.94% | Termination: completed | Steps: 1 | Tool calls: 0 | Latency: 0.055s
2026-08-24 13:39:56 | INFO | Step 1
2026-08-24 13:39:56 | INFO | Model output: Answer: Miloš Forman
2026-08-24 13:39:56 | INFO | Prediction: Miloš Forman
2026-08-24 13:39:56 | INFO | Gold: Julie Taymor
2026-08-24 13:39:56 | INFO | Answer | EM: 0.0000 | F1: 0.0000
2026-08-24 13:39:56 | INFO | Result | Correct: False | Running EM: 22.73% | Termination: completed | Steps: 1 | Tool calls: 0 | Latency: 0.055s
2026-08-24 13:39:56 | INFO | Step 1
2026-08-24 13:39:56 | INFO | Model output: Answer: Fortean
2026-08-24 13:39:56 | INFO | Prediction: Fortean
2026-08-24 13:39:56 | INFO | Gold: Fortean
2026-08-24 13:39:56 | INFO | Answer | EM: 1.0000 | F1: 1.0000
2026-08-24 13:39:56 | INFO | Result | Correct: True | Running EM: 23.42% | Termination: completed | Steps: 1 | Tool calls: 0 | Latency: 0.055s
2026-08-24 13:39:56 | INFO | Step 1
2026-08-24 13:39:56 | INFO | Model output: Answer: No
2026-08-24 13:39:56 | INFO | Prediction: No
2026-08-24 13:39:56 | INFO | Gold: no
2026-08-24 13:39:56 | INFO | Answer | EM: 1.0000 | F1: 1.0000
2026-08-24 13:39:56 | INFO | Result | Correct: True | Running EM: 24.11% | Termination: completed | Steps: 1 | Tool calls: 0 | Latency: 0.055s
2026-08-24 13:39:56 | INFO | Step 1
2026-08-24 13:39:56 | INFO | Model output: Answer: Battle of Little Bighorn
2026-08-24 13:39:56 | INFO | Prediction: Battle of Little Bighorn
2026-08-24 13:39:56 | INFO | Gold: Battle of the Rosebud
2026-08-24 13:39:56 | INFO | Answer | EM: 0.0000 | F1: 0.5714
2026-08-24 13:39:56 | INFO | Result | Correct: False | Running EM: 23.89% | Termination: completed | Steps: 1 | Tool calls: 0 | Latency: 0.055s
2026-08-24 13:39:56 | INFO | Step 1
2026-08-24 13:39:56 | INFO | Model output: Answer: Zootopia
2026-08-24 13:39:56 | INFO | Prediction: Zootopia
2026-08-24 13:39:56 | INFO | Gold: Double Agent
2026-08-24 13:39:56 | INFO | Answer | EM: 0.0000 | F1: 0.0000
2026-08-24 13:39:56 | INFO | Result | Correct: False | Running EM: 23.68% | Termination: completed | Steps: 1 | Tool calls: 0 | Latency: 0.055s
2026-08-24 13:39:56 | INFO | Step 1
2026-08-24 13:39:56 | INFO | Model output: Answer: The Rolling Stones
2026-08-24 13:39:56 | INFO | Prediction: The Rolling Stones
2026-08-24 13:39:56 | INFO | Gold: People! and The Carnabeats
2026-08-24 13:39:56 | INFO | Answer | EM: 0.0000 | F1: 0.0000
2026-08-24 13:39:56 | INFO | Result | Correct: False | Running EM: 23.48% | Termination: completed | Steps: 1 | Tool calls: 0 | Latency: 0.055s
2026-08-24 13:39:56 | INFO | Step 1
2026-08-24 13:39:56 | INFO | Model output: Answer: Javier Frana
2026-08-24 13:39:56 | INFO | Prediction: Javier Frana
2026-08-24 13:39:56 | INFO | Gold: Sherwood Stewart
2026-08-24 13:39:56 | INFO | Answer | EM: 0.0000 | F1: 0.0000
2026-08-24 13:39:56 | INFO | Result | Correct: False | Running EM: 23.28% | Termination: completed | Steps: 1 | Tool calls: 0 | Latency: 0.055s
2026-08-24 13:39:56 | INFO | Step 1
2026-08-24 13:39:56 | INFO | Model output: Answer: Yes
2026-08-24 13:39:56 | INFO | Prediction: Yes
2026-08-24 13:39:56 | INFO | Gold: yes
2026-08-24 13:39:56 | INFO | Answer | EM: 1.0000 | F1: 1.0000
2026-08-24 13:39:56 | INFO | Result | Correct: True | Running EM: 23.93% | Termination: completed | Steps: 1 | Tool calls: 0 | Latency: 0.055s
2026-08-24 13:39:56 | INFO | Step 1
2026-08-24 13:39:56 | INFO | Model output: Answer: Todd McFarlane
2026-08-24 13:39:56 | INFO | Prediction: Todd McFarlane
2026-08-24 13:39:56 | INFO | Gold: Todd McFarlane
2026-08-24 13:39:56 | INFO | Answer | EM: 1.0000 | F1: 1.0000
2026-08-24 13:39:56 | INFO | Result | Correct: True | Running EM: 24.58% | Termination: completed | Steps: 1 | Tool calls: 0 | Latency: 0.055s
2026-08-24 13:39:56 | INFO | Step 1
2026-08-24 13:39:56 | INFO | Model output: Answer: Argentina
2026-08-24 13:39:56 | INFO | Prediction: Argentina
2026-08-24 13:39:56 | INFO | Gold: South America
2026-08-24 13:39:56 | INFO | Answer | EM: 0.0000 | F1: 0.0000
2026-08-24 13:39:56 | INFO | Result | Correct: False | Running EM: 24.37% | Termination: completed | Steps: 1 | Tool calls: 0 | Latency: 0.055s
2026-08-24 13:39:56 | INFO | Step 1
2026-08-24 13:39:56 | INFO | Model output: Answer: Rex Maughan acquired Utah Power & Light Company.
2026-08-24 13:39:56 | INFO | Prediction: Rex Maughan acquired Utah Power & Light Company.
2026-08-24 13:39:56 | INFO | Gold: Aloe Vera of America
2026-08-24 13:39:56 | INFO | Answer | EM: 0.0000 | F1: 0.0000
2026-08-24 13:39:56 | INFO | Result | Correct: False | Running EM: 24.17% | Termination: completed | Steps: 1 | Tool calls: 0 | Latency: 0.055s
2026-08-24 13:39:56 | INFO | Step 1
2026-08-24 13:39:56 | INFO | Model output: Answer: December 5, 2004
2026-08-24 13:39:56 | INFO | Prediction: December 5, 2004
2026-08-24 13:39:56 | INFO | Gold: November 1, 2000
2026-08-24 13:39:56 | INFO | Answer | EM: 0.0000 | F1: 0.0000
2026-08-24 13:39:56 | INFO | Result | Correct: False | Running EM: 23.97% | Termination: completed | Steps: 1 | Tool calls: 0 | Latency: 0.055s
2026-08-24 13:39:56 | INFO | Step 1
2026-08-24 13:39:56 | INFO | Model output: Answer: Woolworth Building
2026-08-24 13:39:56 | INFO | Prediction: Woolworth Building
2026-08-24 13:39:56 | INFO | Gold: Woolworth Building
2026-08-24 13:39:56 | INFO | Answer | EM: 1.0000 | F1: 1.0000
2026-08-24 13:39:56 | INFO | Result | Correct: True | Running EM: 24.59% | Termination: completed | Steps: 1 | Tool calls: 0 | Latency: 0.055s
2026-08-24 13:39:56 | INFO | Step 1
2026-08-24 13:39:56 | INFO | Model output: Answer: Boston, Massachusetts
2026-08-24 13:39:56 | INFO | Prediction: Boston, Massachusetts
2026-08-24 13:39:56 | INFO | Gold: Midtown Manhattan in New York City,
2026-08-24 13:39:56 | INFO | Answer | EM: 0.0000 | F1: 0.0000
2026-08-24 13:39:56 | INFO | Result | Correct: False | Running EM: 24.39% | Termination: completed | Steps: 1 | Tool calls: 0 | Latency: 0.055s
2026-08-24 13:39:56 | INFO | Step 1
2026-08-24 13:39:56 | INFO | Model output: Answer: The advisor of the Alpher–Bethe–Gamow paper, George Gamow, died on June 19, 1968.
2026-08-24 13:39:56 | INFO | Prediction: The advisor of the Alpher–Bethe–Gamow paper, George Gamow, died on June 19, 1968.
2026-08-24 13:39:56 | INFO | Gold: August 19, 1968
2026-08-24 13:39:56 | INFO | Answer | EM: 0.0000 | F1: 0.2857
2026-08-24 13:39:56 | INFO | Result | Correct: False | Running EM: 24.19% | Termination: completed | Steps: 1 | Tool calls: 0 | Latency: 0.055s
2026-08-24 13:39:56 | INFO | Step 1
2026-08-24 13:39:56 | INFO | Model output: Answer: Asian Games
2026-08-24 13:39:56 | INFO | Prediction: Asian Games
2026-08-24 13:39:56 | INFO | Gold: 1984 South Asian Games
2026-08-24 13:39:56 | INFO | Answer | EM: 0.0000 | F1: 0.6667
2026-08-24 13:39:56 | INFO | Result | Correct: False | Running EM: 24.00% | Termination: completed | Steps: 1 | Tool calls: 0 | Latency: 0.055s
2026-08-24 13:39:56 | INFO | Step 1
2026-08-24 13:39:56 | INFO | Model output: Answer: Netherlands
2026-08-24 13:39:56 | INFO | Prediction: Netherlands
2026-08-24 13:39:56 | INFO | Gold: the Switzerland national team
2026-08-24 13:39:56 | INFO | Answer | EM: 0.0000 | F1: 0.0000
2026-08-24 13:39:56 | INFO | Result | Correct: False | Running EM: 23.81% | Termination: completed | Steps: 1 | Tool calls: 0 | Latency: 0.055s
2026-08-24 13:39:56 | INFO | Step 1
2026-08-24 13:39:56 | INFO | Model output: Answer: Life After People
2026-08-24 13:39:56 | INFO | Prediction: Life After People
2026-08-24 13:39:56 | INFO | Gold: Werner Herzog Eats His Shoe
2026-08-24 13:39:56 | INFO | Answer | EM: 0.0000 | F1: 0.0000
2026-08-24 13:39:56 | INFO | Result | Correct: False | Running EM: 23.62% | Termination: completed | Steps: 1 | Tool calls: 0 | Latency: 0.055s
2026-08-24 13:39:56 | INFO | Step 1
2026-08-24 13:39:56 | INFO | Model output: Answer: Answer not found in my knowledge base.
2026-08-24 13:39:56 | INFO | Prediction: Answer not found in my knowledge base.
2026-08-24 13:39:56 | INFO | Gold: Distillery
2026-08-24 13:39:56 | INFO | Answer | EM: 0.0000 | F1: 0.0000
2026-08-24 13:39:56 | INFO | Result | Correct: False | Running EM: 23.44% | Termination: completed | Steps: 1 | Tool calls: 0 | Latency: 0.055s
2026-08-24 13:39:56 | INFO | Inference batch [129-160/500] size=32
2026-08-24 13:39:56 | INFO | [129/500] example_id=5ae2133e554299495565d9e3
2026-08-24 13:39:56 | INFO | Question: The first female correspondent for Inside the NFL was replaced by who on the show American Ninja Warrior?
2026-08-24 13:39:56 | INFO | [130/500] example_id=5abfe1115542997d64295909
2026-08-24 13:39:56 | INFO | Question: Bridgewater Triangle is an area where the phenomenon associated with what type of tradition has been seen?
2026-08-24 13:39:56 | INFO | [131/500] example_id=5a8ce55f554299441c6b9f62
2026-08-24 13:39:56 | INFO | Question: The band who released the debut album "Tinted Windows" had their first performance in what city?
2026-08-24 13:39:56 | INFO | [132/500] example_id=5a7c47c35542990527d55481
2026-08-24 13:39:56 | INFO | Question: In the 1970s, which group acquired this department store group in the United Kingdom whose co-founding director is the father of Lieutenant Colonel Donald Swain Lewis?
2026-08-24 13:39:56 | INFO | [133/500] example_id=5ab4107a554299753aec5a2f
2026-08-24 13:39:56 | INFO | Question: The Dogwoman telemovies were created by an actress born in what year?
2026-08-24 13:39:56 | INFO | [134/500] example_id=5a774e415542994aec3b7280
2026-08-24 13:39:56 | INFO | Question: Who fills in occasionally for the meteorologist who replaced  Ginger Zee ?
2026-08-24 13:39:56 | INFO | [135/500] example_id=5abdf06355429976d4830a2d
2026-08-24 13:39:56 | INFO | Question: In Ancient Egyptian religion how would a citizen be weighted to decide if they where worthy of damnation and would face the torment in the lake of fire ?
2026-08-24 13:39:56 | INFO | [136/500] example_id=5a8ac4dd5542992d82986f76
2026-08-24 13:39:56 | INFO | Question: Which town near the county border with North Yorkshire was this Lancashire mill (closed in 1979 and demolished) located?
2026-08-24 13:39:56 | INFO | [137/500] example_id=5a8f503c5542992414482a34
2026-08-24 13:39:56 | INFO | Question: The Prodigal Daughter, though a book about an American, is by a novelist of what nationality?
2026-08-24 13:39:56 | INFO | [138/500] example_id=5a8ec55f5542995a26add50c
2026-08-24 13:39:56 | INFO | Question: At what height does State Route 160 start?
2026-08-24 13:39:56 | INFO | [139/500] example_id=5ae1338d55429901ffe4ade1
2026-08-24 13:39:56 | INFO | Question: The alcoholic drink that shares a name with Quintessentially Unreal's 1996 album is commonly reffered to in historical literature as what?
2026-08-24 13:39:56 | INFO | [140/500] example_id=5a7bea3d5542996dd594b847
2026-08-24 13:39:56 | INFO | Question: What actor replaced the Welch actor born in 1978 who played Robin Hood in the first season of "Once upon a Time"?
2026-08-24 13:39:56 | INFO | [141/500] example_id=5a7f567e5542992097ad2f22
2026-08-24 13:39:56 | INFO | Question: Which year was the more recent engine series, the Honda K or Honda H, introduced?
2026-08-24 13:39:56 | INFO | [142/500] example_id=5ac26ac15542992f1f2b38bc
2026-08-24 13:39:56 | INFO | Question: Who is the film dedicated to that Paramount Classics and MTV Films co-purchased the rights to?
2026-08-24 13:39:56 | INFO | [143/500] example_id=5adbcc085542996e6852523c
2026-08-24 13:39:56 | INFO | Question: What are some foods that may have been served at the Hawaiin Cottage?
2026-08-24 13:39:56 | INFO | [144/500] example_id=5ae531695542990ba0bbb1fb
2026-08-24 13:39:56 | INFO | Question: In what year was the coach who led the 2007 South Carolina Gamecocks football team in his third season as USC head coach born?
2026-08-24 13:39:56 | INFO | [145/500] example_id=5ac2cb09554299657fa29066
2026-08-24 13:39:56 | INFO | Question: What team did Travis Cortez Mays play on which currently compete in the Big 12 Conference.?
2026-08-24 13:39:56 | INFO | [146/500] example_id=5a82817555429954d2e2eb5a
2026-08-24 13:39:56 | INFO | Question: Which film does "Naked Weapon" follow in the "Naked" series?
2026-08-24 13:39:56 | INFO | [147/500] example_id=5ae34b275542992e3233c371
2026-08-24 13:39:56 | INFO | Question: Which award David Hersey had got for Equus a play by Peter Shaffer ?
2026-08-24 13:39:56 | INFO | [148/500] example_id=5a74f5155542993748c89750
2026-08-24 13:39:56 | INFO | Question: What mine was operated by Royal Oak Mines at at earlier date, Kemess Mine or Colomac Mine?
2026-08-24 13:39:56 | INFO | [149/500] example_id=5add0f635542994ed6169c56
2026-08-24 13:39:56 | INFO | Question: Are The Man from Snowy River II and Miracle of the White Stallions filmed in different countries?
2026-08-24 13:39:56 | INFO | [150/500] example_id=5ab4428c5542990594ba9bda
2026-08-24 13:39:56 | INFO | Question: Do Lush and P.O.D. both consist of four band members?
2026-08-24 13:39:56 | INFO | [151/500] example_id=5a721a7655429971e9dc9271
2026-08-24 13:39:56 | INFO | Question: What actor from the show Murphy Brown also had a role in a show with fellow actor Steve Howey?
2026-08-24 13:39:56 | INFO | [152/500] example_id=5ae532365542992663a4f150
2026-08-24 13:39:56 | INFO | Question: What year was Playford B Power Station permanently closed in by its Australian operator?
2026-08-24 13:39:56 | INFO | [153/500] example_id=5a72f1cf5542994cef4bc414
2026-08-24 13:39:56 | INFO | Question: Which English actor starred in the 1995 american romantic drama film The Scarlet Letter alongside Demi Moore and Robert Duvall?
2026-08-24 13:39:56 | INFO | [154/500] example_id=5a749e1855429979e28829c3
2026-08-24 13:39:56 | INFO | Question: Which tennis player is older, Emilio Sánchez or Andrei Olhovskiy?
2026-08-24 13:39:56 | INFO | [155/500] example_id=5a8b051255429971feec460e
2026-08-24 13:39:56 | INFO | Question: Henderson Executive Airport got its name in 1996 when it was purchased by Clark County to be used as a reliever airport for an airport named after what politican?
2026-08-24 13:39:56 | INFO | [156/500] example_id=5a7616755542992d0ec06028
2026-08-24 13:39:56 | INFO | Question: Where is the county seat for people living in Henderson Point, Mississippi?
2026-08-24 13:39:56 | INFO | [157/500] example_id=5ac0fd56554299012d1db679
2026-08-24 13:39:56 | INFO | Question: Carrie Coon plays Margo Dunne in a 2014 film set in what state?
2026-08-24 13:39:56 | INFO | [158/500] example_id=5adde73f5542992200553b94
2026-08-24 13:39:56 | INFO | Question: What do both Spider-Man and Spider-Man in film have in comman
2026-08-24 13:39:56 | INFO | [159/500] example_id=5ab506a05542990594ba9cd6
2026-08-24 13:39:56 | INFO | Question: Which has more species, Sonerila or Scaevola?
2026-08-24 13:39:56 | INFO | [160/500] example_id=5a7f57a45542992097ad2f29
2026-08-24 13:39:56 | INFO | Question: What party was Johan Henrik Deuntzer a part of before the party that translates to the "Radical Left?"
2026-08-24 13:39:57 | INFO | Step 1
2026-08-24 13:39:57 | INFO | Model output: Answer: Rachel Burch
2026-08-24 13:39:57 | INFO | Prediction: Rachel Burch
2026-08-24 13:39:57 | INFO | Gold: Kristine Leahy
2026-08-24 13:39:57 | INFO | Answer | EM: 0.0000 | F1: 0.0000
2026-08-24 13:39:57 | INFO | Result | Correct: False | Running EM: 23.26% | Termination: completed | Steps: 1 | Tool calls: 0 | Latency: 0.051s
2026-08-24 13:39:57 | INFO | Step 1
2026-08-24 13:39:57 | INFO | Model output: Answer: paranormal traditions
2026-08-24 13:39:57 | INFO | Prediction: paranormal traditions
2026-08-24 13:39:57 | INFO | Gold: Native American
2026-08-24 13:39:57 | INFO | Answer | EM: 0.0000 | F1: 0.0000
2026-08-24 13:39:57 | INFO | Result | Correct: False | Running EM: 23.08% | Termination: completed | Steps: 1 | Tool calls: 0 | Latency: 0.051s
2026-08-24 13:39:57 | INFO | Step 1
2026-08-24 13:39:57 | INFO | Model output: Answer: London
2026-08-24 13:39:57 | INFO | Prediction: London
2026-08-24 13:39:57 | INFO | Gold: Tulsa
2026-08-24 13:39:57 | INFO | Answer | EM: 0.0000 | F1: 0.0000
2026-08-24 13:39:57 | INFO | Result | Correct: False | Running EM: 22.90% | Termination: completed | Steps: 1 | Tool calls: 0 | Latency: 0.051s
2026-08-24 13:39:57 | INFO | Step 1
2026-08-24 13:39:57 | INFO | Model output: Answer: John Lewis Partnership
2026-08-24 13:39:57 | INFO | Prediction: John Lewis Partnership
2026-08-24 13:39:57 | INFO | Gold: Army & Navy Stores
2026-08-24 13:39:57 | INFO | Answer | EM: 0.0000 | F1: 0.0000
2026-08-24 13:39:57 | INFO | Result | Correct: False | Running EM: 22.73% | Termination: completed | Steps: 1 | Tool calls: 0 | Latency: 0.051s
2026-08-24 13:39:57 | INFO | Step 1
2026-08-24 13:39:57 | INFO | Model output: Answer: 1956
2026-08-24 13:39:57 | INFO | Prediction: 1956
2026-08-24 13:39:57 | INFO | Gold: 1961
2026-08-24 13:39:57 | INFO | Answer | EM: 0.0000 | F1: 0.0000
2026-08-24 13:39:57 | INFO | Result | Correct: False | Running EM: 22.56% | Termination: completed | Steps: 1 | Tool calls: 0 | Latency: 0.051s
2026-08-24 13:39:57 | INFO | Step 1
2026-08-24 13:39:57 | INFO | Model output: Answer: Michael Fishbein
2026-08-24 13:39:57 | INFO | Prediction: Michael Fishbein
2026-08-24 13:39:57 | INFO | Gold: Kait Parker
2026-08-24 13:39:57 | INFO | Answer | EM: 0.0000 | F1: 0.0000
2026-08-24 13:39:57 | INFO | Result | Correct: False | Running EM: 22.39% | Termination: completed | Steps: 1 | Tool calls: 0 | Latency: 0.051s
2026-08-24 13:39:57 | INFO | Step 1
2026-08-24 13:39:57 | INFO | Model output: Answer: There is no lake of fire in Ancient Egyptian religion; citizens were judged by being weighed against Ma'at, the goddess of truth.
2026-08-24 13:39:57 | INFO | Prediction: There is no lake of fire in Ancient Egyptian religion; citizens were judged by being weighed against Ma'at, the goddess of truth.
2026-08-24 13:39:57 | INFO | Gold: against the feather of truth
2026-08-24 13:39:57 | INFO | Answer | EM: 0.0000 | F1: 0.2400
2026-08-24 13:39:57 | INFO | Result | Correct: False | Running EM: 22.22% | Termination: completed | Steps: 1 | Tool calls: 0 | Latency: 0.051s
2026-08-24 13:39:57 | INFO | Step 1
2026-08-24 13:39:57 | INFO | Model output: Answer: Todmorden
2026-08-24 13:39:57 | INFO | Prediction: Todmorden
2026-08-24 13:39:57 | INFO | Gold: Barnoldswick
2026-08-24 13:39:57 | INFO | Answer | EM: 0.0000 | F1: 0.0000
2026-08-24 13:39:57 | INFO | Result | Correct: False | Running EM: 22.06% | Termination: completed | Steps: 1 | Tool calls: 0 | Latency: 0.051s
2026-08-24 13:39:57 | INFO | Step 1
2026-08-24 13:39:57 | INFO | Model output: Answer: Canadian
2026-08-24 13:39:57 | INFO | Prediction: Canadian
2026-08-24 13:39:57 | INFO | Gold: English
2026-08-24 13:39:57 | INFO | Answer | EM: 0.0000 | F1: 0.0000
2026-08-24 13:39:57 | INFO | Result | Correct: False | Running EM: 21.90% | Termination: completed | Steps: 1 | Tool calls: 0 | Latency: 0.051s
2026-08-24 13:39:57 | INFO | Step 1
2026-08-24 13:39:57 | INFO | Model output: Answer: 3,822 ft
2026-08-24 13:39:57 | INFO | Prediction: 3,822 ft
2026-08-24 13:39:57 | INFO | Gold: 4145 ft
2026-08-24 13:39:57 | INFO | Answer | EM: 0.0000 | F1: 0.5000
2026-08-24 13:39:57 | INFO | Result | Correct: False | Running EM: 21.74% | Termination: completed | Steps: 1 | Tool calls: 0 | Latency: 0.051s
2026-08-24 13:39:57 | INFO | Step 1
2026-08-24 13:39:57 | INFO | Model output: Answer: aquavit
2026-08-24 13:39:57 | INFO | Prediction: aquavit
2026-08-24 13:39:57 | INFO | Gold: the green fairy
2026-08-24 13:39:57 | INFO | Answer | EM: 0.0000 | F1: 0.0000
2026-08-24 13:39:57 | INFO | Result | Correct: False | Running EM: 21.58% | Termination: completed | Steps: 1 | Tool calls: 0 | Latency: 0.051s
2026-08-24 13:39:57 | INFO | Step 1
2026-08-24 13:39:57 | INFO | Model output: Answer: Stephen Moyer
2026-08-24 13:39:57 | INFO | Prediction: Stephen Moyer
2026-08-24 13:39:57 | INFO | Gold: Sean Maguire
2026-08-24 13:39:57 | INFO | Answer | EM: 0.0000 | F1: 0.0000
2026-08-24 13:39:57 | INFO | Result | Correct: False | Running EM: 21.43% | Termination: completed | Steps: 1 | Tool calls: 0 | Latency: 0.051s
2026-08-24 13:39:57 | INFO | Step 1
2026-08-24 13:39:57 | INFO | Model output: Answer: Honda H
2026-08-24 13:39:57 | INFO | Prediction: Honda H
2026-08-24 13:39:57 | INFO | Gold: 2001
2026-08-24 13:39:57 | INFO | Answer | EM: 0.0000 | F1: 0.0000
2026-08-24 13:39:57 | INFO | Result | Correct: False | Running EM: 21.28% | Termination: completed | Steps: 1 | Tool calls: 0 | Latency: 0.051s
2026-08-24 13:39:57 | INFO | Step 1
2026-08-24 13:39:57 | INFO | Model output: Answer: John Lennon
2026-08-24 13:39:57 | INFO | Prediction: John Lennon
2026-08-24 13:39:57 | INFO | Gold: Sam Phillips
2026-08-24 13:39:57 | INFO | Answer | EM: 0.0000 | F1: 0.0000
2026-08-24 13:39:57 | INFO | Result | Correct: False | Running EM: 21.13% | Termination: completed | Steps: 1 | Tool calls: 0 | Latency: 0.051s
2026-08-24 13:39:57 | INFO | Step 1
2026-08-24 13:39:57 | INFO | Model output: Answer: luau dishes such as kalua pork, poi, and haupia
2026-08-24 13:39:57 | INFO | Prediction: luau dishes such as kalua pork, poi, and haupia
2026-08-24 13:39:57 | INFO | Gold: poi, Kalua pig, poke, lomi salmon, opihi, haupia
2026-08-24 13:39:57 | INFO | Answer | EM: 0.0000 | F1: 0.3529
2026-08-24 13:39:57 | INFO | Result | Correct: False | Running EM: 20.98% | Termination: completed | Steps: 1 | Tool calls: 0 | Latency: 0.051s
2026-08-24 13:39:57 | INFO | Step 1
2026-08-24 13:39:57 | INFO | Model output: Answer: 1965
2026-08-24 13:39:57 | INFO | Prediction: 1965
2026-08-24 13:39:57 | INFO | Gold: 1945
2026-08-24 13:39:57 | INFO | Answer | EM: 0.0000 | F1: 0.0000
2026-08-24 13:39:57 | INFO | Result | Correct: False | Running EM: 20.83% | Termination: completed | Steps: 1 | Tool calls: 0 | Latency: 0.051s
2026-08-24 13:39:57 | INFO | Step 1
2026-08-24 13:39:57 | INFO | Model output: Answer: Texas Tech Red Raiders
2026-08-24 13:39:57 | INFO | Prediction: Texas Tech Red Raiders
2026-08-24 13:39:57 | INFO | Gold: Texas Longhorns men's basketball team
2026-08-24 13:39:57 | INFO | Answer | EM: 0.0000 | F1: 0.2222
2026-08-24 13:39:57 | INFO | Result | Correct: False | Running EM: 20.69% | Termination: completed | Steps: 1 | Tool calls: 0 | Latency: 0.051s
2026-08-24 13:39:57 | INFO | Step 1
2026-08-24 13:39:57 | INFO | Model output: Answer: Naked Man
2026-08-24 13:39:57 | INFO | Prediction: Naked Man
2026-08-24 13:39:57 | INFO | Gold: "Naked Killer"
2026-08-24 13:39:57 | INFO | Answer | EM: 0.0000 | F1: 0.5000
2026-08-24 13:39:57 | INFO | Result | Correct: False | Running EM: 20.55% | Termination: completed | Steps: 1 | Tool calls: 0 | Latency: 0.051s
2026-08-24 13:39:57 | INFO | Step 1
2026-08-24 13:39:57 | INFO | Model output: Answer: Tony Award
2026-08-24 13:39:57 | INFO | Prediction: Tony Award
2026-08-24 13:39:57 | INFO | Gold: Outstanding Lighting Design
2026-08-24 13:39:57 | INFO | Answer | EM: 0.0000 | F1: 0.0000
2026-08-24 13:39:57 | INFO | Result | Correct: False | Running EM: 20.41% | Termination: completed | Steps: 1 | Tool calls: 0 | Latency: 0.051s
2026-08-24 13:39:57 | INFO | Step 1
2026-08-24 13:39:57 | INFO | Model output: Answer: Colomac Mine
2026-08-24 13:39:57 | INFO | Prediction: Colomac Mine
2026-08-24 13:39:57 | INFO | Gold: The Colomac Mine
2026-08-24 13:39:57 | INFO | Answer | EM: 1.0000 | F1: 1.0000
2026-08-24 13:39:57 | INFO | Result | Correct: True | Running EM: 20.95% | Termination: completed | Steps: 1 | Tool calls: 0 | Latency: 0.051s
2026-08-24 13:39:57 | INFO | Step 1
2026-08-24 13:39:57 | INFO | Model output: Answer: No
2026-08-24 13:39:57 | INFO | Prediction: No
2026-08-24 13:39:57 | INFO | Gold: yes
2026-08-24 13:39:57 | INFO | Answer | EM: 0.0000 | F1: 0.0000
2026-08-24 13:39:57 | INFO | Result | Correct: False | Running EM: 20.81% | Termination: completed | Steps: 1 | Tool calls: 0 | Latency: 0.051s
2026-08-24 13:39:57 | INFO | Step 1
2026-08-24 13:39:57 | INFO | Model output: Answer: No
2026-08-24 13:39:57 | INFO | Prediction: No
2026-08-24 13:39:57 | INFO | Gold: yes
2026-08-24 13:39:57 | INFO | Answer | EM: 0.0000 | F1: 0.0000
2026-08-24 13:39:57 | INFO | Result | Correct: False | Running EM: 20.67% | Termination: completed | Steps: 1 | Tool calls: 0 | Latency: 0.051s
2026-08-24 13:39:57 | INFO | Step 1
2026-08-24 13:39:57 | INFO | Model output: Answer: Candice Bergen
2026-08-24 13:39:57 | INFO | Prediction: Candice Bergen
2026-08-24 13:39:57 | INFO | Gold: Christopher Rich
2026-08-24 13:39:57 | INFO | Answer | EM: 0.0000 | F1: 0.0000
2026-08-24 13:39:57 | INFO | Result | Correct: False | Running EM: 20.53% | Termination: completed | Steps: 1 | Tool calls: 0 | Latency: 0.051s
2026-08-24 13:39:57 | INFO | Step 1
2026-08-24 13:39:57 | INFO | Model output: Answer: 2006
2026-08-24 13:39:57 | INFO | Prediction: 2006
2026-08-24 13:39:57 | INFO | Gold: 2015
2026-08-24 13:39:57 | INFO | Answer | EM: 0.0000 | F1: 0.0000
2026-08-24 13:39:57 | INFO | Result | Correct: False | Running EM: 20.39% | Termination: completed | Steps: 1 | Tool calls: 0 | Latency: 0.051s
2026-08-24 13:39:57 | INFO | Step 1
2026-08-24 13:39:57 | INFO | Model output: Answer: Gary Oldman
2026-08-24 13:39:57 | INFO | Prediction: Gary Oldman
2026-08-24 13:39:57 | INFO | Gold: Gary Oldman
2026-08-24 13:39:57 | INFO | Answer | EM: 1.0000 | F1: 1.0000
2026-08-24 13:39:57 | INFO | Result | Correct: True | Running EM: 20.92% | Termination: completed | Steps: 1 | Tool calls: 0 | Latency: 0.051s
2026-08-24 13:39:57 | INFO | Step 1
2026-08-24 13:39:57 | INFO | Model output: Answer: Emilio Sánchez
2026-08-24 13:39:57 | INFO | Prediction: Emilio Sánchez
2026-08-24 13:39:57 | INFO | Gold: Emilio Ángel Sánchez Vicario
2026-08-24 13:39:57 | INFO | Answer | EM: 0.0000 | F1: 0.6667
2026-08-24 13:39:57 | INFO | Result | Correct: False | Running EM: 20.78% | Termination: completed | Steps: 1 | Tool calls: 0 | Latency: 0.051s
2026-08-24 13:39:57 | INFO | Step 1
2026-08-24 13:39:57 | INFO | Model output: Answer: Steve Robinson
2026-08-24 13:39:57 | INFO | Prediction: Steve Robinson
2026-08-24 13:39:57 | INFO | Gold: U.S. Senator Pat McCarran
2026-08-24 13:39:57 | INFO | Answer | EM: 0.0000 | F1: 0.0000
2026-08-24 13:39:57 | INFO | Result | Correct: False | Running EM: 20.65% | Termination: completed | Steps: 1 | Tool calls: 0 | Latency: 0.051s
2026-08-24 13:39:57 | INFO | Step 1
2026-08-24 13:39:57 | INFO | Model output: Answer: Henderson
2026-08-24 13:39:57 | INFO | Prediction: Henderson
2026-08-24 13:39:57 | INFO | Gold: Gulfport, Biloxi
2026-08-24 13:39:57 | INFO | Answer | EM: 0.0000 | F1: 0.0000
2026-08-24 13:39:57 | INFO | Result | Correct: False | Running EM: 20.51% | Termination: completed | Steps: 1 | Tool calls: 0 | Latency: 0.051s
2026-08-24 13:39:57 | INFO | Step 1
2026-08-24 13:39:57 | INFO | Model output: Answer: Maine
2026-08-24 13:39:57 | INFO | Prediction: Maine
2026-08-24 13:39:57 | INFO | Gold: Missouri
2026-08-24 13:39:57 | INFO | Answer | EM: 0.0000 | F1: 0.0000
2026-08-24 13:39:57 | INFO | Result | Correct: False | Running EM: 20.38% | Termination: completed | Steps: 1 | Tool calls: 0 | Latency: 0.051s
2026-08-24 13:39:57 | INFO | Step 1
2026-08-24 13:39:57 | INFO | Model output: Answer: Spider-Man's web-slinging ability
2026-08-24 13:39:57 | INFO | Prediction: Spider-Man's web-slinging ability
2026-08-24 13:39:57 | INFO | Gold: comic
2026-08-24 13:39:57 | INFO | Answer | EM: 0.0000 | F1: 0.0000
2026-08-24 13:39:57 | INFO | Result | Correct: False | Running EM: 20.25% | Termination: completed | Steps: 1 | Tool calls: 0 | Latency: 0.051s
2026-08-24 13:39:57 | INFO | Step 1
2026-08-24 13:39:57 | INFO | Model output: Answer: Sonerila
2026-08-24 13:39:57 | INFO | Prediction: Sonerila
2026-08-24 13:39:57 | INFO | Gold: Sonerila
2026-08-24 13:39:57 | INFO | Answer | EM: 1.0000 | F1: 1.0000
2026-08-24 13:39:57 | INFO | Result | Correct: True | Running EM: 20.75% | Termination: completed | Steps: 1 | Tool calls: 0 | Latency: 0.051s
2026-08-24 13:39:57 | INFO | Step 1
2026-08-24 13:39:57 | INFO | Model output: Answer: Social Democratic Party
2026-08-24 13:39:57 | INFO | Prediction: Social Democratic Party
2026-08-24 13:39:57 | INFO | Gold: Liberal "Venstre" party
2026-08-24 13:39:57 | INFO | Answer | EM: 0.0000 | F1: 0.3333
2026-08-24 13:39:57 | INFO | Result | Correct: False | Running EM: 20.62% | Termination: completed | Steps: 1 | Tool calls: 0 | Latency: 0.051s
2026-08-24 13:39:57 | INFO | Inference batch [161-192/500] size=32
2026-08-24 13:39:57 | INFO | [161/500] example_id=5a8dee2455429917b4a5bce1
2026-08-24 13:39:57 | INFO | Question: What other film did the star of 127 Hours act in?
2026-08-24 13:39:57 | INFO | [162/500] example_id=5a7cd7f055429909bec7683e
2026-08-24 13:39:57 | INFO | Question: What school was the actress who appeared with Michelle Williams in the last play by Russian playwright Anton Chekhov attending when she was signed on for a talent holding deal?
2026-08-24 13:39:57 | INFO | [163/500] example_id=5a7cb8bc554299452d57b9be
2026-08-24 13:39:57 | INFO | Question: What is the capacity of the stadium that is the home ground of the Lahore Eagles?
2026-08-24 13:39:57 | INFO | [164/500] example_id=5ab9547755429970cfb8ea6c
2026-08-24 13:39:57 | INFO | Question: St Dionis Backchurch was rebuilt after a major conflagration that consumed how many parish churches?
2026-08-24 13:39:57 | INFO | [165/500] example_id=5a8cfa2e554299585d9e378b
2026-08-24 13:39:57 | INFO | Question: What career did the British actor born in 1965  and star of Lock, Stock and Two Smoking Barrels have before acting?
2026-08-24 13:39:57 | INFO | [166/500] example_id=5ab67bd355429954757d32f2
2026-08-24 13:39:57 | INFO | Question: Curt Menefee is the host of the Fox network's NFL show with co-host Michael Anthony Strahan who spent his entire 15-year career with what team?
2026-08-24 13:39:57 | INFO | [167/500] example_id=5abecdf45542997719eab5d4
2026-08-24 13:39:57 | INFO | Question: Lake Wales Ridge National Wildlife Refuge is on the US route that runs between a city in what Florida county?
2026-08-24 13:39:57 | INFO | [168/500] example_id=5a7e37095542995ed0d166d5
2026-08-24 13:39:57 | INFO | Question: Which film director is younger, Robert Z. Leonard or Sinclair Hill?
2026-08-24 13:39:57 | INFO | [169/500] example_id=5a8f18d555429918e830d189
2026-08-24 13:39:57 | INFO | Question: What city is between Normanby le Wold and the A46 Junction between Lincoln and Grimsby?
2026-08-24 13:39:57 | INFO | [170/500] example_id=5a7b85ac5542997c3ec971ef
2026-08-24 13:39:57 | INFO | Question: Milo Parker starred in which 2014 movie alongside Gillian Anderson?
2026-08-24 13:39:57 | INFO | [171/500] example_id=5ae617285542996de7b71b4c
2026-08-24 13:39:57 | INFO | Question: The Lady Craved Excitement was a film that featured the British character actor originally of what nationality?
2026-08-24 13:39:57 | INFO | [172/500] example_id=5ae7247b5542992ae0d163c1
2026-08-24 13:39:57 | INFO | Question: ...Ready for It? is a Taylor Swift song from the album scheduled to be released on what date?
2026-08-24 13:39:57 | INFO | [173/500] example_id=5ae0ae4555429945ae959419
2026-08-24 13:39:57 | INFO | Question: Jal Pari, which translated in another language refers to which legendary creature which are sometimes associated with perilous events such as floods, storm,s shipwrecks, and drownings?
2026-08-24 13:39:57 | INFO | [174/500] example_id=5ae306115542992decbdcdc4
2026-08-24 13:39:57 | INFO | Question: What is the brand who makes canned meats that had its own cook off in Austin until 2007?
2026-08-24 13:39:57 | INFO | [175/500] example_id=5ade4fcc5542997c77adeded
2026-08-24 13:39:57 | INFO | Question: Multiculturalism in the Netherlands reached new heights following the murder in 2002, in part, with what Dutch politician, civil servant, socialogist and professor who formed his own party?
2026-08-24 13:39:57 | INFO | [176/500] example_id=5abdd08d5542991f6610604c
2026-08-24 13:39:57 | INFO | Question: Which movie directed by James Gunn portrayed the fictional character, Ego the Living Planet?
2026-08-24 13:39:57 | INFO | [177/500] example_id=5a72abb95542992359bc3162
2026-08-24 13:39:57 | INFO | Question: Which film was not a 3D computer-animation Cars 3 or Smith!?
2026-08-24 13:39:57 | INFO | [178/500] example_id=5a7f54665542992097ad2f1a
2026-08-24 13:39:57 | INFO | Question: The city that hosted the Olympics where Taiwan competed as Chinese Taipei is situated at the confluence of what two rivers?
2026-08-24 13:39:57 | INFO | [179/500] example_id=5ae0bc185542993d6555ec29
2026-08-24 13:39:57 | INFO | Question: Penny Rae Bridges starred in a television sitcom with what other actor?
2026-08-24 13:39:57 | INFO | [180/500] example_id=5a864d9e5542994775f6073d
2026-08-24 13:39:57 | INFO | Question: Were Ulrich Walter and Léopold Eyharts both from Germany?
2026-08-24 13:39:57 | INFO | [181/500] example_id=5ae5b25d5542990ba0bbb2bb
2026-08-24 13:39:57 | INFO | Question: Who has a wider scope of profession, Christopher Guest or  Roman Karmen?
2026-08-24 13:39:57 | INFO | [182/500] example_id=5ae5e62455429929b0807a07
2026-08-24 13:39:57 | INFO | Question: Giovanna d'Arco is an opera that was created by the composer of what nationality?
2026-08-24 13:39:57 | INFO | [183/500] example_id=5ae0120155429925eb1afbfb
2026-08-24 13:39:57 | INFO | Question: Kim Dong-won's directorial debut film was a sequal to what 2001 film?
2026-08-24 13:39:57 | INFO | [184/500] example_id=5abe87cb5542993f32c2a156
2026-08-24 13:39:57 | INFO | Question: Millennium Greens were funded in part by a what type of lottery?
2026-08-24 13:39:57 | INFO | [185/500] example_id=5ae2b770554299495565db0f
2026-08-24 13:39:57 | INFO | Question: In what month is the annual documentary film festival, that is presented by the fortnightly published British journal of literary essays, held?
2026-08-24 13:39:57 | INFO | [186/500] example_id=5a7af2a455429931da12c998
2026-08-24 13:39:57 | INFO | Question: Palm Springs lies in Palm Beach County, the third most populated county in its state. Which major U.S. city is it near?
2026-08-24 13:39:57 | INFO | [187/500] example_id=5a7af23a55429931da12c994
2026-08-24 13:39:57 | INFO | Question: Candace Flynn was voiced by the actress who achieved mainstream success on what show?
2026-08-24 13:39:57 | INFO | [188/500] example_id=5ab8634e5542990e739ec8de
2026-08-24 13:39:57 | INFO | Question: In regards to Value premium an expert argued that no value premium exisits, what did this expert found?
2026-08-24 13:39:57 | INFO | [189/500] example_id=5a8836445542997e5c09a5a5
2026-08-24 13:39:57 | INFO | Question: Professor A. Selvanathan is a professor at a university that is public or private ?
2026-08-24 13:39:57 | INFO | [190/500] example_id=5ae127c9554299422ee99612
2026-08-24 13:39:57 | INFO | Question: Fighting Cock is produced in what Kentucky county?
2026-08-24 13:39:57 | INFO | [191/500] example_id=5ac194db55429964131be23a
2026-08-24 13:39:57 | INFO | Question: What was the official religion of the lands of the husband of Dorothea of Denmark, Duchess of Prussia?
2026-08-24 13:39:57 | INFO | [192/500] example_id=5ab8eabb5542991b5579f03d
2026-08-24 13:39:57 | INFO | Question: Frank Blake's longtime protégé was also the chairman and CEO of what company in addition to The Home Depot?
2026-08-24 13:39:59 | INFO | Step 1
2026-08-24 13:39:59 | INFO | Model output: Answer: Reefer Man
2026-08-24 13:39:59 | INFO | Prediction: Reefer Man
2026-08-24 13:39:59 | INFO | Gold: Pineapple Express
2026-08-24 13:39:59 | INFO | Answer | EM: 0.0000 | F1: 0.0000
2026-08-24 13:39:59 | INFO | Result | Correct: False | Running EM: 20.50% | Termination: completed | Steps: 1 | Tool calls: 0 | Latency: 0.052s
2026-08-24 13:39:59 | INFO | Step 1
2026-08-24 13:39:59 | INFO | Model output: Answer: Moscow Art Theatre School
2026-08-24 13:39:59 | INFO | Prediction: Moscow Art Theatre School
2026-08-24 13:39:59 | INFO | Gold: Juilliard School
2026-08-24 13:39:59 | INFO | Answer | EM: 0.0000 | F1: 0.3333
2026-08-24 13:39:59 | INFO | Result | Correct: False | Running EM: 20.37% | Termination: completed | Steps: 1 | Tool calls: 0 | Latency: 0.052s
2026-08-24 13:39:59 | INFO | Step 1
2026-08-24 13:39:59 | INFO | Model output: Answer: Gaddafi Stadium, which is the home ground of the Lahore Eagles, has a capacity of approximately 45,000 spectators.
2026-08-24 13:39:59 | INFO | Prediction: Gaddafi Stadium, which is the home ground of the Lahore Eagles, has a capacity of approximately 45,000 spectators.
2026-08-24 13:39:59 | INFO | Gold: 27,000
2026-08-24 13:39:59 | INFO | Answer | EM: 0.0000 | F1: 0.0000
2026-08-24 13:39:59 | INFO | Result | Correct: False | Running EM: 20.25% | Termination: completed | Steps: 1 | Tool calls: 0 | Latency: 0.052s
2026-08-24 13:39:59 | INFO | Step 1
2026-08-24 13:39:59 | INFO | Model output: Answer: 23
2026-08-24 13:39:59 | INFO | Prediction: 23
2026-08-24 13:39:59 | INFO | Gold: 87
2026-08-24 13:39:59 | INFO | Answer | EM: 0.0000 | F1: 0.0000
2026-08-24 13:39:59 | INFO | Result | Correct: False | Running EM: 20.12% | Termination: completed | Steps: 1 | Tool calls: 0 | Latency: 0.052s
2026-08-24 13:39:59 | INFO | Step 1
2026-08-24 13:39:59 | INFO | Model output: Answer: musician
2026-08-24 13:39:59 | INFO | Prediction: musician
2026-08-24 13:39:59 | INFO | Gold: professional footballer
2026-08-24 13:39:59 | INFO | Answer | EM: 0.0000 | F1: 0.0000
2026-08-24 13:39:59 | INFO | Result | Correct: False | Running EM: 20.00% | Termination: completed | Steps: 1 | Tool calls: 0 | Latency: 0.052s
2026-08-24 13:39:59 | INFO | Step 1
2026-08-24 13:39:59 | INFO | Model output: Answer: New York Giants
2026-08-24 13:39:59 | INFO | Prediction: New York Giants
2026-08-24 13:39:59 | INFO | Gold: New York Giants
2026-08-24 13:39:59 | INFO | Answer | EM: 1.0000 | F1: 1.0000
2026-08-24 13:39:59 | INFO | Result | Correct: True | Running EM: 20.48% | Termination: completed | Steps: 1 | Tool calls: 0 | Latency: 0.052s
2026-08-24 13:39:59 | INFO | Step 1
2026-08-24 13:39:59 | INFO | Model output: Answer: Polk County
2026-08-24 13:39:59 | INFO | Prediction: Polk County
2026-08-24 13:39:59 | INFO | Gold: Polk
2026-08-24 13:39:59 | INFO | Answer | EM: 0.0000 | F1: 0.6667
2026-08-24 13:39:59 | INFO | Result | Correct: False | Running EM: 20.36% | Termination: completed | Steps: 1 | Tool calls: 0 | Latency: 0.052s
2026-08-24 13:39:59 | INFO | Step 1
2026-08-24 13:39:59 | INFO | Model output: Answer: Sinclair Hill
2026-08-24 13:39:59 | INFO | Prediction: Sinclair Hill
2026-08-24 13:39:59 | INFO | Gold: Sinclair Hill
2026-08-24 13:39:59 | INFO | Answer | EM: 1.0000 | F1: 1.0000
2026-08-24 13:39:59 | INFO | Result | Correct: True | Running EM: 20.83% | Termination: completed | Steps: 1 | Tool calls: 0 | Latency: 0.052s
2026-08-24 13:39:59 | INFO | Step 1
2026-08-24 13:39:59 | INFO | Model output: Answer: Gainsborough
2026-08-24 13:39:59 | INFO | Prediction: Gainsborough
2026-08-24 13:39:59 | INFO | Gold: Caistor is a town
2026-08-24 13:39:59 | INFO | Answer | EM: 0.0000 | F1: 0.0000
2026-08-24 13:39:59 | INFO | Result | Correct: False | Running EM: 20.71% | Termination: completed | Steps: 1 | Tool calls: 0 | Latency: 0.052s
2026-08-24 13:39:59 | INFO | Step 1
2026-08-24 13:39:59 | INFO | Model output: Answer: Gone Girl
2026-08-24 13:39:59 | INFO | Prediction: Gone Girl
2026-08-24 13:39:59 | INFO | Gold: Robot Overlords
2026-08-24 13:39:59 | INFO | Answer | EM: 0.0000 | F1: 0.0000
2026-08-24 13:39:59 | INFO | Result | Correct: False | Running EM: 20.59% | Termination: completed | Steps: 1 | Tool calls: 0 | Latency: 0.052s
2026-08-24 13:39:59 | INFO | Step 1
2026-08-24 13:39:59 | INFO | Model output: Answer: German
2026-08-24 13:39:59 | INFO | Prediction: German
2026-08-24 13:39:59 | INFO | Gold: South African-born
2026-08-24 13:39:59 | INFO | Answer | EM: 0.0000 | F1: 0.0000
2026-08-24 13:39:59 | INFO | Result | Correct: False | Running EM: 20.47% | Termination: completed | Steps: 1 | Tool calls: 0 | Latency: 0.052s
2026-08-24 13:39:59 | INFO | Step 1
2026-08-24 13:39:59 | INFO | Model output: Answer: October 21, 2022
2026-08-24 13:39:59 | INFO | Prediction: October 21, 2022
2026-08-24 13:39:59 | INFO | Gold: November 10, 2017
2026-08-24 13:39:59 | INFO | Answer | EM: 0.0000 | F1: 0.0000
2026-08-24 13:39:59 | INFO | Result | Correct: False | Running EM: 20.35% | Termination: completed | Steps: 1 | Tool calls: 0 | Latency: 0.052s
2026-08-24 13:39:59 | INFO | Step 1
2026-08-24 13:39:59 | INFO | Model output: Answer: water demon
2026-08-24 13:39:59 | INFO | Prediction: water demon
2026-08-24 13:39:59 | INFO | Gold: A mermaid
2026-08-24 13:39:59 | INFO | Answer | EM: 0.0000 | F1: 0.0000
2026-08-24 13:39:59 | INFO | Result | Correct: False | Running EM: 20.23% | Termination: completed | Steps: 1 | Tool calls: 0 | Latency: 0.052s
2026-08-24 13:39:59 | INFO | Step 1
2026-08-24 13:39:59 | INFO | Model output: Answer: Hormel
2026-08-24 13:39:59 | INFO | Prediction: Hormel
2026-08-24 13:39:59 | INFO | Gold: Hormel Foods Corporation
2026-08-24 13:39:59 | INFO | Answer | EM: 0.0000 | F1: 0.5000
2026-08-24 13:39:59 | INFO | Result | Correct: False | Running EM: 20.11% | Termination: completed | Steps: 1 | Tool calls: 0 | Latency: 0.052s
2026-08-24 13:39:59 | INFO | Step 1
2026-08-24 13:39:59 | INFO | Model output: Answer: Pim Fortuyn
2026-08-24 13:39:59 | INFO | Prediction: Pim Fortuyn
2026-08-24 13:39:59 | INFO | Gold: Wilhelmus Simon Petrus Fortuijn, known as Pim Fortuyn
2026-08-24 13:39:59 | INFO | Answer | EM: 0.0000 | F1: 0.4000
2026-08-24 13:39:59 | INFO | Result | Correct: False | Running EM: 20.00% | Termination: completed | Steps: 1 | Tool calls: 0 | Latency: 0.052s
2026-08-24 13:39:59 | INFO | Step 1
2026-08-24 13:39:59 | INFO | Model output: Answer: Guardians of the Galaxy Vol. 2
2026-08-24 13:39:59 | INFO | Prediction: Guardians of the Galaxy Vol. 2
2026-08-24 13:39:59 | INFO | Gold: Guardians of the Galaxy Vol. 2
2026-08-24 13:39:59 | INFO | Answer | EM: 1.0000 | F1: 1.0000
2026-08-24 13:39:59 | INFO | Result | Correct: True | Running EM: 20.45% | Termination: completed | Steps: 1 | Tool calls: 0 | Latency: 0.052s
2026-08-24 13:39:59 | INFO | Step 1
2026-08-24 13:39:59 | INFO | Model output: Answer: Cars 3
2026-08-24 13:39:59 | INFO | Prediction: Cars 3
2026-08-24 13:39:59 | INFO | Gold: Smith!
2026-08-24 13:39:59 | INFO | Answer | EM: 0.0000 | F1: 0.0000
2026-08-24 13:39:59 | INFO | Result | Correct: False | Running EM: 20.34% | Termination: completed | Steps: 1 | Tool calls: 0 | Latency: 0.052s
2026-08-24 13:39:59 | INFO | Step 1
2026-08-24 13:39:59 | INFO | Model output: Answer: Yangtze River and Huai River
2026-08-24 13:39:59 | INFO | Prediction: Yangtze River and Huai River
2026-08-24 13:39:59 | INFO | Gold: Bow River and the Elbow River
2026-08-24 13:39:59 | INFO | Answer | EM: 0.0000 | F1: 0.6000
2026-08-24 13:39:59 | INFO | Result | Correct: False | Running EM: 20.22% | Termination: completed | Steps: 1 | Tool calls: 0 | Latency: 0.052s
2026-08-24 13:39:59 | INFO | Step 1
2026-08-24 13:39:59 | INFO | Model output: Answer: Kevin James
2026-08-24 13:39:59 | INFO | Prediction: Kevin James
2026-08-24 13:39:59 | INFO | Gold: Ben Savage
2026-08-24 13:39:59 | INFO | Answer | EM: 0.0000 | F1: 0.0000
2026-08-24 13:39:59 | INFO | Result | Correct: False | Running EM: 20.11% | Termination: completed | Steps: 1 | Tool calls: 0 | Latency: 0.052s
2026-08-24 13:39:59 | INFO | Step 1
2026-08-24 13:39:59 | INFO | Model output: Answer: No
2026-08-24 13:39:59 | INFO | Prediction: No
2026-08-24 13:39:59 | INFO | Gold: no
2026-08-24 13:39:59 | INFO | Answer | EM: 1.0000 | F1: 1.0000
2026-08-24 13:39:59 | INFO | Result | Correct: True | Running EM: 20.56% | Termination: completed | Steps: 1 | Tool calls: 0 | Latency: 0.052s
2026-08-24 13:39:59 | INFO | Step 1
2026-08-24 13:39:59 | INFO | Model output: Answer: Christopher Guest
2026-08-24 13:39:59 | INFO | Prediction: Christopher Guest
2026-08-24 13:39:59 | INFO | Gold: Christopher Haden-Guest
2026-08-24 13:39:59 | INFO | Answer | EM: 0.0000 | F1: 0.5000
2026-08-24 13:39:59 | INFO | Result | Correct: False | Running EM: 20.44% | Termination: completed | Steps: 1 | Tool calls: 0 | Latency: 0.052s
2026-08-24 13:39:59 | INFO | Step 1
2026-08-24 13:39:59 | INFO | Model output: Answer: Italian
2026-08-24 13:39:59 | INFO | Prediction: Italian
2026-08-24 13:39:59 | INFO | Gold: Italian
2026-08-24 13:39:59 | INFO | Answer | EM: 1.0000 | F1: 1.0000
2026-08-24 13:39:59 | INFO | Result | Correct: True | Running EM: 20.88% | Termination: completed | Steps: 1 | Tool calls: 0 | Latency: 0.052s
2026-08-24 13:39:59 | INFO | Step 1
2026-08-24 13:39:59 | INFO | Model output: Answer: Answer: A Bittersweet Life
2026-08-24 13:39:59 | INFO | Prediction: Answer: A Bittersweet Life
2026-08-24 13:39:59 | INFO | Gold: My Boss, My Hero
2026-08-24 13:39:59 | INFO | Answer | EM: 0.0000 | F1: 0.0000
2026-08-24 13:39:59 | INFO | Result | Correct: False | Running EM: 20.77% | Termination: completed | Steps: 1 | Tool calls: 0 | Latency: 0.052s
2026-08-24 13:39:59 | INFO | Step 1
2026-08-24 13:39:59 | INFO | Model output: Answer: state lottery
2026-08-24 13:39:59 | INFO | Prediction: state lottery
2026-08-24 13:39:59 | INFO | Gold: state-franchised
2026-08-24 13:39:59 | INFO | Answer | EM: 0.0000 | F1: 0.0000
2026-08-24 13:39:59 | INFO | Result | Correct: False | Running EM: 20.65% | Termination: completed | Steps: 1 | Tool calls: 0 | Latency: 0.052s
2026-08-24 13:39:59 | INFO | Step 1
2026-08-24 13:39:59 | INFO | Model output: Answer: December
2026-08-24 13:39:59 | INFO | Prediction: December
2026-08-24 13:39:59 | INFO | Gold: March and April
2026-08-24 13:39:59 | INFO | Answer | EM: 0.0000 | F1: 0.0000
2026-08-24 13:39:59 | INFO | Result | Correct: False | Running EM: 20.54% | Termination: completed | Steps: 1 | Tool calls: 0 | Latency: 0.052s
2026-08-24 13:39:59 | INFO | Step 1
2026-08-24 13:39:59 | INFO | Model output: Answer: Los Angeles
2026-08-24 13:39:59 | INFO | Prediction: Los Angeles
2026-08-24 13:39:59 | INFO | Gold: Miami
2026-08-24 13:39:59 | INFO | Answer | EM: 0.0000 | F1: 0.0000
2026-08-24 13:39:59 | INFO | Result | Correct: False | Running EM: 20.43% | Termination: completed | Steps: 1 | Tool calls: 0 | Latency: 0.052s
2026-08-24 13:39:59 | INFO | Step 1
2026-08-24 13:39:59 | INFO | Model output: Answer: iZombie
2026-08-24 13:39:59 | INFO | Prediction: iZombie
2026-08-24 13:39:59 | INFO | Gold: The Suite Life of Zack & Cody
2026-08-24 13:39:59 | INFO | Answer | EM: 0.0000 | F1: 0.0000
2026-08-24 13:39:59 | INFO | Result | Correct: False | Running EM: 20.32% | Termination: completed | Steps: 1 | Tool calls: 0 | Latency: 0.052s
2026-08-24 13:39:59 | INFO | Step 1
2026-08-24 13:39:59 | INFO | Model output: Answer: Answer: No specific finding was mentioned regarding the reason for the non-existence of value premium.
2026-08-24 13:39:59 | INFO | Prediction: Answer: No specific finding was mentioned regarding the reason for the non-existence of value premium.
2026-08-24 13:39:59 | INFO | Gold: The Vanguard Group
2026-08-24 13:39:59 | INFO | Answer | EM: 0.0000 | F1: 0.0000
2026-08-24 13:39:59 | INFO | Result | Correct: False | Running EM: 20.21% | Termination: completed | Steps: 1 | Tool calls: 0 | Latency: 0.052s
2026-08-24 13:39:59 | INFO | Step 1
2026-08-24 13:39:59 | INFO | Model output: Answer: public
2026-08-24 13:39:59 | INFO | Prediction: public
2026-08-24 13:39:59 | INFO | Gold: public
2026-08-24 13:39:59 | INFO | Answer | EM: 1.0000 | F1: 1.0000
2026-08-24 13:39:59 | INFO | Result | Correct: True | Running EM: 20.63% | Termination: completed | Steps: 1 | Tool calls: 0 | Latency: 0.052s
2026-08-24 13:39:59 | INFO | Step 1
2026-08-24 13:39:59 | INFO | Model output: Answer: Fayette County
2026-08-24 13:39:59 | INFO | Prediction: Fayette County
2026-08-24 13:39:59 | INFO | Gold: Nelson County
2026-08-24 13:39:59 | INFO | Answer | EM: 0.0000 | F1: 0.5000
2026-08-24 13:39:59 | INFO | Result | Correct: False | Running EM: 20.53% | Termination: completed | Steps: 1 | Tool calls: 0 | Latency: 0.052s
2026-08-24 13:39:59 | INFO | Step 1
2026-08-24 13:39:59 | INFO | Model output: Answer: Christianity
2026-08-24 13:39:59 | INFO | Prediction: Christianity
2026-08-24 13:39:59 | INFO | Gold: Protestantism
2026-08-24 13:39:59 | INFO | Answer | EM: 0.0000 | F1: 0.0000
2026-08-24 13:39:59 | INFO | Result | Correct: False | Running EM: 20.42% | Termination: completed | Steps: 1 | Tool calls: 0 | Latency: 0.052s
2026-08-24 13:39:59 | INFO | Step 1
2026-08-24 13:39:59 | INFO | Model output: Answer: Home Depot
2026-08-24 13:39:59 | INFO | Prediction: Home Depot
2026-08-24 13:39:59 | INFO | Gold: Chrysler
2026-08-24 13:39:59 | INFO | Answer | EM: 0.0000 | F1: 0.0000
2026-08-24 13:39:59 | INFO | Result | Correct: False | Running EM: 20.31% | Termination: completed | Steps: 1 | Tool calls: 0 | Latency: 0.052s
2026-08-24 13:39:59 | INFO | Inference batch [193-224/500] size=32
2026-08-24 13:39:59 | INFO | [193/500] example_id=5ab234c65542993be8fa98c6
2026-08-24 13:39:59 | INFO | Question: Armie Hammer stars as Oliver in a film directed by who ?
2026-08-24 13:39:59 | INFO | [194/500] example_id=5ae524415542992663a4f121
2026-08-24 13:39:59 | INFO | Question: In what city did the 23rd overall pick of the 2015 NHL Entry Draft helped the United States national junior team win a bronze medal?
2026-08-24 13:39:59 | INFO | [195/500] example_id=5a7e42df5542994959419954
2026-08-24 13:39:59 | INFO | Question: Mariana Kovacevic used horse placenta treatment to heal the captian of what team?
2026-08-24 13:39:59 | INFO | [196/500] example_id=5abffc0d5542990832d3a1e2
2026-08-24 13:39:59 | INFO | Question: What instrument of war was only used by the President of the United States who was born in Lamar, Missouri?
2026-08-24 13:39:59 | INFO | [197/500] example_id=5ae6914755429908198fa627
2026-08-24 13:39:59 | INFO | Question: Brian Olsen was the lst WEC heavyweight champion before the promotion company founded in what month purchased the organization?
2026-08-24 13:39:59 | INFO | [198/500] example_id=5ae78f3b554299540e5a5608
2026-08-24 13:39:59 | INFO | Question: Mr. & Mrs. Mxyzptlk is an episode of the superhero TV series that originally aired on what network?
2026-08-24 13:39:59 | INFO | [199/500] example_id=5a8b46925542995d1e6f133c
2026-08-24 13:39:59 | INFO | Question: When was the singer of Miss Emily's Picture born?
2026-08-24 13:39:59 | INFO | [200/500] example_id=5ab4f7fc5542991779162d43
2026-08-24 13:39:59 | INFO | Question: Kete Krachi is a town in what region?
2026-08-24 13:39:59 | INFO | [201/500] example_id=5abd13b655429924427fceea
2026-08-24 13:39:59 | INFO | Question: Which singer, who released his debut solo album in 2012, served as producer for the EP Live at the Third Man by White Denim in 2011?
2026-08-24 13:39:59 | INFO | [202/500] example_id=5adf37a95542995ec70e8f97
2026-08-24 13:39:59 | INFO | Question: The 2011–12 VCU Rams men's basketball team, led by third year head coach Shaka Smart, represented Virginia Commonwealth University which was founded in what year?
2026-08-24 13:39:59 | INFO | [203/500] example_id=5a78e86f55429974737f78fb
2026-08-24 13:39:59 | INFO | Question: What does the unique calendar system in Japan, who the first Emperor of Japan created, emphasize?
2026-08-24 13:39:59 | INFO | [204/500] example_id=5a807ceb554299485f598616
2026-08-24 13:39:59 | INFO | Question: What "Splitting Image" voice artist provided testimony in Evidently... John Cooper Clarke?
2026-08-24 13:39:59 | INFO | [205/500] example_id=5a8c493e554299653c1aa020
2026-08-24 13:39:59 | INFO | Question: John ruskin named his album due to a removal of what?
2026-08-24 13:39:59 | INFO | [206/500] example_id=5a75404a55429916b01642be
2026-08-24 13:39:59 | INFO | Question: At what university can the building that served as the fictional household that includes Gomez and Morticia be found?
2026-08-24 13:39:59 | INFO | [207/500] example_id=5a81108855429926c1cdace2
2026-08-24 13:39:59 | INFO | Question: What is the global rank by population of the city that Daewoong Pharmaceutical Co., Ltd is based in?
2026-08-24 13:39:59 | INFO | [208/500] example_id=5ae340a85542994393b9e668
2026-08-24 13:39:59 | INFO | Question: In which city is a football club that uses Gabriel Barbosa?
2026-08-24 13:39:59 | INFO | [209/500] example_id=5a8d0be85542994ba4e3dbb2
2026-08-24 13:39:59 | INFO | Question: Maryland Jockey Club operates a race track in the largest municipality in which Maryland county?
2026-08-24 13:39:59 | INFO | [210/500] example_id=5add43335542995b365faae1
2026-08-24 13:39:59 | INFO | Question: What term was used in the North-West Derby  to disparge their rivals?
2026-08-24 13:39:59 | INFO | [211/500] example_id=5ae4d8475542993aec5ec0e0
2026-08-24 13:39:59 | INFO | Question: Repertoire of Plácido Domingo appeared in an opera written by whom which was based on a play by William Shakespeare?
2026-08-24 13:39:59 | INFO | [212/500] example_id=5ab5c263554299488d4d9a18
2026-08-24 13:39:59 | INFO | Question: Which country refrained from participating in the 1991 Baltic Cup though it had participated in previous Baltic Cup competitions?
2026-08-24 13:39:59 | INFO | [213/500] example_id=5a74a26a55429979e28829d6
2026-08-24 13:39:59 | INFO | Question: Which composer was born earlier, Paul Hindemith or Béla Bartók?
2026-08-24 13:39:59 | INFO | [214/500] example_id=5a8d841955429941ae14dfe6
2026-08-24 13:39:59 | INFO | Question: Who plays in both The True Adventures of Wolfboy and "The Knick"?
2026-08-24 13:39:59 | INFO | [215/500] example_id=5a809e9f5542996402f6a5b1
2026-08-24 13:39:59 | INFO | Question: Ricky Martin's concert tour in 1999 featured an American heavy metal band formed in what year?
2026-08-24 13:39:59 | INFO | [216/500] example_id=5ac2d85e55429921a00ab06b
2026-08-24 13:39:59 | INFO | Question: Where did the hijacked plane rammed by Heather Penney crash?
2026-08-24 13:39:59 | INFO | [217/500] example_id=5a8319b255429940e5e1a960
2026-08-24 13:39:59 | INFO | Question: Who composed the theme music in 1989 of an animated television series which has the current arrangement by a person who  has scored or orchestrated music for more than 30 films and television shows?
2026-08-24 13:39:59 | INFO | [218/500] example_id=5a7aa0a55542990198eaf165
2026-08-24 13:39:59 | INFO | Question: Who was born first, Sathish Kalathil or Jacques Feyder?
2026-08-24 13:39:59 | INFO | [219/500] example_id=5ab9ddef5542994dbf019875
2026-08-24 13:39:59 | INFO | Question: Are Eve Beglarian and Zach Bogosian both of Armenian descent?
2026-08-24 13:39:59 | INFO | [220/500] example_id=5ae157ed5542990adbacf75d
2026-08-24 13:39:59 | INFO | Question: When was the English writer and screenwriter,died who was creator and writer of "Are You Being Served?" with David Croft?
2026-08-24 13:39:59 | INFO | [221/500] example_id=5a8555ea5542992a431d1b07
2026-08-24 13:39:59 | INFO | Question: The movie that was the directorial debut of Jonathan Glazer included the musical piece Lujon. Which other movie that has the letter "B" in it also includes this piece?
2026-08-24 13:39:59 | INFO | [222/500] example_id=5ae141a65542997b2ef7d18a
2026-08-24 13:39:59 | INFO | Question: Pak Sao is a technique in the martial art specializing in what type of fighting?
2026-08-24 13:39:59 | INFO | [223/500] example_id=5ae4a1ef55429970de88d9e7
2026-08-24 13:39:59 | INFO | Question: When was the  Argentine former footballer which  Dutch manager Ronald Koeman replaced in  2014–15 Southampton F.C. season born
2026-08-24 13:39:59 | INFO | [224/500] example_id=5ab90e9755429934fafe6e51
2026-08-24 13:39:59 | INFO | Question: Are John le Carré and Tim Winton both novelists?
2026-08-24 13:40:00 | INFO | Step 1
2026-08-24 13:40:00 | INFO | Model output: Answer: Paul Thomas Anderson
2026-08-24 13:40:00 | INFO | Prediction: Paul Thomas Anderson
2026-08-24 13:40:00 | INFO | Gold: Luca Guadagnino
2026-08-24 13:40:00 | INFO | Answer | EM: 0.0000 | F1: 0.0000
2026-08-24 13:40:00 | INFO | Result | Correct: False | Running EM: 20.21% | Termination: completed | Steps: 1 | Tool calls: 0 | Latency: 0.033s
2026-08-24 13:40:00 | INFO | Step 1
2026-08-24 13:40:00 | INFO | Model output: Answer: Toronto
2026-08-24 13:40:00 | INFO | Prediction: Toronto
2026-08-24 13:40:00 | INFO | Gold: Helsinki, Finland
2026-08-24 13:40:00 | INFO | Answer | EM: 0.0000 | F1: 0.0000
2026-08-24 13:40:00 | INFO | Result | Correct: False | Running EM: 20.10% | Termination: completed | Steps: 1 | Tool calls: 0 | Latency: 0.033s
2026-08-24 13:40:00 | INFO | Step 1
2026-08-24 13:40:00 | INFO | Model output: Answer: Boca Juniors
2026-08-24 13:40:00 | INFO | Prediction: Boca Juniors
2026-08-24 13:40:00 | INFO | Gold: Ghanaian national team
2026-08-24 13:40:00 | INFO | Answer | EM: 0.0000 | F1: 0.0000
2026-08-24 13:40:00 | INFO | Result | Correct: False | Running EM: 20.00% | Termination: completed | Steps: 1 | Tool calls: 0 | Latency: 0.033s
2026-08-24 13:40:00 | INFO | Step 1
2026-08-24 13:40:00 | INFO | Model output: Answer: Answer: None
2026-08-24 13:40:00 | INFO | Prediction: Answer: None
2026-08-24 13:40:00 | INFO | Gold: nuclear weapons
2026-08-24 13:40:00 | INFO | Answer | EM: 0.0000 | F1: 0.0000
2026-08-24 13:40:00 | INFO | Result | Correct: False | Running EM: 19.90% | Termination: completed | Steps: 1 | Tool calls: 0 | Latency: 0.033s
2026-08-24 13:40:00 | INFO | Step 1
2026-08-24 13:40:00 | INFO | Model output: Answer: December
2026-08-24 13:40:00 | INFO | Prediction: December
2026-08-24 13:40:00 | INFO | Gold: January 2001
2026-08-24 13:40:00 | INFO | Answer | EM: 0.0000 | F1: 0.0000
2026-08-24 13:40:00 | INFO | Result | Correct: False | Running EM: 19.80% | Termination: completed | Steps: 1 | Tool calls: 0 | Latency: 0.033s
2026-08-24 13:40:00 | INFO | Step 1
2026-08-24 13:40:00 | INFO | Model output: Answer: CBS
2026-08-24 13:40:00 | INFO | Prediction: CBS
2026-08-24 13:40:00 | INFO | Gold: CBS
2026-08-24 13:40:00 | INFO | Answer | EM: 1.0000 | F1: 1.0000
2026-08-24 13:40:00 | INFO | Result | Correct: True | Running EM: 20.20% | Termination: completed | Steps: 1 | Tool calls: 0 | Latency: 0.033s
2026-08-24 13:40:00 | INFO | Step 1
2026-08-24 13:40:00 | INFO | Model output: Answer: 1989
2026-08-24 13:40:00 | INFO | Prediction: 1989
2026-08-24 13:40:00 | INFO | Gold: August 11, 1946
2026-08-24 13:40:00 | INFO | Answer | EM: 0.0000 | F1: 0.0000
2026-08-24 13:40:00 | INFO | Result | Correct: False | Running EM: 20.10% | Termination: completed | Steps: 1 | Tool calls: 0 | Latency: 0.033s
2026-08-24 13:40:00 | INFO | Step 1
2026-08-24 13:40:00 | INFO | Model output: Answer: Volta Region
2026-08-24 13:40:00 | INFO | Prediction: Volta Region
2026-08-24 13:40:00 | INFO | Gold: Volta
2026-08-24 13:40:00 | INFO | Answer | EM: 0.0000 | F1: 0.6667
2026-08-24 13:40:00 | INFO | Result | Correct: False | Running EM: 20.00% | Termination: completed | Steps: 1 | Tool calls: 0 | Latency: 0.033s
2026-08-24 13:40:00 | INFO | Step 1
2026-08-24 13:40:00 | INFO | Model output: Answer: Jack White
2026-08-24 13:40:00 | INFO | Prediction: Jack White
2026-08-24 13:40:00 | INFO | Gold: Jack White
2026-08-24 13:40:00 | INFO | Answer | EM: 1.0000 | F1: 1.0000
2026-08-24 13:40:00 | INFO | Result | Correct: True | Running EM: 20.40% | Termination: completed | Steps: 1 | Tool calls: 0 | Latency: 0.033s
2026-08-24 13:40:00 | INFO | Step 1
2026-08-24 13:40:00 | INFO | Model output: Answer: 1838
2026-08-24 13:40:00 | INFO | Prediction: 1838
2026-08-24 13:40:00 | INFO | Gold: 1838
2026-08-24 13:40:00 | INFO | Answer | EM: 1.0000 | F1: 1.0000
2026-08-24 13:40:00 | INFO | Result | Correct: True | Running EM: 20.79% | Termination: completed | Steps: 1 | Tool calls: 0 | Latency: 0.033s
2026-08-24 13:40:00 | INFO | Step 1
2026-08-24 13:40:00 | INFO | Model output: Answer: agricultural cycles
2026-08-24 13:40:00 | INFO | Prediction: agricultural cycles
2026-08-24 13:40:00 | INFO | Gold: the long history of Japan
2026-08-24 13:40:00 | INFO | Answer | EM: 0.0000 | F1: 0.0000
2026-08-24 13:40:00 | INFO | Result | Correct: False | Running EM: 20.69% | Termination: completed | Steps: 1 | Tool calls: 0 | Latency: 0.033s
2026-08-24 13:40:00 | INFO | Step 1
2026-08-24 13:40:00 | INFO | Model output: Answer: Carol Cleveland
2026-08-24 13:40:00 | INFO | Prediction: Carol Cleveland
2026-08-24 13:40:00 | INFO | Gold: Stephen John Coogan
2026-08-24 13:40:00 | INFO | Answer | EM: 0.0000 | F1: 0.0000
2026-08-24 13:40:00 | INFO | Result | Correct: False | Running EM: 20.59% | Termination: completed | Steps: 1 | Tool calls: 0 | Latency: 0.033s
2026-08-24 13:40:00 | INFO | Step 1
2026-08-24 13:40:00 | INFO | Model output: Answer: inspiration
2026-08-24 13:40:00 | INFO | Prediction: inspiration
2026-08-24 13:40:00 | INFO | Gold: marker pen
2026-08-24 13:40:00 | INFO | Answer | EM: 0.0000 | F1: 0.0000
2026-08-24 13:40:00 | INFO | Result | Correct: False | Running EM: 20.49% | Termination: completed | Steps: 1 | Tool calls: 0 | Latency: 0.033s
2026-08-24 13:40:00 | INFO | Step 1
2026-08-24 13:40:00 | INFO | Model output: Answer: University of California, Los Angeles (UCLA)
2026-08-24 13:40:00 | INFO | Prediction: University of California, Los Angeles (UCLA)
2026-08-24 13:40:00 | INFO | Gold: Syracuse University
2026-08-24 13:40:00 | INFO | Answer | EM: 0.0000 | F1: 0.2500
2026-08-24 13:40:00 | INFO | Result | Correct: False | Running EM: 20.39% | Termination: completed | Steps: 1 | Tool calls: 0 | Latency: 0.033s
2026-08-24 13:40:00 | INFO | Step 1
2026-08-24 13:40:00 | INFO | Model output: Answer: 28
2026-08-24 13:40:00 | INFO | Prediction: 28
2026-08-24 13:40:00 | INFO | Gold: world's 16th largest city
2026-08-24 13:40:00 | INFO | Answer | EM: 0.0000 | F1: 0.0000
2026-08-24 13:40:00 | INFO | Result | Correct: False | Running EM: 20.29% | Termination: completed | Steps: 1 | Tool calls: 0 | Latency: 0.033s
2026-08-24 13:40:00 | INFO | Step 1
2026-08-24 13:40:00 | INFO | Model output: Answer: Porto
2026-08-24 13:40:00 | INFO | Prediction: Porto
2026-08-24 13:40:00 | INFO | Gold: Milan
2026-08-24 13:40:00 | INFO | Answer | EM: 0.0000 | F1: 0.0000
2026-08-24 13:40:00 | INFO | Result | Correct: False | Running EM: 20.19% | Termination: completed | Steps: 1 | Tool calls: 0 | Latency: 0.033s
2026-08-24 13:40:00 | INFO | Step 1
2026-08-24 13:40:00 | INFO | Model output: Answer: Anne Arundel County
2026-08-24 13:40:00 | INFO | Prediction: Anne Arundel County
2026-08-24 13:40:00 | INFO | Gold: Prince George's County
2026-08-24 13:40:00 | INFO | Answer | EM: 0.0000 | F1: 0.3333
2026-08-24 13:40:00 | INFO | Result | Correct: False | Running EM: 20.10% | Termination: completed | Steps: 1 | Tool calls: 0 | Latency: 0.033s
2026-08-24 13:40:00 | INFO | Step 1
2026-08-24 13:40:00 | INFO | Model output: Answer: Redlegs
2026-08-24 13:40:00 | INFO | Prediction: Redlegs
2026-08-24 13:40:00 | INFO | Gold: Mickey Mouse Cup
2026-08-24 13:40:00 | INFO | Answer | EM: 0.0000 | F1: 0.0000
2026-08-24 13:40:00 | INFO | Result | Correct: False | Running EM: 20.00% | Termination: completed | Steps: 1 | Tool calls: 0 | Latency: 0.033s
2026-08-24 13:40:00 | INFO | Step 1
2026-08-24 13:40:00 | INFO | Model output: Answer: Giuseppe Verdi
2026-08-24 13:40:00 | INFO | Prediction: Giuseppe Verdi
2026-08-24 13:40:00 | INFO | Gold: Giuseppe Verdi
2026-08-24 13:40:00 | INFO | Answer | EM: 1.0000 | F1: 1.0000
2026-08-24 13:40:00 | INFO | Result | Correct: True | Running EM: 20.38% | Termination: completed | Steps: 1 | Tool calls: 0 | Latency: 0.033s
2026-08-24 13:40:00 | INFO | Step 1
2026-08-24 13:40:00 | INFO | Model output: Answer: Lithuania
2026-08-24 13:40:00 | INFO | Prediction: Lithuania
2026-08-24 13:40:00 | INFO | Gold: Belarus
2026-08-24 13:40:00 | INFO | Answer | EM: 0.0000 | F1: 0.0000
2026-08-24 13:40:00 | INFO | Result | Correct: False | Running EM: 20.28% | Termination: completed | Steps: 1 | Tool calls: 0 | Latency: 0.033s
2026-08-24 13:40:00 | INFO | Step 1
2026-08-24 13:40:00 | INFO | Model output: Answer: Béla Bartók
2026-08-24 13:40:00 | INFO | Prediction: Béla Bartók
2026-08-24 13:40:00 | INFO | Gold: Béla Viktor János Bartók
2026-08-24 13:40:00 | INFO | Answer | EM: 0.0000 | F1: 0.6667
2026-08-24 13:40:00 | INFO | Result | Correct: False | Running EM: 20.19% | Termination: completed | Steps: 1 | Tool calls: 0 | Latency: 0.033s
2026-08-24 13:40:00 | INFO | Step 1
2026-08-24 13:40:00 | INFO | Model output: Answer: Johnny Whitworth
2026-08-24 13:40:00 | INFO | Prediction: Johnny Whitworth
2026-08-24 13:40:00 | INFO | Gold: Eve Hewson
2026-08-24 13:40:00 | INFO | Answer | EM: 0.0000 | F1: 0.0000
2026-08-24 13:40:00 | INFO | Result | Correct: False | Running EM: 20.09% | Termination: completed | Steps: 1 | Tool calls: 0 | Latency: 0.033s
2026-08-24 13:40:00 | INFO | Step 1
2026-08-24 13:40:00 | INFO | Model output: Answer: 1983
2026-08-24 13:40:00 | INFO | Prediction: 1983
2026-08-24 13:40:00 | INFO | Gold: 1991
2026-08-24 13:40:00 | INFO | Answer | EM: 0.0000 | F1: 0.0000
2026-08-24 13:40:00 | INFO | Result | Correct: False | Running EM: 20.00% | Termination: completed | Steps: 1 | Tool calls: 0 | Latency: 0.033s
2026-08-24 13:40:00 | INFO | Step 1
2026-08-24 13:40:00 | INFO | Model output: Answer: Tenerife North Airport
2026-08-24 13:40:00 | INFO | Prediction: Tenerife North Airport
2026-08-24 13:40:00 | INFO | Gold: Pennsylvania
2026-08-24 13:40:00 | INFO | Answer | EM: 0.0000 | F1: 0.0000
2026-08-24 13:40:00 | INFO | Result | Correct: False | Running EM: 19.91% | Termination: completed | Steps: 1 | Tool calls: 0 | Latency: 0.033s
2026-08-24 13:40:00 | INFO | Step 1
2026-08-24 13:40:00 | INFO | Model output: Answer: Yoko Kanno
2026-08-24 13:40:00 | INFO | Prediction: Yoko Kanno
2026-08-24 13:40:00 | INFO | Gold: Danny Elfman
2026-08-24 13:40:00 | INFO | Answer | EM: 0.0000 | F1: 0.0000
2026-08-24 13:40:00 | INFO | Result | Correct: False | Running EM: 19.82% | Termination: completed | Steps: 1 | Tool calls: 0 | Latency: 0.033s
2026-08-24 13:40:00 | INFO | Step 1
2026-08-24 13:40:00 | INFO | Model output: Answer: Sathish Kalathil
2026-08-24 13:40:00 | INFO | Prediction: Sathish Kalathil
2026-08-24 13:40:00 | INFO | Gold: Jacques Feyder
2026-08-24 13:40:00 | INFO | Answer | EM: 0.0000 | F1: 0.0000
2026-08-24 13:40:00 | INFO | Result | Correct: False | Running EM: 19.72% | Termination: completed | Steps: 1 | Tool calls: 0 | Latency: 0.033s
2026-08-24 13:40:00 | INFO | Step 1
2026-08-24 13:40:00 | INFO | Model output: Answer: No
2026-08-24 13:40:00 | INFO | Prediction: No
2026-08-24 13:40:00 | INFO | Gold: yes
2026-08-24 13:40:00 | INFO | Answer | EM: 0.0000 | F1: 0.0000
2026-08-24 13:40:00 | INFO | Result | Correct: False | Running EM: 19.63% | Termination: completed | Steps: 1 | Tool calls: 0 | Latency: 0.033s
2026-08-24 13:40:00 | INFO | Step 1
2026-08-24 13:40:00 | INFO | Model output: Answer: 1992
2026-08-24 13:40:00 | INFO | Prediction: 1992
2026-08-24 13:40:00 | INFO | Gold: 23 December 2014
2026-08-24 13:40:00 | INFO | Answer | EM: 0.0000 | F1: 0.0000
2026-08-24 13:40:00 | INFO | Result | Correct: False | Running EM: 19.55% | Termination: completed | Steps: 1 | Tool calls: 0 | Latency: 0.033s
2026-08-24 13:40:00 | INFO | Step 1
2026-08-24 13:40:00 | INFO | Model output: Answer: Birthmen
2026-08-24 13:40:00 | INFO | Prediction: Birthmen
2026-08-24 13:40:00 | INFO | Gold: The Big Lebowski
2026-08-24 13:40:00 | INFO | Answer | EM: 0.0000 | F1: 0.0000
2026-08-24 13:40:00 | INFO | Result | Correct: False | Running EM: 19.46% | Termination: completed | Steps: 1 | Tool calls: 0 | Latency: 0.033s
2026-08-24 13:40:00 | INFO | Step 1
2026-08-24 13:40:00 | INFO | Model output: Answer: kickboxing
2026-08-24 13:40:00 | INFO | Prediction: kickboxing
2026-08-24 13:40:00 | INFO | Gold: close range combat
2026-08-24 13:40:00 | INFO | Answer | EM: 0.0000 | F1: 0.0000
2026-08-24 13:40:00 | INFO | Result | Correct: False | Running EM: 19.37% | Termination: completed | Steps: 1 | Tool calls: 0 | Latency: 0.033s
2026-08-24 13:40:00 | INFO | Step 1
2026-08-24 13:40:00 | INFO | Model output: Answer: 1986
2026-08-24 13:40:00 | INFO | Prediction: 1986
2026-08-24 13:40:00 | INFO | Gold: 2 March 1972
2026-08-24 13:40:00 | INFO | Answer | EM: 0.0000 | F1: 0.0000
2026-08-24 13:40:00 | INFO | Result | Correct: False | Running EM: 19.28% | Termination: completed | Steps: 1 | Tool calls: 0 | Latency: 0.033s
2026-08-24 13:40:00 | INFO | Step 1
2026-08-24 13:40:00 | INFO | Model output: Answer: Yes
2026-08-24 13:40:00 | INFO | Prediction: Yes
2026-08-24 13:40:00 | INFO | Gold: yes
2026-08-24 13:40:00 | INFO | Answer | EM: 1.0000 | F1: 1.0000
2026-08-24 13:40:00 | INFO | Result | Correct: True | Running EM: 19.64% | Termination: completed | Steps: 1 | Tool calls: 0 | Latency: 0.033s
2026-08-24 13:40:00 | INFO | Inference batch [225-256/500] size=32
2026-08-24 13:40:00 | INFO | [225/500] example_id=5a8e3ea95542995a26add48d
2026-08-24 13:40:00 | INFO | Question: The director of the romantic comedy "Big Stone Gap" is based in what New York city?
2026-08-24 13:40:00 | INFO | [226/500] example_id=5ac2f34455429921a00ab0b6
2026-08-24 13:40:00 | INFO | Question: What university did Bill Daly graduate that Gary Bettman also graduated from?
2026-08-24 13:40:00 | INFO | [227/500] example_id=5a7344e95542991f9a20c6ce
2026-08-24 13:40:00 | INFO | Question: What song was number 4 on the charts when a song from FutureSex/LoveSounds was number 1?
2026-08-24 13:40:00 | INFO | [228/500] example_id=5a7b1c6b55429931da12c9ca
2026-08-24 13:40:00 | INFO | Question: Johnny Edwards and Ian Anderson are singers, who had joined the greater number of bands?
2026-08-24 13:40:00 | INFO | [229/500] example_id=5ab341f755429969a97a8114
2026-08-24 13:40:00 | INFO | Question: The song "Chim Chim Cher-ee" can be heard  in the "Mary Poppins" scene of a Disney ride that debuted in what year?
2026-08-24 13:40:00 | INFO | [230/500] example_id=5a8b50475542997f31a41cd4
2026-08-24 13:40:00 | INFO | Question: Wing Chun starred Michelle Yeoh and a Hong Kong actor, martial artist, and film director who won what tournament multiple times?
2026-08-24 13:40:00 | INFO | [231/500] example_id=5a8cddd1554299441c6b9f3a
2026-08-24 13:40:00 | INFO | Question: In what 2 countries did both X-Large and A Bathing Ape have stores?
2026-08-24 13:40:00 | INFO | [232/500] example_id=5a88f7855542993b751ca8da
2026-08-24 13:40:00 | INFO | Question: In what year did a movie that starred both Nicholas Cage and Cher come out?
2026-08-24 13:40:00 | INFO | [233/500] example_id=5ab90d2755429916710eb0f0
2026-08-24 13:40:00 | INFO | Question: Steven Rattazzi provides the voice for the character of Doctor Byron Orpheus on an animated series created by who?
2026-08-24 13:40:00 | INFO | [234/500] example_id=5a7300b85542994cef4bc41a
2026-08-24 13:40:00 | INFO | Question: Gaia is a space observatory of the European Space Agency, what is Astrosat?
2026-08-24 13:40:00 | INFO | [235/500] example_id=5ae7f56e5542993210983fd1
2026-08-24 13:40:00 | INFO | Question: Who is the author of the series in which Rupert Grint plays one of the three main characters?
2026-08-24 13:40:00 | INFO | [236/500] example_id=5a7562045542992db947364f
2026-08-24 13:40:00 | INFO | Question: Which university was founded first, University of California, Berkeley or Saint Louis University?
2026-08-24 13:40:00 | INFO | [237/500] example_id=5adda7585542997dc790700c
2026-08-24 13:40:00 | INFO | Question: Where was the telefilm shot that was based on the 1977 Katherine Paterson book?
2026-08-24 13:40:00 | INFO | [238/500] example_id=5ab4314955429942dd415ecd
2026-08-24 13:40:00 | INFO | Question: Profile Lake is located at the foot of a mountain that is how many feet tall?
2026-08-24 13:40:00 | INFO | [239/500] example_id=5a81a2705542990a1d231e30
2026-08-24 13:40:00 | INFO | Question: Which is farther north, Wynantskill, New York or Hannaford Brothers Company?
2026-08-24 13:40:00 | INFO | [240/500] example_id=5ae291bb5542996483e649f6
2026-08-24 13:40:00 | INFO | Question: What are the publishing years of this American and New York based film magazine published by Hachette Filipacchi Media U.S., where April Bernard worked as senior editor?
2026-08-24 13:40:00 | INFO | [241/500] example_id=5ab207f65542993be8fa98b8
2026-08-24 13:40:00 | INFO | Question: Edmund Robert Harris is the principal benefactor of a museum located where ?
2026-08-24 13:40:00 | INFO | [242/500] example_id=5ae152a65542990adbacf74f
2026-08-24 13:40:00 | INFO | Question: When was the novel published  in 2010 which is part of the series of The Maze Runner?
2026-08-24 13:40:00 | INFO | [243/500] example_id=5a739ef955429978a71e904b
2026-08-24 13:40:00 | INFO | Question: What festival is held every June in Bartlesville, Oklahoma?
2026-08-24 13:40:00 | INFO | [244/500] example_id=5ab2b61d5542991669774065
2026-08-24 13:40:00 | INFO | Question: Who did the actor who played a bellhop in Dead Heat on a Merry-Go-Round play in Star Wars?
2026-08-24 13:40:00 | INFO | [245/500] example_id=5a88fc4255429938390d4019
2026-08-24 13:40:00 | INFO | Question: On what date will the comedy film directed by Kevin Tent and starring the Bulgarian-Canadian actress known for portraying the role of Mia Jones be released on video on demand services?
2026-08-24 13:40:00 | INFO | [246/500] example_id=5ae2c416554299492dc91c67
2026-08-24 13:40:00 | INFO | Question: Which American actor portray Steve Urkel in "Family Matters"
2026-08-24 13:40:00 | INFO | [247/500] example_id=5a7a51b95542990783324f0f
2026-08-24 13:40:00 | INFO | Question: Who was born first, Liam Cunningham or Michael Fassbender?
2026-08-24 13:40:00 | INFO | [248/500] example_id=5ae3006c55429928c423959f
2026-08-24 13:40:00 | INFO | Question: Where was the singer born who performs Pon de Replay and was born Robyn Fenty?
2026-08-24 13:40:00 | INFO | [249/500] example_id=5a74122f55429929fddd83da
2026-08-24 13:40:00 | INFO | Question: What was the lead single from Boys Like Girls album on which frontman, Martin Johnson co-wrote a song with Taylor Swift? A: Love Drunk
2026-08-24 13:40:00 | INFO | [250/500] example_id=5a81711455429938b614233e
2026-08-24 13:40:00 | INFO | Question: Are both "Cooking Light" and "Vibe" magazines?
2026-08-24 13:40:00 | INFO | [251/500] example_id=5ae1e4095542997283cd22bf
2026-08-24 13:40:00 | INFO | Question: What is the genus and species of the bear in which the Florida black bear is a subspecies of?
2026-08-24 13:40:00 | INFO | [252/500] example_id=5a8c6d4e5542996e8ac88aa6
2026-08-24 13:40:00 | INFO | Question: Which director was from a country closer to Canada, J. Searle Dawley or Lionel Ngakane?
2026-08-24 13:40:00 | INFO | [253/500] example_id=5abf11d45542997719eab660
2026-08-24 13:40:00 | INFO | Question: Driven To Perform has a sponsor that includes the electronics store chain from what country?
2026-08-24 13:40:00 | INFO | [254/500] example_id=5ac11201554299294b21908c
2026-08-24 13:40:00 | INFO | Question: What county is Ron Teachworth from?
2026-08-24 13:40:00 | INFO | [255/500] example_id=5ade063d5542995b365fabcd
2026-08-24 13:40:00 | INFO | Question: Donnie Smith who plays as a left back for New England Revolution belongs to what league featuring 22 teams?
2026-08-24 13:40:00 | INFO | [256/500] example_id=5ab3a83d5542992ade7c6e08
2026-08-24 13:40:00 | INFO | Question: Faith Goldy got fired after an interview she gave on what production site edited by Andrew Anglin?
2026-08-24 13:40:02 | INFO | Step 1
2026-08-24 13:40:02 | INFO | Model output: Answer: Albany
2026-08-24 13:40:02 | INFO | Prediction: Albany
2026-08-24 13:40:02 | INFO | Gold: Greenwich Village, New York City
2026-08-24 13:40:02 | INFO | Answer | EM: 0.0000 | F1: 0.0000
2026-08-24 13:40:02 | INFO | Result | Correct: False | Running EM: 19.56% | Termination: completed | Steps: 1 | Tool calls: 0 | Latency: 0.060s
2026-08-24 13:40:02 | INFO | Step 1
2026-08-24 13:40:02 | INFO | Model output: Answer: University of Michigan
2026-08-24 13:40:02 | INFO | Prediction: University of Michigan
2026-08-24 13:40:02 | INFO | Gold: New York University School of Law
2026-08-24 13:40:02 | INFO | Answer | EM: 0.0000 | F1: 0.4444
2026-08-24 13:40:02 | INFO | Result | Correct: False | Running EM: 19.47% | Termination: completed | Steps: 1 | Tool calls: 0 | Latency: 0.060s
2026-08-24 13:40:02 | INFO | Step 1
2026-08-24 13:40:02 | INFO | Model output: Answer: Answer unavailable
2026-08-24 13:40:02 | INFO | Prediction: Answer unavailable
2026-08-24 13:40:02 | INFO | Gold: Rudebox
2026-08-24 13:40:02 | INFO | Answer | EM: 0.0000 | F1: 0.0000
2026-08-24 13:40:02 | INFO | Result | Correct: False | Running EM: 19.38% | Termination: completed | Steps: 1 | Tool calls: 0 | Latency: 0.060s
2026-08-24 13:40:02 | INFO | Step 1
2026-08-24 13:40:02 | INFO | Model output: Answer: Johnny Edwards
2026-08-24 13:40:02 | INFO | Prediction: Johnny Edwards
2026-08-24 13:40:02 | INFO | Gold: John Douglas "Johnny" Edwards
2026-08-24 13:40:02 | INFO | Answer | EM: 0.0000 | F1: 0.6667
2026-08-24 13:40:02 | INFO | Result | Correct: False | Running EM: 19.30% | Termination: completed | Steps: 1 | Tool calls: 0 | Latency: 0.060s
2026-08-24 13:40:02 | INFO | Step 1
2026-08-24 13:40:02 | INFO | Model output: Answer: 2003
2026-08-24 13:40:02 | INFO | Prediction: 2003
2026-08-24 13:40:02 | INFO | Gold: 1989
2026-08-24 13:40:02 | INFO | Answer | EM: 0.0000 | F1: 0.0000
2026-08-24 13:40:02 | INFO | Result | Correct: False | Running EM: 19.21% | Termination: completed | Steps: 1 | Tool calls: 0 | Latency: 0.060s
2026-08-24 13:40:02 | INFO | Step 1
2026-08-24 13:40:02 | INFO | Model output: Answer: Asia Professional Karate-Do Federation (APKF) World Tournament
2026-08-24 13:40:02 | INFO | Prediction: Asia Professional Karate-Do Federation (APKF) World Tournament
2026-08-24 13:40:02 | INFO | Gold: world wushu tournament
2026-08-24 13:40:02 | INFO | Answer | EM: 0.0000 | F1: 0.4000
2026-08-24 13:40:02 | INFO | Result | Correct: False | Running EM: 19.13% | Termination: completed | Steps: 1 | Tool calls: 0 | Latency: 0.060s
2026-08-24 13:40:02 | INFO | Step 1
2026-08-24 13:40:02 | INFO | Model output: Answer: Japan and United States
2026-08-24 13:40:02 | INFO | Prediction: Japan and United States
2026-08-24 13:40:02 | INFO | Gold: Japan and Hong Kong
2026-08-24 13:40:02 | INFO | Answer | EM: 0.0000 | F1: 0.5000
2026-08-24 13:40:02 | INFO | Result | Correct: False | Running EM: 19.05% | Termination: completed | Steps: 1 | Tool calls: 0 | Latency: 0.060s
2026-08-24 13:40:02 | INFO | Step 1
2026-08-24 13:40:02 | INFO | Model output: Answer: 1995
2026-08-24 13:40:02 | INFO | Prediction: 1995
2026-08-24 13:40:02 | INFO | Gold: 1987
2026-08-24 13:40:02 | INFO | Answer | EM: 0.0000 | F1: 0.0000
2026-08-24 13:40:02 | INFO | Result | Correct: False | Running EM: 18.97% | Termination: completed | Steps: 1 | Tool calls: 0 | Latency: 0.060s
2026-08-24 13:40:02 | INFO | Step 1
2026-08-24 13:40:02 | INFO | Model output: Answer: Steven Universe
2026-08-24 13:40:02 | INFO | Prediction: Steven Universe
2026-08-24 13:40:02 | INFO | Gold: Christopher McCulloch
2026-08-24 13:40:02 | INFO | Answer | EM: 0.0000 | F1: 0.0000
2026-08-24 13:40:02 | INFO | Result | Correct: False | Running EM: 18.88% | Termination: completed | Steps: 1 | Tool calls: 0 | Latency: 0.060s
2026-08-24 13:40:02 | INFO | Step 1
2026-08-24 13:40:02 | INFO | Model output: Answer: Indian Space Research Organisation (ISRO) space observatory
2026-08-24 13:40:02 | INFO | Prediction: Indian Space Research Organisation (ISRO) space observatory
2026-08-24 13:40:02 | INFO | Gold: India's first dedicated multi-wavelength space observatory.
2026-08-24 13:40:02 | INFO | Answer | EM: 0.0000 | F1: 0.3077
2026-08-24 13:40:02 | INFO | Result | Correct: False | Running EM: 18.80% | Termination: completed | Steps: 1 | Tool calls: 0 | Latency: 0.060s
2026-08-24 13:40:02 | INFO | Step 1
2026-08-24 13:40:02 | INFO | Model output: Answer: J.K. Rowling
2026-08-24 13:40:02 | INFO | Prediction: J.K. Rowling
2026-08-24 13:40:02 | INFO | Gold: J. K. Rowling
2026-08-24 13:40:02 | INFO | Answer | EM: 0.0000 | F1: 0.4000
2026-08-24 13:40:02 | INFO | Result | Correct: False | Running EM: 18.72% | Termination: completed | Steps: 1 | Tool calls: 0 | Latency: 0.060s
2026-08-24 13:40:02 | INFO | Step 1
2026-08-24 13:40:02 | INFO | Model output: Answer: University of California, Berkeley
2026-08-24 13:40:02 | INFO | Prediction: University of California, Berkeley
2026-08-24 13:40:02 | INFO | Gold: Saint Louis University
2026-08-24 13:40:02 | INFO | Answer | EM: 0.0000 | F1: 0.2857
2026-08-24 13:40:02 | INFO | Result | Correct: False | Running EM: 18.64% | Termination: completed | Steps: 1 | Tool calls: 0 | Latency: 0.060s
2026-08-24 13:40:02 | INFO | Step 1
2026-08-24 13:40:02 | INFO | Model output: Answer: Answer: New York City
2026-08-24 13:40:02 | INFO | Prediction: Answer: New York City
2026-08-24 13:40:02 | INFO | Gold: Edmonton, Alberta
2026-08-24 13:40:02 | INFO | Answer | EM: 0.0000 | F1: 0.0000
2026-08-24 13:40:02 | INFO | Result | Correct: False | Running EM: 18.57% | Termination: completed | Steps: 1 | Tool calls: 0 | Latency: 0.060s
2026-08-24 13:40:02 | INFO | Step 1
2026-08-24 13:40:02 | INFO | Model output: Answer: 4,392 feet
2026-08-24 13:40:02 | INFO | Prediction: 4,392 feet
2026-08-24 13:40:02 | INFO | Gold: 4080
2026-08-24 13:40:02 | INFO | Answer | EM: 0.0000 | F1: 0.0000
2026-08-24 13:40:02 | INFO | Result | Correct: False | Running EM: 18.49% | Termination: completed | Steps: 1 | Tool calls: 0 | Latency: 0.060s
2026-08-24 13:40:02 | INFO | Step 1
2026-08-24 13:40:02 | INFO | Model output: Answer: Wynantskill, New York
2026-08-24 13:40:02 | INFO | Prediction: Wynantskill, New York
2026-08-24 13:40:02 | INFO | Gold: Hannaford
2026-08-24 13:40:02 | INFO | Answer | EM: 0.0000 | F1: 0.0000
2026-08-24 13:40:02 | INFO | Result | Correct: False | Running EM: 18.41% | Termination: completed | Steps: 1 | Tool calls: 0 | Latency: 0.060s
2026-08-24 13:40:02 | INFO | Step 1
2026-08-24 13:40:02 | INFO | Model output: Answer: 1955
2026-08-24 13:40:02 | INFO | Prediction: 1955
2026-08-24 13:40:02 | INFO | Gold: between 1987 and 2010
2026-08-24 13:40:02 | INFO | Answer | EM: 0.0000 | F1: 0.0000
2026-08-24 13:40:02 | INFO | Result | Correct: False | Running EM: 18.33% | Termination: completed | Steps: 1 | Tool calls: 0 | Latency: 0.060s
2026-08-24 13:40:02 | INFO | Step 1
2026-08-24 13:40:02 | INFO | Model output: Answer: Answer: Birmingham, Alabama
2026-08-24 13:40:02 | INFO | Prediction: Answer: Birmingham, Alabama
2026-08-24 13:40:02 | INFO | Gold: Preston
2026-08-24 13:40:02 | INFO | Answer | EM: 0.0000 | F1: 0.0000
2026-08-24 13:40:02 | INFO | Result | Correct: False | Running EM: 18.26% | Termination: completed | Steps: 1 | Tool calls: 0 | Latency: 0.060s
2026-08-24 13:40:02 | INFO | Step 1
2026-08-24 13:40:02 | INFO | Model output: Answer: The Maze Runner published in 2009
2026-08-24 13:40:02 | INFO | Prediction: The Maze Runner published in 2009
2026-08-24 13:40:02 | INFO | Gold: September 18, 2010
2026-08-24 13:40:02 | INFO | Answer | EM: 0.0000 | F1: 0.0000
2026-08-24 13:40:02 | INFO | Result | Correct: False | Running EM: 18.18% | Termination: completed | Steps: 1 | Tool calls: 0 | Latency: 0.060s
2026-08-24 13:40:02 | INFO | Step 1
2026-08-24 13:40:02 | INFO | Model output: Answer: Bartlesville Energy Festival
2026-08-24 13:40:02 | INFO | Prediction: Bartlesville Energy Festival
2026-08-24 13:40:02 | INFO | Gold: OK Mozart
2026-08-24 13:40:02 | INFO | Answer | EM: 0.0000 | F1: 0.0000
2026-08-24 13:40:02 | INFO | Result | Correct: False | Running EM: 18.11% | Termination: completed | Steps: 1 | Tool calls: 0 | Latency: 0.060s
2026-08-24 13:40:02 | INFO | Step 1
2026-08-24 13:40:02 | INFO | Model output: Answer: Mark Hamill
2026-08-24 13:40:02 | INFO | Prediction: Mark Hamill
2026-08-24 13:40:02 | INFO | Gold: Han Solo
2026-08-24 13:40:02 | INFO | Answer | EM: 0.0000 | F1: 0.0000
2026-08-24 13:40:02 | INFO | Result | Correct: False | Running EM: 18.03% | Termination: completed | Steps: 1 | Tool calls: 0 | Latency: 0.060s
2026-08-24 13:40:02 | INFO | Step 1
2026-08-24 13:40:02 | INFO | Model output: Answer: The question does not provide enough information to determine the release date of the comedy film directed by Kevin Tent and starring the Bulgarian-Canadian actress known for portraying the role of Mia Jones.
2026-08-24 13:40:02 | INFO | Prediction: The question does not provide enough information to determine the release date of the comedy film directed by Kevin Tent and starring the Bulgarian-Canadian actress known for portraying the role of Mia Jones.
2026-08-24 13:40:02 | INFO | Gold: September 25, 2017
2026-08-24 13:40:02 | INFO | Answer | EM: 0.0000 | F1: 0.0000
2026-08-24 13:40:02 | INFO | Result | Correct: False | Running EM: 17.96% | Termination: completed | Steps: 1 | Tool calls: 0 | Latency: 0.060s
2026-08-24 13:40:02 | INFO | Step 1
2026-08-24 13:40:02 | INFO | Model output: Answer: Todd Bridges
2026-08-24 13:40:02 | INFO | Prediction: Todd Bridges
2026-08-24 13:40:02 | INFO | Gold: Jaleel Ahmad White
2026-08-24 13:40:02 | INFO | Answer | EM: 0.0000 | F1: 0.0000
2026-08-24 13:40:02 | INFO | Result | Correct: False | Running EM: 17.89% | Termination: completed | Steps: 1 | Tool calls: 0 | Latency: 0.060s
2026-08-24 13:40:02 | INFO | Step 1
2026-08-24 13:40:02 | INFO | Model output: Answer: Liam Cunningham
2026-08-24 13:40:02 | INFO | Prediction: Liam Cunningham
2026-08-24 13:40:02 | INFO | Gold: Liam Cunningham
2026-08-24 13:40:02 | INFO | Answer | EM: 1.0000 | F1: 1.0000
2026-08-24 13:40:02 | INFO | Result | Correct: True | Running EM: 18.22% | Termination: completed | Steps: 1 | Tool calls: 0 | Latency: 0.060s
2026-08-24 13:40:02 | INFO | Step 1
2026-08-24 13:40:02 | INFO | Model output: Answer: Barbados
2026-08-24 13:40:02 | INFO | Prediction: Barbados
2026-08-24 13:40:02 | INFO | Gold: Saint Michael, Barbados
2026-08-24 13:40:02 | INFO | Answer | EM: 0.0000 | F1: 0.5000
2026-08-24 13:40:02 | INFO | Result | Correct: False | Running EM: 18.15% | Termination: completed | Steps: 1 | Tool calls: 0 | Latency: 0.060s
2026-08-24 13:40:02 | INFO | Step 1
2026-08-24 13:40:02 | INFO | Model output: Answer: Love Drunk
2026-08-24 13:40:02 | INFO | Prediction: Love Drunk
2026-08-24 13:40:02 | INFO | Gold: Love Drunk
2026-08-24 13:40:02 | INFO | Answer | EM: 1.0000 | F1: 1.0000
2026-08-24 13:40:02 | INFO | Result | Correct: True | Running EM: 18.47% | Termination: completed | Steps: 1 | Tool calls: 0 | Latency: 0.060s
2026-08-24 13:40:02 | INFO | Step 1
2026-08-24 13:40:02 | INFO | Model output: Answer: No
2026-08-24 13:40:02 | INFO | Prediction: No
2026-08-24 13:40:02 | INFO | Gold: yes
2026-08-24 13:40:02 | INFO | Answer | EM: 0.0000 | F1: 0.0000
2026-08-24 13:40:02 | INFO | Result | Correct: False | Running EM: 18.40% | Termination: completed | Steps: 1 | Tool calls: 0 | Latency: 0.060s
2026-08-24 13:40:02 | INFO | Step 1
2026-08-24 13:40:02 | INFO | Model output: Answer: Ursus americanus
2026-08-24 13:40:02 | INFO | Prediction: Ursus americanus
2026-08-24 13:40:02 | INFO | Gold: Ursus americanus
2026-08-24 13:40:02 | INFO | Answer | EM: 1.0000 | F1: 1.0000
2026-08-24 13:40:02 | INFO | Result | Correct: True | Running EM: 18.73% | Termination: completed | Steps: 1 | Tool calls: 0 | Latency: 0.060s
2026-08-24 13:40:02 | INFO | Step 1
2026-08-24 13:40:02 | INFO | Model output: Answer: J. Searle Dawley
2026-08-24 13:40:02 | INFO | Prediction: J. Searle Dawley
2026-08-24 13:40:02 | INFO | Gold: James Searle Dawley
2026-08-24 13:40:02 | INFO | Answer | EM: 0.0000 | F1: 0.6667
2026-08-24 13:40:02 | INFO | Result | Correct: False | Running EM: 18.65% | Termination: completed | Steps: 1 | Tool calls: 0 | Latency: 0.060s
2026-08-24 13:40:02 | INFO | Step 1
2026-08-24 13:40:02 | INFO | Model output: Answer: Canada
2026-08-24 13:40:02 | INFO | Prediction: Canada
2026-08-24 13:40:02 | INFO | Gold: Canada
2026-08-24 13:40:02 | INFO | Answer | EM: 1.0000 | F1: 1.0000
2026-08-24 13:40:02 | INFO | Result | Correct: True | Running EM: 18.97% | Termination: completed | Steps: 1 | Tool calls: 0 | Latency: 0.060s
2026-08-24 13:40:02 | INFO | Step 1
2026-08-24 13:40:02 | INFO | Model output: Answer: Montgomery County
2026-08-24 13:40:02 | INFO | Prediction: Montgomery County
2026-08-24 13:40:02 | INFO | Gold: Oakland County
2026-08-24 13:40:02 | INFO | Answer | EM: 0.0000 | F1: 0.5000
2026-08-24 13:40:02 | INFO | Result | Correct: False | Running EM: 18.90% | Termination: completed | Steps: 1 | Tool calls: 0 | Latency: 0.060s
2026-08-24 13:40:02 | INFO | Step 1
2026-08-24 13:40:02 | INFO | Model output: Answer: MLS
2026-08-24 13:40:02 | INFO | Prediction: MLS
2026-08-24 13:40:02 | INFO | Gold: Major League Soccer
2026-08-24 13:40:02 | INFO | Answer | EM: 0.0000 | F1: 0.0000
2026-08-24 13:40:02 | INFO | Result | Correct: False | Running EM: 18.82% | Termination: completed | Steps: 1 | Tool calls: 0 | Latency: 0.060s
2026-08-24 13:40:02 | INFO | Step 1
2026-08-24 13:40:02 | INFO | Model output: Answer: The Daily Stormer
2026-08-24 13:40:02 | INFO | Prediction: The Daily Stormer
2026-08-24 13:40:02 | INFO | Gold: The Daily Stormer
2026-08-24 13:40:02 | INFO | Answer | EM: 1.0000 | F1: 1.0000
2026-08-24 13:40:02 | INFO | Result | Correct: True | Running EM: 19.14% | Termination: completed | Steps: 1 | Tool calls: 0 | Latency: 0.060s
2026-08-24 13:40:02 | INFO | Inference batch [257-288/500] size=32
2026-08-24 13:40:02 | INFO | [257/500] example_id=5a79b525554299029c4b5f67
2026-08-24 13:40:02 | INFO | Question: What performing traditionally from the longest continental mountain range in the world, are Grupo Aymara famous for?
2026-08-24 13:40:02 | INFO | [258/500] example_id=5a8b77705542995d1e6f13aa
2026-08-24 13:40:02 | INFO | Question: What American broadcasting company broadcasted the comedy show hosted by Emma Willmann?
2026-08-24 13:40:02 | INFO | [259/500] example_id=5a8aeadc55429950cd6afbe0
2026-08-24 13:40:02 | INFO | Question: What date in 2010 was a South Korean film starring  Kim Hyang-gi released?
2026-08-24 13:40:02 | INFO | [260/500] example_id=5abd0296554299114383a1d1
2026-08-24 13:40:02 | INFO | Question: Douglas D. Scott is an American archaeologist most notable for his work at the site of a battle that occurred in what year?
2026-08-24 13:40:02 | INFO | [261/500] example_id=5ae4d0ff55429913cc204511
2026-08-24 13:40:02 | INFO | Question: Did Billy Corgan's band The Smashing Pumpkins or Greek Fire originate in a more southern location?
2026-08-24 13:40:02 | INFO | [262/500] example_id=5ac07fff554299294b219006
2026-08-24 13:40:02 | INFO | Question: What sport does Simon Aspelin and Thomaz Koch have in common?
2026-08-24 13:40:02 | INFO | [263/500] example_id=5ab741005542992aa3b8c800
2026-08-24 13:40:02 | INFO | Question: Dan Hurley is the brother of which head coach of Arizona State's men's basketball team?
2026-08-24 13:40:02 | INFO | [264/500] example_id=5abe4a365542993f32c2a0dc
2026-08-24 13:40:02 | INFO | Question: Rosi Golan's songs were featured in commercials for a brand of Artsana, that's been working for over 50 years, and is present in how many countries?
2026-08-24 13:40:02 | INFO | [265/500] example_id=5ab6cebd55429954757d3378
2026-08-24 13:40:02 | INFO | Question: What kind of act does Whaling in Australia and Right whale have in common?
2026-08-24 13:40:02 | INFO | [266/500] example_id=5abc219655429959677d6a1d
2026-08-24 13:40:02 | INFO | Question: Which comic book was also written by the writer of Crossed?
2026-08-24 13:40:02 | INFO | [267/500] example_id=5ac546975542993e66e8229a
2026-08-24 13:40:02 | INFO | Question: What year was the early consumer co-operative, in which a 2012 British biographical feature film tells the story of, formed?
2026-08-24 13:40:02 | INFO | [268/500] example_id=5adf4da15542995534e8c780
2026-08-24 13:40:02 | INFO | Question: Are Philip Cortez and Julian Castro democratic or republican?
2026-08-24 13:40:02 | INFO | [269/500] example_id=5a7f1d3c5542993067513639
2026-08-24 13:40:02 | INFO | Question: Which European based oil giant bought the commodities trading arm of J.P. Morgan in 2014?
2026-08-24 13:40:02 | INFO | [270/500] example_id=5ae3c71f5542991a06ce9a22
2026-08-24 13:40:02 | INFO | Question: Predelta National Park is located in which area of Argentina comprising of the provinces Misiones, Entre Ríos and Corrientes?
2026-08-24 13:40:02 | INFO | [271/500] example_id=5a7e32905542991319bc943b
2026-08-24 13:40:02 | INFO | Question: Jennifer Jones captained the gold medalists for Canada at the Sochi Winter Olympics in which event?
2026-08-24 13:40:02 | INFO | [272/500] example_id=5a75462d5542996c70cfaed3
2026-08-24 13:40:02 | INFO | Question: Who was born first, Kwok Kin Pong or Edison Chen?
2026-08-24 13:40:02 | INFO | [273/500] example_id=5a8effb55542997ba9cb317f
2026-08-24 13:40:02 | INFO | Question: Who is the host of Wall of Fame known for his partnership with?
2026-08-24 13:40:02 | INFO | [274/500] example_id=5abec66b5542997ec76fd360
2026-08-24 13:40:02 | INFO | Question: What do Josef Veltjens and Hermann Goering have in common?
2026-08-24 13:40:02 | INFO | [275/500] example_id=5a9030ef5542995651fb50e4
2026-08-24 13:40:02 | INFO | Question: Show Her is a song written by a country music artist who is also a former player of what sport?
2026-08-24 13:40:02 | INFO | [276/500] example_id=5a762cf0554299109176e6a4
2026-08-24 13:40:02 | INFO | Question: Who is older, Bertalan Farkas or Hans Schlegel?
2026-08-24 13:40:02 | INFO | [277/500] example_id=5ade1c9e55429939a52fe822
2026-08-24 13:40:02 | INFO | Question: Where did Henri Christophe and other slaves hold an uprising from 1791 to 1804 that led to the founding of a state which was both free from slavery and ruled by non-whites and former captives?
2026-08-24 13:40:02 | INFO | [278/500] example_id=5abb1e1b5542992ccd8e7f19
2026-08-24 13:40:02 | INFO | Question: José Saramago and Ivo Andrić were recipients of what award in Literature?
2026-08-24 13:40:02 | INFO | [279/500] example_id=5a791ce955429974737f798e
2026-08-24 13:40:02 | INFO | Question: Brett McClure competed in the pommel horse event at the 2001 Goodwill Games in what Australian province?
2026-08-24 13:40:02 | INFO | [280/500] example_id=5ae67dba55429908198fa5f0
2026-08-24 13:40:02 | INFO | Question: The Memphis Hustle are based in a suburb of a city with a population of what in 2010?
2026-08-24 13:40:02 | INFO | [281/500] example_id=5a7ef6b35542994959419a94
2026-08-24 13:40:02 | INFO | Question: What region of Italy was Giorgio Pini born in?
2026-08-24 13:40:02 | INFO | [282/500] example_id=5ae5e8dc554299546bf82fbe
2026-08-24 13:40:02 | INFO | Question: Which name adopted by African-American activist Allen Donaldson co-found Black Power movement of the 1960s and 1970s
2026-08-24 13:40:02 | INFO | [283/500] example_id=5a89bbb05542992e4fca83a3
2026-08-24 13:40:02 | INFO | Question: What star of Parks and Recreation appeared in November?
2026-08-24 13:40:02 | INFO | [284/500] example_id=5adcf8155542990d50227d6a
2026-08-24 13:40:02 | INFO | Question: What is the name of  rocker, who was awarded "Rock Goddess of the Year" in the Annual Loudwide Music Awards, who sang with high pitched screams in her band's albums?
2026-08-24 13:40:02 | INFO | [285/500] example_id=5a74feb75542996c70cfae6d
2026-08-24 13:40:02 | INFO | Question: Which man, Ibn Tufail or Ali Qushji, is best known for the development of astronomical physics independent from natural philosophy?
2026-08-24 13:40:02 | INFO | [286/500] example_id=5ae32e125542991a06ce9946
2026-08-24 13:40:02 | INFO | Question: According to the 2001 census, what was the population of the city in which Kirton End is located?
2026-08-24 13:40:02 | INFO | [287/500] example_id=5a8242c155429940e5e1a81d
2026-08-24 13:40:02 | INFO | Question: Where was the author of Thoughts of Machiavelli born?
2026-08-24 13:40:02 | INFO | [288/500] example_id=5ab2acbc55429929539467d2
2026-08-24 13:40:02 | INFO | Question: What island is located  808 nmi northwest of the capital of Hawaii?
2026-08-24 13:40:04 | INFO | Step 1
2026-08-24 13:40:04 | INFO | Model output: Answer: Grupo Aymara are famous for performing traditionally from the Andes mountain range.
2026-08-24 13:40:04 | INFO | Prediction: Grupo Aymara are famous for performing traditionally from the Andes mountain range.
2026-08-24 13:40:04 | INFO | Gold: traditional music
2026-08-24 13:40:04 | INFO | Answer | EM: 0.0000 | F1: 0.0000
2026-08-24 13:40:04 | INFO | Result | Correct: False | Running EM: 19.07% | Termination: completed | Steps: 1 | Tool calls: 0 | Latency: 0.053s
2026-08-24 13:40:04 | INFO | Step 1
2026-08-24 13:40:04 | INFO | Model output: Answer: PBS
2026-08-24 13:40:04 | INFO | Prediction: PBS
2026-08-24 13:40:04 | INFO | Gold: Sirius XM Holdings
2026-08-24 13:40:04 | INFO | Answer | EM: 0.0000 | F1: 0.0000
2026-08-24 13:40:04 | INFO | Result | Correct: False | Running EM: 18.99% | Termination: completed | Steps: 1 | Tool calls: 0 | Latency: 0.053s
2026-08-24 13:40:04 | INFO | Step 1
2026-08-24 13:40:04 | INFO | Model output: Answer: December 16
2026-08-24 13:40:04 | INFO | Prediction: December 16
2026-08-24 13:40:04 | INFO | Gold: January 14, 2010
2026-08-24 13:40:04 | INFO | Answer | EM: 0.0000 | F1: 0.0000
2026-08-24 13:40:04 | INFO | Result | Correct: False | Running EM: 18.92% | Termination: completed | Steps: 1 | Tool calls: 0 | Latency: 0.053s
2026-08-24 13:40:04 | INFO | Step 1
2026-08-24 13:40:04 | INFO | Model output: Answer: 1864
2026-08-24 13:40:04 | INFO | Prediction: 1864
2026-08-24 13:40:04 | INFO | Gold: 1876
2026-08-24 13:40:04 | INFO | Answer | EM: 0.0000 | F1: 0.0000
2026-08-24 13:40:04 | INFO | Result | Correct: False | Running EM: 18.85% | Termination: completed | Steps: 1 | Tool calls: 0 | Latency: 0.053s
2026-08-24 13:40:04 | INFO | Step 1
2026-08-24 13:40:04 | INFO | Model output: Answer: The Smashing Pumpkins
2026-08-24 13:40:04 | INFO | Prediction: The Smashing Pumpkins
2026-08-24 13:40:04 | INFO | Gold: Greek Fire
2026-08-24 13:40:04 | INFO | Answer | EM: 0.0000 | F1: 0.0000
2026-08-24 13:40:04 | INFO | Result | Correct: False | Running EM: 18.77% | Termination: completed | Steps: 1 | Tool calls: 0 | Latency: 0.053s
2026-08-24 13:40:04 | INFO | Step 1
2026-08-24 13:40:04 | INFO | Model output: Answer: tennis
2026-08-24 13:40:04 | INFO | Prediction: tennis
2026-08-24 13:40:04 | INFO | Gold: tennis
2026-08-24 13:40:04 | INFO | Answer | EM: 1.0000 | F1: 1.0000
2026-08-24 13:40:04 | INFO | Result | Correct: True | Running EM: 19.08% | Termination: completed | Steps: 1 | Tool calls: 0 | Latency: 0.053s
2026-08-24 13:40:04 | INFO | Step 1
2026-08-24 13:40:04 | INFO | Model output: Answer: Bobby Hurley
2026-08-24 13:40:04 | INFO | Prediction: Bobby Hurley
2026-08-24 13:40:04 | INFO | Gold: Robert Matthew Hurley
2026-08-24 13:40:04 | INFO | Answer | EM: 0.0000 | F1: 0.4000
2026-08-24 13:40:04 | INFO | Result | Correct: False | Running EM: 19.01% | Termination: completed | Steps: 1 | Tool calls: 0 | Latency: 0.053s
2026-08-24 13:40:04 | INFO | Step 1
2026-08-24 13:40:04 | INFO | Model output: Answer: 120 countries
2026-08-24 13:40:04 | INFO | Prediction: 120 countries
2026-08-24 13:40:04 | INFO | Gold: more than 120 countries
2026-08-24 13:40:04 | INFO | Answer | EM: 0.0000 | F1: 0.6667
2026-08-24 13:40:04 | INFO | Result | Correct: False | Running EM: 18.94% | Termination: completed | Steps: 1 | Tool calls: 0 | Latency: 0.053s
2026-08-24 13:40:04 | INFO | Step 1
2026-08-24 13:40:04 | INFO | Model output: Answer: marine mammal hunting
2026-08-24 13:40:04 | INFO | Prediction: marine mammal hunting
2026-08-24 13:40:04 | INFO | Gold: hunt
2026-08-24 13:40:04 | INFO | Answer | EM: 0.0000 | F1: 0.0000
2026-08-24 13:40:04 | INFO | Result | Correct: False | Running EM: 18.87% | Termination: completed | Steps: 1 | Tool calls: 0 | Latency: 0.053s
2026-08-24 13:40:04 | INFO | Step 1
2026-08-24 13:40:04 | INFO | Model output: Answer: Hellblazer
2026-08-24 13:40:04 | INFO | Prediction: Hellblazer
2026-08-24 13:40:04 | INFO | Gold: the Vertigo series "Preacher"
2026-08-24 13:40:04 | INFO | Answer | EM: 0.0000 | F1: 0.0000
2026-08-24 13:40:04 | INFO | Result | Correct: False | Running EM: 18.80% | Termination: completed | Steps: 1 | Tool calls: 0 | Latency: 0.053s
2026-08-24 13:40:04 | INFO | Step 1
2026-08-24 13:40:04 | INFO | Model output: Answer: 1844
2026-08-24 13:40:04 | INFO | Prediction: 1844
2026-08-24 13:40:04 | INFO | Gold: 1844
2026-08-24 13:40:04 | INFO | Answer | EM: 1.0000 | F1: 1.0000
2026-08-24 13:40:04 | INFO | Result | Correct: True | Running EM: 19.10% | Termination: completed | Steps: 1 | Tool calls: 0 | Latency: 0.053s
2026-08-24 13:40:04 | INFO | Step 1
2026-08-24 13:40:04 | INFO | Model output: Answer: democratic
2026-08-24 13:40:04 | INFO | Prediction: democratic
2026-08-24 13:40:04 | INFO | Gold: Democratic
2026-08-24 13:40:04 | INFO | Answer | EM: 1.0000 | F1: 1.0000
2026-08-24 13:40:04 | INFO | Result | Correct: True | Running EM: 19.40% | Termination: completed | Steps: 1 | Tool calls: 0 | Latency: 0.053s
2026-08-24 13:40:04 | INFO | Step 1
2026-08-24 13:40:04 | INFO | Model output: Answer: Glencore
2026-08-24 13:40:04 | INFO | Prediction: Glencore
2026-08-24 13:40:04 | INFO | Gold: Mercuria Energy Group Ltd
2026-08-24 13:40:04 | INFO | Answer | EM: 0.0000 | F1: 0.0000
2026-08-24 13:40:04 | INFO | Result | Correct: False | Running EM: 19.33% | Termination: completed | Steps: 1 | Tool calls: 0 | Latency: 0.053s
2026-08-24 13:40:04 | INFO | Step 1
2026-08-24 13:40:04 | INFO | Model output: Answer: northeastern Argentina
2026-08-24 13:40:04 | INFO | Prediction: northeastern Argentina
2026-08-24 13:40:04 | INFO | Gold: Mesopotamia
2026-08-24 13:40:04 | INFO | Answer | EM: 0.0000 | F1: 0.0000
2026-08-24 13:40:04 | INFO | Result | Correct: False | Running EM: 19.26% | Termination: completed | Steps: 1 | Tool calls: 0 | Latency: 0.053s
2026-08-24 13:40:04 | INFO | Step 1
2026-08-24 13:40:04 | INFO | Model output: Answer: Jennifer Jones did not captain any gold medalists for Canada at the Sochi Winter Olympics; she is best known for her career in film.
2026-08-24 13:40:04 | INFO | Prediction: Jennifer Jones did not captain any gold medalists for Canada at the Sochi Winter Olympics; she is best known for her career in film.
2026-08-24 13:40:04 | INFO | Gold: Curling
2026-08-24 13:40:04 | INFO | Answer | EM: 0.0000 | F1: 0.0000
2026-08-24 13:40:04 | INFO | Result | Correct: False | Running EM: 19.19% | Termination: completed | Steps: 1 | Tool calls: 0 | Latency: 0.053s
2026-08-24 13:40:04 | INFO | Step 1
2026-08-24 13:40:04 | INFO | Model output: Answer: Kwok Kin Pong
2026-08-24 13:40:04 | INFO | Prediction: Kwok Kin Pong
2026-08-24 13:40:04 | INFO | Gold: Edison Koon-hei Chen
2026-08-24 13:40:04 | INFO | Answer | EM: 0.0000 | F1: 0.0000
2026-08-24 13:40:04 | INFO | Result | Correct: False | Running EM: 19.12% | Termination: completed | Steps: 1 | Tool calls: 0 | Latency: 0.053s
2026-08-24 13:40:04 | INFO | Step 1
2026-08-24 13:40:04 | INFO | Model output: Answer: Amitabh Bachchan
2026-08-24 13:40:04 | INFO | Prediction: Amitabh Bachchan
2026-08-24 13:40:04 | INFO | Gold: Matt Lucas
2026-08-24 13:40:04 | INFO | Answer | EM: 0.0000 | F1: 0.0000
2026-08-24 13:40:04 | INFO | Result | Correct: False | Running EM: 19.05% | Termination: completed | Steps: 1 | Tool calls: 0 | Latency: 0.053s
2026-08-24 13:40:04 | INFO | Step 1
2026-08-24 13:40:04 | INFO | Model output: Answer: Luftwaffe officers
2026-08-24 13:40:04 | INFO | Prediction: Luftwaffe officers
2026-08-24 13:40:04 | INFO | Gold: A veteran World War I fighter pilot ace
2026-08-24 13:40:04 | INFO | Answer | EM: 0.0000 | F1: 0.0000
2026-08-24 13:40:04 | INFO | Result | Correct: False | Running EM: 18.98% | Termination: completed | Steps: 1 | Tool calls: 0 | Latency: 0.053s
2026-08-24 13:40:04 | INFO | Step 1
2026-08-24 13:40:04 | INFO | Model output: Answer: football
2026-08-24 13:40:04 | INFO | Prediction: football
2026-08-24 13:40:04 | INFO | Gold: American football
2026-08-24 13:40:04 | INFO | Answer | EM: 0.0000 | F1: 0.6667
2026-08-24 13:40:04 | INFO | Result | Correct: False | Running EM: 18.91% | Termination: completed | Steps: 1 | Tool calls: 0 | Latency: 0.053s
2026-08-24 13:40:04 | INFO | Step 1
2026-08-24 13:40:04 | INFO | Model output: Answer: Bertalan Farkas
2026-08-24 13:40:04 | INFO | Prediction: Bertalan Farkas
2026-08-24 13:40:04 | INFO | Gold: Bertalan Farkas
2026-08-24 13:40:04 | INFO | Answer | EM: 1.0000 | F1: 1.0000
2026-08-24 13:40:04 | INFO | Result | Correct: True | Running EM: 19.20% | Termination: completed | Steps: 1 | Tool calls: 0 | Latency: 0.053s
2026-08-24 13:40:04 | INFO | Step 1
2026-08-24 13:40:04 | INFO | Model output: Answer: Haiti
2026-08-24 13:40:04 | INFO | Prediction: Haiti
2026-08-24 13:40:04 | INFO | Gold: Saint-Domingue
2026-08-24 13:40:04 | INFO | Answer | EM: 0.0000 | F1: 0.0000
2026-08-24 13:40:04 | INFO | Result | Correct: False | Running EM: 19.13% | Termination: completed | Steps: 1 | Tool calls: 0 | Latency: 0.053s
2026-08-24 13:40:04 | INFO | Step 1
2026-08-24 13:40:04 | INFO | Model output: Answer: Nobel Prize
2026-08-24 13:40:04 | INFO | Prediction: Nobel Prize
2026-08-24 13:40:04 | INFO | Gold: Nobel Prize in Literature
2026-08-24 13:40:04 | INFO | Answer | EM: 0.0000 | F1: 0.6667
2026-08-24 13:40:04 | INFO | Result | Correct: False | Running EM: 19.06% | Termination: completed | Steps: 1 | Tool calls: 0 | Latency: 0.053s
2026-08-24 13:40:04 | INFO | Step 1
2026-08-24 13:40:04 | INFO | Model output: Answer: Queensland
2026-08-24 13:40:04 | INFO | Prediction: Queensland
2026-08-24 13:40:04 | INFO | Gold: Queensland
2026-08-24 13:40:04 | INFO | Answer | EM: 1.0000 | F1: 1.0000
2026-08-24 13:40:04 | INFO | Result | Correct: True | Running EM: 19.35% | Termination: completed | Steps: 1 | Tool calls: 0 | Latency: 0.053s
2026-08-24 13:40:04 | INFO | Step 1
2026-08-24 13:40:04 | INFO | Model output: Answer: 691,328
2026-08-24 13:40:04 | INFO | Prediction: 691,328
2026-08-24 13:40:04 | INFO | Gold: 48,982
2026-08-24 13:40:04 | INFO | Answer | EM: 0.0000 | F1: 0.0000
2026-08-24 13:40:04 | INFO | Result | Correct: False | Running EM: 19.29% | Termination: completed | Steps: 1 | Tool calls: 0 | Latency: 0.053s
2026-08-24 13:40:04 | INFO | Step 1
2026-08-24 13:40:04 | INFO | Model output: Answer: Lombardy
2026-08-24 13:40:04 | INFO | Prediction: Lombardy
2026-08-24 13:40:04 | INFO | Gold: Emilia-Romagna Region
2026-08-24 13:40:04 | INFO | Answer | EM: 0.0000 | F1: 0.0000
2026-08-24 13:40:04 | INFO | Result | Correct: False | Running EM: 19.22% | Termination: completed | Steps: 1 | Tool calls: 0 | Latency: 0.053s
2026-08-24 13:40:04 | INFO | Step 1
2026-08-24 13:40:04 | INFO | Model output: Answer: Stokely Carmichael
2026-08-24 13:40:04 | INFO | Prediction: Stokely Carmichael
2026-08-24 13:40:04 | INFO | Gold: Hakim Abdullah Jamal
2026-08-24 13:40:04 | INFO | Answer | EM: 0.0000 | F1: 0.0000
2026-08-24 13:40:04 | INFO | Result | Correct: False | Running EM: 19.15% | Termination: completed | Steps: 1 | Tool calls: 0 | Latency: 0.053s
2026-08-24 13:40:04 | INFO | Step 1
2026-08-24 13:40:04 | INFO | Model output: Answer: Amy Poehler
2026-08-24 13:40:04 | INFO | Prediction: Amy Poehler
2026-08-24 13:40:04 | INFO | Gold: Nick Offerman
2026-08-24 13:40:04 | INFO | Answer | EM: 0.0000 | F1: 0.0000
2026-08-24 13:40:04 | INFO | Result | Correct: False | Running EM: 19.08% | Termination: completed | Steps: 1 | Tool calls: 0 | Latency: 0.053s
2026-08-24 13:40:04 | INFO | Step 1
2026-08-24 13:40:04 | INFO | Model output: Answer: Joan Jett
2026-08-24 13:40:04 | INFO | Prediction: Joan Jett
2026-08-24 13:40:04 | INFO | Gold: Maria Brink
2026-08-24 13:40:04 | INFO | Answer | EM: 0.0000 | F1: 0.0000
2026-08-24 13:40:04 | INFO | Result | Correct: False | Running EM: 19.01% | Termination: completed | Steps: 1 | Tool calls: 0 | Latency: 0.053s
2026-08-24 13:40:04 | INFO | Step 1
2026-08-24 13:40:04 | INFO | Model output: Answer: Ibn Tufail
2026-08-24 13:40:04 | INFO | Prediction: Ibn Tufail
2026-08-24 13:40:04 | INFO | Gold: Ali Qushji
2026-08-24 13:40:04 | INFO | Answer | EM: 0.0000 | F1: 0.0000
2026-08-24 13:40:04 | INFO | Result | Correct: False | Running EM: 18.95% | Termination: completed | Steps: 1 | Tool calls: 0 | Latency: 0.053s
2026-08-24 13:40:04 | INFO | Step 1
2026-08-24 13:40:04 | INFO | Model output: Answer: 13,653
2026-08-24 13:40:04 | INFO | Prediction: 13,653
2026-08-24 13:40:04 | INFO | Gold: 35,124
2026-08-24 13:40:04 | INFO | Answer | EM: 0.0000 | F1: 0.0000
2026-08-24 13:40:04 | INFO | Result | Correct: False | Running EM: 18.88% | Termination: completed | Steps: 1 | Tool calls: 0 | Latency: 0.053s
2026-08-24 13:40:04 | INFO | Step 1
2026-08-24 13:40:04 | INFO | Model output: Answer: Firenze, Italy
2026-08-24 13:40:04 | INFO | Prediction: Firenze, Italy
2026-08-24 13:40:04 | INFO | Gold: Germany
2026-08-24 13:40:04 | INFO | Answer | EM: 0.0000 | F1: 0.0000
2026-08-24 13:40:04 | INFO | Result | Correct: False | Running EM: 18.82% | Termination: completed | Steps: 1 | Tool calls: 0 | Latency: 0.053s
2026-08-24 13:40:04 | INFO | Step 1
2026-08-24 13:40:04 | INFO | Model output: Answer: Kure Island
2026-08-24 13:40:04 | INFO | Prediction: Kure Island
2026-08-24 13:40:04 | INFO | Gold: Laysan
2026-08-24 13:40:04 | INFO | Answer | EM: 0.0000 | F1: 0.0000
2026-08-24 13:40:04 | INFO | Result | Correct: False | Running EM: 18.75% | Termination: completed | Steps: 1 | Tool calls: 0 | Latency: 0.053s
2026-08-24 13:40:04 | INFO | Inference batch [289-320/500] size=32
2026-08-24 13:40:04 | INFO | [289/500] example_id=5abd7d0c55429924427fd010
2026-08-24 13:40:04 | INFO | Question: Ciril Cvetko is the brother of a scholar who participates in what analysis of music?
2026-08-24 13:40:04 | INFO | [290/500] example_id=5ae6860e5542991bbc976112
2026-08-24 13:40:04 | INFO | Question: How did Emilie du Chatelet, Voltaire's love, contribute to the basic laws of physics?
2026-08-24 13:40:04 | INFO | [291/500] example_id=5a849cc95542997175ce1efa
2026-08-24 13:40:04 | INFO | Question: In what city did Brian Mannal convene when he was a member of the 188th and 189th General Court?
2026-08-24 13:40:04 | INFO | [292/500] example_id=5ac1a04e5542991316484b63
2026-08-24 13:40:04 | INFO | Question: Are both Jim McBride and Neil Jordan American?
2026-08-24 13:40:04 | INFO | [293/500] example_id=5ade7a435542997c77adee3a
2026-08-24 13:40:04 | INFO | Question: The name "Mountbatten-Windsor" applies to male-line descendants of the Queen without royal styles and titles which is a Eurpean dynasty resulting in what family?
2026-08-24 13:40:04 | INFO | [294/500] example_id=5a865e8a55429960ec39b67a
2026-08-24 13:40:04 | INFO | Question: Do the bands 3OH!3 and Moonbabies have the same number of members?
2026-08-24 13:40:04 | INFO | [295/500] example_id=5adc0e0355429944faac2404
2026-08-24 13:40:04 | INFO | Question: What side-scrolling platform game had Christian Whitehead as project lead?
2026-08-24 13:40:04 | INFO | [296/500] example_id=5a80ecea55429938b6142254
2026-08-24 13:40:04 | INFO | Question: My Secret Hotel is a television series starring a South Korean DJ who rose to fame as the lead actress in what?
2026-08-24 13:40:04 | INFO | [297/500] example_id=5ae7cea355429952e35ea9c1
2026-08-24 13:40:04 | INFO | Question: What is the name of the series who's first season was released on Netflix on September 22, 2016 and stars actor pronounced as John-a-kite?
2026-08-24 13:40:04 | INFO | [298/500] example_id=5a77a44d5542997042120aba
2026-08-24 13:40:04 | INFO | Question: What census-designated place located in Nassau County, New York has as portions of it's territory, districts of Brian Curran, New York State assemblyman?
2026-08-24 13:40:04 | INFO | [299/500] example_id=5a775f8a5542994aec3b72ba
2026-08-24 13:40:04 | INFO | Question: Who is the American singer-songwriter, who won an award for Best Female Video at the 2009 MTV Video Music Awards, and wrote a song for the 'AT&T Team USA Soundtrack'?
2026-08-24 13:40:04 | INFO | [300/500] example_id=5a80870d5542992bc0c4a752
2026-08-24 13:40:04 | INFO | Question: Shaqtin' a Fool has included which television personality who worked for 8 yearst at ESPN?
2026-08-24 13:40:04 | INFO | [301/500] example_id=5ae4d7fc5542990ba0bbb16f
2026-08-24 13:40:04 | INFO | Question: Are both Stephen R. Donaldson and Michael Moorcock science fiction writers?
2026-08-24 13:40:04 | INFO | [302/500] example_id=5abe765a55429976d4830b1f
2026-08-24 13:40:04 | INFO | Question: Who has won more olympic medals: Angelique Kerber or Amélie Mauresmo?
2026-08-24 13:40:04 | INFO | [303/500] example_id=5a84f5195542994c784dda9d
2026-08-24 13:40:04 | INFO | Question: What is the current position held by the Nathan Sharansky's co-author of the book The Case for Democracy?
2026-08-24 13:40:04 | INFO | [304/500] example_id=5ab431e65542991751b4d6e2
2026-08-24 13:40:04 | INFO | Question: Until when did this region exist as an organized incorporated territory of the United States, for which Samuel Thurston served as its first delegate?
2026-08-24 13:40:04 | INFO | [305/500] example_id=5ae71f06554299572ea54708
2026-08-24 13:40:04 | INFO | Question: Christopher de Haro provided the financial backing to what Portuguese explorer who organised the Spanish expedition to the East Indies from 1519 to 1522?
2026-08-24 13:40:04 | INFO | [306/500] example_id=5abdce1b5542993062266cfe
2026-08-24 13:40:04 | INFO | Question: What Minnesota county is the University of Minnesota in?
2026-08-24 13:40:04 | INFO | [307/500] example_id=5a8c5eca554299240d9c213d
2026-08-24 13:40:04 | INFO | Question: What are the anchor stores for the shopping mall constructed by C.J. Segerstrom & Sons in California?
2026-08-24 13:40:04 | INFO | [308/500] example_id=5a8c8f24554299653c1aa0ba
2026-08-24 13:40:04 | INFO | Question: The 34th Pursuit Squadron of the United States Air Force was among the 60,000-80,000 prisoners of war who were involved the Bataan Death March during what war?
2026-08-24 13:40:04 | INFO | [309/500] example_id=5ab972485542996be20204f6
2026-08-24 13:40:04 | INFO | Question: The Reverend Jesse Bushyhead was a member of a Cherokee faction led by a chief born in what year?
2026-08-24 13:40:04 | INFO | [310/500] example_id=5a778a8e5542992a6e59deca
2026-08-24 13:40:04 | INFO | Question: The American comedy film Krystal stars which actor who appeared in numerous films such as "Contact", "Armageddon", "The Perfect Storm", "Crash", "Blades of Glory", "Black Hawk Down", "Nine Lives", etc.?
2026-08-24 13:40:04 | INFO | [311/500] example_id=5ab285d1554299449642c8dd
2026-08-24 13:40:04 | INFO | Question: Monroe Regional Airport and Deadhorse Airport are both in this country?
2026-08-24 13:40:04 | INFO | [312/500] example_id=5a78e49855429974737f78f3
2026-08-24 13:40:04 | INFO | Question: How many small-box format stores are there for one of Newell Brands' brand that sells scented candles, candleholders, accessories, and dinnerware?
2026-08-24 13:40:04 | INFO | [313/500] example_id=5a72b3335542994cef4bc3dc
2026-08-24 13:40:04 | INFO | Question: What party campaigned for the Irish Home Rule Movement?
2026-08-24 13:40:04 | INFO | [314/500] example_id=5a82bc7455429940e5e1a926
2026-08-24 13:40:04 | INFO | Question: In what movie did the male star of a movie about a widowed 37-year-old woman also star in in the year 1993?
2026-08-24 13:40:04 | INFO | [315/500] example_id=5a77b0395542997042120ae1
2026-08-24 13:40:04 | INFO | Question: Which star in the movie Hush was born April 20, 1949?
2026-08-24 13:40:04 | INFO | [316/500] example_id=5a90b6985542990a984936c2
2026-08-24 13:40:04 | INFO | Question: The film "Arthur Newman" stars Colin Firth and an actress that made her professional debut in what play?
2026-08-24 13:40:04 | INFO | [317/500] example_id=5a8a833855429970aeb702fe
2026-08-24 13:40:04 | INFO | Question: How many rooms are in the hotel that is home to the Cirque du Soleil show Mystere?
2026-08-24 13:40:04 | INFO | [318/500] example_id=5a7fd95d5542992e7d278dc5
2026-08-24 13:40:04 | INFO | Question: Wagner Moura received what nomination for playing the lead role of "The King of Cocaine"?
2026-08-24 13:40:04 | INFO | [319/500] example_id=5ab1e36d554299449642c7f9
2026-08-24 13:40:04 | INFO | Question: Are Northwestern University and Middlebury College both private schools?
2026-08-24 13:40:04 | INFO | [320/500] example_id=5adfff0755429925eb1afbce
2026-08-24 13:40:04 | INFO | Question: What is 25 miles south of Groom Lake?
2026-08-24 13:40:06 | INFO | Step 1
2026-08-24 13:40:06 | INFO | Model output: Answer: musicology
2026-08-24 13:40:06 | INFO | Prediction: musicology
2026-08-24 13:40:06 | INFO | Gold: Musicology
2026-08-24 13:40:06 | INFO | Answer | EM: 1.0000 | F1: 1.0000
2026-08-24 13:40:06 | INFO | Result | Correct: True | Running EM: 19.03% | Termination: completed | Steps: 1 | Tool calls: 0 | Latency: 0.047s
2026-08-24 13:40:06 | INFO | Step 1
2026-08-24 13:40:06 | INFO | Model output: Answer: She translated and annotated Newton's "Principia Mathematica" into French.
2026-08-24 13:40:06 | INFO | Prediction: She translated and annotated Newton's "Principia Mathematica" into French.
2026-08-24 13:40:06 | INFO | Gold: commentary on Isaac Newton's book "Principia"
2026-08-24 13:40:06 | INFO | Answer | EM: 0.0000 | F1: 0.2667
2026-08-24 13:40:06 | INFO | Result | Correct: False | Running EM: 18.97% | Termination: completed | Steps: 1 | Tool calls: 0 | Latency: 0.047s
2026-08-24 13:40:06 | INFO | Step 1
2026-08-24 13:40:06 | INFO | Model output: Answer: Boston
2026-08-24 13:40:06 | INFO | Prediction: Boston
2026-08-24 13:40:06 | INFO | Gold: Boston
2026-08-24 13:40:06 | INFO | Answer | EM: 1.0000 | F1: 1.0000
2026-08-24 13:40:06 | INFO | Result | Correct: True | Running EM: 19.24% | Termination: completed | Steps: 1 | Tool calls: 0 | Latency: 0.047s
2026-08-24 13:40:06 | INFO | Step 1
2026-08-24 13:40:06 | INFO | Model output: Answer: No
2026-08-24 13:40:06 | INFO | Prediction: No
2026-08-24 13:40:06 | INFO | Gold: no
2026-08-24 13:40:06 | INFO | Answer | EM: 1.0000 | F1: 1.0000
2026-08-24 13:40:06 | INFO | Result | Correct: True | Running EM: 19.52% | Termination: completed | Steps: 1 | Tool calls: 0 | Latency: 0.047s
2026-08-24 13:40:06 | INFO | Step 1
2026-08-24 13:40:06 | INFO | Model output: Answer: House of Windsor
2026-08-24 13:40:06 | INFO | Prediction: House of Windsor
2026-08-24 13:40:06 | INFO | Gold: Mountbatten family
2026-08-24 13:40:06 | INFO | Answer | EM: 0.0000 | F1: 0.0000
2026-08-24 13:40:06 | INFO | Result | Correct: False | Running EM: 19.45% | Termination: completed | Steps: 1 | Tool calls: 0 | Latency: 0.047s
2026-08-24 13:40:06 | INFO | Step 1
2026-08-24 13:40:06 | INFO | Model output: Answer: No
2026-08-24 13:40:06 | INFO | Prediction: No
2026-08-24 13:40:06 | INFO | Gold: yes
2026-08-24 13:40:06 | INFO | Answer | EM: 0.0000 | F1: 0.0000
2026-08-24 13:40:06 | INFO | Result | Correct: False | Running EM: 19.39% | Termination: completed | Steps: 1 | Tool calls: 0 | Latency: 0.047s
2026-08-24 13:40:06 | INFO | Step 1
2026-08-24 13:40:06 | INFO | Model output: Answer: Super Mario Bros.
2026-08-24 13:40:06 | INFO | Prediction: Super Mario Bros.
2026-08-24 13:40:06 | INFO | Gold: Sonic Mania
2026-08-24 13:40:06 | INFO | Answer | EM: 0.0000 | F1: 0.0000
2026-08-24 13:40:06 | INFO | Result | Correct: False | Running EM: 19.32% | Termination: completed | Steps: 1 | Tool calls: 0 | Latency: 0.047s
2026-08-24 13:40:06 | INFO | Step 1
2026-08-24 13:40:06 | INFO | Model output: Answer: My Secret Hotel is a television series starring a South Korean DJ who rose to fame as the lead actress in Reply.
2026-08-24 13:40:06 | INFO | Prediction: My Secret Hotel is a television series starring a South Korean DJ who rose to fame as the lead actress in Reply.
2026-08-24 13:40:06 | INFO | Gold: Queen In-hyun's Man
2026-08-24 13:40:06 | INFO | Answer | EM: 0.0000 | F1: 0.0000
2026-08-24 13:40:06 | INFO | Result | Correct: False | Running EM: 19.26% | Termination: completed | Steps: 1 | Tool calls: 0 | Latency: 0.047s
2026-08-24 13:40:06 | INFO | Step 1
2026-08-24 13:40:06 | INFO | Model output: Answer: Stranger Things
2026-08-24 13:40:06 | INFO | Prediction: Stranger Things
2026-08-24 13:40:06 | INFO | Gold: Netflix
2026-08-24 13:40:06 | INFO | Answer | EM: 0.0000 | F1: 0.0000
2026-08-24 13:40:06 | INFO | Result | Correct: False | Running EM: 19.19% | Termination: completed | Steps: 1 | Tool calls: 0 | Latency: 0.047s
2026-08-24 13:40:06 | INFO | Step 1
2026-08-24 13:40:06 | INFO | Model output: Answer: Garden City
2026-08-24 13:40:06 | INFO | Prediction: Garden City
2026-08-24 13:40:06 | INFO | Gold: Baldwin
2026-08-24 13:40:06 | INFO | Answer | EM: 0.0000 | F1: 0.0000
2026-08-24 13:40:06 | INFO | Result | Correct: False | Running EM: 19.13% | Termination: completed | Steps: 1 | Tool calls: 0 | Latency: 0.047s
2026-08-24 13:40:06 | INFO | Step 1
2026-08-24 13:40:06 | INFO | Model output: Answer: Kesha
2026-08-24 13:40:06 | INFO | Prediction: Kesha
2026-08-24 13:40:06 | INFO | Gold: Taylor Swift
2026-08-24 13:40:06 | INFO | Answer | EM: 0.0000 | F1: 0.0000
2026-08-24 13:40:06 | INFO | Result | Correct: False | Running EM: 19.06% | Termination: completed | Steps: 1 | Tool calls: 0 | Latency: 0.047s
2026-08-24 13:40:06 | INFO | Step 1
2026-08-24 13:40:06 | INFO | Model output: Answer: Regis Philbin
2026-08-24 13:40:06 | INFO | Prediction: Regis Philbin
2026-08-24 13:40:06 | INFO | Gold: Matthew Ward Winer
2026-08-24 13:40:06 | INFO | Answer | EM: 0.0000 | F1: 0.0000
2026-08-24 13:40:06 | INFO | Result | Correct: False | Running EM: 19.00% | Termination: completed | Steps: 1 | Tool calls: 0 | Latency: 0.047s
2026-08-24 13:40:06 | INFO | Step 1
2026-08-24 13:40:06 | INFO | Model output: Answer: No
2026-08-24 13:40:06 | INFO | Prediction: No
2026-08-24 13:40:06 | INFO | Gold: yes
2026-08-24 13:40:06 | INFO | Answer | EM: 0.0000 | F1: 0.0000
2026-08-24 13:40:06 | INFO | Result | Correct: False | Running EM: 18.94% | Termination: completed | Steps: 1 | Tool calls: 0 | Latency: 0.047s
2026-08-24 13:40:06 | INFO | Step 1
2026-08-24 13:40:06 | INFO | Model output: Answer: Angelique Kerber
2026-08-24 13:40:06 | INFO | Prediction: Angelique Kerber
2026-08-24 13:40:06 | INFO | Gold: Amélie Simone Mauresmo
2026-08-24 13:40:06 | INFO | Answer | EM: 0.0000 | F1: 0.0000
2026-08-24 13:40:06 | INFO | Result | Correct: False | Running EM: 18.87% | Termination: completed | Steps: 1 | Tool calls: 0 | Latency: 0.047s
2026-08-24 13:40:06 | INFO | Step 1
2026-08-24 13:40:06 | INFO | Model output: Answer: author
2026-08-24 13:40:06 | INFO | Prediction: author
2026-08-24 13:40:06 | INFO | Gold: Israeli Ambassador
2026-08-24 13:40:06 | INFO | Answer | EM: 0.0000 | F1: 0.0000
2026-08-24 13:40:06 | INFO | Result | Correct: False | Running EM: 18.81% | Termination: completed | Steps: 1 | Tool calls: 0 | Latency: 0.047s
2026-08-24 13:40:06 | INFO | Step 1
2026-08-24 13:40:06 | INFO | Model output: Answer: December 31, 1959
2026-08-24 13:40:06 | INFO | Prediction: December 31, 1959
2026-08-24 13:40:06 | INFO | Gold: February 14, 1859
2026-08-24 13:40:06 | INFO | Answer | EM: 0.0000 | F1: 0.0000
2026-08-24 13:40:06 | INFO | Result | Correct: False | Running EM: 18.75% | Termination: completed | Steps: 1 | Tool calls: 0 | Latency: 0.047s
2026-08-24 13:40:06 | INFO | Step 1
2026-08-24 13:40:06 | INFO | Model output: Answer: Ferdinand Magellan
2026-08-24 13:40:06 | INFO | Prediction: Ferdinand Magellan
2026-08-24 13:40:06 | INFO | Gold: Ferdinand Magellan
2026-08-24 13:40:06 | INFO | Answer | EM: 1.0000 | F1: 1.0000
2026-08-24 13:40:06 | INFO | Result | Correct: True | Running EM: 19.02% | Termination: completed | Steps: 1 | Tool calls: 0 | Latency: 0.047s
2026-08-24 13:40:06 | INFO | Step 1
2026-08-24 13:40:06 | INFO | Model output: Answer: Hennepin County
2026-08-24 13:40:06 | INFO | Prediction: Hennepin County
2026-08-24 13:40:06 | INFO | Gold: Hennepin County
2026-08-24 13:40:06 | INFO | Answer | EM: 1.0000 | F1: 1.0000
2026-08-24 13:40:06 | INFO | Result | Correct: True | Running EM: 19.28% | Termination: completed | Steps: 1 | Tool calls: 0 | Latency: 0.047s
2026-08-24 13:40:06 | INFO | Step 1
2026-08-24 13:40:06 | INFO | Model output: Answer: Macy's, Target, Best Buy, Nordstrom's
2026-08-24 13:40:06 | INFO | Prediction: Macy's, Target, Best Buy, Nordstrom's
2026-08-24 13:40:06 | INFO | Gold: three Macy's stores, Sears, Nordstrom, Bloomingdale's, and Saks Fifth Avenue
2026-08-24 13:40:06 | INFO | Answer | EM: 0.0000 | F1: 0.1333
2026-08-24 13:40:06 | INFO | Result | Correct: False | Running EM: 19.22% | Termination: completed | Steps: 1 | Tool calls: 0 | Latency: 0.047s
2026-08-24 13:40:06 | INFO | Step 1
2026-08-24 13:40:06 | INFO | Model output: Answer: World War II
2026-08-24 13:40:06 | INFO | Prediction: World War II
2026-08-24 13:40:06 | INFO | Gold: World War II
2026-08-24 13:40:06 | INFO | Answer | EM: 1.0000 | F1: 1.0000
2026-08-24 13:40:06 | INFO | Result | Correct: True | Running EM: 19.48% | Termination: completed | Steps: 1 | Tool calls: 0 | Latency: 0.047s
2026-08-24 13:40:06 | INFO | Step 1
2026-08-24 13:40:06 | INFO | Model output: Answer: 1764
2026-08-24 13:40:06 | INFO | Prediction: 1764
2026-08-24 13:40:06 | INFO | Gold: 1790
2026-08-24 13:40:06 | INFO | Answer | EM: 0.0000 | F1: 0.0000
2026-08-24 13:40:06 | INFO | Result | Correct: False | Running EM: 19.42% | Termination: completed | Steps: 1 | Tool calls: 0 | Latency: 0.047s
2026-08-24 13:40:06 | INFO | Step 1
2026-08-24 13:40:06 | INFO | Model output: Answer: Ben Affleck
2026-08-24 13:40:06 | INFO | Prediction: Ben Affleck
2026-08-24 13:40:06 | INFO | Gold: William Fichtner
2026-08-24 13:40:06 | INFO | Answer | EM: 0.0000 | F1: 0.0000
2026-08-24 13:40:06 | INFO | Result | Correct: False | Running EM: 19.35% | Termination: completed | Steps: 1 | Tool calls: 0 | Latency: 0.047s
2026-08-24 13:40:06 | INFO | Step 1
2026-08-24 13:40:06 | INFO | Model output: Answer: United States
2026-08-24 13:40:06 | INFO | Prediction: United States
2026-08-24 13:40:06 | INFO | Gold: United States
2026-08-24 13:40:06 | INFO | Answer | EM: 1.0000 | F1: 1.0000
2026-08-24 13:40:06 | INFO | Result | Correct: True | Running EM: 19.61% | Termination: completed | Steps: 1 | Tool calls: 0 | Latency: 0.047s
2026-08-24 13:40:06 | INFO | Step 1
2026-08-24 13:40:06 | INFO | Model output: Answer: 3,200
2026-08-24 13:40:06 | INFO | Prediction: 3,200
2026-08-24 13:40:06 | INFO | Gold: 560
2026-08-24 13:40:06 | INFO | Answer | EM: 0.0000 | F1: 0.0000
2026-08-24 13:40:06 | INFO | Result | Correct: False | Running EM: 19.55% | Termination: completed | Steps: 1 | Tool calls: 0 | Latency: 0.047s
2026-08-24 13:40:06 | INFO | Step 1
2026-08-24 13:40:06 | INFO | Model output: Answer: Irish Parliamentary Party
2026-08-24 13:40:06 | INFO | Prediction: Irish Parliamentary Party
2026-08-24 13:40:06 | INFO | Gold: The Home Rule League
2026-08-24 13:40:06 | INFO | Answer | EM: 0.0000 | F1: 0.0000
2026-08-24 13:40:06 | INFO | Result | Correct: False | Running EM: 19.49% | Termination: completed | Steps: 1 | Tool calls: 0 | Latency: 0.047s
2026-08-24 13:40:06 | INFO | Step 1
2026-08-24 13:40:06 | INFO | Model output: Answer: Forrest Gump
2026-08-24 13:40:06 | INFO | Prediction: Forrest Gump
2026-08-24 13:40:06 | INFO | Gold: "Red Rock West"
2026-08-24 13:40:06 | INFO | Answer | EM: 0.0000 | F1: 0.0000
2026-08-24 13:40:06 | INFO | Result | Correct: False | Running EM: 19.43% | Termination: completed | Steps: 1 | Tool calls: 0 | Latency: 0.047s
2026-08-24 13:40:06 | INFO | Step 1
2026-08-24 13:40:06 | INFO | Model output: Answer: Katee Sackhoff
2026-08-24 13:40:06 | INFO | Prediction: Katee Sackhoff
2026-08-24 13:40:06 | INFO | Gold: Jessica Lange
2026-08-24 13:40:06 | INFO | Answer | EM: 0.0000 | F1: 0.0000
2026-08-24 13:40:06 | INFO | Result | Correct: False | Running EM: 19.37% | Termination: completed | Steps: 1 | Tool calls: 0 | Latency: 0.047s
2026-08-24 13:40:06 | INFO | Step 1
2026-08-24 13:40:06 | INFO | Model output: Answer: Equus
2026-08-24 13:40:06 | INFO | Prediction: Equus
2026-08-24 13:40:06 | INFO | Gold: "The Royal Family"
2026-08-24 13:40:06 | INFO | Answer | EM: 0.0000 | F1: 0.0000
2026-08-24 13:40:06 | INFO | Result | Correct: False | Running EM: 19.30% | Termination: completed | Steps: 1 | Tool calls: 0 | Latency: 0.047s
2026-08-24 13:40:06 | INFO | Step 1
2026-08-24 13:40:06 | INFO | Model output: Answer: 342
2026-08-24 13:40:06 | INFO | Prediction: 342
2026-08-24 13:40:06 | INFO | Gold: 2,664
2026-08-24 13:40:06 | INFO | Answer | EM: 0.0000 | F1: 0.0000
2026-08-24 13:40:06 | INFO | Result | Correct: False | Running EM: 19.24% | Termination: completed | Steps: 1 | Tool calls: 0 | Latency: 0.047s
2026-08-24 13:40:06 | INFO | Step 1
2026-08-24 13:40:06 | INFO | Model output: Answer: Golden Globe nomination
2026-08-24 13:40:06 | INFO | Prediction: Golden Globe nomination
2026-08-24 13:40:06 | INFO | Gold: Golden Globe
2026-08-24 13:40:06 | INFO | Answer | EM: 0.0000 | F1: 0.8000
2026-08-24 13:40:06 | INFO | Result | Correct: False | Running EM: 19.18% | Termination: completed | Steps: 1 | Tool calls: 0 | Latency: 0.047s
2026-08-24 13:40:06 | INFO | Step 1
2026-08-24 13:40:06 | INFO | Model output: Answer: No
2026-08-24 13:40:06 | INFO | Prediction: No
2026-08-24 13:40:06 | INFO | Gold: yes
2026-08-24 13:40:06 | INFO | Answer | EM: 0.0000 | F1: 0.0000
2026-08-24 13:40:06 | INFO | Result | Correct: False | Running EM: 19.12% | Termination: completed | Steps: 1 | Tool calls: 0 | Latency: 0.047s
2026-08-24 13:40:06 | INFO | Step 1
2026-08-24 13:40:06 | INFO | Model output: Answer: Area51
2026-08-24 13:40:06 | INFO | Prediction: Area51
2026-08-24 13:40:06 | INFO | Gold: Rachel, Nevada
2026-08-24 13:40:06 | INFO | Answer | EM: 0.0000 | F1: 0.0000
2026-08-24 13:40:06 | INFO | Result | Correct: False | Running EM: 19.06% | Termination: completed | Steps: 1 | Tool calls: 0 | Latency: 0.047s
2026-08-24 13:40:06 | INFO | Inference batch [321-352/500] size=32
2026-08-24 13:40:06 | INFO | [321/500] example_id=5ab5e024554299494045f097
2026-08-24 13:40:06 | INFO | Question: Were Joss Whedon and Norman Mailer both Americans?
2026-08-24 13:40:06 | INFO | [322/500] example_id=5abfa2255542993fe9a41e18
2026-08-24 13:40:06 | INFO | Question: Were Will Durant and Margaret Mitchell both philosophical writers?
2026-08-24 13:40:06 | INFO | [323/500] example_id=5a810506554299260e20a202
2026-08-24 13:40:06 | INFO | Question: What is the birth date of this American composer, who composed the Ghost Quartet?
2026-08-24 13:40:06 | INFO | [324/500] example_id=5a71231a5542994082a3e5c4
2026-08-24 13:40:06 | INFO | Question: What edible, juicy fruit is grown on a deciduous tree called 'pesco' in Italian?
2026-08-24 13:40:06 | INFO | [325/500] example_id=5a71717d5542994082a3e834
2026-08-24 13:40:06 | INFO | Question: What star of "Attack of the Gryphon" was also a voice artist in Johnny Bravo?
2026-08-24 13:40:06 | INFO | [326/500] example_id=5ab707d65542991d32223761
2026-08-24 13:40:06 | INFO | Question: Witkins Township is served what district that is represented by Tim Murphy?
2026-08-24 13:40:06 | INFO | [327/500] example_id=5a74adb455429916b01641c6
2026-08-24 13:40:06 | INFO | Question: Which occurred first, the first publication of The Ladder or Heat?
2026-08-24 13:40:06 | INFO | [328/500] example_id=5abe34095542993f32c2a088
2026-08-24 13:40:06 | INFO | Question: How long did The Shire of Flinders, which encompassed the extremity of the Mornington Peninsula located south-east of Melbourne, Australia, exist?
2026-08-24 13:40:06 | INFO | [329/500] example_id=5ab28c89554299340b525513
2026-08-24 13:40:06 | INFO | Question: What rank was higher than Karl Hermann Frank's rank until April 1942?
2026-08-24 13:40:06 | INFO | [330/500] example_id=5ab626d555429953192ad279
2026-08-24 13:40:06 | INFO | Question: Anthony Avent played basketball fo a High School that is located in a city approcimately 8 mi west of where?
2026-08-24 13:40:06 | INFO | [331/500] example_id=5ab3589455429976abd1bc93
2026-08-24 13:40:06 | INFO | Question: What is a common feature of both the Iron Rattler's inversion and a barrel roll?
2026-08-24 13:40:06 | INFO | [332/500] example_id=5a7cc59c55429909bec767fb
2026-08-24 13:40:06 | INFO | Question: How many miles west of Phoenix, Arizona is the base where the 63d Fighter Squadron is assigned?
2026-08-24 13:40:06 | INFO | [333/500] example_id=5ab827a555429934fafe6cf5
2026-08-24 13:40:06 | INFO | Question: This 2016 biographical sports comedy-drama film stars Taron Egerton as a skier who finished last in what events?
2026-08-24 13:40:06 | INFO | [334/500] example_id=5a8af1e255429950cd6afc28
2026-08-24 13:40:06 | INFO | Question: Who is the English Professional Footballer that is the niece of a former footballer born in the same place as where he plays?
2026-08-24 13:40:06 | INFO | [335/500] example_id=5ac11ee45542997d64295a7d
2026-08-24 13:40:06 | INFO | Question: Which is a black-and-white film, Flying Padre or Inside Job?
2026-08-24 13:40:06 | INFO | [336/500] example_id=5ae520315542993aec5ec152
2026-08-24 13:40:06 | INFO | Question: Liz Rose has co-written songs with which artist including "White Horse" and "You Belong with Me"?
2026-08-24 13:40:06 | INFO | [337/500] example_id=5a8f68795542992414482ab5
2026-08-24 13:40:06 | INFO | Question: What member of the South Korean-Chinese boy group EXO stars in the upcoming movie "The Underdog"?
2026-08-24 13:40:06 | INFO | [338/500] example_id=5ae37e525542992e3233c42d
2026-08-24 13:40:06 | INFO | Question: When did the the Antonine who was known as the third of the five good emperors live?
2026-08-24 13:40:06 | INFO | [339/500] example_id=5ab849d955429916710eb017
2026-08-24 13:40:06 | INFO | Question: The Battle of Cambrai took place during a series of offensives that ended on what date?
2026-08-24 13:40:06 | INFO | [340/500] example_id=5ade51515542992fa25da745
2026-08-24 13:40:06 | INFO | Question: Why did Rudolf Hess stop serving Hitler in 1941?
2026-08-24 13:40:06 | INFO | [341/500] example_id=5ade02d05542997545bbbe0d
2026-08-24 13:40:06 | INFO | Question: Shirley Breeden won her first Senate term in a narrow upset over the politician who was a member of what branch of the armed forces?
2026-08-24 13:40:06 | INFO | [342/500] example_id=5ac41850554299194317390b
2026-08-24 13:40:06 | INFO | Question: Maha Kali is an EP by what band from Stromstad that was formed in 1989?
2026-08-24 13:40:06 | INFO | [343/500] example_id=5a727e1b5542991f9a20c497
2026-08-24 13:40:06 | INFO | Question: In which song was written by singer-songwriter Taylor Swift and shares the optimistic lyrical message to a song called "Yodel It!"?
2026-08-24 13:40:06 | INFO | [344/500] example_id=5a8d9de2554299068b959d62
2026-08-24 13:40:06 | INFO | Question: What profession does Leonty Magnitsky and Leonid Khachiyan have in common?
2026-08-24 13:40:06 | INFO | [345/500] example_id=5a827ce155429940e5e1a8d7
2026-08-24 13:40:06 | INFO | Question: Which player won more Grand Slam titles, Kevin Ullyett or Billie Jean King?
2026-08-24 13:40:06 | INFO | [346/500] example_id=5ae5415055429908b63265b7
2026-08-24 13:40:06 | INFO | Question: Japanese Weekend School of New York has offices in the entertainment complex in what section of New Rochelle?
2026-08-24 13:40:06 | INFO | [347/500] example_id=5ab5ec0a5542997d4ad1f250
2026-08-24 13:40:06 | INFO | Question: Approximately how many locations is BJ's Wholesale Club operating in, as of early 2008?
2026-08-24 13:40:06 | INFO | [348/500] example_id=5ae20427554299234fd04397
2026-08-24 13:40:06 | INFO | Question: Sachem Central School District encompasses the CDPs that include the hamlet in which New York county?
2026-08-24 13:40:06 | INFO | [349/500] example_id=5adcd7325542994d58a2f6f6
2026-08-24 13:40:06 | INFO | Question: What year did the person who beat Alex Clark for mayor in 1967 stop serving as a US senator?
2026-08-24 13:40:06 | INFO | [350/500] example_id=5abace6b5542996cc5e49e99
2026-08-24 13:40:06 | INFO | Question: Irish print journalist, Arthur Quinlan, was the only one to interviewed which major figure of the Cuban Revolution?
2026-08-24 13:40:06 | INFO | [351/500] example_id=5ab64cfa55429953192ad2b7
2026-08-24 13:40:06 | INFO | Question: Who lived longer Ellen Glasgow or N. Scott Momaday ?
2026-08-24 13:40:06 | INFO | [352/500] example_id=5ae4bb1255429913cc2044e7
2026-08-24 13:40:06 | INFO | Question: Does Linzhou, Henan have a larger population than Xingcheng?
2026-08-24 13:40:07 | INFO | Step 1
2026-08-24 13:40:07 | INFO | Model output: Answer: Yes
2026-08-24 13:40:07 | INFO | Prediction: Yes
2026-08-24 13:40:07 | INFO | Gold: yes
2026-08-24 13:40:07 | INFO | Answer | EM: 1.0000 | F1: 1.0000
2026-08-24 13:40:07 | INFO | Result | Correct: True | Running EM: 19.31% | Termination: completed | Steps: 1 | Tool calls: 0 | Latency: 0.049s
2026-08-24 13:40:07 | INFO | Step 1
2026-08-24 13:40:07 | INFO | Model output: Answer: No
2026-08-24 13:40:07 | INFO | Prediction: No
2026-08-24 13:40:07 | INFO | Gold: no
2026-08-24 13:40:07 | INFO | Answer | EM: 1.0000 | F1: 1.0000
2026-08-24 13:40:07 | INFO | Result | Correct: True | Running EM: 19.57% | Termination: completed | Steps: 1 | Tool calls: 0 | Latency: 0.049s
2026-08-24 13:40:07 | INFO | Step 1
2026-08-24 13:40:07 | INFO | Model output: Answer: December 16, 1925
2026-08-24 13:40:07 | INFO | Prediction: December 16, 1925
2026-08-24 13:40:07 | INFO | Gold: January 4, 1976
2026-08-24 13:40:07 | INFO | Answer | EM: 0.0000 | F1: 0.0000
2026-08-24 13:40:07 | INFO | Result | Correct: False | Running EM: 19.50% | Termination: completed | Steps: 1 | Tool calls: 0 | Latency: 0.049s
2026-08-24 13:40:07 | INFO | Step 1
2026-08-24 13:40:07 | INFO | Model output: Answer: peach
2026-08-24 13:40:07 | INFO | Prediction: peach
2026-08-24 13:40:07 | INFO | Gold: peach
2026-08-24 13:40:07 | INFO | Answer | EM: 1.0000 | F1: 1.0000
2026-08-24 13:40:07 | INFO | Result | Correct: True | Running EM: 19.75% | Termination: completed | Steps: 1 | Tool calls: 0 | Latency: 0.049s
2026-08-24 13:40:07 | INFO | Step 1
2026-08-24 13:40:07 | INFO | Model output: Answer: Scott McNeil
2026-08-24 13:40:07 | INFO | Prediction: Scott McNeil
2026-08-24 13:40:07 | INFO | Gold: Larry Richard Drake
2026-08-24 13:40:07 | INFO | Answer | EM: 0.0000 | F1: 0.0000
2026-08-24 13:40:07 | INFO | Result | Correct: False | Running EM: 19.69% | Termination: completed | Steps: 1 | Tool calls: 0 | Latency: 0.049s
2026-08-24 13:40:07 | INFO | Step 1
2026-08-24 13:40:07 | INFO | Model output: Answer: District 18
2026-08-24 13:40:07 | INFO | Prediction: District 18
2026-08-24 13:40:07 | INFO | Gold: Pennsylvania's 18th congressional district
2026-08-24 13:40:07 | INFO | Answer | EM: 0.0000 | F1: 0.3333
2026-08-24 13:40:07 | INFO | Result | Correct: False | Running EM: 19.63% | Termination: completed | Steps: 1 | Tool calls: 0 | Latency: 0.049s
2026-08-24 13:40:07 | INFO | Step 1
2026-08-24 13:40:07 | INFO | Model output: Answer: The Ladder
2026-08-24 13:40:07 | INFO | Prediction: The Ladder
2026-08-24 13:40:07 | INFO | Gold: The Ladder
2026-08-24 13:40:07 | INFO | Answer | EM: 1.0000 | F1: 1.0000
2026-08-24 13:40:07 | INFO | Result | Correct: True | Running EM: 19.88% | Termination: completed | Steps: 1 | Tool calls: 0 | Latency: 0.049s
2026-08-24 13:40:07 | INFO | Step 1
2026-08-24 13:40:07 | INFO | Model output: Answer: The Shire of Flinders existed from 1856 to 1994.
2026-08-24 13:40:07 | INFO | Prediction: The Shire of Flinders existed from 1856 to 1994.
2026-08-24 13:40:07 | INFO | Gold: 1874 until 1994
2026-08-24 13:40:07 | INFO | Answer | EM: 0.0000 | F1: 0.1818
2026-08-24 13:40:07 | INFO | Result | Correct: False | Running EM: 19.82% | Termination: completed | Steps: 1 | Tool calls: 0 | Latency: 0.049s
2026-08-24 13:40:07 | INFO | Step 1
2026-08-24 13:40:07 | INFO | Model output: Answer: SS-Obersturmbannführer
2026-08-24 13:40:07 | INFO | Prediction: SS-Obersturmbannführer
2026-08-24 13:40:07 | INFO | Gold: Reichsführer-SS
2026-08-24 13:40:07 | INFO | Answer | EM: 0.0000 | F1: 0.0000
2026-08-24 13:40:07 | INFO | Result | Correct: False | Running EM: 19.76% | Termination: completed | Steps: 1 | Tool calls: 0 | Latency: 0.049s
2026-08-24 13:40:07 | INFO | Step 1
2026-08-24 13:40:07 | INFO | Model output: Answer: Indianapolis
2026-08-24 13:40:07 | INFO | Prediction: Indianapolis
2026-08-24 13:40:07 | INFO | Gold: lower Manhattan
2026-08-24 13:40:07 | INFO | Answer | EM: 0.0000 | F1: 0.0000
2026-08-24 13:40:07 | INFO | Result | Correct: False | Running EM: 19.70% | Termination: completed | Steps: 1 | Tool calls: 0 | Latency: 0.049s
2026-08-24 13:40:07 | INFO | Step 1
2026-08-24 13:40:07 | INFO | Model output: Answer: aerial maneuver
2026-08-24 13:40:07 | INFO | Prediction: aerial maneuver
2026-08-24 13:40:07 | INFO | Gold: combination of a loop and a roll
2026-08-24 13:40:07 | INFO | Answer | EM: 0.0000 | F1: 0.0000
2026-08-24 13:40:07 | INFO | Result | Correct: False | Running EM: 19.64% | Termination: completed | Steps: 1 | Tool calls: 0 | Latency: 0.049s
2026-08-24 13:40:07 | INFO | Step 1
2026-08-24 13:40:07 | INFO | Model output: Answer: 55 miles
2026-08-24 13:40:07 | INFO | Prediction: 55 miles
2026-08-24 13:40:07 | INFO | Gold: 15
2026-08-24 13:40:07 | INFO | Answer | EM: 0.0000 | F1: 0.0000
2026-08-24 13:40:07 | INFO | Result | Correct: False | Running EM: 19.58% | Termination: completed | Steps: 1 | Tool calls: 0 | Latency: 0.049s
2026-08-24 13:40:07 | INFO | Step 1
2026-08-24 13:40:07 | INFO | Model output: Answer: Answer: Answer: Answer: Answer: Answer: No
2026-08-24 13:40:07 | INFO | Prediction: Answer: Answer: Answer: Answer: Answer: No
2026-08-24 13:40:07 | INFO | Gold: 70 m and 90 m
2026-08-24 13:40:07 | INFO | Answer | EM: 0.0000 | F1: 0.0000
2026-08-24 13:40:07 | INFO | Result | Correct: False | Running EM: 19.52% | Termination: completed | Steps: 1 | Tool calls: 0 | Latency: 0.049s
2026-08-24 13:40:07 | INFO | Step 1
2026-08-24 13:40:07 | INFO | Model output: Answer: Bethany England
2026-08-24 13:40:07 | INFO | Prediction: Bethany England
2026-08-24 13:40:07 | INFO | Gold: Trent Alexander-Arnold
2026-08-24 13:40:07 | INFO | Answer | EM: 0.0000 | F1: 0.0000
2026-08-24 13:40:07 | INFO | Result | Correct: False | Running EM: 19.46% | Termination: completed | Steps: 1 | Tool calls: 0 | Latency: 0.049s
2026-08-24 13:40:07 | INFO | Step 1
2026-08-24 13:40:07 | INFO | Model output: Answer: Flying Padre
2026-08-24 13:40:07 | INFO | Prediction: Flying Padre
2026-08-24 13:40:07 | INFO | Gold: Flying Padre
2026-08-24 13:40:07 | INFO | Answer | EM: 1.0000 | F1: 1.0000
2026-08-24 13:40:07 | INFO | Result | Correct: True | Running EM: 19.70% | Termination: completed | Steps: 1 | Tool calls: 0 | Latency: 0.049s
2026-08-24 13:40:07 | INFO | Step 1
2026-08-24 13:40:07 | INFO | Model output: Answer: Taylor Swift
2026-08-24 13:40:07 | INFO | Prediction: Taylor Swift
2026-08-24 13:40:07 | INFO | Gold: Taylor Swift
2026-08-24 13:40:07 | INFO | Answer | EM: 1.0000 | F1: 1.0000
2026-08-24 13:40:07 | INFO | Result | Correct: True | Running EM: 19.94% | Termination: completed | Steps: 1 | Tool calls: 0 | Latency: 0.049s
2026-08-24 13:40:07 | INFO | Step 1
2026-08-24 13:40:07 | INFO | Model output: Answer: Lu Han
2026-08-24 13:40:07 | INFO | Prediction: Lu Han
2026-08-24 13:40:07 | INFO | Gold: Do Kyung-soo
2026-08-24 13:40:07 | INFO | Answer | EM: 0.0000 | F1: 0.0000
2026-08-24 13:40:07 | INFO | Result | Correct: False | Running EM: 19.88% | Termination: completed | Steps: 1 | Tool calls: 0 | Latency: 0.049s
2026-08-24 13:40:07 | INFO | Step 1
2026-08-24 13:40:07 | INFO | Model output: Answer: 80-180 AD
2026-08-24 13:40:07 | INFO | Prediction: 80-180 AD
2026-08-24 13:40:07 | INFO | Gold: 24 January 76 – 10 July 138
2026-08-24 13:40:07 | INFO | Answer | EM: 0.0000 | F1: 0.0000
2026-08-24 13:40:07 | INFO | Result | Correct: False | Running EM: 19.82% | Termination: completed | Steps: 1 | Tool calls: 0 | Latency: 0.049s
2026-08-24 13:40:07 | INFO | Step 1
2026-08-24 13:40:07 | INFO | Model output: Answer: November 18, 1918
2026-08-24 13:40:07 | INFO | Prediction: November 18, 1918
2026-08-24 13:40:07 | INFO | Gold: 11 November 1918
2026-08-24 13:40:07 | INFO | Answer | EM: 0.0000 | F1: 0.6667
2026-08-24 13:40:07 | INFO | Result | Correct: False | Running EM: 19.76% | Termination: completed | Steps: 1 | Tool calls: 0 | Latency: 0.049s
2026-08-24 13:40:07 | INFO | Step 1
2026-08-24 13:40:07 | INFO | Model output: Answer: Rudolf Hess flew to Scotland in an attempt to negotiate peace with the British, which led to him stopping his service with Hitler.
2026-08-24 13:40:07 | INFO | Prediction: Rudolf Hess flew to Scotland in an attempt to negotiate peace with the British, which led to him stopping his service with Hitler.
2026-08-24 13:40:07 | INFO | Gold: report Hess's illegal May 1941 flight to Scotland
2026-08-24 13:40:07 | INFO | Answer | EM: 0.0000 | F1: 0.1379
2026-08-24 13:40:07 | INFO | Result | Correct: False | Running EM: 19.71% | Termination: completed | Steps: 1 | Tool calls: 0 | Latency: 0.049s
2026-08-24 13:40:07 | INFO | Step 1
2026-08-24 13:40:07 | INFO | Model output: Answer: military
2026-08-24 13:40:07 | INFO | Prediction: military
2026-08-24 13:40:07 | INFO | Gold: U.S. Army
2026-08-24 13:40:07 | INFO | Answer | EM: 0.0000 | F1: 0.0000
2026-08-24 13:40:07 | INFO | Result | Correct: False | Running EM: 19.65% | Termination: completed | Steps: 1 | Tool calls: 0 | Latency: 0.049s
2026-08-24 13:40:07 | INFO | Step 1
2026-08-24 13:40:07 | INFO | Model output: Answer: Amon Amarth
2026-08-24 13:40:07 | INFO | Prediction: Amon Amarth
2026-08-24 13:40:07 | INFO | Gold: Dissection
2026-08-24 13:40:07 | INFO | Answer | EM: 0.0000 | F1: 0.0000
2026-08-24 13:40:07 | INFO | Result | Correct: False | Running EM: 19.59% | Termination: completed | Steps: 1 | Tool calls: 0 | Latency: 0.049s
2026-08-24 13:40:07 | INFO | Step 1
2026-08-24 13:40:07 | INFO | Model output: Answer: No
2026-08-24 13:40:07 | INFO | Prediction: No
2026-08-24 13:40:07 | INFO | Gold: Shake It Off
2026-08-24 13:40:07 | INFO | Answer | EM: 0.0000 | F1: 0.0000
2026-08-24 13:40:07 | INFO | Result | Correct: False | Running EM: 19.53% | Termination: completed | Steps: 1 | Tool calls: 0 | Latency: 0.049s
2026-08-24 13:40:07 | INFO | Step 1
2026-08-24 13:40:07 | INFO | Model output: Answer: mathematician
2026-08-24 13:40:07 | INFO | Prediction: mathematician
2026-08-24 13:40:07 | INFO | Gold: mathematician
2026-08-24 13:40:07 | INFO | Answer | EM: 1.0000 | F1: 1.0000
2026-08-24 13:40:07 | INFO | Result | Correct: True | Running EM: 19.77% | Termination: completed | Steps: 1 | Tool calls: 0 | Latency: 0.049s
2026-08-24 13:40:07 | INFO | Step 1
2026-08-24 13:40:07 | INFO | Model output: Answer: Billie Jean King
2026-08-24 13:40:07 | INFO | Prediction: Billie Jean King
2026-08-24 13:40:07 | INFO | Gold: Billie Jean King
2026-08-24 13:40:07 | INFO | Answer | EM: 1.0000 | F1: 1.0000
2026-08-24 13:40:07 | INFO | Result | Correct: True | Running EM: 20.00% | Termination: completed | Steps: 1 | Tool calls: 0 | Latency: 0.049s
2026-08-24 13:40:07 | INFO | Step 1
2026-08-24 13:40:07 | INFO | Model output: Answer: Downtown New Rochelle
2026-08-24 13:40:07 | INFO | Prediction: Downtown New Rochelle
2026-08-24 13:40:07 | INFO | Gold: Downtown
2026-08-24 13:40:07 | INFO | Answer | EM: 0.0000 | F1: 0.5000
2026-08-24 13:40:07 | INFO | Result | Correct: False | Running EM: 19.94% | Termination: completed | Steps: 1 | Tool calls: 0 | Latency: 0.049s
2026-08-24 13:40:07 | INFO | Step 1
2026-08-24 13:40:07 | INFO | Model output: Answer: Over 200 locations
2026-08-24 13:40:07 | INFO | Prediction: Over 200 locations
2026-08-24 13:40:07 | INFO | Gold: 650 locations
2026-08-24 13:40:07 | INFO | Answer | EM: 0.0000 | F1: 0.4000
2026-08-24 13:40:07 | INFO | Result | Correct: False | Running EM: 19.88% | Termination: completed | Steps: 1 | Tool calls: 0 | Latency: 0.049s
2026-08-24 13:40:07 | INFO | Step 1
2026-08-24 13:40:07 | INFO | Model output: Answer: Suffolk County
2026-08-24 13:40:07 | INFO | Prediction: Suffolk County
2026-08-24 13:40:07 | INFO | Gold: Suffolk
2026-08-24 13:40:07 | INFO | Answer | EM: 0.0000 | F1: 0.6667
2026-08-24 13:40:07 | INFO | Result | Correct: False | Running EM: 19.83% | Termination: completed | Steps: 1 | Tool calls: 0 | Latency: 0.049s
2026-08-24 13:40:07 | INFO | Step 1
2026-08-24 13:40:07 | INFO | Model output: Answer: 1979
2026-08-24 13:40:07 | INFO | Prediction: 1979
2026-08-24 13:40:07 | INFO | Gold: 2013
2026-08-24 13:40:07 | INFO | Answer | EM: 0.0000 | F1: 0.0000
2026-08-24 13:40:07 | INFO | Result | Correct: False | Running EM: 19.77% | Termination: completed | Steps: 1 | Tool calls: 0 | Latency: 0.049s
2026-08-24 13:40:07 | INFO | Step 1
2026-08-24 13:40:07 | INFO | Model output: Answer: Fidel Castro
2026-08-24 13:40:07 | INFO | Prediction: Fidel Castro
2026-08-24 13:40:07 | INFO | Gold: Che Guevara
2026-08-24 13:40:07 | INFO | Answer | EM: 0.0000 | F1: 0.0000
2026-08-24 13:40:07 | INFO | Result | Correct: False | Running EM: 19.71% | Termination: completed | Steps: 1 | Tool calls: 0 | Latency: 0.049s
2026-08-24 13:40:07 | INFO | Step 1
2026-08-24 13:40:07 | INFO | Model output: Answer: Ellen Glasgow
2026-08-24 13:40:07 | INFO | Prediction: Ellen Glasgow
2026-08-24 13:40:07 | INFO | Gold: N. Scott Momaday
2026-08-24 13:40:07 | INFO | Answer | EM: 0.0000 | F1: 0.0000
2026-08-24 13:40:07 | INFO | Result | Correct: False | Running EM: 19.66% | Termination: completed | Steps: 1 | Tool calls: 0 | Latency: 0.049s
2026-08-24 13:40:07 | INFO | Step 1
2026-08-24 13:40:07 | INFO | Model output: Answer: Linzhou, Henan has a larger population than Xingcheng
2026-08-24 13:40:07 | INFO | Prediction: Linzhou, Henan has a larger population than Xingcheng
2026-08-24 13:40:07 | INFO | Gold: yes
2026-08-24 13:40:07 | INFO | Answer | EM: 0.0000 | F1: 0.0000
2026-08-24 13:40:07 | INFO | Result | Correct: False | Running EM: 19.60% | Termination: completed | Steps: 1 | Tool calls: 0 | Latency: 0.049s
2026-08-24 13:40:07 | INFO | Inference batch [353-384/500] size=32
2026-08-24 13:40:07 | INFO | [353/500] example_id=5abe2b0155429976d4830a83
2026-08-24 13:40:07 | INFO | Question: Max Hoffmann along with Hindenburg and Ludendorff, masterminded the devastating defeat of the Russian armies in a battle fought when ?
2026-08-24 13:40:07 | INFO | [354/500] example_id=5ae0d52e554299603e418469
2026-08-24 13:40:07 | INFO | Question: The actress that played the leading role in the independent film "A Perfect Ending" also stars with John Bregar in a 2008 film directed by who?
2026-08-24 13:40:07 | INFO | [355/500] example_id=5abc9fb055429959677d6ac9
2026-08-24 13:40:07 | INFO | Question: What is the nationality of the dancer who partnered Tom Chambers in the sixth season of Strictly Come Dancing ?
2026-08-24 13:40:07 | INFO | [356/500] example_id=5ac083b0554299294b21900d
2026-08-24 13:40:07 | INFO | Question: What kind of beverage does Planter's Punch and Black Velvet have in common?
2026-08-24 13:40:07 | INFO | [357/500] example_id=5a8b3e985542995d1e6f131c
2026-08-24 13:40:07 | INFO | Question: Where is the brand "Moe's Southwest Grill" owned based?
2026-08-24 13:40:07 | INFO | [358/500] example_id=5a75f0ea5542994ccc91866c
2026-08-24 13:40:07 | INFO | Question: What major truck road is located in Backford Cross?
2026-08-24 13:40:07 | INFO | [359/500] example_id=5a7c6b6655429935c91b519a
2026-08-24 13:40:07 | INFO | Question: Richford is a town in Franklin County Vermont governed by what kind of body?
2026-08-24 13:40:07 | INFO | [360/500] example_id=5ab295eb554299194fa93412
2026-08-24 13:40:07 | INFO | Question: Were both Ernst Messerschmid and Reinhold Ewald ESA astronauts?
2026-08-24 13:40:07 | INFO | [361/500] example_id=5a7137dc5542994082a3e68a
2026-08-24 13:40:07 | INFO | Question: Kevin Wayne Durant was named what ?(An Award initiated following 1952-53 NBA Season?
2026-08-24 13:40:07 | INFO | [362/500] example_id=5a82d71555429966c78a6a94
2026-08-24 13:40:07 | INFO | Question: Were the Tundra Mine and Negus Mine located in the same country?
2026-08-24 13:40:07 | INFO | [363/500] example_id=5abb7ea4554299642a094a96
2026-08-24 13:40:07 | INFO | Question: When was the earliest film of High School and The Thorn in the Heart shot?
2026-08-24 13:40:07 | INFO | [364/500] example_id=5a7f00b455429930675135f1
2026-08-24 13:40:07 | INFO | Question: Which Hells Angel member stabbed and beat an attendant of the 1969 counterculture-era rock concert in the United States?
2026-08-24 13:40:07 | INFO | [365/500] example_id=5ae153915542990adbacf752
2026-08-24 13:40:07 | INFO | Question: In between Burton C. Bell and Billy Idol who is known professionally as Billy Idol?
2026-08-24 13:40:07 | INFO | [366/500] example_id=5a7bf3da5542996dd594b869
2026-08-24 13:40:07 | INFO | Question: Laurie Davidson is an English actor known for playing a fictionalized version of a young William Shakespeare on a show that was canceled on what date?
2026-08-24 13:40:07 | INFO | [367/500] example_id=5abb4b4a5542993f40c73aea
2026-08-24 13:40:07 | INFO | Question: Which university, attended by Jonas Tilly, is part of California's three-system public higher education plan?
2026-08-24 13:40:07 | INFO | [368/500] example_id=5ae1f2f3554299234fd0435a
2026-08-24 13:40:07 | INFO | Question: Are Tetrastigma and Spruce both types of plants?
2026-08-24 13:40:07 | INFO | [369/500] example_id=5a8f0796554299458435d528
2026-08-24 13:40:07 | INFO | Question: what air force based named in honor of Carl Benjamin "Ben" Eielson is located 26 miles southeast of Fairbanks, Alaska?
2026-08-24 13:40:07 | INFO | [370/500] example_id=5ae81b895542997ec272770c
2026-08-24 13:40:07 | INFO | Question: The maternal grandmother of Princess Marie Cécile of Prussia was born in which year ?
2026-08-24 13:40:07 | INFO | [371/500] example_id=5ae0f6f5554299422ee99583
2026-08-24 13:40:07 | INFO | Question: Which record label released Van Morrison's "I've Been Working" on the album "His Band and the Street Choir"?
2026-08-24 13:40:07 | INFO | [372/500] example_id=5a7c6d98554299683c1c6304
2026-08-24 13:40:07 | INFO | Question: What ABC television series was inspired by a 2011 film and cast Dominic Cooper as young Howard Stark?
2026-08-24 13:40:07 | INFO | [373/500] example_id=5a83de04554299334474609f
2026-08-24 13:40:07 | INFO | Question: The second studio album by The D.O.C was named as a reference to Charles Manson's idea of a Beatles' song which was a product of McCartney's attempt to create what kind of sound?
2026-08-24 13:40:07 | INFO | [374/500] example_id=5ab29c24554299449642c932
2026-08-24 13:40:07 | INFO | Question: Are Giuseppe Verdi and Ambroise Thomas both Opera composers ?
2026-08-24 13:40:07 | INFO | [375/500] example_id=5ae20c245542997283cd2367
2026-08-24 13:40:07 | INFO | Question: Hina is derived from a dye prepared in what areas?
2026-08-24 13:40:07 | INFO | [376/500] example_id=5ac4efa85542991943173a04
2026-08-24 13:40:07 | INFO | Question: Which body of water flows through more states, Tamiami Canal or Genesee River?
2026-08-24 13:40:07 | INFO | [377/500] example_id=5ac385f8554299741d48a279
2026-08-24 13:40:07 | INFO | Question: The memorial commemorating a 1941 Japanese surprise attack was designed by whom?
2026-08-24 13:40:07 | INFO | [378/500] example_id=5ab4355555429942dd415ee3
2026-08-24 13:40:07 | INFO | Question: What novella was "Eyes Wide Shut," starring Vinessa Elizabeth Shaw, based on?
2026-08-24 13:40:07 | INFO | [379/500] example_id=5add23d05542994734353871
2026-08-24 13:40:07 | INFO | Question: What is the primary duty of the Austrian Pinscher and the Maremma Sheepdog?
2026-08-24 13:40:07 | INFO | [380/500] example_id=5ab99a215542996be202056a
2026-08-24 13:40:07 | INFO | Question: The castle where "Spook Squad" was filmed is in what part of Scotland?
2026-08-24 13:40:07 | INFO | [381/500] example_id=5add15d15542994ed6169c70
2026-08-24 13:40:07 | INFO | Question: Socialist conferences were held with what countries that opposed the Central Powers in the First World War?
2026-08-24 13:40:07 | INFO | [382/500] example_id=5ae5d82f554299546bf82f9a
2026-08-24 13:40:07 | INFO | Question: How many periods in office were held by the British Prime Minister who led the "Who? Who?" ministry?
2026-08-24 13:40:07 | INFO | [383/500] example_id=5ab29b07554299194fa93440
2026-08-24 13:40:07 | INFO | Question: Which city in the Baltimore metropolitan area includes a lake and surrounding park?
2026-08-24 13:40:07 | INFO | [384/500] example_id=5a88bedb554299206df2b35a
2026-08-24 13:40:07 | INFO | Question: What river does Waterloo Bridge and London Eye have in common?
2026-08-24 13:40:08 | INFO | Step 1
2026-08-24 13:40:08 | INFO | Model output: Answer: Battle of Tannenberg
2026-08-24 13:40:08 | INFO | Prediction: Battle of Tannenberg
2026-08-24 13:40:08 | INFO | Gold: 26–30 August 1914
2026-08-24 13:40:08 | INFO | Answer | EM: 0.0000 | F1: 0.0000
2026-08-24 13:40:08 | INFO | Result | Correct: False | Running EM: 19.55% | Termination: completed | Steps: 1 | Tool calls: 0 | Latency: 0.035s
2026-08-24 13:40:08 | INFO | Step 1
2026-08-24 13:40:08 | INFO | Model output: Answer: Christopher N. Moore
2026-08-24 13:40:08 | INFO | Prediction: Christopher N. Moore
2026-08-24 13:40:08 | INFO | Gold: Douglas Jackson
2026-08-24 13:40:08 | INFO | Answer | EM: 0.0000 | F1: 0.0000
2026-08-24 13:40:08 | INFO | Result | Correct: False | Running EM: 19.49% | Termination: completed | Steps: 1 | Tool calls: 0 | Latency: 0.035s
2026-08-24 13:40:08 | INFO | Step 1
2026-08-24 13:40:08 | INFO | Model output: Answer: British
2026-08-24 13:40:08 | INFO | Prediction: British
2026-08-24 13:40:08 | INFO | Gold: Danish
2026-08-24 13:40:08 | INFO | Answer | EM: 0.0000 | F1: 0.0000
2026-08-24 13:40:08 | INFO | Result | Correct: False | Running EM: 19.44% | Termination: completed | Steps: 1 | Tool calls: 0 | Latency: 0.035s
2026-08-24 13:40:08 | INFO | Step 1
2026-08-24 13:40:08 | INFO | Model output: Answer: alcoholic
2026-08-24 13:40:08 | INFO | Prediction: alcoholic
2026-08-24 13:40:08 | INFO | Gold: cocktail
2026-08-24 13:40:08 | INFO | Answer | EM: 0.0000 | F1: 0.0000
2026-08-24 13:40:08 | INFO | Result | Correct: False | Running EM: 19.38% | Termination: completed | Steps: 1 | Tool calls: 0 | Latency: 0.035s
2026-08-24 13:40:08 | INFO | Step 1
2026-08-24 13:40:08 | INFO | Model output: Answer: United States
2026-08-24 13:40:08 | INFO | Prediction: United States
2026-08-24 13:40:08 | INFO | Gold: It is based in Sandy Springs, Georgia
2026-08-24 13:40:08 | INFO | Answer | EM: 0.0000 | F1: 0.0000
2026-08-24 13:40:08 | INFO | Result | Correct: False | Running EM: 19.33% | Termination: completed | Steps: 1 | Tool calls: 0 | Latency: 0.035s
2026-08-24 13:40:08 | INFO | Step 1
2026-08-24 13:40:08 | INFO | Model output: Answer: There is no major truck road located in Backford Cross.
2026-08-24 13:40:08 | INFO | Prediction: There is no major truck road located in Backford Cross.
2026-08-24 13:40:08 | INFO | Gold: The A41
2026-08-24 13:40:08 | INFO | Answer | EM: 0.0000 | F1: 0.0000
2026-08-24 13:40:08 | INFO | Result | Correct: False | Running EM: 19.27% | Termination: completed | Steps: 1 | Tool calls: 0 | Latency: 0.035s
2026-08-24 13:40:08 | INFO | Step 1
2026-08-24 13:40:08 | INFO | Model output: Answer: board of selectmen
2026-08-24 13:40:08 | INFO | Prediction: board of selectmen
2026-08-24 13:40:08 | INFO | Gold: town meeting legislative body
2026-08-24 13:40:08 | INFO | Answer | EM: 0.0000 | F1: 0.0000
2026-08-24 13:40:08 | INFO | Result | Correct: False | Running EM: 19.22% | Termination: completed | Steps: 1 | Tool calls: 0 | Latency: 0.035s
2026-08-24 13:40:08 | INFO | Step 1
2026-08-24 13:40:08 | INFO | Model output: Answer: No
2026-08-24 13:40:08 | INFO | Prediction: No
2026-08-24 13:40:08 | INFO | Gold: no
2026-08-24 13:40:08 | INFO | Answer | EM: 1.0000 | F1: 1.0000
2026-08-24 13:40:08 | INFO | Result | Correct: True | Running EM: 19.44% | Termination: completed | Steps: 1 | Tool calls: 0 | Latency: 0.035s
2026-08-24 13:40:08 | INFO | Step 1
2026-08-24 13:40:08 | INFO | Model output: Answer: NBA Most Valuable Player
2026-08-24 13:40:08 | INFO | Prediction: NBA Most Valuable Player
2026-08-24 13:40:08 | INFO | Gold: The National Basketball Association's Rookie of the Year
2026-08-24 13:40:08 | INFO | Answer | EM: 0.0000 | F1: 0.0000
2026-08-24 13:40:08 | INFO | Result | Correct: False | Running EM: 19.39% | Termination: completed | Steps: 1 | Tool calls: 0 | Latency: 0.035s
2026-08-24 13:40:08 | INFO | Step 1
2026-08-24 13:40:08 | INFO | Model output: Answer: Yes
2026-08-24 13:40:08 | INFO | Prediction: Yes
2026-08-24 13:40:08 | INFO | Gold: yes
2026-08-24 13:40:08 | INFO | Answer | EM: 1.0000 | F1: 1.0000
2026-08-24 13:40:08 | INFO | Result | Correct: True | Running EM: 19.61% | Termination: completed | Steps: 1 | Tool calls: 0 | Latency: 0.035s
2026-08-24 13:40:08 | INFO | Step 1
2026-08-24 13:40:08 | INFO | Model output: Answer: 1932
2026-08-24 13:40:08 | INFO | Prediction: 1932
2026-08-24 13:40:08 | INFO | Gold: 1968
2026-08-24 13:40:08 | INFO | Answer | EM: 0.0000 | F1: 0.0000
2026-08-24 13:40:08 | INFO | Result | Correct: False | Running EM: 19.56% | Termination: completed | Steps: 1 | Tool calls: 0 | Latency: 0.035s
2026-08-24 13:40:08 | INFO | Step 1
2026-08-24 13:40:08 | INFO | Model output: Answer: William Campbell Fox
2026-08-24 13:40:08 | INFO | Prediction: William Campbell Fox
2026-08-24 13:40:08 | INFO | Gold: Alan Passaro
2026-08-24 13:40:08 | INFO | Answer | EM: 0.0000 | F1: 0.0000
2026-08-24 13:40:08 | INFO | Result | Correct: False | Running EM: 19.51% | Termination: completed | Steps: 1 | Tool calls: 0 | Latency: 0.035s
2026-08-24 13:40:08 | INFO | Step 1
2026-08-24 13:40:08 | INFO | Model output: Answer: Billy Idol
2026-08-24 13:40:08 | INFO | Prediction: Billy Idol
2026-08-24 13:40:08 | INFO | Gold: William Michael Albert Broad
2026-08-24 13:40:08 | INFO | Answer | EM: 0.0000 | F1: 0.0000
2026-08-24 13:40:08 | INFO | Result | Correct: False | Running EM: 19.45% | Termination: completed | Steps: 1 | Tool calls: 0 | Latency: 0.035s
2026-08-24 13:40:08 | INFO | Step 1
2026-08-24 13:40:08 | INFO | Model output: Answer: 2019-06-07
2026-08-24 13:40:08 | INFO | Prediction: 2019-06-07
2026-08-24 13:40:08 | INFO | Gold: September 5, 2017
2026-08-24 13:40:08 | INFO | Answer | EM: 0.0000 | F1: 0.0000
2026-08-24 13:40:08 | INFO | Result | Correct: False | Running EM: 19.40% | Termination: completed | Steps: 1 | Tool calls: 0 | Latency: 0.035s
2026-08-24 13:40:08 | INFO | Step 1
2026-08-24 13:40:08 | INFO | Model output: Answer: University of California, Los Angeles
2026-08-24 13:40:08 | INFO | Prediction: University of California, Los Angeles
2026-08-24 13:40:08 | INFO | Gold: University of California
2026-08-24 13:40:08 | INFO | Answer | EM: 0.0000 | F1: 0.7500
2026-08-24 13:40:08 | INFO | Result | Correct: False | Running EM: 19.35% | Termination: completed | Steps: 1 | Tool calls: 0 | Latency: 0.035s
2026-08-24 13:40:08 | INFO | Step 1
2026-08-24 13:40:08 | INFO | Model output: Answer: Yes
2026-08-24 13:40:08 | INFO | Prediction: Yes
2026-08-24 13:40:08 | INFO | Gold: yes
2026-08-24 13:40:08 | INFO | Answer | EM: 1.0000 | F1: 1.0000
2026-08-24 13:40:08 | INFO | Result | Correct: True | Running EM: 19.57% | Termination: completed | Steps: 1 | Tool calls: 0 | Latency: 0.035s
2026-08-24 13:40:08 | INFO | Step 1
2026-08-24 13:40:08 | INFO | Model output: Answer: Elmendorf Air Force Base
2026-08-24 13:40:08 | INFO | Prediction: Elmendorf Air Force Base
2026-08-24 13:40:08 | INFO | Gold: Eielson Air Force Base
2026-08-24 13:40:08 | INFO | Answer | EM: 0.0000 | F1: 0.7500
2026-08-24 13:40:08 | INFO | Result | Correct: False | Running EM: 19.51% | Termination: completed | Steps: 1 | Tool calls: 0 | Latency: 0.035s
2026-08-24 13:40:08 | INFO | Step 1
2026-08-24 13:40:08 | INFO | Model output: Answer: 1849
2026-08-24 13:40:08 | INFO | Prediction: 1849
2026-08-24 13:40:08 | INFO | Gold: 1876
2026-08-24 13:40:08 | INFO | Answer | EM: 0.0000 | F1: 0.0000
2026-08-24 13:40:08 | INFO | Result | Correct: False | Running EM: 19.46% | Termination: completed | Steps: 1 | Tool calls: 0 | Latency: 0.035s
2026-08-24 13:40:08 | INFO | Step 1
2026-08-24 13:40:08 | INFO | Model output: Answer: Chrysalis Records
2026-08-24 13:40:08 | INFO | Prediction: Chrysalis Records
2026-08-24 13:40:08 | INFO | Gold: Warner Bros
2026-08-24 13:40:08 | INFO | Answer | EM: 0.0000 | F1: 0.0000
2026-08-24 13:40:08 | INFO | Result | Correct: False | Running EM: 19.41% | Termination: completed | Steps: 1 | Tool calls: 0 | Latency: 0.035s
2026-08-24 13:40:08 | INFO | Step 1
2026-08-24 13:40:08 | INFO | Model output: Answer: Agent Carter
2026-08-24 13:40:08 | INFO | Prediction: Agent Carter
2026-08-24 13:40:08 | INFO | Gold: Agent Carter
2026-08-24 13:40:08 | INFO | Answer | EM: 1.0000 | F1: 1.0000
2026-08-24 13:40:08 | INFO | Result | Correct: True | Running EM: 19.62% | Termination: completed | Steps: 1 | Tool calls: 0 | Latency: 0.035s
2026-08-24 13:40:08 | INFO | Step 1
2026-08-24 13:40:08 | INFO | Model output: Answer: psychedelic sound
2026-08-24 13:40:08 | INFO | Prediction: psychedelic sound
2026-08-24 13:40:08 | INFO | Gold: as loud and dirty as possible
2026-08-24 13:40:08 | INFO | Answer | EM: 0.0000 | F1: 0.0000
2026-08-24 13:40:08 | INFO | Result | Correct: False | Running EM: 19.57% | Termination: completed | Steps: 1 | Tool calls: 0 | Latency: 0.035s
2026-08-24 13:40:08 | INFO | Step 1
2026-08-24 13:40:08 | INFO | Model output: Answer: Yes
2026-08-24 13:40:08 | INFO | Prediction: Yes
2026-08-24 13:40:08 | INFO | Gold: yes
2026-08-24 13:40:08 | INFO | Answer | EM: 1.0000 | F1: 1.0000
2026-08-24 13:40:08 | INFO | Result | Correct: True | Running EM: 19.79% | Termination: completed | Steps: 1 | Tool calls: 0 | Latency: 0.035s
2026-08-24 13:40:08 | INFO | Step 1
2026-08-24 13:40:08 | INFO | Model output: Answer: South Asia
2026-08-24 13:40:08 | INFO | Prediction: South Asia
2026-08-24 13:40:08 | INFO | Gold: South Asia and the Middle East
2026-08-24 13:40:08 | INFO | Answer | EM: 0.0000 | F1: 0.5714
2026-08-24 13:40:08 | INFO | Result | Correct: False | Running EM: 19.73% | Termination: completed | Steps: 1 | Tool calls: 0 | Latency: 0.035s
2026-08-24 13:40:08 | INFO | Step 1
2026-08-24 13:40:08 | INFO | Model output: Answer: Genesee River
2026-08-24 13:40:08 | INFO | Prediction: Genesee River
2026-08-24 13:40:08 | INFO | Gold: Genesee River
2026-08-24 13:40:08 | INFO | Answer | EM: 1.0000 | F1: 1.0000
2026-08-24 13:40:08 | INFO | Result | Correct: True | Running EM: 19.95% | Termination: completed | Steps: 1 | Tool calls: 0 | Latency: 0.035s
2026-08-24 13:40:08 | INFO | Step 1
2026-08-24 13:40:08 | INFO | Model output: Answer: John Macomber
2026-08-24 13:40:08 | INFO | Prediction: John Macomber
2026-08-24 13:40:08 | INFO | Gold: Alfred Preis
2026-08-24 13:40:08 | INFO | Answer | EM: 0.0000 | F1: 0.0000
2026-08-24 13:40:08 | INFO | Result | Correct: False | Running EM: 19.89% | Termination: completed | Steps: 1 | Tool calls: 0 | Latency: 0.035s
2026-08-24 13:40:08 | INFO | Step 1
2026-08-24 13:40:08 | INFO | Model output: Answer: Arthur Schnitzler's "Traumnovelle"
2026-08-24 13:40:08 | INFO | Prediction: Arthur Schnitzler's "Traumnovelle"
2026-08-24 13:40:08 | INFO | Gold: "Traumnovelle" ("Dream Story")
2026-08-24 13:40:08 | INFO | Answer | EM: 0.0000 | F1: 0.3333
2026-08-24 13:40:08 | INFO | Result | Correct: False | Running EM: 19.84% | Termination: completed | Steps: 1 | Tool calls: 0 | Latency: 0.035s
2026-08-24 13:40:08 | INFO | Step 1
2026-08-24 13:40:08 | INFO | Model output: Answer: herding sheep
2026-08-24 13:40:08 | INFO | Prediction: herding sheep
2026-08-24 13:40:08 | INFO | Gold: to guard
2026-08-24 13:40:08 | INFO | Answer | EM: 0.0000 | F1: 0.0000
2026-08-24 13:40:08 | INFO | Result | Correct: False | Running EM: 19.79% | Termination: completed | Steps: 1 | Tool calls: 0 | Latency: 0.035s
2026-08-24 13:40:08 | INFO | Step 1
2026-08-24 13:40:08 | INFO | Model output: Answer: Highlands
2026-08-24 13:40:08 | INFO | Prediction: Highlands
2026-08-24 13:40:08 | INFO | Gold: Aberdeenshire, Scotland
2026-08-24 13:40:08 | INFO | Answer | EM: 0.0000 | F1: 0.0000
2026-08-24 13:40:08 | INFO | Result | Correct: False | Running EM: 19.74% | Termination: completed | Steps: 1 | Tool calls: 0 | Latency: 0.035s
2026-08-24 13:40:08 | INFO | Step 1
2026-08-24 13:40:08 | INFO | Model output: Answer: Socialist conferences were held with the Allied countries.
2026-08-24 13:40:08 | INFO | Prediction: Socialist conferences were held with the Allied countries.
2026-08-24 13:40:08 | INFO | Gold: The Allies of World War I
2026-08-24 13:40:08 | INFO | Answer | EM: 0.0000 | F1: 0.0000
2026-08-24 13:40:08 | INFO | Result | Correct: False | Running EM: 19.69% | Termination: completed | Steps: 1 | Tool calls: 0 | Latency: 0.035s
2026-08-24 13:40:08 | INFO | Step 1
2026-08-24 13:40:08 | INFO | Model output: Answer: Two
2026-08-24 13:40:08 | INFO | Prediction: Two
2026-08-24 13:40:08 | INFO | Gold: 3
2026-08-24 13:40:08 | INFO | Answer | EM: 0.0000 | F1: 0.0000
2026-08-24 13:40:08 | INFO | Result | Correct: False | Running EM: 19.63% | Termination: completed | Steps: 1 | Tool calls: 0 | Latency: 0.035s
2026-08-24 13:40:08 | INFO | Step 1
2026-08-24 13:40:08 | INFO | Model output: Answer: Columbia
2026-08-24 13:40:08 | INFO | Prediction: Columbia
2026-08-24 13:40:08 | INFO | Gold: Columbia, Maryland
2026-08-24 13:40:08 | INFO | Answer | EM: 0.0000 | F1: 0.6667
2026-08-24 13:40:08 | INFO | Result | Correct: False | Running EM: 19.58% | Termination: completed | Steps: 1 | Tool calls: 0 | Latency: 0.035s
2026-08-24 13:40:08 | INFO | Step 1
2026-08-24 13:40:08 | INFO | Model output: Answer: River Thames
2026-08-24 13:40:08 | INFO | Prediction: River Thames
2026-08-24 13:40:08 | INFO | Gold: Thames
2026-08-24 13:40:08 | INFO | Answer | EM: 0.0000 | F1: 0.6667
2026-08-24 13:40:08 | INFO | Result | Correct: False | Running EM: 19.53% | Termination: completed | Steps: 1 | Tool calls: 0 | Latency: 0.035s
2026-08-24 13:40:08 | INFO | Inference batch [385-416/500] size=32
2026-08-24 13:40:08 | INFO | [385/500] example_id=5abfd3ba5542994516f4550a
2026-08-24 13:40:08 | INFO | Question: Of the retired tennis players Ross Case and Slobodan Živojinović, which player reached a higher career-high singles ranking?
2026-08-24 13:40:08 | INFO | [386/500] example_id=5a728b1c5542992359bc30e0
2026-08-24 13:40:08 | INFO | Question: Which member of the boy group Shinee released their first studio album "She is"?
2026-08-24 13:40:08 | INFO | [387/500] example_id=5a806aca5542996402f6a503
2026-08-24 13:40:08 | INFO | Question: Which characters are akin to goblins and were added to a Tilted Mill Entertainment video game in 2009?
2026-08-24 13:40:08 | INFO | [388/500] example_id=5ae4bbf05542995ad6573e32
2026-08-24 13:40:08 | INFO | Question: Which criminal case filed in Santa Clara County Superior Court did judge Aaron Persky rendered the verdict in
2026-08-24 13:40:08 | INFO | [389/500] example_id=5a8638945542994775f6072d
2026-08-24 13:40:08 | INFO | Question: Are Sutera and Rhodotypos both types of shrub?
2026-08-24 13:40:08 | INFO | [390/500] example_id=5ab3bcc55542992ade7c6e66
2026-08-24 13:40:08 | INFO | Question: In which election did Norm Coleman won to become the last republican elected as of 2017?
2026-08-24 13:40:08 | INFO | [391/500] example_id=5ab7b0775542992aa3b8c83e
2026-08-24 13:40:08 | INFO | Question: SS Ionic was built by the industrial company based in what city?
2026-08-24 13:40:08 | INFO | [392/500] example_id=5abd68b45542993062266c77
2026-08-24 13:40:08 | INFO | Question: What did the main character in Unbroken do in the Olympics?
2026-08-24 13:40:08 | INFO | [393/500] example_id=5ac2a399554299218029dada
2026-08-24 13:40:08 | INFO | Question: Who programmed a cartridge-based development system made by a company noted for authoring Atari's BASIC?
2026-08-24 13:40:08 | INFO | [394/500] example_id=5a8f2fed55429918e830d1c7
2026-08-24 13:40:08 | INFO | Question: Both Bo Diddley and The Yardbirds played which common genre of music during their careers?
2026-08-24 13:40:08 | INFO | [395/500] example_id=5a80abb65542996402f6a5df
2026-08-24 13:40:08 | INFO | Question: What organization affiliated with the National Collegiate Athletic Association Division were the 2012 Hawaii Warriors football team first year members of?
2026-08-24 13:40:08 | INFO | [396/500] example_id=5a7fc8d05542992e7d278d86
2026-08-24 13:40:08 | INFO | Question: Which Air Force member was behind enemy lines for 11 1/2 days and had the largest,longest and most complex rescue mission?
2026-08-24 13:40:08 | INFO | [397/500] example_id=5a8f45ca5542997ba9cb320e
2026-08-24 13:40:08 | INFO | Question: What type of film are both "500 Years Later" and "Manson"?
2026-08-24 13:40:08 | INFO | [398/500] example_id=5a87aa135542996e4f3088b8
2026-08-24 13:40:08 | INFO | Question: Jolyon James performed the role of Moonshadow in a musical by a composer of what nationality?
2026-08-24 13:40:08 | INFO | [399/500] example_id=5ab29346554299545a2cf997
2026-08-24 13:40:08 | INFO | Question: What CBS-affiliated station serves Pontotoc County, Oklahoma?
2026-08-24 13:40:08 | INFO | [400/500] example_id=5ae789615542997ec2727695
2026-08-24 13:40:08 | INFO | Question: Kam Heskin plays Paige Morgan in a 2004 film directed by who?
2026-08-24 13:40:08 | INFO | [401/500] example_id=5ac45b58554299076e296dad
2026-08-24 13:40:08 | INFO | Question: Which has the larger population, Shanghai or Hanggin Rear Banner?
2026-08-24 13:40:08 | INFO | [402/500] example_id=5ac43ddf5542995c82c4ad08
2026-08-24 13:40:08 | INFO | Question: What substance is always in a trap to prevent the passage of anything from either direction,  even sewer gases?
2026-08-24 13:40:08 | INFO | [403/500] example_id=5ae075455542993d6555eb59
2026-08-24 13:40:08 | INFO | Question: Are 111 Murray Street and 220 Central Park South both located in Manhattan?
2026-08-24 13:40:08 | INFO | [404/500] example_id=5a7350585542992359bc32f9
2026-08-24 13:40:08 | INFO | Question: Everybody's Crazy was produced by Michael Bolton, what genre of music does Everybody's Crazy fit into?
2026-08-24 13:40:08 | INFO | [405/500] example_id=5ae4b55455429913cc2044db
2026-08-24 13:40:08 | INFO | Question: Among the cast for "Suicide Squad", who has also appeared in "Flags of Our Fathers"?
2026-08-24 13:40:08 | INFO | [406/500] example_id=5a8494b15542991dd0999d35
2026-08-24 13:40:08 | INFO | Question: Which magazine was founded first, Allure or Genre?
2026-08-24 13:40:08 | INFO | [407/500] example_id=5abf16965542993fe9a41dd3
2026-08-24 13:40:08 | INFO | Question: Hamilton Evans "Tony" James is the COO and director of the largest alternative investment firm in what?
2026-08-24 13:40:08 | INFO | [408/500] example_id=5ae60426554299546bf83019
2026-08-24 13:40:08 | INFO | Question: Which American Space Western animated series did Celebrity Home Entertainment released
2026-08-24 13:40:08 | INFO | [409/500] example_id=5ae226755542996483e64906
2026-08-24 13:40:08 | INFO | Question: What computer was released earlier, Gradiente Expert or LNW-80?
2026-08-24 13:40:08 | INFO | [410/500] example_id=5a809b575542996402f6a59c
2026-08-24 13:40:08 | INFO | Question: What former nose tackle announced ESPN College Football Friday Primetime in 2017?
2026-08-24 13:40:08 | INFO | [411/500] example_id=5ae28058554299495565da90
2026-08-24 13:40:08 | INFO | Question: In what year was the fantasy and science fiction author of the short story "Recovery" born?
2026-08-24 13:40:08 | INFO | [412/500] example_id=5ae7ff745542994a481bbe6e
2026-08-24 13:40:08 | INFO | Question: When was the track from which a sample was featured in "Take Me to the Clouds Above" released?
2026-08-24 13:40:08 | INFO | [413/500] example_id=5a77c74155429967ab105291
2026-08-24 13:40:08 | INFO | Question: Which band formed in England, Of Montreal or Vib Gyor?
2026-08-24 13:40:08 | INFO | [414/500] example_id=5ab6c47e55429954757d3368
2026-08-24 13:40:08 | INFO | Question: Adam Fox was one of the first members of an informal literary discussion group associated with what University?
2026-08-24 13:40:08 | INFO | [415/500] example_id=5a8a7d2b55429930ff3c0dfc
2026-08-24 13:40:08 | INFO | Question: Are the flowering plants Ecballium and Elatostema in the same family?
2026-08-24 13:40:08 | INFO | [416/500] example_id=5a7bbc59554299294a54aaa9
2026-08-24 13:40:08 | INFO | Question: Steve Denton and Albert Costa are both tennis players, which one began playing at the age if five?
2026-08-24 13:40:09 | INFO | Step 1
2026-08-24 13:40:09 | INFO | Model output: Answer: Ross Case
2026-08-24 13:40:09 | INFO | Prediction: Ross Case
2026-08-24 13:40:09 | INFO | Gold: Ross Case
2026-08-24 13:40:09 | INFO | Answer | EM: 1.0000 | F1: 1.0000
2026-08-24 13:40:09 | INFO | Result | Correct: True | Running EM: 19.74% | Termination: completed | Steps: 1 | Tool calls: 0 | Latency: 0.031s
2026-08-24 13:40:09 | INFO | Step 1
2026-08-24 13:40:09 | INFO | Model output: Answer: Minho
2026-08-24 13:40:09 | INFO | Prediction: Minho
2026-08-24 13:40:09 | INFO | Gold: Jonghyun
2026-08-24 13:40:09 | INFO | Answer | EM: 0.0000 | F1: 0.0000
2026-08-24 13:40:09 | INFO | Result | Correct: False | Running EM: 19.69% | Termination: completed | Steps: 1 | Tool calls: 0 | Latency: 0.031s
2026-08-24 13:40:09 | INFO | Step 1
2026-08-24 13:40:09 | INFO | Model output: Answer: Imps
2026-08-24 13:40:09 | INFO | Prediction: Imps
2026-08-24 13:40:09 | INFO | Gold: Orc characters
2026-08-24 13:40:09 | INFO | Answer | EM: 0.0000 | F1: 0.0000
2026-08-24 13:40:09 | INFO | Result | Correct: False | Running EM: 19.64% | Termination: completed | Steps: 1 | Tool calls: 0 | Latency: 0.031s
2026-08-24 13:40:09 | INFO | Step 1
2026-08-24 13:40:09 | INFO | Model output: Answer: The case involving Brock Turner
2026-08-24 13:40:09 | INFO | Prediction: The case involving Brock Turner
2026-08-24 13:40:09 | INFO | Gold: People v. Turner
2026-08-24 13:40:09 | INFO | Answer | EM: 0.0000 | F1: 0.2857
2026-08-24 13:40:09 | INFO | Result | Correct: False | Running EM: 19.59% | Termination: completed | Steps: 1 | Tool calls: 0 | Latency: 0.031s
2026-08-24 13:40:09 | INFO | Step 1
2026-08-24 13:40:09 | INFO | Model output: Answer: Yes
2026-08-24 13:40:09 | INFO | Prediction: Yes
2026-08-24 13:40:09 | INFO | Gold: no
2026-08-24 13:40:09 | INFO | Answer | EM: 0.0000 | F1: 0.0000
2026-08-24 13:40:09 | INFO | Result | Correct: False | Running EM: 19.54% | Termination: completed | Steps: 1 | Tool calls: 0 | Latency: 0.031s
2026-08-24 13:40:09 | INFO | Step 1
2026-08-24 13:40:09 | INFO | Model output: Answer: Minnesota Senate election, 2008
2026-08-24 13:40:09 | INFO | Prediction: Minnesota Senate election, 2008
2026-08-24 13:40:09 | INFO | Gold: 2002
2026-08-24 13:40:09 | INFO | Answer | EM: 0.0000 | F1: 0.0000
2026-08-24 13:40:09 | INFO | Result | Correct: False | Running EM: 19.49% | Termination: completed | Steps: 1 | Tool calls: 0 | Latency: 0.031s
2026-08-24 13:40:09 | INFO | Step 1
2026-08-24 13:40:09 | INFO | Model output: Answer: Glasgow
2026-08-24 13:40:09 | INFO | Prediction: Glasgow
2026-08-24 13:40:09 | INFO | Gold: Belfast, Northern Ireland
2026-08-24 13:40:09 | INFO | Answer | EM: 0.0000 | F1: 0.0000
2026-08-24 13:40:09 | INFO | Result | Correct: False | Running EM: 19.44% | Termination: completed | Steps: 1 | Tool calls: 0 | Latency: 0.031s
2026-08-24 13:40:09 | INFO | Step 1
2026-08-24 13:40:09 | INFO | Model output: Answer: ran in the 1928 Olympics
2026-08-24 13:40:09 | INFO | Prediction: ran in the 1928 Olympics
2026-08-24 13:40:09 | INFO | Gold: Olympic distance runner
2026-08-24 13:40:09 | INFO | Answer | EM: 0.0000 | F1: 0.0000
2026-08-24 13:40:09 | INFO | Result | Correct: False | Running EM: 19.39% | Termination: completed | Steps: 1 | Tool calls: 0 | Latency: 0.031s
2026-08-24 13:40:09 | INFO | Step 1
2026-08-24 13:40:09 | INFO | Model output: Answer: Warren Robinett
2026-08-24 13:40:09 | INFO | Prediction: Warren Robinett
2026-08-24 13:40:09 | INFO | Gold: Kathleen O'Brien
2026-08-24 13:40:09 | INFO | Answer | EM: 0.0000 | F1: 0.0000
2026-08-24 13:40:09 | INFO | Result | Correct: False | Running EM: 19.34% | Termination: completed | Steps: 1 | Tool calls: 0 | Latency: 0.031s
2026-08-24 13:40:09 | INFO | Step 1
2026-08-24 13:40:09 | INFO | Model output: Answer: blues
2026-08-24 13:40:09 | INFO | Prediction: blues
2026-08-24 13:40:09 | INFO | Gold: rock and roll
2026-08-24 13:40:09 | INFO | Answer | EM: 0.0000 | F1: 0.0000
2026-08-24 13:40:09 | INFO | Result | Correct: False | Running EM: 19.29% | Termination: completed | Steps: 1 | Tool calls: 0 | Latency: 0.031s
2026-08-24 13:40:09 | INFO | Step 1
2026-08-24 13:40:09 | INFO | Model output: Answer: Division I
2026-08-24 13:40:09 | INFO | Prediction: Division I
2026-08-24 13:40:09 | INFO | Gold: Mountain West Conference
2026-08-24 13:40:09 | INFO | Answer | EM: 0.0000 | F1: 0.0000
2026-08-24 13:40:09 | INFO | Result | Correct: False | Running EM: 19.24% | Termination: completed | Steps: 1 | Tool calls: 0 | Latency: 0.031s
2026-08-24 13:40:09 | INFO | Step 1
2026-08-24 13:40:09 | INFO | Model output: Answer: Colonel John L. Magrath
2026-08-24 13:40:09 | INFO | Prediction: Colonel John L. Magrath
2026-08-24 13:40:09 | INFO | Gold: Lieutenant Colonel Iceal E. "Gene" Hambleton
2026-08-24 13:40:09 | INFO | Answer | EM: 0.0000 | F1: 0.2000
2026-08-24 13:40:09 | INFO | Result | Correct: False | Running EM: 19.19% | Termination: completed | Steps: 1 | Tool calls: 0 | Latency: 0.031s
2026-08-24 13:40:09 | INFO | Step 1
2026-08-24 13:40:09 | INFO | Model output: Answer: documentary
2026-08-24 13:40:09 | INFO | Prediction: documentary
2026-08-24 13:40:09 | INFO | Gold: documentary
2026-08-24 13:40:09 | INFO | Answer | EM: 1.0000 | F1: 1.0000
2026-08-24 13:40:09 | INFO | Result | Correct: True | Running EM: 19.40% | Termination: completed | Steps: 1 | Tool calls: 0 | Latency: 0.031s
2026-08-24 13:40:09 | INFO | Step 1
2026-08-24 13:40:09 | INFO | Model output: Answer: British
2026-08-24 13:40:09 | INFO | Prediction: British
2026-08-24 13:40:09 | INFO | Gold: British
2026-08-24 13:40:09 | INFO | Answer | EM: 1.0000 | F1: 1.0000
2026-08-24 13:40:09 | INFO | Result | Correct: True | Running EM: 19.60% | Termination: completed | Steps: 1 | Tool calls: 0 | Latency: 0.031s
2026-08-24 13:40:09 | INFO | Step 1
2026-08-24 13:40:09 | INFO | Model output: Answer: KFBI-TV
2026-08-24 13:40:09 | INFO | Prediction: KFBI-TV
2026-08-24 13:40:09 | INFO | Gold: KXII
2026-08-24 13:40:09 | INFO | Answer | EM: 0.0000 | F1: 0.0000
2026-08-24 13:40:09 | INFO | Result | Correct: False | Running EM: 19.55% | Termination: completed | Steps: 1 | Tool calls: 0 | Latency: 0.031s
2026-08-24 13:40:09 | INFO | Step 1
2026-08-24 13:40:09 | INFO | Model output: Answer: Kevin Hooks
2026-08-24 13:40:09 | INFO | Prediction: Kevin Hooks
2026-08-24 13:40:09 | INFO | Gold: Martha Coolidge
2026-08-24 13:40:09 | INFO | Answer | EM: 0.0000 | F1: 0.0000
2026-08-24 13:40:09 | INFO | Result | Correct: False | Running EM: 19.50% | Termination: completed | Steps: 1 | Tool calls: 0 | Latency: 0.031s
2026-08-24 13:40:09 | INFO | Step 1
2026-08-24 13:40:09 | INFO | Model output: Answer: Shanghai
2026-08-24 13:40:09 | INFO | Prediction: Shanghai
2026-08-24 13:40:09 | INFO | Gold: Shanghai
2026-08-24 13:40:09 | INFO | Answer | EM: 1.0000 | F1: 1.0000
2026-08-24 13:40:09 | INFO | Result | Correct: True | Running EM: 19.70% | Termination: completed | Steps: 1 | Tool calls: 0 | Latency: 0.031s
2026-08-24 13:40:09 | INFO | Step 1
2026-08-24 13:40:09 | INFO | Model output: Answer: trapdoor
2026-08-24 13:40:09 | INFO | Prediction: trapdoor
2026-08-24 13:40:09 | INFO | Gold: water
2026-08-24 13:40:09 | INFO | Answer | EM: 0.0000 | F1: 0.0000
2026-08-24 13:40:09 | INFO | Result | Correct: False | Running EM: 19.65% | Termination: completed | Steps: 1 | Tool calls: 0 | Latency: 0.031s
2026-08-24 13:40:09 | INFO | Step 1
2026-08-24 13:40:09 | INFO | Model output: Answer: Yes
2026-08-24 13:40:09 | INFO | Prediction: Yes
2026-08-24 13:40:09 | INFO | Gold: yes
2026-08-24 13:40:09 | INFO | Answer | EM: 1.0000 | F1: 1.0000
2026-08-24 13:40:09 | INFO | Result | Correct: True | Running EM: 19.85% | Termination: completed | Steps: 1 | Tool calls: 0 | Latency: 0.031s
2026-08-24 13:40:09 | INFO | Step 1
2026-08-24 13:40:09 | INFO | Model output: Answer: pop
2026-08-24 13:40:09 | INFO | Prediction: pop
2026-08-24 13:40:09 | INFO | Gold: melodic hard rock
2026-08-24 13:40:09 | INFO | Answer | EM: 0.0000 | F1: 0.0000
2026-08-24 13:40:09 | INFO | Result | Correct: False | Running EM: 19.80% | Termination: completed | Steps: 1 | Tool calls: 0 | Latency: 0.031s
2026-08-24 13:40:09 | INFO | Step 1
2026-08-24 13:40:09 | INFO | Model output: Answer: Adrien Brody
2026-08-24 13:40:09 | INFO | Prediction: Adrien Brody
2026-08-24 13:40:09 | INFO | Gold: Scott Eastwood
2026-08-24 13:40:09 | INFO | Answer | EM: 0.0000 | F1: 0.0000
2026-08-24 13:40:09 | INFO | Result | Correct: False | Running EM: 19.75% | Termination: completed | Steps: 1 | Tool calls: 0 | Latency: 0.031s
2026-08-24 13:40:09 | INFO | Step 1
2026-08-24 13:40:09 | INFO | Model output: Answer: Genre
2026-08-24 13:40:09 | INFO | Prediction: Genre
2026-08-24 13:40:09 | INFO | Gold: Allure is an American women’s beauty magazine
2026-08-24 13:40:09 | INFO | Answer | EM: 0.0000 | F1: 0.0000
2026-08-24 13:40:09 | INFO | Result | Correct: False | Running EM: 19.70% | Termination: completed | Steps: 1 | Tool calls: 0 | Latency: 0.031s
2026-08-24 13:40:09 | INFO | Step 1
2026-08-24 13:40:09 | INFO | Model output: Answer: private equity
2026-08-24 13:40:09 | INFO | Prediction: private equity
2026-08-24 13:40:09 | INFO | Gold: the world
2026-08-24 13:40:09 | INFO | Answer | EM: 0.0000 | F1: 0.0000
2026-08-24 13:40:09 | INFO | Result | Correct: False | Running EM: 19.66% | Termination: completed | Steps: 1 | Tool calls: 0 | Latency: 0.031s
2026-08-24 13:40:09 | INFO | Step 1
2026-08-24 13:40:09 | INFO | Model output: Answer: South Park
2026-08-24 13:40:09 | INFO | Prediction: South Park
2026-08-24 13:40:09 | INFO | Gold: BraveStarr
2026-08-24 13:40:09 | INFO | Answer | EM: 0.0000 | F1: 0.0000
2026-08-24 13:40:09 | INFO | Result | Correct: False | Running EM: 19.61% | Termination: completed | Steps: 1 | Tool calls: 0 | Latency: 0.031s
2026-08-24 13:40:09 | INFO | Step 1
2026-08-24 13:40:09 | INFO | Model output: Answer: Gradiente Expert
2026-08-24 13:40:09 | INFO | Prediction: Gradiente Expert
2026-08-24 13:40:09 | INFO | Gold: LNW-80
2026-08-24 13:40:09 | INFO | Answer | EM: 0.0000 | F1: 0.0000
2026-08-24 13:40:09 | INFO | Result | Correct: False | Running EM: 19.56% | Termination: completed | Steps: 1 | Tool calls: 0 | Latency: 0.031s
2026-08-24 13:40:09 | INFO | Step 1
2026-08-24 13:40:09 | INFO | Model output: Answer: Kevin Jones
2026-08-24 13:40:09 | INFO | Prediction: Kevin Jones
2026-08-24 13:40:09 | INFO | Gold: Dusty Dvoracek
2026-08-24 13:40:09 | INFO | Answer | EM: 0.0000 | F1: 0.0000
2026-08-24 13:40:09 | INFO | Result | Correct: False | Running EM: 19.51% | Termination: completed | Steps: 1 | Tool calls: 0 | Latency: 0.031s
2026-08-24 13:40:09 | INFO | Step 1
2026-08-24 13:40:09 | INFO | Model output: Answer: 1951
2026-08-24 13:40:09 | INFO | Prediction: 1951
2026-08-24 13:40:09 | INFO | Gold: 1958
2026-08-24 13:40:09 | INFO | Answer | EM: 0.0000 | F1: 0.0000
2026-08-24 13:40:09 | INFO | Result | Correct: False | Running EM: 19.46% | Termination: completed | Steps: 1 | Tool calls: 0 | Latency: 0.031s
2026-08-24 13:40:09 | INFO | Step 1
2026-08-24 13:40:09 | INFO | Model output: Answer: 1982
2026-08-24 13:40:09 | INFO | Prediction: 1982
2026-08-24 13:40:09 | INFO | Gold: 16 March 1987
2026-08-24 13:40:09 | INFO | Answer | EM: 0.0000 | F1: 0.0000
2026-08-24 13:40:09 | INFO | Result | Correct: False | Running EM: 19.42% | Termination: completed | Steps: 1 | Tool calls: 0 | Latency: 0.031s
2026-08-24 13:40:09 | INFO | Step 1
2026-08-24 13:40:09 | INFO | Model output: Answer: Vib Gyor
2026-08-24 13:40:09 | INFO | Prediction: Vib Gyor
2026-08-24 13:40:09 | INFO | Gold: Vib Gyor was a band that was formed in Leeds, England.
2026-08-24 13:40:09 | INFO | Answer | EM: 0.0000 | F1: 0.3333
2026-08-24 13:40:09 | INFO | Result | Correct: False | Running EM: 19.37% | Termination: completed | Steps: 1 | Tool calls: 0 | Latency: 0.031s
2026-08-24 13:40:09 | INFO | Step 1
2026-08-24 13:40:09 | INFO | Model output: Answer: University of Cambridge
2026-08-24 13:40:09 | INFO | Prediction: University of Cambridge
2026-08-24 13:40:09 | INFO | Gold: University of Oxford, England
2026-08-24 13:40:09 | INFO | Answer | EM: 0.0000 | F1: 0.5714
2026-08-24 13:40:09 | INFO | Result | Correct: False | Running EM: 19.32% | Termination: completed | Steps: 1 | Tool calls: 0 | Latency: 0.031s
2026-08-24 13:40:09 | INFO | Step 1
2026-08-24 13:40:09 | INFO | Model output: Answer: No
2026-08-24 13:40:09 | INFO | Prediction: No
2026-08-24 13:40:09 | INFO | Gold: no
2026-08-24 13:40:09 | INFO | Answer | EM: 1.0000 | F1: 1.0000
2026-08-24 13:40:09 | INFO | Result | Correct: True | Running EM: 19.52% | Termination: completed | Steps: 1 | Tool calls: 0 | Latency: 0.031s
2026-08-24 13:40:09 | INFO | Step 1
2026-08-24 13:40:09 | INFO | Model output: Answer: Steve Denton
2026-08-24 13:40:09 | INFO | Prediction: Steve Denton
2026-08-24 13:40:09 | INFO | Gold: Costa
2026-08-24 13:40:09 | INFO | Answer | EM: 0.0000 | F1: 0.0000
2026-08-24 13:40:09 | INFO | Result | Correct: False | Running EM: 19.47% | Termination: completed | Steps: 1 | Tool calls: 0 | Latency: 0.031s
2026-08-24 13:40:09 | INFO | Inference batch [417-448/500] size=32
2026-08-24 13:40:09 | INFO | [417/500] example_id=5a89f58f5542992e4fca84af
2026-08-24 13:40:09 | INFO | Question: What station is 3 miles away from the railway station that was used in the film "Brief Encounter"?
2026-08-24 13:40:09 | INFO | [418/500] example_id=5ae5db98554299546bf82fa6
2026-08-24 13:40:09 | INFO | Question: Shane and Friends have interviewed an American YouTube personality who has two active YouTube channels, which have a combined total of how many views?
2026-08-24 13:40:09 | INFO | [419/500] example_id=5ac160bb5542994d76dccdfb
2026-08-24 13:40:09 | INFO | Question: What corporation does the company that publishes the monthly magazine that focuses almost exclusively on the Western United States and featured photograph by Julius Shulman of a home designed by Rodney Walker belong to?
2026-08-24 13:40:09 | INFO | [420/500] example_id=5a7a33205542996a35c1712f
2026-08-24 13:40:09 | INFO | Question: Out of two American colonies that had a series of skirmishes and raids between 1701 and 1765 at the disputed border, which British proprietary colony became a royal colony on the northeast coast of North America?
2026-08-24 13:40:09 | INFO | [421/500] example_id=5a89df265542992e4fca840d
2026-08-24 13:40:09 | INFO | Question: Which was developed first, Dick Smith Super-80 Computer or Pecom 32?
2026-08-24 13:40:09 | INFO | [422/500] example_id=5ae3dfb05542992e3233c490
2026-08-24 13:40:09 | INFO | Question: The 1991–92 NBA season included an Achilles tendon injury to which nine-time NBA All-Star?
2026-08-24 13:40:09 | INFO | [423/500] example_id=5a837121554299123d8c2128
2026-08-24 13:40:09 | INFO | Question: Q1: Which mountain is located in China, Kirat Chuli or Kangpenqing?
2026-08-24 13:40:09 | INFO | [424/500] example_id=5a77b1a75542992a6e59df8d
2026-08-24 13:40:09 | INFO | Question: Which American artist, who also illustrated works by Bill Nye and George W. Peck, illustrated an 1876 novel by Mark Twain about a young boy growing up along the Mississippi River?
2026-08-24 13:40:09 | INFO | [425/500] example_id=5a7c0dab5542997c3ec972d2
2026-08-24 13:40:09 | INFO | Question: Los Angeles Historic-Cultural Monument (No. 139) hosted an event by what organization on Oct 12, 1991?
2026-08-24 13:40:09 | INFO | [426/500] example_id=5ade15f35542997545bbbe47
2026-08-24 13:40:09 | INFO | Question: Katherine Waterston and Chrisann Brennan has what in common?
2026-08-24 13:40:09 | INFO | [427/500] example_id=5ac5632e5542993e66e823d9
2026-08-24 13:40:09 | INFO | Question: Is The Stuff of Legend and Babes in Toyland both entertainment?
2026-08-24 13:40:09 | INFO | [428/500] example_id=5ab72b5c5542993667793f63
2026-08-24 13:40:09 | INFO | Question: What country of origin does The Late Late Show and Craig Kilborn have in common?
2026-08-24 13:40:09 | INFO | [429/500] example_id=5ae4c35c55429913cc2044fb
2026-08-24 13:40:09 | INFO | Question: What year was the film starring Hugh Jackman, Jake Gyllenhaal, and an actress appearing in "The Cooler" and "The Jane Austen Book Club" released?
2026-08-24 13:40:09 | INFO | [430/500] example_id=5a8284b555429954d2e2eb5f
2026-08-24 13:40:09 | INFO | Question: How many rooms does the Tropicana Hotel have where the 7th annual Adult Video News awards ceremony were held in 1980?
2026-08-24 13:40:09 | INFO | [431/500] example_id=5a777ca855429949eeb29e6a
2026-08-24 13:40:09 | INFO | Question: What company produced both The Little Mermaid and The Strongest Man in the World?
2026-08-24 13:40:09 | INFO | [432/500] example_id=5ae1dac95542997283cd229b
2026-08-24 13:40:09 | INFO | Question: What group of participants that carried of Operation Neptune Spear is sometimes referred to in the U.S. media as a Special Mission Unit?
2026-08-24 13:40:09 | INFO | [433/500] example_id=5a808f3f5542992097ad2ffd
2026-08-24 13:40:09 | INFO | Question: "The Empire Builder"'s Columbia River Subdivision was part of which line?
2026-08-24 13:40:09 | INFO | [434/500] example_id=5ac009bf5542997d642959a7
2026-08-24 13:40:09 | INFO | Question: The University in Pullman, Washington is named after whom?
2026-08-24 13:40:09 | INFO | [435/500] example_id=5ae6a5d15542991bbc97615d
2026-08-24 13:40:09 | INFO | Question: Barranca de Yaco is a geographical feature along an ancient road that is approximately how many miles long?
2026-08-24 13:40:09 | INFO | [436/500] example_id=5ab8111c5542991d3222382b
2026-08-24 13:40:09 | INFO | Question: Bridget Cromwell is the eldest daughter of an English military and political leader and later Lord Protector of what commonwealths?
2026-08-24 13:40:09 | INFO | [437/500] example_id=5ab3c7df55429969a97a81be
2026-08-24 13:40:09 | INFO | Question: which is larger, Hunchun or Shijiazhuang?
2026-08-24 13:40:09 | INFO | [438/500] example_id=5ae682c45542995703ce8b6f
2026-08-24 13:40:09 | INFO | Question: Which Record Company reissued an Avenged Sevenfold Album that only sold 300 copies?
2026-08-24 13:40:09 | INFO | [439/500] example_id=5a7b542455429927d897bf92
2026-08-24 13:40:09 | INFO | Question: The Lewis and Clark Memorial Column is dedicated to Meriwether Lewis, best known for his role as the leader of which Lewis and Clark Expedition?
2026-08-24 13:40:09 | INFO | [440/500] example_id=5ade00855542997dc7907118
2026-08-24 13:40:09 | INFO | Question: What was the original name of the theatrical program that was founded by Joseph Papp?
2026-08-24 13:40:09 | INFO | [441/500] example_id=5adfd0d455429942ec259b4d
2026-08-24 13:40:09 | INFO | Question: What Andy Williams' album did a song written by Charles Wesley appear on?
2026-08-24 13:40:09 | INFO | [442/500] example_id=5a7615fb5542992db9473727
2026-08-24 13:40:09 | INFO | Question: Was the famous opera comique that was based on a Prosper Merimee novella a comedy or a tragedy?
2026-08-24 13:40:09 | INFO | [443/500] example_id=5a8747915542994775f607bb
2026-08-24 13:40:09 | INFO | Question: Which three-time Olivier Award winning English actress starred in the 1981 BBC television serial, Sons and Lovers?
2026-08-24 13:40:09 | INFO | [444/500] example_id=5a8b34705542995d1e6f130d
2026-08-24 13:40:09 | INFO | Question: From which country is the largest known example of European Iron Age silver work?
2026-08-24 13:40:09 | INFO | [445/500] example_id=5ae7eb43554299540e5a5695
2026-08-24 13:40:09 | INFO | Question: What Congressional district featured Republican nomiee Willie Vaden in 2004, 2006, and 2008?
2026-08-24 13:40:09 | INFO | [446/500] example_id=5abb8a9b5542996cc5e4a016
2026-08-24 13:40:09 | INFO | Question: Who lived longer- Bernard-Marie Koltès or Philip José Farmer?
2026-08-24 13:40:09 | INFO | [447/500] example_id=5ab5ac345542992aa134a37f
2026-08-24 13:40:09 | INFO | Question: Prominent Danish Tibetologist Per Kjeld Sørensen is a professor of Central Asian Studies at Leipzig University that was founded by who?
2026-08-24 13:40:09 | INFO | [448/500] example_id=5a80ddc555429938b6142224
2026-08-24 13:40:09 | INFO | Question: The American actor Chip Zien is best known for this Broadway production by which American composer and lyricist who received an Academy Award and Tony Awards?
2026-08-24 13:40:11 | INFO | Step 1
2026-08-24 13:40:11 | INFO | Model output: Answer: Westerton Station
2026-08-24 13:40:11 | INFO | Prediction: Westerton Station
2026-08-24 13:40:11 | INFO | Gold: Borwick railway station
2026-08-24 13:40:11 | INFO | Answer | EM: 0.0000 | F1: 0.4000
2026-08-24 13:40:11 | INFO | Result | Correct: False | Running EM: 19.42% | Termination: completed | Steps: 1 | Tool calls: 0 | Latency: 0.041s
2026-08-24 13:40:11 | INFO | Step 1
2026-08-24 13:40:11 | INFO | Model output: Answer: 2.5 billion
2026-08-24 13:40:11 | INFO | Prediction: 2.5 billion
2026-08-24 13:40:11 | INFO | Gold: 1.7 billion
2026-08-24 13:40:11 | INFO | Answer | EM: 0.0000 | F1: 0.5000
2026-08-24 13:40:11 | INFO | Result | Correct: False | Running EM: 19.38% | Termination: completed | Steps: 1 | Tool calls: 0 | Latency: 0.041s
2026-08-24 13:40:11 | INFO | Step 1
2026-08-24 13:40:11 | INFO | Model output: Answer: Pearson
2026-08-24 13:40:11 | INFO | Prediction: Pearson
2026-08-24 13:40:11 | INFO | Gold: Southern Progress Corporation
2026-08-24 13:40:11 | INFO | Answer | EM: 0.0000 | F1: 0.0000
2026-08-24 13:40:11 | INFO | Result | Correct: False | Running EM: 19.33% | Termination: completed | Steps: 1 | Tool calls: 0 | Latency: 0.041s
2026-08-24 13:40:11 | INFO | Step 1
2026-08-24 13:40:11 | INFO | Model output: Answer: Pennsylvania
2026-08-24 13:40:11 | INFO | Prediction: Pennsylvania
2026-08-24 13:40:11 | INFO | Gold: Province of New York
2026-08-24 13:40:11 | INFO | Answer | EM: 0.0000 | F1: 0.0000
2026-08-24 13:40:11 | INFO | Result | Correct: False | Running EM: 19.29% | Termination: completed | Steps: 1 | Tool calls: 0 | Latency: 0.041s
2026-08-24 13:40:11 | INFO | Step 1
2026-08-24 13:40:11 | INFO | Model output: Answer: Dick Smith Super-80 Computer
2026-08-24 13:40:11 | INFO | Prediction: Dick Smith Super-80 Computer
2026-08-24 13:40:11 | INFO | Gold: Dick Smith Super-80
2026-08-24 13:40:11 | INFO | Answer | EM: 0.0000 | F1: 0.8571
2026-08-24 13:40:11 | INFO | Result | Correct: False | Running EM: 19.24% | Termination: completed | Steps: 1 | Tool calls: 0 | Latency: 0.041s
2026-08-24 13:40:11 | INFO | Step 1
2026-08-24 13:40:11 | INFO | Model output: Answer: Michael Jordan
2026-08-24 13:40:11 | INFO | Prediction: Michael Jordan
2026-08-24 13:40:11 | INFO | Gold: Jacques Dominique Wilkins
2026-08-24 13:40:11 | INFO | Answer | EM: 0.0000 | F1: 0.0000
2026-08-24 13:40:11 | INFO | Result | Correct: False | Running EM: 19.19% | Termination: completed | Steps: 1 | Tool calls: 0 | Latency: 0.041s
2026-08-24 13:40:11 | INFO | Step 1
2026-08-24 13:40:11 | INFO | Model output: Answer: Kirat Chuli
2026-08-24 13:40:11 | INFO | Prediction: Kirat Chuli
2026-08-24 13:40:11 | INFO | Gold: Kangpenqing (also Gang Benchhen) is a mountain in the Baiku Himalayas of Tibet, China.
2026-08-24 13:40:11 | INFO | Answer | EM: 0.0000 | F1: 0.0000
2026-08-24 13:40:11 | INFO | Result | Correct: False | Running EM: 19.15% | Termination: completed | Steps: 1 | Tool calls: 0 | Latency: 0.041s
2026-08-24 13:40:11 | INFO | Step 1
2026-08-24 13:40:11 | INFO | Model output: Answer: Thomas Nast
2026-08-24 13:40:11 | INFO | Prediction: Thomas Nast
2026-08-24 13:40:11 | INFO | Gold: Truman W. "True" Williams
2026-08-24 13:40:11 | INFO | Answer | EM: 0.0000 | F1: 0.0000
2026-08-24 13:40:11 | INFO | Result | Correct: False | Running EM: 19.10% | Termination: completed | Steps: 1 | Tool calls: 0 | Latency: 0.041s
2026-08-24 13:40:11 | INFO | Step 1
2026-08-24 13:40:11 | INFO | Model output: Answer: The Asian Pacific Islander American Scholarship Fund
2026-08-24 13:40:11 | INFO | Prediction: The Asian Pacific Islander American Scholarship Fund
2026-08-24 13:40:11 | INFO | Gold: IFBB professional bodybuilding
2026-08-24 13:40:11 | INFO | Answer | EM: 0.0000 | F1: 0.0000
2026-08-24 13:40:11 | INFO | Result | Correct: False | Running EM: 19.06% | Termination: completed | Steps: 1 | Tool calls: 0 | Latency: 0.041s
2026-08-24 13:40:11 | INFO | Step 1
2026-08-24 13:40:11 | INFO | Model output: Answer: actress
2026-08-24 13:40:11 | INFO | Prediction: actress
2026-08-24 13:40:11 | INFO | Gold: Steve Jobs
2026-08-24 13:40:11 | INFO | Answer | EM: 0.0000 | F1: 0.0000
2026-08-24 13:40:11 | INFO | Result | Correct: False | Running EM: 19.01% | Termination: completed | Steps: 1 | Tool calls: 0 | Latency: 0.041s
2026-08-24 13:40:11 | INFO | Step 1
2026-08-24 13:40:11 | INFO | Model output: Answer: Yes
2026-08-24 13:40:11 | INFO | Prediction: Yes
2026-08-24 13:40:11 | INFO | Gold: by
2026-08-24 13:40:11 | INFO | Answer | EM: 0.0000 | F1: 0.0000
2026-08-24 13:40:11 | INFO | Result | Correct: False | Running EM: 18.97% | Termination: completed | Steps: 1 | Tool calls: 0 | Latency: 0.041s
2026-08-24 13:40:11 | INFO | Step 1
2026-08-24 13:40:11 | INFO | Model output: Answer: United States
2026-08-24 13:40:11 | INFO | Prediction: United States
2026-08-24 13:40:11 | INFO | Gold: American
2026-08-24 13:40:11 | INFO | Answer | EM: 0.0000 | F1: 0.0000
2026-08-24 13:40:11 | INFO | Result | Correct: False | Running EM: 18.93% | Termination: completed | Steps: 1 | Tool calls: 0 | Latency: 0.041s
2026-08-24 13:40:11 | INFO | Step 1
2026-08-24 13:40:11 | INFO | Model output: Answer: 2009
2026-08-24 13:40:11 | INFO | Prediction: 2009
2026-08-24 13:40:11 | INFO | Gold: 2013
2026-08-24 13:40:11 | INFO | Answer | EM: 0.0000 | F1: 0.0000
2026-08-24 13:40:11 | INFO | Result | Correct: False | Running EM: 18.88% | Termination: completed | Steps: 1 | Tool calls: 0 | Latency: 0.041s
2026-08-24 13:40:11 | INFO | Step 1
2026-08-24 13:40:11 | INFO | Model output: Answer: 3,250
2026-08-24 13:40:11 | INFO | Prediction: 3,250
2026-08-24 13:40:11 | INFO | Gold: 1,467 rooms
2026-08-24 13:40:11 | INFO | Answer | EM: 0.0000 | F1: 0.0000
2026-08-24 13:40:11 | INFO | Result | Correct: False | Running EM: 18.84% | Termination: completed | Steps: 1 | Tool calls: 0 | Latency: 0.041s
2026-08-24 13:40:11 | INFO | Step 1
2026-08-24 13:40:11 | INFO | Model output: Answer: Walt Disney Productions
2026-08-24 13:40:11 | INFO | Prediction: Walt Disney Productions
2026-08-24 13:40:11 | INFO | Gold: Walt Disney
2026-08-24 13:40:11 | INFO | Answer | EM: 0.0000 | F1: 0.8000
2026-08-24 13:40:11 | INFO | Result | Correct: False | Running EM: 18.79% | Termination: completed | Steps: 1 | Tool calls: 0 | Latency: 0.041s
2026-08-24 13:40:11 | INFO | Step 1
2026-08-24 13:40:11 | INFO | Model output: Answer: SEAL Team 6
2026-08-24 13:40:11 | INFO | Prediction: SEAL Team 6
2026-08-24 13:40:11 | INFO | Gold: SEAL Team Six
2026-08-24 13:40:11 | INFO | Answer | EM: 0.0000 | F1: 0.6667
2026-08-24 13:40:11 | INFO | Result | Correct: False | Running EM: 18.75% | Termination: completed | Steps: 1 | Tool calls: 0 | Latency: 0.041s
2026-08-24 13:40:11 | INFO | Step 1
2026-08-24 13:40:11 | INFO | Model output: Answer: The Chicago, Milwaukee, St. Paul and Pacific Railroad (known as the Milwaukee Road)
2026-08-24 13:40:11 | INFO | Prediction: The Chicago, Milwaukee, St. Paul and Pacific Railroad (known as the Milwaukee Road)
2026-08-24 13:40:11 | INFO | Gold: Great Northern Railway
2026-08-24 13:40:11 | INFO | Answer | EM: 0.0000 | F1: 0.0000
2026-08-24 13:40:11 | INFO | Result | Correct: False | Running EM: 18.71% | Termination: completed | Steps: 1 | Tool calls: 0 | Latency: 0.041s
2026-08-24 13:40:11 | INFO | Step 1
2026-08-24 13:40:11 | INFO | Model output: Answer: Washington Territory's first territorial governor, Isaac I. Stevens
2026-08-24 13:40:11 | INFO | Prediction: Washington Territory's first territorial governor, Isaac I. Stevens
2026-08-24 13:40:11 | INFO | Gold: Edward R. Murrow
2026-08-24 13:40:11 | INFO | Answer | EM: 0.0000 | F1: 0.0000
2026-08-24 13:40:11 | INFO | Result | Correct: False | Running EM: 18.66% | Termination: completed | Steps: 1 | Tool calls: 0 | Latency: 0.041s
2026-08-24 13:40:11 | INFO | Step 1
2026-08-24 13:40:11 | INFO | Model output: Answer: 500 miles
2026-08-24 13:40:11 | INFO | Prediction: 500 miles
2026-08-24 13:40:11 | INFO | Gold: 24800 mi
2026-08-24 13:40:11 | INFO | Answer | EM: 0.0000 | F1: 0.0000
2026-08-24 13:40:11 | INFO | Result | Correct: False | Running EM: 18.62% | Termination: completed | Steps: 1 | Tool calls: 0 | Latency: 0.041s
2026-08-24 13:40:11 | INFO | Step 1
2026-08-24 13:40:11 | INFO | Model output: Answer: English Commonwealth
2026-08-24 13:40:11 | INFO | Prediction: English Commonwealth
2026-08-24 13:40:11 | INFO | Gold: England, Scotland, and Ireland
2026-08-24 13:40:11 | INFO | Answer | EM: 0.0000 | F1: 0.0000
2026-08-24 13:40:11 | INFO | Result | Correct: False | Running EM: 18.58% | Termination: completed | Steps: 1 | Tool calls: 0 | Latency: 0.041s
2026-08-24 13:40:11 | INFO | Step 1
2026-08-24 13:40:11 | INFO | Model output: Answer: Shijiazhuang
2026-08-24 13:40:11 | INFO | Prediction: Shijiazhuang
2026-08-24 13:40:11 | INFO | Gold: Shijiazhuang
2026-08-24 13:40:11 | INFO | Answer | EM: 1.0000 | F1: 1.0000
2026-08-24 13:40:11 | INFO | Result | Correct: True | Running EM: 18.76% | Termination: completed | Steps: 1 | Tool calls: 0 | Latency: 0.041s
2026-08-24 13:40:11 | INFO | Step 1
2026-08-24 13:40:11 | INFO | Model output: Answer: Roadrunner Records
2026-08-24 13:40:11 | INFO | Prediction: Roadrunner Records
2026-08-24 13:40:11 | INFO | Gold: Hopeless Records
2026-08-24 13:40:11 | INFO | Answer | EM: 0.0000 | F1: 0.5000
2026-08-24 13:40:11 | INFO | Result | Correct: False | Running EM: 18.72% | Termination: completed | Steps: 1 | Tool calls: 0 | Latency: 0.041s
2026-08-24 13:40:11 | INFO | Step 1
2026-08-24 13:40:11 | INFO | Model output: Answer: the Corps of Discovery Expedition
2026-08-24 13:40:11 | INFO | Prediction: the Corps of Discovery Expedition
2026-08-24 13:40:11 | INFO | Gold: Corps of Discovery
2026-08-24 13:40:11 | INFO | Answer | EM: 0.0000 | F1: 0.8571
2026-08-24 13:40:11 | INFO | Result | Correct: False | Running EM: 18.68% | Termination: completed | Steps: 1 | Tool calls: 0 | Latency: 0.041s
2026-08-24 13:40:11 | INFO | Step 1
2026-08-24 13:40:11 | INFO | Model output: Answer: Shakespeare Festival
2026-08-24 13:40:11 | INFO | Prediction: Shakespeare Festival
2026-08-24 13:40:11 | INFO | Gold: New York Shakespeare Festival
2026-08-24 13:40:11 | INFO | Answer | EM: 0.0000 | F1: 0.6667
2026-08-24 13:40:11 | INFO | Result | Correct: False | Running EM: 18.64% | Termination: completed | Steps: 1 | Tool calls: 0 | Latency: 0.041s
2026-08-24 13:40:11 | INFO | Step 1
2026-08-24 13:40:11 | INFO | Model output: Answer: A Song for You
2026-08-24 13:40:11 | INFO | Prediction: A Song for You
2026-08-24 13:40:11 | INFO | Gold: The Andy Williams Christmas Album
2026-08-24 13:40:11 | INFO | Answer | EM: 0.0000 | F1: 0.0000
2026-08-24 13:40:11 | INFO | Result | Correct: False | Running EM: 18.59% | Termination: completed | Steps: 1 | Tool calls: 0 | Latency: 0.041s
2026-08-24 13:40:11 | INFO | Step 1
2026-08-24 13:40:11 | INFO | Model output: Answer: comedy
2026-08-24 13:40:11 | INFO | Prediction: comedy
2026-08-24 13:40:11 | INFO | Gold: "Carmen", perhaps the most famous "opéra comique", is a tragedy
2026-08-24 13:40:11 | INFO | Answer | EM: 0.0000 | F1: 0.0000
2026-08-24 13:40:11 | INFO | Result | Correct: False | Running EM: 18.55% | Termination: completed | Steps: 1 | Tool calls: 0 | Latency: 0.041s
2026-08-24 13:40:11 | INFO | Step 1
2026-08-24 13:40:11 | INFO | Model output: Answer: Jenny Agutter
2026-08-24 13:40:11 | INFO | Prediction: Jenny Agutter
2026-08-24 13:40:11 | INFO | Gold: Dame Eileen June Atkins
2026-08-24 13:40:11 | INFO | Answer | EM: 0.0000 | F1: 0.0000
2026-08-24 13:40:11 | INFO | Result | Correct: False | Running EM: 18.51% | Termination: completed | Steps: 1 | Tool calls: 0 | Latency: 0.041s
2026-08-24 13:40:11 | INFO | Step 1
2026-08-24 13:40:11 | INFO | Model output: Answer: Germany
2026-08-24 13:40:11 | INFO | Prediction: Germany
2026-08-24 13:40:11 | INFO | Gold: Switzerland
2026-08-24 13:40:11 | INFO | Answer | EM: 0.0000 | F1: 0.0000
2026-08-24 13:40:11 | INFO | Result | Correct: False | Running EM: 18.47% | Termination: completed | Steps: 1 | Tool calls: 0 | Latency: 0.041s
2026-08-24 13:40:11 | INFO | Step 1
2026-08-24 13:40:11 | INFO | Model output: Answer: Tennessee's 1st congressional district
2026-08-24 13:40:11 | INFO | Prediction: Tennessee's 1st congressional district
2026-08-24 13:40:11 | INFO | Gold: Texas's 27th congressional district
2026-08-24 13:40:11 | INFO | Answer | EM: 0.0000 | F1: 0.5000
2026-08-24 13:40:11 | INFO | Result | Correct: False | Running EM: 18.43% | Termination: completed | Steps: 1 | Tool calls: 0 | Latency: 0.041s
2026-08-24 13:40:11 | INFO | Step 1
2026-08-24 13:40:11 | INFO | Model output: Answer: Bernard-Marie Koltès
2026-08-24 13:40:11 | INFO | Prediction: Bernard-Marie Koltès
2026-08-24 13:40:11 | INFO | Gold: Philip José Farmer
2026-08-24 13:40:11 | INFO | Answer | EM: 0.0000 | F1: 0.0000
2026-08-24 13:40:11 | INFO | Result | Correct: False | Running EM: 18.39% | Termination: completed | Steps: 1 | Tool calls: 0 | Latency: 0.041s
2026-08-24 13:40:11 | INFO | Step 1
2026-08-24 13:40:11 | INFO | Model output: Answer: Leipzig University was founded by Frederick III, Elector of Saxony
2026-08-24 13:40:11 | INFO | Prediction: Leipzig University was founded by Frederick III, Elector of Saxony
2026-08-24 13:40:11 | INFO | Gold: Frederick I, Elector of Saxony
2026-08-24 13:40:11 | INFO | Answer | EM: 0.0000 | F1: 0.5333
2026-08-24 13:40:11 | INFO | Result | Correct: False | Running EM: 18.34% | Termination: completed | Steps: 1 | Tool calls: 0 | Latency: 0.041s
2026-08-24 13:40:11 | INFO | Step 1
2026-08-24 13:40:11 | INFO | Model output: Answer: Stephen Sondheim
2026-08-24 13:40:11 | INFO | Prediction: Stephen Sondheim
2026-08-24 13:40:11 | INFO | Gold: Stephen Sondheim
2026-08-24 13:40:11 | INFO | Answer | EM: 1.0000 | F1: 1.0000
2026-08-24 13:40:11 | INFO | Result | Correct: True | Running EM: 18.53% | Termination: completed | Steps: 1 | Tool calls: 0 | Latency: 0.041s
2026-08-24 13:40:11 | INFO | Inference batch [449-480/500] size=32
2026-08-24 13:40:11 | INFO | [449/500] example_id=5ab7f7465542993667794071
2026-08-24 13:40:11 | INFO | Question: What type of engine powered both the Saab 36 and the Avro Vulcan?
2026-08-24 13:40:11 | INFO | [450/500] example_id=5a8979f4554299669944a52e
2026-08-24 13:40:11 | INFO | Question: What is the middle name of the actress who plays Bobbi Bacha in Suburban Madness?
2026-08-24 13:40:11 | INFO | [451/500] example_id=5a8bd2965542997f31a41dd1
2026-08-24 13:40:11 | INFO | Question: Were both magazines Diva and Cleo founded in the same country?
2026-08-24 13:40:11 | INFO | [452/500] example_id=5a8da2b05542994ba4e3dcdc
2026-08-24 13:40:11 | INFO | Question: The Grieg crater is named for a Norwegian composer who composed during what era?
2026-08-24 13:40:11 | INFO | [453/500] example_id=5ac4f9db55429924173fb532
2026-08-24 13:40:11 | INFO | Question: Tritonia and Phyteuma are both names for a what of plants?
2026-08-24 13:40:11 | INFO | [454/500] example_id=5a8cee9b554299441c6b9f87
2026-08-24 13:40:11 | INFO | Question: Haier has North American rights to which appliance company headquartered in Louisville, Kentucky?
2026-08-24 13:40:11 | INFO | [455/500] example_id=5adfad2b554299603e41835c
2026-08-24 13:40:11 | INFO | Question: The song Arizona was recorded by Paul Revere and Mark Lindsay but who wrote the song?
2026-08-24 13:40:11 | INFO | [456/500] example_id=5a8220db5542995ce29dccc1
2026-08-24 13:40:11 | INFO | Question: Which was secretary to President Richard Nixon: Rose Mary Woods or H. R. Haldeman?
2026-08-24 13:40:11 | INFO | [457/500] example_id=5ab4774d5542991751b4d781
2026-08-24 13:40:11 | INFO | Question: Crash is similar to what 16th century British card game in the sense that there is no betting?
2026-08-24 13:40:11 | INFO | [458/500] example_id=5add56ad5542992200553abf
2026-08-24 13:40:11 | INFO | Question: What resort in Biloxi, Mississippi does the Chief Operating Officer of the largest single hotel in the United States oversee?
2026-08-24 13:40:11 | INFO | [459/500] example_id=5ab44ab25542991779162c58
2026-08-24 13:40:11 | INFO | Question: What are both Camel Up and Outrage!?
2026-08-24 13:40:11 | INFO | [460/500] example_id=5a8b057255429971feec4611
2026-08-24 13:40:11 | INFO | Question: David Lightfoot worked on what film loosely based on the murders of tourists by Ivan Milat in the 1990's?
2026-08-24 13:40:11 | INFO | [461/500] example_id=5ae4be5c5542995ad6573e3a
2026-08-24 13:40:11 | INFO | Question: Who recorded the song written by Johnny Russell
2026-08-24 13:40:11 | INFO | [462/500] example_id=5abaf4535542996cc5e49f35
2026-08-24 13:40:11 | INFO | Question: Where was the coach of the 1999 Oklahoma State Cowboys football team hired in 2013?
2026-08-24 13:40:11 | INFO | [463/500] example_id=5adefcf15542995ec70e8f4c
2026-08-24 13:40:11 | INFO | Question: What position does the First Vice Captain of Juventus play?
2026-08-24 13:40:11 | INFO | [464/500] example_id=5a883afc5542994846c1ce48
2026-08-24 13:40:11 | INFO | Question: What city is the band that recorded Renegade from?
2026-08-24 13:40:11 | INFO | [465/500] example_id=5a721e0e55429971e9dc928d
2026-08-24 13:40:11 | INFO | Question: which university was founded first Duke University or Tufts University?
2026-08-24 13:40:11 | INFO | [466/500] example_id=5ab66e1355429954757d32b2
2026-08-24 13:40:11 | INFO | Question: Are Sunset Strip and American Hardcore both music documentaries?
2026-08-24 13:40:11 | INFO | [467/500] example_id=5a7fa08d55429969796c1af7
2026-08-24 13:40:11 | INFO | Question: Were the board games, Clans and Drunter und Drüber, both created by Leo Colovini?
2026-08-24 13:40:11 | INFO | [468/500] example_id=5ae8202255429952e35eaa3a
2026-08-24 13:40:11 | INFO | Question: What Japanese fashion label was founded by the creator of Dover Street Market?
2026-08-24 13:40:11 | INFO | [469/500] example_id=5ab57759554299637185c5a5
2026-08-24 13:40:11 | INFO | Question: Princess Marie-Clementine Bagration was the illegitimate daughter of the Austrian Empire's Foreign Minister whose resignation was forced by what?
2026-08-24 13:40:11 | INFO | [470/500] example_id=5ab96c93554299743d22eb63
2026-08-24 13:40:11 | INFO | Question: Which of the cities of Dujiangyan City and Ezhou has the larger population according to their latest census ?
2026-08-24 13:40:11 | INFO | [471/500] example_id=5ae2d8fb55429928c42394fa
2026-08-24 13:40:11 | INFO | Question: Who was the base where the 413th Flight Test Group is stationed named after?
2026-08-24 13:40:11 | INFO | [472/500] example_id=5ae2e61455429928c423953e
2026-08-24 13:40:11 | INFO | Question: What is the inspirational source behind the name of this studio album by the British rock band Queen released by EMI Records that was included in the The Crown Jewels?
2026-08-24 13:40:11 | INFO | [473/500] example_id=5ac0aa595542992a796ded5a
2026-08-24 13:40:11 | INFO | Question: Luis Gianneo was teacher of which chief exponent of Argentine folk music?
2026-08-24 13:40:11 | INFO | [474/500] example_id=5abcf46255429959677d6b6b
2026-08-24 13:40:11 | INFO | Question: The composer for the music in the film "A Clockwork Orange" was born in which state?
2026-08-24 13:40:11 | INFO | [475/500] example_id=5ac2ab9455429967731025f0
2026-08-24 13:40:11 | INFO | Question: Which award did the Tunisian-Dutch actor that starred in Collide win?
2026-08-24 13:40:11 | INFO | [476/500] example_id=5a8f4c8d554299458435d5a3
2026-08-24 13:40:11 | INFO | Question: Scott Parkin has been a vocal critic of Exxonmobil and another corporation that has operations in how many countries ?
2026-08-24 13:40:11 | INFO | [477/500] example_id=5a7717635542994aec3b71e3
2026-08-24 13:40:11 | INFO | Question: Who is the writer for an American teen sitcom created by Kim Bass for Nickelodeon?
2026-08-24 13:40:11 | INFO | [478/500] example_id=5a89019a5542995153361259
2026-08-24 13:40:11 | INFO | Question: Mazda's Mazda6 belongs to which country's car manufacturer?
2026-08-24 13:40:11 | INFO | [479/500] example_id=5a849c135542992a431d1a7a
2026-08-24 13:40:11 | INFO | Question: What was the 2016 population of the city on the Bay Fundy which had an office of the Bank of British North America?
2026-08-24 13:40:11 | INFO | [480/500] example_id=5addf3d65542990dbb2f7f0e
2026-08-24 13:40:11 | INFO | Question: Are Ballota and Myosotis both evergreens?
2026-08-24 13:40:12 | INFO | Step 1
2026-08-24 13:40:12 | INFO | Model output: Answer: turbojet
2026-08-24 13:40:12 | INFO | Prediction: turbojet
2026-08-24 13:40:12 | INFO | Gold: British Bristol Olympus turbojet
2026-08-24 13:40:12 | INFO | Answer | EM: 0.0000 | F1: 0.4000
2026-08-24 13:40:12 | INFO | Result | Correct: False | Running EM: 18.49% | Termination: completed | Steps: 1 | Tool calls: 0 | Latency: 0.034s
2026-08-24 13:40:12 | INFO | Step 1
2026-08-24 13:40:12 | INFO | Model output: Answer: Lisa
2026-08-24 13:40:12 | INFO | Prediction: Lisa
2026-08-24 13:40:12 | INFO | Gold: Ann
2026-08-24 13:40:12 | INFO | Answer | EM: 0.0000 | F1: 0.0000
2026-08-24 13:40:12 | INFO | Result | Correct: False | Running EM: 18.44% | Termination: completed | Steps: 1 | Tool calls: 0 | Latency: 0.034s
2026-08-24 13:40:12 | INFO | Step 1
2026-08-24 13:40:12 | INFO | Model output: Answer: No
2026-08-24 13:40:12 | INFO | Prediction: No
2026-08-24 13:40:12 | INFO | Gold: no
2026-08-24 13:40:12 | INFO | Answer | EM: 1.0000 | F1: 1.0000
2026-08-24 13:40:12 | INFO | Result | Correct: True | Running EM: 18.63% | Termination: completed | Steps: 1 | Tool calls: 0 | Latency: 0.034s
2026-08-24 13:40:12 | INFO | Step 1
2026-08-24 13:40:12 | INFO | Model output: Answer: Romantic era
2026-08-24 13:40:12 | INFO | Prediction: Romantic era
2026-08-24 13:40:12 | INFO | Gold: Romantic
2026-08-24 13:40:12 | INFO | Answer | EM: 0.0000 | F1: 0.6667
2026-08-24 13:40:12 | INFO | Result | Correct: False | Running EM: 18.58% | Termination: completed | Steps: 1 | Tool calls: 0 | Latency: 0.034s
2026-08-24 13:40:12 | INFO | Step 1
2026-08-24 13:40:12 | INFO | Model output: Answer: genus
2026-08-24 13:40:12 | INFO | Prediction: genus
2026-08-24 13:40:12 | INFO | Gold: genus
2026-08-24 13:40:12 | INFO | Answer | EM: 1.0000 | F1: 1.0000
2026-08-24 13:40:12 | INFO | Result | Correct: True | Running EM: 18.76% | Termination: completed | Steps: 1 | Tool calls: 0 | Latency: 0.034s
2026-08-24 13:40:12 | INFO | Step 1
2026-08-24 13:40:12 | INFO | Model output: Answer: Frigidaire
2026-08-24 13:40:12 | INFO | Prediction: Frigidaire
2026-08-24 13:40:12 | INFO | Gold: GE Appliances
2026-08-24 13:40:12 | INFO | Answer | EM: 0.0000 | F1: 0.0000
2026-08-24 13:40:12 | INFO | Result | Correct: False | Running EM: 18.72% | Termination: completed | Steps: 1 | Tool calls: 0 | Latency: 0.034s
2026-08-24 13:40:12 | INFO | Step 1
2026-08-24 13:40:12 | INFO | Model output: Answer: Paul Revere & the Raiders
2026-08-24 13:40:12 | INFO | Prediction: Paul Revere & the Raiders
2026-08-24 13:40:12 | INFO | Gold: Kenny Young
2026-08-24 13:40:12 | INFO | Answer | EM: 0.0000 | F1: 0.0000
2026-08-24 13:40:12 | INFO | Result | Correct: False | Running EM: 18.68% | Termination: completed | Steps: 1 | Tool calls: 0 | Latency: 0.034s
2026-08-24 13:40:12 | INFO | Step 1
2026-08-24 13:40:12 | INFO | Model output: Answer: Rose Mary Woods
2026-08-24 13:40:12 | INFO | Prediction: Rose Mary Woods
2026-08-24 13:40:12 | INFO | Gold: Rose Mary Woods
2026-08-24 13:40:12 | INFO | Answer | EM: 1.0000 | F1: 1.0000
2026-08-24 13:40:12 | INFO | Result | Correct: True | Running EM: 18.86% | Termination: completed | Steps: 1 | Tool calls: 0 | Latency: 0.034s
2026-08-24 13:40:12 | INFO | Step 1
2026-08-24 13:40:12 | INFO | Model output: Answer: Whist
2026-08-24 13:40:12 | INFO | Prediction: Whist
2026-08-24 13:40:12 | INFO | Gold: In Crash, there is no betting, as in Brag
2026-08-24 13:40:12 | INFO | Answer | EM: 0.0000 | F1: 0.0000
2026-08-24 13:40:12 | INFO | Result | Correct: False | Running EM: 18.82% | Termination: completed | Steps: 1 | Tool calls: 0 | Latency: 0.034s
2026-08-24 13:40:12 | INFO | Step 1
2026-08-24 13:40:12 | INFO | Model output: Answer: Beau Rivage Resort & Casino
2026-08-24 13:40:12 | INFO | Prediction: Beau Rivage Resort & Casino
2026-08-24 13:40:12 | INFO | Gold: Beau Rivage
2026-08-24 13:40:12 | INFO | Answer | EM: 0.0000 | F1: 0.6667
2026-08-24 13:40:12 | INFO | Result | Correct: False | Running EM: 18.78% | Termination: completed | Steps: 1 | Tool calls: 0 | Latency: 0.034s
2026-08-24 13:40:12 | INFO | Step 1
2026-08-24 13:40:12 | INFO | Model output: Answer: board games
2026-08-24 13:40:12 | INFO | Prediction: board games
2026-08-24 13:40:12 | INFO | Gold: board game
2026-08-24 13:40:12 | INFO | Answer | EM: 0.0000 | F1: 0.5000
2026-08-24 13:40:12 | INFO | Result | Correct: False | Running EM: 18.74% | Termination: completed | Steps: 1 | Tool calls: 0 | Latency: 0.034s
2026-08-24 13:40:12 | INFO | Step 1
2026-08-24 13:40:12 | INFO | Model output: Answer: Ten Canoes
2026-08-24 13:40:12 | INFO | Prediction: Ten Canoes
2026-08-24 13:40:12 | INFO | Gold: Wolf Creek
2026-08-24 13:40:12 | INFO | Answer | EM: 0.0000 | F1: 0.0000
2026-08-24 13:40:12 | INFO | Result | Correct: False | Running EM: 18.70% | Termination: completed | Steps: 1 | Tool calls: 0 | Latency: 0.034s
2026-08-24 13:40:12 | INFO | Step 1
2026-08-24 13:40:12 | INFO | Model output: Answer: Lulu
2026-08-24 13:40:12 | INFO | Prediction: Lulu
2026-08-24 13:40:12 | INFO | Gold: Buck Owens
2026-08-24 13:40:12 | INFO | Answer | EM: 0.0000 | F1: 0.0000
2026-08-24 13:40:12 | INFO | Result | Correct: False | Running EM: 18.66% | Termination: completed | Steps: 1 | Tool calls: 0 | Latency: 0.034s
2026-08-24 13:40:12 | INFO | Step 1
2026-08-24 13:40:12 | INFO | Model output: Answer: Houston Oilers
2026-08-24 13:40:12 | INFO | Prediction: Houston Oilers
2026-08-24 13:40:12 | INFO | Gold: Boulder High School
2026-08-24 13:40:12 | INFO | Answer | EM: 0.0000 | F1: 0.0000
2026-08-24 13:40:12 | INFO | Result | Correct: False | Running EM: 18.61% | Termination: completed | Steps: 1 | Tool calls: 0 | Latency: 0.034s
2026-08-24 13:40:12 | INFO | Step 1
2026-08-24 13:40:12 | INFO | Model output: Answer: defender
2026-08-24 13:40:12 | INFO | Prediction: defender
2026-08-24 13:40:12 | INFO | Gold: centre-back
2026-08-24 13:40:12 | INFO | Answer | EM: 0.0000 | F1: 0.0000
2026-08-24 13:40:12 | INFO | Result | Correct: False | Running EM: 18.57% | Termination: completed | Steps: 1 | Tool calls: 0 | Latency: 0.034s
2026-08-24 13:40:12 | INFO | Step 1
2026-08-24 13:40:12 | INFO | Model output: Answer: San Francisco
2026-08-24 13:40:12 | INFO | Prediction: San Francisco
2026-08-24 13:40:12 | INFO | Gold: Chicago
2026-08-24 13:40:12 | INFO | Answer | EM: 0.0000 | F1: 0.0000
2026-08-24 13:40:12 | INFO | Result | Correct: False | Running EM: 18.53% | Termination: completed | Steps: 1 | Tool calls: 0 | Latency: 0.034s
2026-08-24 13:40:12 | INFO | Step 1
2026-08-24 13:40:12 | INFO | Model output: Answer: Tufts University
2026-08-24 13:40:12 | INFO | Prediction: Tufts University
2026-08-24 13:40:12 | INFO | Gold: Duke University
2026-08-24 13:40:12 | INFO | Answer | EM: 0.0000 | F1: 0.5000
2026-08-24 13:40:12 | INFO | Result | Correct: False | Running EM: 18.49% | Termination: completed | Steps: 1 | Tool calls: 0 | Latency: 0.034s
2026-08-24 13:40:12 | INFO | Step 1
2026-08-24 13:40:12 | INFO | Model output: Answer: No
2026-08-24 13:40:12 | INFO | Prediction: No
2026-08-24 13:40:12 | INFO | Gold: no
2026-08-24 13:40:12 | INFO | Answer | EM: 1.0000 | F1: 1.0000
2026-08-24 13:40:12 | INFO | Result | Correct: True | Running EM: 18.67% | Termination: completed | Steps: 1 | Tool calls: 0 | Latency: 0.034s
2026-08-24 13:40:12 | INFO | Step 1
2026-08-24 13:40:12 | INFO | Model output: Answer: No
2026-08-24 13:40:12 | INFO | Prediction: No
2026-08-24 13:40:12 | INFO | Gold: Drunter und Drüber is a multiplayer board game invented by Klaus Teuber
2026-08-24 13:40:12 | INFO | Answer | EM: 0.0000 | F1: 0.0000
2026-08-24 13:40:12 | INFO | Result | Correct: False | Running EM: 18.63% | Termination: completed | Steps: 1 | Tool calls: 0 | Latency: 0.034s
2026-08-24 13:40:12 | INFO | Step 1
2026-08-24 13:40:12 | INFO | Model output: Answer: Comme des Garçons
2026-08-24 13:40:12 | INFO | Prediction: Comme des Garçons
2026-08-24 13:40:12 | INFO | Gold: Comme des Garçons
2026-08-24 13:40:12 | INFO | Answer | EM: 1.0000 | F1: 1.0000
2026-08-24 13:40:12 | INFO | Result | Correct: True | Running EM: 18.80% | Termination: completed | Steps: 1 | Tool calls: 0 | Latency: 0.034s
2026-08-24 13:40:12 | INFO | Step 1
2026-08-24 13:40:12 | INFO | Model output: Answer: Prince Karl von Buol's resignation was forced by him.
2026-08-24 13:40:12 | INFO | Prediction: Prince Karl von Buol's resignation was forced by him.
2026-08-24 13:40:12 | INFO | Gold: the liberal revolutions of 1848
2026-08-24 13:40:12 | INFO | Answer | EM: 0.0000 | F1: 0.0000
2026-08-24 13:40:12 | INFO | Result | Correct: False | Running EM: 18.76% | Termination: completed | Steps: 1 | Tool calls: 0 | Latency: 0.034s
2026-08-24 13:40:12 | INFO | Step 1
2026-08-24 13:40:12 | INFO | Model output: Answer: Dujiangyan City
2026-08-24 13:40:12 | INFO | Prediction: Dujiangyan City
2026-08-24 13:40:12 | INFO | Gold: Ezhou
2026-08-24 13:40:12 | INFO | Answer | EM: 0.0000 | F1: 0.0000
2026-08-24 13:40:12 | INFO | Result | Correct: False | Running EM: 18.72% | Termination: completed | Steps: 1 | Tool calls: 0 | Latency: 0.034s
2026-08-24 13:40:12 | INFO | Step 1
2026-08-24 13:40:12 | INFO | Model output: Answer: Colonel Robert W. Johnson
2026-08-24 13:40:12 | INFO | Prediction: Colonel Robert W. Johnson
2026-08-24 13:40:12 | INFO | Gold: Brig Gen Augustine Warner Robins
2026-08-24 13:40:12 | INFO | Answer | EM: 0.0000 | F1: 0.0000
2026-08-24 13:40:12 | INFO | Result | Correct: False | Running EM: 18.68% | Termination: completed | Steps: 1 | Tool calls: 0 | Latency: 0.034s
2026-08-24 13:40:12 | INFO | Step 1
2026-08-24 13:40:12 | INFO | Model output: Answer: A Night at the Opera
2026-08-24 13:40:12 | INFO | Prediction: A Night at the Opera
2026-08-24 13:40:12 | INFO | Gold: Marx Brothers film
2026-08-24 13:40:12 | INFO | Answer | EM: 0.0000 | F1: 0.0000
2026-08-24 13:40:12 | INFO | Result | Correct: False | Running EM: 18.64% | Termination: completed | Steps: 1 | Tool calls: 0 | Latency: 0.034s
2026-08-24 13:40:12 | INFO | Step 1
2026-08-24 13:40:12 | INFO | Model output: Answer: Atahualpa Yupanqui
2026-08-24 13:40:12 | INFO | Prediction: Atahualpa Yupanqui
2026-08-24 13:40:12 | INFO | Gold: Ariel Ramírez
2026-08-24 13:40:12 | INFO | Answer | EM: 0.0000 | F1: 0.0000
2026-08-24 13:40:12 | INFO | Result | Correct: False | Running EM: 18.60% | Termination: completed | Steps: 1 | Tool calls: 0 | Latency: 0.034s
2026-08-24 13:40:12 | INFO | Step 1
2026-08-24 13:40:12 | INFO | Model output: Answer: Pennsylvania
2026-08-24 13:40:12 | INFO | Prediction: Pennsylvania
2026-08-24 13:40:12 | INFO | Gold: Rhode Island
2026-08-24 13:40:12 | INFO | Answer | EM: 0.0000 | F1: 0.0000
2026-08-24 13:40:12 | INFO | Result | Correct: False | Running EM: 18.57% | Termination: completed | Steps: 1 | Tool calls: 0 | Latency: 0.034s
2026-08-24 13:40:12 | INFO | Step 1
2026-08-24 13:40:12 | INFO | Model output: Answer: César Award
2026-08-24 13:40:12 | INFO | Prediction: César Award
2026-08-24 13:40:12 | INFO | Gold: Best Actor in 2013
2026-08-24 13:40:12 | INFO | Answer | EM: 0.0000 | F1: 0.0000
2026-08-24 13:40:12 | INFO | Result | Correct: False | Running EM: 18.53% | Termination: completed | Steps: 1 | Tool calls: 0 | Latency: 0.034s
2026-08-24 13:40:12 | INFO | Step 1
2026-08-24 13:40:12 | INFO | Model output: Answer: 190 countries
2026-08-24 13:40:12 | INFO | Prediction: 190 countries
2026-08-24 13:40:12 | INFO | Gold: more than 70 countries
2026-08-24 13:40:12 | INFO | Answer | EM: 0.0000 | F1: 0.3333
2026-08-24 13:40:12 | INFO | Result | Correct: False | Running EM: 18.49% | Termination: completed | Steps: 1 | Tool calls: 0 | Latency: 0.034s
2026-08-24 13:40:12 | INFO | Step 1
2026-08-24 13:40:12 | INFO | Model output: Answer: Dan Schneider
2026-08-24 13:40:12 | INFO | Prediction: Dan Schneider
2026-08-24 13:40:12 | INFO | Gold: Wayne Conley
2026-08-24 13:40:12 | INFO | Answer | EM: 0.0000 | F1: 0.0000
2026-08-24 13:40:12 | INFO | Result | Correct: False | Running EM: 18.45% | Termination: completed | Steps: 1 | Tool calls: 0 | Latency: 0.034s
2026-08-24 13:40:12 | INFO | Step 1
2026-08-24 13:40:12 | INFO | Model output: Answer: Japan
2026-08-24 13:40:12 | INFO | Prediction: Japan
2026-08-24 13:40:12 | INFO | Gold: Japanese
2026-08-24 13:40:12 | INFO | Answer | EM: 0.0000 | F1: 0.0000
2026-08-24 13:40:12 | INFO | Result | Correct: False | Running EM: 18.41% | Termination: completed | Steps: 1 | Tool calls: 0 | Latency: 0.034s
2026-08-24 13:40:12 | INFO | Step 1
2026-08-24 13:40:12 | INFO | Model output: Answer: 36,349
2026-08-24 13:40:12 | INFO | Prediction: 36,349
2026-08-24 13:40:12 | INFO | Gold: 67,575
2026-08-24 13:40:12 | INFO | Answer | EM: 0.0000 | F1: 0.0000
2026-08-24 13:40:12 | INFO | Result | Correct: False | Running EM: 18.37% | Termination: completed | Steps: 1 | Tool calls: 0 | Latency: 0.034s
2026-08-24 13:40:12 | INFO | Step 1
2026-08-24 13:40:12 | INFO | Model output: Answer: No
2026-08-24 13:40:12 | INFO | Prediction: No
2026-08-24 13:40:12 | INFO | Gold: no
2026-08-24 13:40:12 | INFO | Answer | EM: 1.0000 | F1: 1.0000
2026-08-24 13:40:12 | INFO | Result | Correct: True | Running EM: 18.54% | Termination: completed | Steps: 1 | Tool calls: 0 | Latency: 0.034s
2026-08-24 13:40:12 | INFO | Inference batch [481-500/500] size=20
2026-08-24 13:40:12 | INFO | [481/500] example_id=5a802b595542995d8a8ddf51
2026-08-24 13:40:12 | INFO | Question: What is the familiar name for the first operation in the Battle of Normandy, also codenamed Operation Overlord?
2026-08-24 13:40:12 | INFO | [482/500] example_id=5a7e5ec25542991319bc947a
2026-08-24 13:40:12 | INFO | Question: Which tennis player is younger, John Newcombe or Květa Peschke?
2026-08-24 13:40:12 | INFO | [483/500] example_id=5a7dbc175542995ed0d1666b
2026-08-24 13:40:12 | INFO | Question: What russian Marxist revolutionary born in 1875 was part of the Vpered organization?
2026-08-24 13:40:12 | INFO | [484/500] example_id=5abe953b5542993f32c2a170
2026-08-24 13:40:12 | INFO | Question: what is one of the stars of  The Newcomers known for
2026-08-24 13:40:12 | INFO | [485/500] example_id=5a7521c55542993748c897c6
2026-08-24 13:40:12 | INFO | Question: Temagami-Lorrain Mine and Burwash Mine were both mines created during the early 1900s; which one yielded a 16-ton bulk sample of gold ore in 1935?
2026-08-24 13:40:12 | INFO | [486/500] example_id=5a8591715542994c784ddb27
2026-08-24 13:40:12 | INFO | Question: What was the breakthrough role of the actor starring in Good Boy! and was a native of Atlanta?
2026-08-24 13:40:12 | INFO | [487/500] example_id=5a82fcbd55429954d2e2ebe8
2026-08-24 13:40:12 | INFO | Question: Russia Soviet pianist, composer and teacher, Tatiana Nikolayeva taught what Polish pianist and music educator?
2026-08-24 13:40:12 | INFO | [488/500] example_id=5abce7d755429959677d6b3a
2026-08-24 13:40:12 | INFO | Question: Docks has hosted the funk rock band formed in what city in 1983?
2026-08-24 13:40:12 | INFO | [489/500] example_id=5ab9535a5542996be202047e
2026-08-24 13:40:12 | INFO | Question: How many episodes were in the season of "Rick and Morty" that featured an episode called "The Ricks Must Be Crazy"?
2026-08-24 13:40:12 | INFO | [490/500] example_id=5ae1faf15542997f29b3c1e3
2026-08-24 13:40:12 | INFO | Question: William Davis Ticknor, Sr. served on the board of a chemical and biotechnology company created in what year?
2026-08-24 13:40:12 | INFO | [491/500] example_id=5a7f22005542993067513656
2026-08-24 13:40:12 | INFO | Question: Among Kele Okereke and Jon Hume who made the New Zealand band Evermore?
2026-08-24 13:40:12 | INFO | [492/500] example_id=5a8a231a55429930ff3c0cb4
2026-08-24 13:40:12 | INFO | Question: Kasimir Bileski was a noted stamp dealer based in a Canadian province that is bordered by which 2 US states?
2026-08-24 13:40:12 | INFO | [493/500] example_id=5ae37d265542994393b9e6e7
2026-08-24 13:40:12 | INFO | Question: Which of the people featured on Wall of Fame is the daughter of Bernie Ecclestone?
2026-08-24 13:40:12 | INFO | [494/500] example_id=5a8e83545542990e94052b28
2026-08-24 13:40:12 | INFO | Question: Where was the founder of the Trussed Concrete Steel Company raised?
2026-08-24 13:40:12 | INFO | [495/500] example_id=5ac5188255429924173fb5a3
2026-08-24 13:40:12 | INFO | Question: About how many people are employed by the company founded by Denise Coates?
2026-08-24 13:40:12 | INFO | [496/500] example_id=5a7351785542994cef4bc539
2026-08-24 13:40:12 | INFO | Question: Was Atom Egoyans biggest commercial success on stage or on film?
2026-08-24 13:40:12 | INFO | [497/500] example_id=5a74f63e5542993748c89758
2026-08-24 13:40:12 | INFO | Question: A Troll in Central Park and All Dogs Go to Heaven were both directed by which person?
2026-08-24 13:40:12 | INFO | [498/500] example_id=5a8a03245542992e4fca84d5
2026-08-24 13:40:12 | INFO | Question: What profession does Spice Girls discography and Emma Bunton have in common?
2026-08-24 13:40:12 | INFO | [499/500] example_id=5abf8e135542990832d3a14f
2026-08-24 13:40:12 | INFO | Question: whiich Australian racing driver won the 44-lap race for the Red Bull Racing team?
2026-08-24 13:40:12 | INFO | [500/500] example_id=5ab5d6155542997d4ad1f1fa
2026-08-24 13:40:12 | INFO | Question: What band was the man who compiled the tracks for The Early Years a part of when they were inducted into the Rock and Roll Hall of Fame?
2026-08-24 13:40:13 | INFO | Step 1
2026-08-24 13:40:13 | INFO | Model output: Answer: D-Day
2026-08-24 13:40:13 | INFO | Prediction: D-Day
2026-08-24 13:40:13 | INFO | Gold: D-Day
2026-08-24 13:40:13 | INFO | Answer | EM: 1.0000 | F1: 1.0000
2026-08-24 13:40:13 | INFO | Result | Correct: True | Running EM: 18.71% | Termination: completed | Steps: 1 | Tool calls: 0 | Latency: 0.037s
2026-08-24 13:40:13 | INFO | Step 1
2026-08-24 13:40:13 | INFO | Model output: Answer: John Newcombe
2026-08-24 13:40:13 | INFO | Prediction: John Newcombe
2026-08-24 13:40:13 | INFO | Gold: Květa Peschke
2026-08-24 13:40:13 | INFO | Answer | EM: 0.0000 | F1: 0.0000
2026-08-24 13:40:13 | INFO | Result | Correct: False | Running EM: 18.67% | Termination: completed | Steps: 1 | Tool calls: 0 | Latency: 0.037s
2026-08-24 13:40:13 | INFO | Step 1
2026-08-24 13:40:13 | INFO | Model output: Answer: Georgi Plekhanov
2026-08-24 13:40:13 | INFO | Prediction: Georgi Plekhanov
2026-08-24 13:40:13 | INFO | Gold: Anatoly Vasilyevich Lunacharsky
2026-08-24 13:40:13 | INFO | Answer | EM: 0.0000 | F1: 0.0000
2026-08-24 13:40:13 | INFO | Result | Correct: False | Running EM: 18.63% | Termination: completed | Steps: 1 | Tool calls: 0 | Latency: 0.037s
2026-08-24 13:40:13 | INFO | Step 1
2026-08-24 13:40:13 | INFO | Model output: Answer: actor
2026-08-24 13:40:13 | INFO | Prediction: actor
2026-08-24 13:40:13 | INFO | Gold: superhero roles as the Marvel Comics
2026-08-24 13:40:13 | INFO | Answer | EM: 0.0000 | F1: 0.0000
2026-08-24 13:40:13 | INFO | Result | Correct: False | Running EM: 18.60% | Termination: completed | Steps: 1 | Tool calls: 0 | Latency: 0.037s
2026-08-24 13:40:13 | INFO | Step 1
2026-08-24 13:40:13 | INFO | Model output: Answer: Temagami-Lorrain Mine
2026-08-24 13:40:13 | INFO | Prediction: Temagami-Lorrain Mine
2026-08-24 13:40:13 | INFO | Gold: Burwash Mine
2026-08-24 13:40:13 | INFO | Answer | EM: 0.0000 | F1: 0.5000
2026-08-24 13:40:13 | INFO | Result | Correct: False | Running EM: 18.56% | Termination: completed | Steps: 1 | Tool calls: 0 | Latency: 0.037s
2026-08-24 13:40:13 | INFO | Step 1
2026-08-24 13:40:13 | INFO | Model output: Answer: Tommy Chong
2026-08-24 13:40:13 | INFO | Prediction: Tommy Chong
2026-08-24 13:40:13 | INFO | Gold: Tai Frasier in "Clueless"
2026-08-24 13:40:13 | INFO | Answer | EM: 0.0000 | F1: 0.0000
2026-08-24 13:40:13 | INFO | Result | Correct: False | Running EM: 18.52% | Termination: completed | Steps: 1 | Tool calls: 0 | Latency: 0.037s
2026-08-24 13:40:13 | INFO | Step 1
2026-08-24 13:40:13 | INFO | Model output: Answer: Krystian Zimerman
2026-08-24 13:40:13 | INFO | Prediction: Krystian Zimerman
2026-08-24 13:40:13 | INFO | Gold: Maria Szraiber
2026-08-24 13:40:13 | INFO | Answer | EM: 0.0000 | F1: 0.0000
2026-08-24 13:40:13 | INFO | Result | Correct: False | Running EM: 18.48% | Termination: completed | Steps: 1 | Tool calls: 0 | Latency: 0.037s
2026-08-24 13:40:13 | INFO | Step 1
2026-08-24 13:40:13 | INFO | Model output: Answer: Seattle
2026-08-24 13:40:13 | INFO | Prediction: Seattle
2026-08-24 13:40:13 | INFO | Gold: Los Angeles
2026-08-24 13:40:13 | INFO | Answer | EM: 0.0000 | F1: 0.0000
2026-08-24 13:40:13 | INFO | Result | Correct: False | Running EM: 18.44% | Termination: completed | Steps: 1 | Tool calls: 0 | Latency: 0.037s
2026-08-24 13:40:13 | INFO | Step 1
2026-08-24 13:40:13 | INFO | Model output: Answer: 10
2026-08-24 13:40:13 | INFO | Prediction: 10
2026-08-24 13:40:13 | INFO | Gold: ten
2026-08-24 13:40:13 | INFO | Answer | EM: 0.0000 | F1: 0.0000
2026-08-24 13:40:13 | INFO | Result | Correct: False | Running EM: 18.40% | Termination: completed | Steps: 1 | Tool calls: 0 | Latency: 0.037s
2026-08-24 13:40:13 | INFO | Step 1
2026-08-24 13:40:13 | INFO | Model output: Answer: 2000
2026-08-24 13:40:13 | INFO | Prediction: 2000
2026-08-24 13:40:13 | INFO | Gold: 1919
2026-08-24 13:40:13 | INFO | Answer | EM: 0.0000 | F1: 0.0000
2026-08-24 13:40:13 | INFO | Result | Correct: False | Running EM: 18.37% | Termination: completed | Steps: 1 | Tool calls: 0 | Latency: 0.037s
2026-08-24 13:40:13 | INFO | Step 1
2026-08-24 13:40:13 | INFO | Model output: Answer: Jon Hume
2026-08-24 13:40:13 | INFO | Prediction: Jon Hume
2026-08-24 13:40:13 | INFO | Gold: Jon Hume
2026-08-24 13:40:13 | INFO | Answer | EM: 1.0000 | F1: 1.0000
2026-08-24 13:40:13 | INFO | Result | Correct: True | Running EM: 18.53% | Termination: completed | Steps: 1 | Tool calls: 0 | Latency: 0.037s
2026-08-24 13:40:13 | INFO | Step 1
2026-08-24 13:40:13 | INFO | Model output: Answer: New York and New Brunswick
2026-08-24 13:40:13 | INFO | Prediction: New York and New Brunswick
2026-08-24 13:40:13 | INFO | Gold: North Dakota and Minnesota
2026-08-24 13:40:13 | INFO | Answer | EM: 0.0000 | F1: 0.2222
2026-08-24 13:40:13 | INFO | Result | Correct: False | Running EM: 18.50% | Termination: completed | Steps: 1 | Tool calls: 0 | Latency: 0.037s
2026-08-24 13:40:13 | INFO | Step 1
2026-08-24 13:40:13 | INFO | Model output: Answer: Jenson Button
2026-08-24 13:40:13 | INFO | Prediction: Jenson Button
2026-08-24 13:40:13 | INFO | Gold: Tamara Ecclestone
2026-08-24 13:40:13 | INFO | Answer | EM: 0.0000 | F1: 0.0000
2026-08-24 13:40:13 | INFO | Result | Correct: False | Running EM: 18.46% | Termination: completed | Steps: 1 | Tool calls: 0 | Latency: 0.037s
2026-08-24 13:40:13 | INFO | Step 1
2026-08-24 13:40:13 | INFO | Model output: Answer: Information not available in my current knowledge.
2026-08-24 13:40:13 | INFO | Prediction: Information not available in my current knowledge.
2026-08-24 13:40:13 | INFO | Gold: Detroit, Michigan
2026-08-24 13:40:13 | INFO | Answer | EM: 0.0000 | F1: 0.0000
2026-08-24 13:40:13 | INFO | Result | Correct: False | Running EM: 18.42% | Termination: completed | Steps: 1 | Tool calls: 0 | Latency: 0.037s
2026-08-24 13:40:13 | INFO | Step 1
2026-08-24 13:40:13 | INFO | Model output: Answer: Approximately 4,500
2026-08-24 13:40:13 | INFO | Prediction: Approximately 4,500
2026-08-24 13:40:13 | INFO | Gold: 3,000
2026-08-24 13:40:13 | INFO | Answer | EM: 0.0000 | F1: 0.0000
2026-08-24 13:40:13 | INFO | Result | Correct: False | Running EM: 18.38% | Termination: completed | Steps: 1 | Tool calls: 0 | Latency: 0.037s
2026-08-24 13:40:13 | INFO | Step 1
2026-08-24 13:40:13 | INFO | Model output: Answer: On film
2026-08-24 13:40:13 | INFO | Prediction: On film
2026-08-24 13:40:13 | INFO | Gold: erotic thriller film
2026-08-24 13:40:13 | INFO | Answer | EM: 0.0000 | F1: 0.4000
2026-08-24 13:40:13 | INFO | Result | Correct: False | Running EM: 18.35% | Termination: completed | Steps: 1 | Tool calls: 0 | Latency: 0.037s
2026-08-24 13:40:13 | INFO | Step 1
2026-08-24 13:40:13 | INFO | Model output: Answer: Richard Rich
2026-08-24 13:40:13 | INFO | Prediction: Richard Rich
2026-08-24 13:40:13 | INFO | Gold: Don Bluth
2026-08-24 13:40:13 | INFO | Answer | EM: 0.0000 | F1: 0.0000
2026-08-24 13:40:13 | INFO | Result | Correct: False | Running EM: 18.31% | Termination: completed | Steps: 1 | Tool calls: 0 | Latency: 0.037s
2026-08-24 13:40:13 | INFO | Step 1
2026-08-24 13:40:13 | INFO | Model output: Answer: musician
2026-08-24 13:40:13 | INFO | Prediction: musician
2026-08-24 13:40:13 | INFO | Gold: singer
2026-08-24 13:40:13 | INFO | Answer | EM: 0.0000 | F1: 0.0000
2026-08-24 13:40:13 | INFO | Result | Correct: False | Running EM: 18.27% | Termination: completed | Steps: 1 | Tool calls: 0 | Latency: 0.037s
2026-08-24 13:40:13 | INFO | Step 1
2026-08-24 13:40:13 | INFO | Model output: Answer: Daniel Ricciardo
2026-08-24 13:40:13 | INFO | Prediction: Daniel Ricciardo
2026-08-24 13:40:13 | INFO | Gold: Daniel Ricciardo
2026-08-24 13:40:13 | INFO | Answer | EM: 1.0000 | F1: 1.0000
2026-08-24 13:40:13 | INFO | Result | Correct: True | Running EM: 18.44% | Termination: completed | Steps: 1 | Tool calls: 0 | Latency: 0.037s
2026-08-24 13:40:13 | INFO | Step 1
2026-08-24 13:40:13 | INFO | Model output: Answer: The Rolling Stones
2026-08-24 13:40:13 | INFO | Prediction: The Rolling Stones
2026-08-24 13:40:13 | INFO | Gold: Deep Purple
2026-08-24 13:40:13 | INFO | Answer | EM: 0.0000 | F1: 0.0000
2026-08-24 13:40:13 | INFO | Result | Correct: False | Running EM: 18.40% | Termination: completed | Steps: 1 | Tool calls: 0 | Latency: 0.037s
2026-08-24 13:40:13 | INFO | === FINAL HOTPOTQA METRICS ===
2026-08-24 13:40:13 | INFO | metric.em=0.184000
2026-08-24 13:40:13 | INFO | metric.f1=0.277379
2026-08-24 13:40:13 | INFO | metric.prec=0.291518
2026-08-24 13:40:13 | INFO | metric.recall=0.282083
2026-08-24 13:40:13 | INFO | metric.sp_em=0.000000
2026-08-24 13:40:13 | INFO | metric.sp_f1=0.000000
2026-08-24 13:40:13 | INFO | metric.sp_prec=0.000000
2026-08-24 13:40:13 | INFO | metric.sp_recall=0.000000
2026-08-24 13:40:13 | INFO | metric.joint_em=0.000000
2026-08-24 13:40:13 | INFO | metric.joint_f1=0.000000
2026-08-24 13:40:13 | INFO | metric.joint_prec=0.000000
2026-08-24 13:40:13 | INFO | metric.joint_recall=0.000000
2026-08-24 13:40:13 | INFO | metric.supporting_fact_prediction_coverage=0.000000
2026-08-24 13:40:13 | INFO | metric.total_examples=500
2026-08-24 13:40:13 | INFO | metric.correct=92
2026-08-24 13:40:13 | INFO | metric.incorrect=408
2026-08-24 13:40:13 | INFO | metric.average_steps=1.000000
2026-08-24 13:40:13 | INFO | metric.average_tool_calls=0.000000
2026-08-24 13:40:13 | INFO | metric.runtime_seconds=25.064598
2026-08-24 13:40:13 | INFO | metric.termination_reasons={'completed': 500}
2026-08-24 13:40:13 | WARNING | No supporting-fact pairs were predicted. Official sp_* and joint_* metrics therefore score empty evidence predictions; no evidence was fabricated.
2026-08-24 13:40:13 | INFO | === END FINAL HOTPOTQA METRICS ===
2026-08-24 13:40:13 | INFO | Benchmark complete: exact_match=0.1840
2026-08-24 13:40:13 | INFO | Metrics: /content/ReACT_ICLR_2023_Reproduction/outputs/hotpotqa/standard/2026-08-24_133826/metrics.json
