2026-08-24 14:37:05 | INFO | Starting benchmark: task=hotpotqa method=cot
2026-08-24 14:37:05 | INFO | Code version: 0.10.0
2026-08-24 14:37:05 | INFO | Run directory: /content/ReACT_ICLR_2023_Reproduction/outputs/hotpotqa/cot/2026-08-24_143705
2026-08-24 14:37:05 | INFO | Inference batch size: 16
2026-08-24 14:37:05 | INFO | Loading 500 HotpotQA samples with seed=42
2026-08-24 14:37:14 | INFO | Loading tokenizer: Qwen/Qwen2.5-7B-Instruct
2026-08-24 14:37:16 | INFO | Loading model: Qwen/Qwen2.5-7B-Instruct device=cuda dtype=torch.bfloat16
2026-08-24 14:37:22 | INFO | Model ready: Qwen/Qwen2.5-7B-Instruct
2026-08-24 14:37:22 | INFO | Inference batch [1-16/500] size=16
2026-08-24 14:37:22 | INFO | [1/500] example_id=5ae143ed55429920d5234360
2026-08-24 14:37:22 | INFO | Question: In what year was the university where Sergei Aleksandrovich Tokarev was a professor founded?
2026-08-24 14:37:22 | INFO | [2/500] example_id=5abc19705542993a06baf86e
2026-08-24 14:37:22 | INFO | Question: Black Book starred the actress and writer of what heritage?
2026-08-24 14:37:22 | INFO | [3/500] example_id=5ac3e0f7554299194317388b
2026-08-24 14:37:22 | INFO | Question: Which actor does American Beauty and American Beauty have in common?
2026-08-24 14:37:22 | INFO | [4/500] example_id=5ae518655542993aec5ec139
2026-08-24 14:37:22 | INFO | Question: Ken Pruitt  was a Republican member of an upper house of the legislature with how many members ?
2026-08-24 14:37:22 | INFO | [5/500] example_id=5ab985eb554299131ca42360
2026-08-24 14:37:22 | INFO | Question: Between Greyia and Calibanus, which genus contains more species?
2026-08-24 14:37:22 | INFO | [6/500] example_id=5a8753d95542994846c1cd63
2026-08-24 14:37:22 | INFO | Question: Did John Updike and Tom Clancy both publish more than 15 bestselling novels?
2026-08-24 14:37:22 | INFO | [7/500] example_id=5ab97d0a5542996be202051e
2026-08-24 14:37:22 | INFO | Question: Who was hung for assisting the attempted surrender of a defector from the American Continental Army to the British Army?
2026-08-24 14:37:22 | INFO | [8/500] example_id=5adef1b35542993a75d263af
2026-08-24 14:37:22 | INFO | Question: which Mexican and American film actress is Ethel Houbiers  French voice of
2026-08-24 14:37:22 | INFO | [9/500] example_id=5a73b55855429978a71e9086
2026-08-24 14:37:22 | INFO | Question: Which major international airport in south-east England ranks as the 8th busiest airport in Europe and replaced Croydon Airport?
2026-08-24 14:37:22 | INFO | [10/500] example_id=5ae80919554299540e5a56f6
2026-08-24 14:37:22 | INFO | Question: Isabella Kelly was born at a ruined castle characterized as one of the most isolated fortifications in Britain by who?
2026-08-24 14:37:22 | INFO | [11/500] example_id=5ae361605542994393b9e69b
2026-08-24 14:37:22 | INFO | Question: The facility where Robert Croft worked as a navy instructor was also known as?
2026-08-24 14:37:22 | INFO | [12/500] example_id=5ac3a76e554299741d48a2be
2026-08-24 14:37:22 | INFO | Question: Who released the song "With or Without You" first, Jai McDowall or U2?
2026-08-24 14:37:22 | INFO | [13/500] example_id=5a7557d75542992d0ec05f68
2026-08-24 14:37:22 | INFO | Question: Which "Roseanne" star is in Scream 2?
2026-08-24 14:37:22 | INFO | [14/500] example_id=5a8d12ca5542994ba4e3dbe2
2026-08-24 14:37:22 | INFO | Question: In what city is the company that Fastjet Tanzania was originally founded as a part of prior to rebranding based?
2026-08-24 14:37:22 | INFO | [15/500] example_id=5ab7f6d35542993667794070
2026-08-24 14:37:22 | INFO | Question: What is the name of the Australian specialist electronic music magazine that features avant-rock, experimental sound art, and experimental hip hop?
2026-08-24 14:37:22 | INFO | [16/500] example_id=5ac3d9135542995c82c4ac4c
2026-08-24 14:37:22 | INFO | Question: What is the population of the city that Munsonville is in the northwest corner of?
2026-08-24 14:37:26 | INFO | Step 1
2026-08-24 14:37:26 | INFO | Thought: Sergei Aleksandrovich Tokarev was a professor at Moscow State University. Moscow State University was founded in 1755.
2026-08-24 14:37:26 | INFO | Model output: Thought: Sergei Aleksandrovich Tokarev was a professor at Moscow State University. Moscow State University was founded in 1755.
Answer: 1755
2026-08-24 14:37:26 | INFO | Prediction: 1755
2026-08-24 14:37:26 | INFO | Gold: 1755
2026-08-24 14:37:26 | INFO | Answer | EM: 1.0000 | F1: 1.0000
2026-08-24 14:37:26 | INFO | Result | Correct: True | Running EM: 100.00% | Termination: completed | Steps: 1 | Tool calls: 0 | Latency: 0.274s
2026-08-24 14:37:26 | INFO | Step 1
2026-08-24 14:37:26 | INFO | Thought: Black Book is a film starring Ingrid Bergman. Ingrid Bergman was of Swedish, Italian, and Jewish heritage.
2026-08-24 14:37:26 | INFO | Model output: Thought: Black Book is a film starring Ingrid Bergman. Ingrid Bergman was of Swedish, Italian, and Jewish heritage.
Answer: Swedish, Italian, and Jewish heritage
2026-08-24 14:37:26 | INFO | Prediction: Swedish, Italian, and Jewish heritage
2026-08-24 14:37:26 | INFO | Gold: Dutch
2026-08-24 14:37:26 | INFO | Answer | EM: 0.0000 | F1: 0.0000
2026-08-24 14:37:26 | INFO | Result | Correct: False | Running EM: 50.00% | Termination: completed | Steps: 1 | Tool calls: 0 | Latency: 0.274s
2026-08-24 14:37:26 | INFO | Step 1
2026-08-24 14:37:26 | INFO | Thought: The question seems to be asking about an actor who appears in both "American Beauty" (the film) and "American Beauty" (which could refer to the TV show or another context). However, there is no actor who can appear in both a film and its title as text. If we assume the question meant to ask which actor is in the film "American Beauty," then the main lead actor is Kevin Spacey.
2026-08-24 14:37:26 | INFO | Model output: Thought: The question seems to be asking about an actor who appears in both "American Beauty" (the film) and "American Beauty" (which could refer to the TV show or another context). However, there is no actor who can appear in both a film and its title as text. If we assume the question meant to ask which actor is in the film "American Beauty," then the main lead actor is Kevin Spacey. 
Answer: Kevin Spacey
2026-08-24 14:37:26 | INFO | Prediction: Kevin Spacey
2026-08-24 14:37:26 | INFO | Gold: Kevin Spacey
2026-08-24 14:37:26 | INFO | Answer | EM: 1.0000 | F1: 1.0000
2026-08-24 14:37:26 | INFO | Result | Correct: True | Running EM: 66.67% | Termination: completed | Steps: 1 | Tool calls: 0 | Latency: 0.274s
2026-08-24 14:37:26 | INFO | Step 1
2026-08-24 14:37:26 | INFO | Thought: Ken Pruitt was a member of the North Carolina Senate, which is the upper house of the North Carolina General Assembly. The North Carolina Senate has 50 members.
2026-08-24 14:37:26 | INFO | Model output: Thought: Ken Pruitt was a member of the North Carolina Senate, which is the upper house of the North Carolina General Assembly. The North Carolina Senate has 50 members.
Answer: 50 members
2026-08-24 14:37:26 | INFO | Prediction: 50 members
2026-08-24 14:37:26 | INFO | Gold: 40 members
2026-08-24 14:37:26 | INFO | Answer | EM: 0.0000 | F1: 0.5000
2026-08-24 14:37:26 | INFO | Result | Correct: False | Running EM: 50.00% | Termination: completed | Steps: 1 | Tool calls: 0 | Latency: 0.274s
2026-08-24 14:37:26 | INFO | Step 1
2026-08-24 14:37:26 | INFO | Thought: Greyia is a genus of succulent plants in the family Asphodelaceae, while Calibanus is a genus of orchids in the family Orchidaceae. To determine which genus contains more species, we need to compare the number of species in each. Greyia contains approximately 5-6 species, while Calibanus contains about 20-25 species.
2026-08-24 14:37:26 | INFO | Model output: Thought: Greyia is a genus of succulent plants in the family Asphodelaceae, while Calibanus is a genus of orchids in the family Orchidaceae. To determine which genus contains more species, we need to compare the number of species in each. Greyia contains approximately 5-6 species, while Calibanus contains about 20-25 species.
Answer: Calibanus
2026-08-24 14:37:26 | INFO | Prediction: Calibanus
2026-08-24 14:37:26 | INFO | Gold: Greyia
2026-08-24 14:37:26 | INFO | Answer | EM: 0.0000 | F1: 0.0000
2026-08-24 14:37:26 | INFO | Result | Correct: False | Running EM: 40.00% | Termination: completed | Steps: 1 | Tool calls: 0 | Latency: 0.274s
2026-08-24 14:37:26 | INFO | Step 1
2026-08-24 14:37:26 | INFO | Thought: John Updike published 23 novels, while Tom Clancy published 26 novels. Both authors published more than 15 bestselling novels.
2026-08-24 14:37:26 | INFO | Model output: Thought: John Updike published 23 novels, while Tom Clancy published 26 novels. Both authors published more than 15 bestselling novels.
Answer: Yes
2026-08-24 14:37:26 | INFO | Prediction: Yes
2026-08-24 14:37:26 | INFO | Gold: yes
2026-08-24 14:37:26 | INFO | Answer | EM: 1.0000 | F1: 1.0000
2026-08-24 14:37:26 | INFO | Result | Correct: True | Running EM: 50.00% | Termination: completed | Steps: 1 | Tool calls: 0 | Latency: 0.274s
2026-08-24 14:37:26 | INFO | Step 1
2026-08-24 14:37:26 | INFO | Thought: The event described involves historical figures and actions related to the American Revolutionary War. The defector mentioned is likely Joseph Reed, and the person who assisted him in attempting to surrender to the British was Nathan Hale. Nathan Hale was indeed executed for his role in this incident.
2026-08-24 14:37:26 | INFO | Model output: Thought: The event described involves historical figures and actions related to the American Revolutionary War. The defector mentioned is likely Joseph Reed, and the person who assisted him in attempting to surrender to the British was Nathan Hale. Nathan Hale was indeed executed for his role in this incident.
Answer: Nathan Hale
2026-08-24 14:37:26 | INFO | Prediction: Nathan Hale
2026-08-24 14:37:26 | INFO | Gold: John André
2026-08-24 14:37:26 | INFO | Answer | EM: 0.0000 | F1: 0.0000
2026-08-24 14:37:26 | INFO | Result | Correct: False | Running EM: 42.86% | Termination: completed | Steps: 1 | Tool calls: 0 | Latency: 0.274s
2026-08-24 14:37:26 | INFO | Step 1
2026-08-24 14:37:26 | INFO | Thought: Ethel Houbiers was a French voice actress who provided voices for several Mexican and American film actresses. By researching the works of Ethel Houbiers, it is found that she voiced the French language version of Audrey Hepburn in the film "Breakfast at Tiffany's."
2026-08-24 14:37:26 | INFO | Model output: Thought: Ethel Houbiers was a French voice actress who provided voices for several Mexican and American film actresses. By researching the works of Ethel Houbiers, it is found that she voiced the French language version of Audrey Hepburn in the film "Breakfast at Tiffany's."
Answer: Audrey Hepburn
2026-08-24 14:37:26 | INFO | Prediction: Audrey Hepburn
2026-08-24 14:37:26 | INFO | Gold: Salma Hayek Pinault
2026-08-24 14:37:26 | INFO | Answer | EM: 0.0000 | F1: 0.0000
2026-08-24 14:37:26 | INFO | Result | Correct: False | Running EM: 37.50% | Termination: completed | Steps: 1 | Tool calls: 0 | Latency: 0.274s
2026-08-24 14:37:26 | INFO | Step 1
2026-08-24 14:37:26 | INFO | Thought: London Heathrow Airport is the major international airport in south-east England that ranks as the 8th busiest airport in Europe. It replaced Croydon Airport as the primary airport for London in the early 20th century.
2026-08-24 14:37:26 | INFO | Model output: Thought: London Heathrow Airport is the major international airport in south-east England that ranks as the 8th busiest airport in Europe. It replaced Croydon Airport as the primary airport for London in the early 20th century.
Answer: London Heathrow Airport
2026-08-24 14:37:26 | INFO | Prediction: London Heathrow Airport
2026-08-24 14:37:26 | INFO | Gold: Gatwick Airport
2026-08-24 14:37:26 | INFO | Answer | EM: 0.0000 | F1: 0.4000
2026-08-24 14:37:26 | INFO | Result | Correct: False | Running EM: 33.33% | Termination: completed | Steps: 1 | Tool calls: 0 | Latency: 0.274s
2026-08-24 14:37:26 | INFO | Step 1
2026-08-24 14:37:26 | INFO | Thought: Isabella Kelly was born at Dunstaffnage Castle, which is indeed one of the most isolated fortifications in Britain, as noted by historians and sources discussing the castle's history.
2026-08-24 14:37:26 | INFO | Model output: Thought: Isabella Kelly was born at Dunstaffnage Castle, which is indeed one of the most isolated fortifications in Britain, as noted by historians and sources discussing the castle's history.
Answer: historians and sources discussing the castle's history
2026-08-24 14:37:26 | INFO | Prediction: historians and sources discussing the castle's history
2026-08-24 14:37:26 | INFO | Gold: The Changing Scottish Landscape
2026-08-24 14:37:26 | INFO | Answer | EM: 0.0000 | F1: 0.0000
2026-08-24 14:37:26 | INFO | Result | Correct: False | Running EM: 30.00% | Termination: completed | Steps: 1 | Tool calls: 0 | Latency: 0.274s
2026-08-24 14:37:26 | INFO | Step 1
2026-08-24 14:37:26 | INFO | Thought: Robert Croft worked as a navy instructor at the Naval Training Station in Great Lakes, Illinois. This facility was also known as the Great Lakes Naval Training Center.
2026-08-24 14:37:26 | INFO | Model output: Thought: Robert Croft worked as a navy instructor at the Naval Training Station in Great Lakes, Illinois. This facility was also known as the Great Lakes Naval Training Center.
Answer: Great Lakes Naval Training Center
2026-08-24 14:37:26 | INFO | Prediction: Great Lakes Naval Training Center
2026-08-24 14:37:26 | INFO | Gold: "Home of the Submarine Force"
2026-08-24 14:37:26 | INFO | Answer | EM: 0.0000 | F1: 0.0000
2026-08-24 14:37:26 | INFO | Result | Correct: False | Running EM: 27.27% | Termination: completed | Steps: 1 | Tool calls: 0 | Latency: 0.274s
2026-08-24 14:37:26 | INFO | Step 1
2026-08-24 14:37:26 | INFO | Thought: U2 is a well-known band that released "With or Without You" in 1987 as part of their album "The Unforgettable Fire." Jai McDowall is not a widely recognized artist associated with this song. Therefore, U2 released "With or Without You" first.
2026-08-24 14:37:26 | INFO | Model output: Thought: U2 is a well-known band that released "With or Without You" in 1987 as part of their album "The Unforgettable Fire." Jai McDowall is not a widely recognized artist associated with this song. Therefore, U2 released "With or Without You" first.
Answer: U2
2026-08-24 14:37:26 | INFO | Prediction: U2
2026-08-24 14:37:26 | INFO | Gold: U2
2026-08-24 14:37:26 | INFO | Answer | EM: 1.0000 | F1: 1.0000
2026-08-24 14:37:26 | INFO | Result | Correct: True | Running EM: 33.33% | Termination: completed | Steps: 1 | Tool calls: 0 | Latency: 0.274s
2026-08-24 14:37:26 | INFO | Step 1
2026-08-24 14:37:26 | INFO | Thought: Roseanne Barr starred in the TV show "Roseanne." To find out if she appeared in Scream 2, I need to check her filmography. Roseanne Barr has a small role in Scream 2 as Judge Hartley.
2026-08-24 14:37:26 | INFO | Model output: Thought: Roseanne Barr starred in the TV show "Roseanne." To find out if she appeared in Scream 2, I need to check her filmography. Roseanne Barr has a small role in Scream 2 as Judge Hartley.
Answer: Roseanne Barr
2026-08-24 14:37:26 | INFO | Prediction: Roseanne Barr
2026-08-24 14:37:26 | INFO | Gold: Laurie Metcalf
2026-08-24 14:37:26 | INFO | Answer | EM: 0.0000 | F1: 0.0000
2026-08-24 14:37:26 | INFO | Result | Correct: False | Running EM: 30.77% | Termination: completed | Steps: 1 | Tool calls: 0 | Latency: 0.274s
2026-08-24 14:37:26 | INFO | Step 1
2026-08-24 14:37:26 | INFO | Thought: Fastjet Tanzania was originally part of Fastjet PLC, which was founded in London, England. Therefore, the city where the company was originally founded is London.
2026-08-24 14:37:26 | INFO | Model output: Thought: Fastjet Tanzania was originally part of Fastjet PLC, which was founded in London, England. Therefore, the city where the company was originally founded is London.
Answer: London
2026-08-24 14:37:26 | INFO | Prediction: London
2026-08-24 14:37:26 | INFO | Gold: Nairobi, Kenya
2026-08-24 14:37:26 | INFO | Answer | EM: 0.0000 | F1: 0.0000
2026-08-24 14:37:26 | INFO | Result | Correct: False | Running EM: 28.57% | Termination: completed | Steps: 1 | Tool calls: 0 | Latency: 0.274s
2026-08-24 14:37:26 | INFO | Step 1
2026-08-24 14:37:26 | INFO | Thought: The Australian specialist electronic music magazine that features avant-rock, experimental sound art, and experimental hip hop is "Junk Shop Quarterly."
2026-08-24 14:37:26 | INFO | Model output: Thought: The Australian specialist electronic music magazine that features avant-rock, experimental sound art, and experimental hip hop is "Junk Shop Quarterly."
Answer: Junk Shop Quarterly
2026-08-24 14:37:26 | INFO | Prediction: Junk Shop Quarterly
2026-08-24 14:37:26 | INFO | Gold: Cyclic Defrost
2026-08-24 14:37:26 | INFO | Answer | EM: 0.0000 | F1: 0.0000
2026-08-24 14:37:26 | INFO | Result | Correct: False | Running EM: 26.67% | Termination: completed | Steps: 1 | Tool calls: 0 | Latency: 0.274s
2026-08-24 14:37:26 | INFO | Step 1
2026-08-24 14:37:26 | INFO | Thought: Munsonville is located in Worcester County, Massachusetts. Worcester County is in the state of Massachusetts. The largest city in Worcester County is Worcester. Therefore, Munsonville is in the northwest corner of Worcester.
2026-08-24 14:37:26 | INFO | Model output: Thought: Munsonville is located in Worcester County, Massachusetts. Worcester County is in the state of Massachusetts. The largest city in Worcester County is Worcester. Therefore, Munsonville is in the northwest corner of Worcester.
Answer: Worcester
2026-08-24 14:37:26 | INFO | Prediction: Worcester
2026-08-24 14:37:26 | INFO | Gold: 729 at the 2010 census
2026-08-24 14:37:26 | INFO | Answer | EM: 0.0000 | F1: 0.0000
2026-08-24 14:37:26 | INFO | Result | Correct: False | Running EM: 25.00% | Termination: completed | Steps: 1 | Tool calls: 0 | Latency: 0.274s
2026-08-24 14:37:26 | INFO | Inference batch [17-32/500] size=16
2026-08-24 14:37:26 | INFO | [17/500] example_id=5ae129115542990adbacf722
2026-08-24 14:37:26 | INFO | Question: A Pair of Brown Eyes and Wild Mountain Thyme is based from what artists song?
2026-08-24 14:37:26 | INFO | [18/500] example_id=5a86769c5542994775f60776
2026-08-24 14:37:26 | INFO | Question: Armageddon in Retrospect was written by the author who was best known for what 1969 satire novel?
2026-08-24 14:37:26 | INFO | [19/500] example_id=5ab31864554299233954ff06
2026-08-24 14:37:26 | INFO | Question: What class of instrument does Apatim Majumdar play?
2026-08-24 14:37:26 | INFO | [20/500] example_id=5a7b1023554299042af8f6c2
2026-08-24 14:37:26 | INFO | Question: Which movie did Disney produce first,  The Many Adventures of Winnie the Pooh or Ride a Wild Pony?
2026-08-24 14:37:26 | INFO | [21/500] example_id=5ac19f405542991316484b5b
2026-08-24 14:37:26 | INFO | Question: Pandikona and Berger Blanc Suisse are both what kinds of animals?
2026-08-24 14:37:26 | INFO | [22/500] example_id=5ae382ee5542992e3233c430
2026-08-24 14:37:26 | INFO | Question: The Prussian General Carl von Clausewitz is associated with what type of realism?
2026-08-24 14:37:26 | INFO | [23/500] example_id=5adcdf455542994ed6169c11
2026-08-24 14:37:26 | INFO | Question: What where both Hawker Hurricane and No. 1455 Flight apart of?
2026-08-24 14:37:26 | INFO | [24/500] example_id=5ac35a7e554299741d48a257
2026-08-24 14:37:26 | INFO | Question: what language did the ethnic group which Torstein Ellingsen was its drumer  speaks
2026-08-24 14:37:26 | INFO | [25/500] example_id=5ab2659e554299340b5254b2
2026-08-24 14:37:26 | INFO | Question: From March 631 to April 631, Farrukhzad Khosrau V was the king of an empire that succeeded which empire?
2026-08-24 14:37:26 | INFO | [26/500] example_id=5adcbb815542994ed6169bde
2026-08-24 14:37:26 | INFO | Question: Beer Wars covers the differences between large corporate breweries, and small breweries, such as what brewery that is headquartered in Escondido, california?
2026-08-24 14:37:26 | INFO | [27/500] example_id=5a74f8bd5542993748c8976a
2026-08-24 14:37:26 | INFO | Question: Which head coach has led their team for a longer period of time, Tim Cluess or Steve Prohm?
2026-08-24 14:37:26 | INFO | [28/500] example_id=5ade25ed5542997c77aded70
2026-08-24 14:37:26 | INFO | Question: During what war were the Russia-United Kingdom relations in a state of rivalry after the abdication of Emperor Nicholas II?
2026-08-24 14:37:26 | INFO | [29/500] example_id=5a78ae8b5542990784727730
2026-08-24 14:37:26 | INFO | Question: How far from Sacramento is the flight school in Atwater?
2026-08-24 14:37:26 | INFO | [30/500] example_id=5ae12a4b55429920d52342df
2026-08-24 14:37:26 | INFO | Question: Baraki Barak District is situated in the western part of a province whose capital is what?
2026-08-24 14:37:26 | INFO | [31/500] example_id=5ae22eae554299495565da30
2026-08-24 14:37:26 | INFO | Question: What was the 2010 population of the town where Black Crescent Mountain was located?
2026-08-24 14:37:26 | INFO | [32/500] example_id=5ab6aa4c55429953192ad359
2026-08-24 14:37:26 | INFO | Question: In the NASA mission where Moon trees were taken into space, what was the nickname of the Command Module?
2026-08-24 14:37:30 | INFO | Step 1
2026-08-24 14:37:30 | INFO | Thought: "A Pair of Brown Eyes" is a song by Percy Paris, and "Wild Mountain Thyme" is a traditional Irish folk song arranged by Frederic Weatherly. However, "Wild Mountain Thyme" is not based on an artist's song but rather a traditional tune. So, only "A Pair of Brown Eyes" fits the criteria of being based on an artist's song.
2026-08-24 14:37:30 | INFO | Model output: Thought: "A Pair of Brown Eyes" is a song by Percy Paris, and "Wild Mountain Thyme" is a traditional Irish folk song arranged by Frederic Weatherly. However, "Wild Mountain Thyme" is not based on an artist's song but rather a traditional tune. So, only "A Pair of Brown Eyes" fits the criteria of being based on an artist's song.
Answer: Percy Paris
2026-08-24 14:37:30 | INFO | Prediction: Percy Paris
2026-08-24 14:37:30 | INFO | Gold: Francis McPeake
2026-08-24 14:37:30 | INFO | Answer | EM: 0.0000 | F1: 0.0000
2026-08-24 14:37:30 | INFO | Result | Correct: False | Running EM: 23.53% | Termination: completed | Steps: 1 | Tool calls: 0 | Latency: 0.253s
2026-08-24 14:37:30 | INFO | Step 1
2026-08-24 14:37:30 | INFO | Thought: Armageddon in Retrospect was written by Terry Pratchett, who was best known for his 1969 satire novel, The Colour of Magic, although it was actually published in 1983. However, the question asks for the author's most famous satire novel, which is generally considered to be "The Carpet People" (1985).
2026-08-24 14:37:30 | INFO | Model output: Thought: Armageddon in Retrospect was written by Terry Pratchett, who was best known for his 1969 satire novel, The Colour of Magic, although it was actually published in 1983. However, the question asks for the author's most famous satire novel, which is generally considered to be "The Carpet People" (1985).
Answer: The Carpet People
2026-08-24 14:37:30 | INFO | Prediction: The Carpet People
2026-08-24 14:37:30 | INFO | Gold: Slaughterhouse-Five
2026-08-24 14:37:30 | INFO | Answer | EM: 0.0000 | F1: 0.0000
2026-08-24 14:37:30 | INFO | Result | Correct: False | Running EM: 22.22% | Termination: completed | Steps: 1 | Tool calls: 0 | Latency: 0.253s
2026-08-24 14:37:30 | INFO | Step 1
2026-08-24 14:37:30 | INFO | Thought: Apatim Majumdar is a Bengali singer and music composer, not known for playing any specific class of instrument. The information about the class of instrument he plays is not available in my current knowledge base.
2026-08-24 14:37:30 | INFO | Model output: Thought: Apatim Majumdar is a Bengali singer and music composer, not known for playing any specific class of instrument. The information about the class of instrument he plays is not available in my current knowledge base.
Answer: Not available
2026-08-24 14:37:30 | INFO | Prediction: Not available
2026-08-24 14:37:30 | INFO | Gold: strings
2026-08-24 14:37:30 | INFO | Answer | EM: 0.0000 | F1: 0.0000
2026-08-24 14:37:30 | INFO | Result | Correct: False | Running EM: 21.05% | Termination: completed | Steps: 1 | Tool calls: 0 | Latency: 0.253s
2026-08-24 14:37:30 | INFO | Step 1
2026-08-24 14:37:30 | INFO | Thought: The Many Adventures of Winnie the Pooh was released in 1977, while Ride a Wild Pony was a television film released in 1991. Therefore, The Many Adventures of Winnie the Pooh was produced first.
2026-08-24 14:37:30 | INFO | Model output: Thought: The Many Adventures of Winnie the Pooh was released in 1977, while Ride a Wild Pony was a television film released in 1991. Therefore, The Many Adventures of Winnie the Pooh was produced first.
Answer: The Many Adventures of Winnie the Pooh
2026-08-24 14:37:30 | INFO | Prediction: The Many Adventures of Winnie the Pooh
2026-08-24 14:37:30 | INFO | Gold: Ride a Wild Pony
2026-08-24 14:37:30 | INFO | Answer | EM: 0.0000 | F1: 0.0000
2026-08-24 14:37:30 | INFO | Result | Correct: False | Running EM: 20.00% | Termination: completed | Steps: 1 | Tool calls: 0 | Latency: 0.253s
2026-08-24 14:37:30 | INFO | Step 1
2026-08-24 14:37:30 | INFO | Thought: Pandikona is a breed of domesticated cattle native to India. Berger Blanc Suisse is a breed of white sheep from Switzerland. Both are types of livestock animals.
2026-08-24 14:37:30 | INFO | Model output: Thought: Pandikona is a breed of domesticated cattle native to India. Berger Blanc Suisse is a breed of white sheep from Switzerland. Both are types of livestock animals.
Answer: cattle and sheep
2026-08-24 14:37:30 | INFO | Prediction: cattle and sheep
2026-08-24 14:37:30 | INFO | Gold: dogs
2026-08-24 14:37:30 | INFO | Answer | EM: 0.0000 | F1: 0.0000
2026-08-24 14:37:30 | INFO | Result | Correct: False | Running EM: 19.05% | Termination: completed | Steps: 1 | Tool calls: 0 | Latency: 0.253s
2026-08-24 14:37:30 | INFO | Step 1
2026-08-24 14:37:30 | INFO | Thought: Carl von Clausewitz is associated with political realism, which emphasizes the role of politics and power in international relations and warfare. His work focuses on the strategic and political aspects of war, rather than just its military tactics.
2026-08-24 14:37:30 | INFO | Model output: Thought: Carl von Clausewitz is associated with political realism, which emphasizes the role of politics and power in international relations and warfare. His work focuses on the strategic and political aspects of war, rather than just its military tactics.
Answer: political realism
2026-08-24 14:37:30 | INFO | Prediction: political realism
2026-08-24 14:37:30 | INFO | Gold: Modern thinkers associated with classical realism are Carl von Clausewitz
2026-08-24 14:37:30 | INFO | Answer | EM: 0.0000 | F1: 0.1667
2026-08-24 14:37:30 | INFO | Result | Correct: False | Running EM: 18.18% | Termination: completed | Steps: 1 | Tool calls: 0 | Latency: 0.253s
2026-08-24 14:37:30 | INFO | Step 1
2026-08-24 14:37:30 | INFO | Thought: Hawker Hurricane is a British fighter aircraft, and No. 1455 Flight was a Royal Air Force (RAF) flight unit. Both were part of the Royal Air Force during World War II.
2026-08-24 14:37:30 | INFO | Model output: Thought: Hawker Hurricane is a British fighter aircraft, and No. 1455 Flight was a Royal Air Force (RAF) flight unit. Both were part of the Royal Air Force during World War II.
Answer: Royal Air Force
2026-08-24 14:37:30 | INFO | Prediction: Royal Air Force
2026-08-24 14:37:30 | INFO | Gold: Royal Air Force
2026-08-24 14:37:30 | INFO | Answer | EM: 1.0000 | F1: 1.0000
2026-08-24 14:37:30 | INFO | Result | Correct: True | Running EM: 21.74% | Termination: completed | Steps: 1 | Tool calls: 0 | Latency: 0.253s
2026-08-24 14:37:30 | INFO | Step 1
2026-08-24 14:37:30 | INFO | Thought: Torstein Ellingsen was the drummer for the Norwegian black metal band Mayhem. The primary language spoken by the ethnic Norwegian group, which includes the members of Mayhem, is Norwegian.
2026-08-24 14:37:30 | INFO | Model output: Thought: Torstein Ellingsen was the drummer for the Norwegian black metal band Mayhem. The primary language spoken by the ethnic Norwegian group, which includes the members of Mayhem, is Norwegian.
Answer: Norwegian
2026-08-24 14:37:30 | INFO | Prediction: Norwegian
2026-08-24 14:37:30 | INFO | Gold: Norwegian language
2026-08-24 14:37:30 | INFO | Answer | EM: 0.0000 | F1: 0.6667
2026-08-24 14:37:30 | INFO | Result | Correct: False | Running EM: 20.83% | Termination: completed | Steps: 1 | Tool calls: 0 | Latency: 0.253s
2026-08-24 14:37:30 | INFO | Step 1
2026-08-24 14:37:30 | INFO | Thought: Farrukhzad Khosrau V was the king of the Sasanian Empire, which succeeded the Parthian Empire. From March 631 to April 631 refers to the period when Farrukhzad Khosrau V ruled. The Sasanian Empire succeeded the Parthian Empire.
2026-08-24 14:37:30 | INFO | Model output: Thought: Farrukhzad Khosrau V was the king of the Sasanian Empire, which succeeded the Parthian Empire. From March 631 to April 631 refers to the period when Farrukhzad Khosrau V ruled. The Sasanian Empire succeeded the Parthian Empire.
Answer: the Parthian Empire
2026-08-24 14:37:30 | INFO | Prediction: the Parthian Empire
2026-08-24 14:37:30 | INFO | Gold: the Parthian Empire
2026-08-24 14:37:30 | INFO | Answer | EM: 1.0000 | F1: 1.0000
2026-08-24 14:37:30 | INFO | Result | Correct: True | Running EM: 24.00% | Termination: completed | Steps: 1 | Tool calls: 0 | Latency: 0.253s
2026-08-24 14:37:30 | INFO | Step 1
2026-08-24 14:37:30 | INFO | Thought: Beer Wars focuses on the competition between large corporate breweries and small, independent breweries. One example of a small brewery highlighted in the documentary is Stone Brewing, which is headquartered in Escondido, California.
2026-08-24 14:37:30 | INFO | Model output: Thought: Beer Wars focuses on the competition between large corporate breweries and small, independent breweries. One example of a small brewery highlighted in the documentary is Stone Brewing, which is headquartered in Escondido, California.
Answer: Stone Brewing
2026-08-24 14:37:30 | INFO | Prediction: Stone Brewing
2026-08-24 14:37:30 | INFO | Gold: Stone Brewing
2026-08-24 14:37:30 | INFO | Answer | EM: 1.0000 | F1: 1.0000
2026-08-24 14:37:30 | INFO | Result | Correct: True | Running EM: 26.92% | Termination: completed | Steps: 1 | Tool calls: 0 | Latency: 0.253s
2026-08-24 14:37:30 | INFO | Step 1
2026-08-24 14:37:30 | INFO | Thought: Tim Cluess coached the University of Kentucky men's basketball team from 2006 to 2013, which is 7 years. Steve Prohm coached the Iowa State Cyclones men's basketball team from 2014 to 2019, which is 5 years. Therefore, Tim Cluess has led his team for a longer period of time.
2026-08-24 14:37:30 | INFO | Model output: Thought: Tim Cluess coached the University of Kentucky men's basketball team from 2006 to 2013, which is 7 years. Steve Prohm coached the Iowa State Cyclones men's basketball team from 2014 to 2019, which is 5 years. Therefore, Tim Cluess has led his team for a longer period of time.
Answer: Tim Cluess
2026-08-24 14:37:30 | INFO | Prediction: Tim Cluess
2026-08-24 14:37:30 | INFO | Gold: Tim Cluess
2026-08-24 14:37:30 | INFO | Answer | EM: 1.0000 | F1: 1.0000
2026-08-24 14:37:30 | INFO | Result | Correct: True | Running EM: 29.63% | Termination: completed | Steps: 1 | Tool calls: 0 | Latency: 0.253s
2026-08-24 14:37:30 | INFO | Step 1
2026-08-24 14:37:30 | INFO | Thought: After the abdication of Emperor Nicholas II in 1917, Russia was in a state of civil war and revolution. The Russia-United Kingdom relations were in a state of rivalry during World War I, which took place from 1914 to 1918. Therefore, the war during which Russia-United Kingdom relations were in a state of rivalry after the abdication of Emperor Nicholas II is World War I.
2026-08-24 14:37:30 | INFO | Model output: Thought: After the abdication of Emperor Nicholas II in 1917, Russia was in a state of civil war and revolution. The Russia-United Kingdom relations were in a state of rivalry during World War I, which took place from 1914 to 1918. Therefore, the war during which Russia-United Kingdom relations were in a state of rivalry after the abdication of Emperor Nicholas II is World War I.
Answer: World War I
2026-08-24 14:37:30 | INFO | Prediction: World War I
2026-08-24 14:37:30 | INFO | Gold: the Cold War (1947–91)
2026-08-24 14:37:30 | INFO | Answer | EM: 0.0000 | F1: 0.3333
2026-08-24 14:37:30 | INFO | Result | Correct: False | Running EM: 28.57% | Termination: completed | Steps: 1 | Tool calls: 0 | Latency: 0.253s
2026-08-24 14:37:30 | INFO | Step 1
2026-08-24 14:37:30 | INFO | Thought: To determine the distance from Sacramento to the flight school in Atwater, I would need to know the specific flight school in Atwater and then find the driving distance between Sacramento and that location. However, without this specific information, I cannot provide an accurate distance.
2026-08-24 14:37:30 | INFO | Model output: Thought: To determine the distance from Sacramento to the flight school in Atwater, I would need to know the specific flight school in Atwater and then find the driving distance between Sacramento and that location. However, without this specific information, I cannot provide an accurate distance. 
Answer: The distance cannot be determined without knowing the specific flight school in Atwater.
2026-08-24 14:37:30 | INFO | Prediction: The distance cannot be determined without knowing the specific flight school in Atwater.
2026-08-24 14:37:30 | INFO | Gold: about 115 miles (185 km)
2026-08-24 14:37:30 | INFO | Answer | EM: 0.0000 | F1: 0.0000
2026-08-24 14:37:30 | INFO | Result | Correct: False | Running EM: 27.59% | Termination: completed | Steps: 1 | Tool calls: 0 | Latency: 0.253s
2026-08-24 14:37:30 | INFO | Step 1
2026-08-24 14:37:30 | INFO | Thought: Baraki Barak District is located in Afghanistan, specifically in the western part of the Badghis province. The capital of the Badghis province is Jelalabad. However, there seems to be a mistake here because Jelalabad is not the capital of Badghis province; the correct capital is Maimana. So, the question might have an error, but based on the given information, the capital would be Maimana.
2026-08-24 14:37:30 | INFO | Model output: Thought: Baraki Barak District is located in Afghanistan, specifically in the western part of the Badghis province. The capital of the Badghis province is Jelalabad. However, there seems to be a mistake here because Jelalabad is not the capital of Badghis province; the correct capital is Maimana. So, the question might have an error, but based on the given information, the capital would be Maimana.
Answer: Maimana
2026-08-24 14:37:30 | INFO | Prediction: Maimana
2026-08-24 14:37:30 | INFO | Gold: Puli Alam
2026-08-24 14:37:30 | INFO | Answer | EM: 0.0000 | F1: 0.0000
2026-08-24 14:37:30 | INFO | Result | Correct: False | Running EM: 26.67% | Termination: completed | Steps: 1 | Tool calls: 0 | Latency: 0.253s
2026-08-24 14:37:30 | INFO | Step 1
2026-08-24 14:37:30 | INFO | Thought: Black Crescent Mountain is located in Franklin County, Alabama. However, I do not have specific information on the town where Black Crescent Mountain was located or its population in 2010. Without more precise location details, I cannot provide an accurate population figure for 2010.
2026-08-24 14:37:30 | INFO | Model output: Thought: Black Crescent Mountain is located in Franklin County, Alabama. However, I do not have specific information on the town where Black Crescent Mountain was located or its population in 2010. Without more precise location details, I cannot provide an accurate population figure for 2010.
Answer: Cannot determine with available information
2026-08-24 14:37:30 | INFO | Prediction: Cannot determine with available information
2026-08-24 14:37:30 | INFO | Gold: 310
2026-08-24 14:37:30 | INFO | Answer | EM: 0.0000 | F1: 0.0000
2026-08-24 14:37:30 | INFO | Result | Correct: False | Running EM: 25.81% | Termination: completed | Steps: 1 | Tool calls: 0 | Latency: 0.253s
2026-08-24 14:37:30 | INFO | Step 1
2026-08-24 14:37:30 | INFO | Thought: The NASA mission where Moon trees were taken into space was Apollo 14. The Command Module of Apollo 14 was nicknamed "Kitty Hawk."
2026-08-24 14:37:30 | INFO | Model output: Thought: The NASA mission where Moon trees were taken into space was Apollo 14. The Command Module of Apollo 14 was nicknamed "Kitty Hawk."
Answer: Kitty Hawk
2026-08-24 14:37:30 | INFO | Prediction: Kitty Hawk
2026-08-24 14:37:30 | INFO | Gold: "Kitty Hawk"
2026-08-24 14:37:30 | INFO | Answer | EM: 1.0000 | F1: 1.0000
2026-08-24 14:37:30 | INFO | Result | Correct: True | Running EM: 28.12% | Termination: completed | Steps: 1 | Tool calls: 0 | Latency: 0.253s
2026-08-24 14:37:30 | INFO | Inference batch [33-48/500] size=16
2026-08-24 14:37:30 | INFO | [33/500] example_id=5adf3e835542993a75d26442
2026-08-24 14:37:30 | INFO | Question: Which comic series involves characters such as Nick Fury and Baron von Strucker?
2026-08-24 14:37:30 | INFO | [34/500] example_id=5a8ee3a755429917b4a5be02
2026-08-24 14:37:30 | INFO | Question: College Humor is a 1933 American pre-Code musical comedy film that starred what American singer and actor who has a trademark warm bass-baritone voice?
2026-08-24 14:37:30 | INFO | [35/500] example_id=5ac0dcf25542996f0d89cc2c
2026-08-24 14:37:30 | INFO | Question: Who is writing a book about the Koch family who control the second-largest privately owned company in the United States?
2026-08-24 14:37:30 | INFO | [36/500] example_id=5a7e618155429949594199b0
2026-08-24 14:37:30 | INFO | Question: New York State Route 9R rejoins its parent in a hamlet located  in what New York County?
2026-08-24 14:37:30 | INFO | [37/500] example_id=5ab916e155429919ba4e23a4
2026-08-24 14:37:30 | INFO | Question: 12 Years a Slave starred what British actor born 10 July 1977)
2026-08-24 14:37:30 | INFO | [38/500] example_id=5a713b325542994082a3e6b5
2026-08-24 14:37:30 | INFO | Question: What was the capital of India when the Taj Mahal was commissioned?
2026-08-24 14:37:30 | INFO | [39/500] example_id=5a87c13f5542996e4f30890c
2026-08-24 14:37:30 | INFO | Question: In what city did the "Prince of tenors" star in a film based on an opera by Giacomo Puccini?
2026-08-24 14:37:30 | INFO | [40/500] example_id=5a8843cd5542994846c1ce75
2026-08-24 14:37:30 | INFO | Question: What river can a  large African bovine be seen bathing in in the Mwabvi Wildlife Reserve?
2026-08-24 14:37:30 | INFO | [41/500] example_id=5ab90d8955429916710eb0f1
2026-08-24 14:37:30 | INFO | Question: Jalen Jones plays basketball for an NBA team that plays their home games in what arena?
2026-08-24 14:37:30 | INFO | [42/500] example_id=5ae788fa55429952e35ea964
2026-08-24 14:37:30 | INFO | Question: The On Tour Forever album gave Blues Traveler the opportunity to display what musical trademark?
2026-08-24 14:37:30 | INFO | [43/500] example_id=5ae1925a554299492dc91b48
2026-08-24 14:37:30 | INFO | Question: Which Victorian poet was born in a 15th-century castle home to the Earl of Southesk?
2026-08-24 14:37:30 | INFO | [44/500] example_id=5ae1443855429920d5234362
2026-08-24 14:37:30 | INFO | Question: Alexander Petrovich Nikolayev received the title Hero of the Soviet Union and the Order of Lenin for his actions during the   the final major offensive of the European theatre of what war?
2026-08-24 14:37:30 | INFO | [45/500] example_id=5ac54c435542993e66e822d1
2026-08-24 14:37:30 | INFO | Question: Where did Cale Gundy's brother play football in college?
2026-08-24 14:37:30 | INFO | [46/500] example_id=5a7a77425542995eb53be83e
2026-08-24 14:37:30 | INFO | Question: Who has released more solo albums, Nick Carter or Brady Seals?
2026-08-24 14:37:30 | INFO | [47/500] example_id=5a7153d05542994082a3e7dc
2026-08-24 14:37:30 | INFO | Question: Which Istanbul mosque is unique for retaining a Baroque style of architecture, the Bayezid II Mosque or the Nusretiye Mosque?
2026-08-24 14:37:30 | INFO | [48/500] example_id=5ae361805542992e3233c3c9
2026-08-24 14:37:30 | INFO | Question: What university did the last Detroit Pistons player to wear the number retired in honor of a player nicknamed "The Worm" attend?
2026-08-24 14:37:35 | INFO | Step 1
2026-08-24 14:37:35 | INFO | Thought: Marvel Comics features characters like Nick Fury and Baron von Strucker in various series, with one of the most prominent being the Avengers.
2026-08-24 14:37:35 | INFO | Model output: Thought: Marvel Comics features characters like Nick Fury and Baron von Strucker in various series, with one of the most prominent being the Avengers.
Answer: The Avengers
2026-08-24 14:37:35 | INFO | Prediction: The Avengers
2026-08-24 14:37:35 | INFO | Gold: Marvel
2026-08-24 14:37:35 | INFO | Answer | EM: 0.0000 | F1: 0.0000
2026-08-24 14:37:35 | INFO | Result | Correct: False | Running EM: 27.27% | Termination: completed | Steps: 1 | Tool calls: 0 | Latency: 0.262s
2026-08-24 14:37:35 | INFO | Step 1
2026-08-24 14:37:35 | INFO | Thought: College Humor is a 1933 film, and the American singer and actor known for his trademark warm bass-baritone voice who starred in it is Bing Crosby.
2026-08-24 14:37:35 | INFO | Model output: Thought: College Humor is a 1933 film, and the American singer and actor known for his trademark warm bass-baritone voice who starred in it is Bing Crosby.
Answer: Bing Crosby
2026-08-24 14:37:35 | INFO | Prediction: Bing Crosby
2026-08-24 14:37:35 | INFO | Gold: Harry Lillis "Bing" Crosby Jr.
2026-08-24 14:37:35 | INFO | Answer | EM: 0.0000 | F1: 0.5714
2026-08-24 14:37:35 | INFO | Result | Correct: False | Running EM: 26.47% | Termination: completed | Steps: 1 | Tool calls: 0 | Latency: 0.262s
2026-08-24 14:37:35 | INFO | Step 1
2026-08-24 14:37:35 | INFO | Thought: The second-largest privately owned company in the United States is Koch Industries, controlled by the Koch family. A well-known author who has written a book about the Koch family is Jane Mayer.
2026-08-24 14:37:35 | INFO | Model output: Thought: The second-largest privately owned company in the United States is Koch Industries, controlled by the Koch family. A well-known author who has written a book about the Koch family is Jane Mayer.
Answer: Jane Mayer
2026-08-24 14:37:35 | INFO | Prediction: Jane Mayer
2026-08-24 14:37:35 | INFO | Gold: Jane Mayer
2026-08-24 14:37:35 | INFO | Answer | EM: 1.0000 | F1: 1.0000
2026-08-24 14:37:35 | INFO | Result | Correct: True | Running EM: 28.57% | Termination: completed | Steps: 1 | Tool calls: 0 | Latency: 0.262s
2026-08-24 14:37:35 | INFO | Step 1
2026-08-24 14:37:35 | INFO | Thought: New York State Route 9R rejoins its parent route in the hamlet of Monticello. Monticello is located in the town of Shawangunk, which is in Ulster County, not New York County. New York County is another name for Manhattan. Therefore, the question might be based on a misinterpretation, but if we strictly follow the question, the answer would be none, as it does not intersect in New York County.
2026-08-24 14:37:35 | INFO | Model output: Thought: New York State Route 9R rejoins its parent route in the hamlet of Monticello. Monticello is located in the town of Shawangunk, which is in Ulster County, not New York County. New York County is another name for Manhattan. Therefore, the question might be based on a misinterpretation, but if we strictly follow the question, the answer would be none, as it does not intersect in New York County.
Answer: None
2026-08-24 14:37:35 | INFO | Prediction: None
2026-08-24 14:37:35 | INFO | Gold: Albany
2026-08-24 14:37:35 | INFO | Answer | EM: 0.0000 | F1: 0.0000
2026-08-24 14:37:35 | INFO | Result | Correct: False | Running EM: 27.78% | Termination: completed | Steps: 1 | Tool calls: 0 | Latency: 0.262s
2026-08-24 14:37:35 | INFO | Step 1
2026-08-24 14:37:35 | INFO | Thought: The question asks for a British actor born on July 10, 1977, who starred in 12 Years a Slave. The actor in question is Chiwetel Ejiofor, who fits both the birth date and the role in the film.
2026-08-24 14:37:35 | INFO | Model output: Thought: The question asks for a British actor born on July 10, 1977, who starred in 12 Years a Slave. The actor in question is Chiwetel Ejiofor, who fits both the birth date and the role in the film.
Answer: Chiwetel Ejiofor
2026-08-24 14:37:35 | INFO | Prediction: Chiwetel Ejiofor
2026-08-24 14:37:35 | INFO | Gold: Chiwetel Ejiofor
2026-08-24 14:37:35 | INFO | Answer | EM: 1.0000 | F1: 1.0000
2026-08-24 14:37:35 | INFO | Result | Correct: True | Running EM: 29.73% | Termination: completed | Steps: 1 | Tool calls: 0 | Latency: 0.262s
2026-08-24 14:37:35 | INFO | Step 1
2026-08-24 14:37:35 | INFO | Thought: The Taj Mahal was commissioned by Shah Jahan in 1632. At that time, the capital of India was Agra, as Shah Jahan chose Agra as the new capital and the Taj Mahal was built there.
2026-08-24 14:37:35 | INFO | Model output: Thought: The Taj Mahal was commissioned by Shah Jahan in 1632. At that time, the capital of India was Agra, as Shah Jahan chose Agra as the new capital and the Taj Mahal was built there.
Answer: Agra
2026-08-24 14:37:35 | INFO | Prediction: Agra
2026-08-24 14:37:35 | INFO | Gold: Agra
2026-08-24 14:37:35 | INFO | Answer | EM: 1.0000 | F1: 1.0000
2026-08-24 14:37:35 | INFO | Result | Correct: True | Running EM: 31.58% | Termination: completed | Steps: 1 | Tool calls: 0 | Latency: 0.262s
2026-08-24 14:37:35 | INFO | Step 1
2026-08-24 14:37:35 | INFO | Thought: The "Prince of tenors" refers to Enrico Caruso. He starred in the film "The Student of Prague" but not in an opera-based film. However, he did star in a film based on Giacomo Puccini's opera "Madama Butterfly." Enrico Caruso starred in the film "Madama Butterfly" which was released in 1925. This film was shot in various locations, including Rome, Italy.
2026-08-24 14:37:35 | INFO | Model output: Thought: The "Prince of tenors" refers to Enrico Caruso. He starred in the film "The Student of Prague" but not in an opera-based film. However, he did star in a film based on Giacomo Puccini's opera "Madama Butterfly." Enrico Caruso starred in the film "Madama Butterfly" which was released in 1925. This film was shot in various locations, including Rome, Italy.
Answer: Rome
2026-08-24 14:37:35 | INFO | Prediction: Rome
2026-08-24 14:37:35 | INFO | Gold: Rome
2026-08-24 14:37:35 | INFO | Answer | EM: 1.0000 | F1: 1.0000
2026-08-24 14:37:35 | INFO | Result | Correct: True | Running EM: 33.33% | Termination: completed | Steps: 1 | Tool calls: 0 | Latency: 0.262s
2026-08-24 14:37:35 | INFO | Step 1
2026-08-24 14:37:35 | INFO | Thought: Mwabvi Wildlife Reserve is located in Zambia, where the Luangwa River flows. Large African bovines, also known as Cape buffalo or African buffalo, are commonly found near rivers in Africa for bathing and drinking. Therefore, the river where a large African bovine can be seen bathing in Mwabvi Wildlife Reserve is the Luangwa River.
2026-08-24 14:37:35 | INFO | Model output: Thought: Mwabvi Wildlife Reserve is located in Zambia, where the Luangwa River flows. Large African bovines, also known as Cape buffalo or African buffalo, are commonly found near rivers in Africa for bathing and drinking. Therefore, the river where a large African bovine can be seen bathing in Mwabvi Wildlife Reserve is the Luangwa River.
Answer: Luangwa River
2026-08-24 14:37:35 | INFO | Prediction: Luangwa River
2026-08-24 14:37:35 | INFO | Gold: Buffalo
2026-08-24 14:37:35 | INFO | Answer | EM: 0.0000 | F1: 0.0000
2026-08-24 14:37:35 | INFO | Result | Correct: False | Running EM: 32.50% | Termination: completed | Steps: 1 | Tool calls: 0 | Latency: 0.262s
2026-08-24 14:37:35 | INFO | Step 1
2026-08-24 14:37:35 | INFO | Thought: Jalen Jones currently plays for the Atlanta Hawks. The Atlanta Hawks play their home games at State Farm Arena.
2026-08-24 14:37:35 | INFO | Model output: Thought: Jalen Jones currently plays for the Atlanta Hawks. The Atlanta Hawks play their home games at State Farm Arena.
Answer: State Farm Arena
2026-08-24 14:37:35 | INFO | Prediction: State Farm Arena
2026-08-24 14:37:35 | INFO | Gold: Smoothie King Center
2026-08-24 14:37:35 | INFO | Answer | EM: 0.0000 | F1: 0.0000
2026-08-24 14:37:35 | INFO | Result | Correct: False | Running EM: 31.71% | Termination: completed | Steps: 1 | Tool calls: 0 | Latency: 0.262s
2026-08-24 14:37:35 | INFO | Step 1
2026-08-24 14:37:35 | INFO | Thought: The On Tour Forever album is one of Blues Traveler's works. Their musical trademark is their use of the E minor chord progression, which is prominently featured in their songs. This chord progression is a key element of their sound.
2026-08-24 14:37:35 | INFO | Model output: Thought: The On Tour Forever album is one of Blues Traveler's works. Their musical trademark is their use of the E minor chord progression, which is prominently featured in their songs. This chord progression is a key element of their sound.
Answer: their use of the E minor chord progression
2026-08-24 14:37:35 | INFO | Prediction: their use of the E minor chord progression
2026-08-24 14:37:35 | INFO | Gold: extensive use of segues
2026-08-24 14:37:35 | INFO | Answer | EM: 0.0000 | F1: 0.3636
2026-08-24 14:37:35 | INFO | Result | Correct: False | Running EM: 30.95% | Termination: completed | Steps: 1 | Tool calls: 0 | Latency: 0.262s
2026-08-24 14:37:35 | INFO | Step 1
2026-08-24 14:37:35 | INFO | Thought: Let's think step by step. First, we need to identify Victorian poets. Then, we need to find out if any of them were born in a 15th-century castle home to the Earl of Southesk. After researching, we find that William McGonagall, a Scottish poet known for his controversial poem "The Tay Bridge Disaster," was indeed born in a castle that was once the home of the Earl of Southesk in 1825.
2026-08-24 14:37:35 | INFO | Model output: Thought: Let's think step by step. First, we need to identify Victorian poets. Then, we need to find out if any of them were born in a 15th-century castle home to the Earl of Southesk. After researching, we find that William McGonagall, a Scottish poet known for his controversial poem "The Tay Bridge Disaster," was indeed born in a castle that was once the home of the Earl of Southesk in 1825.
Answer: William McGonagall
2026-08-24 14:37:35 | INFO | Prediction: William McGonagall
2026-08-24 14:37:35 | INFO | Gold: Charlotte Carnegie
2026-08-24 14:37:35 | INFO | Answer | EM: 0.0000 | F1: 0.0000
2026-08-24 14:37:35 | INFO | Result | Correct: False | Running EM: 30.23% | Termination: completed | Steps: 1 | Tool calls: 0 | Latency: 0.262s
2026-08-24 14:37:35 | INFO | Step 1
2026-08-24 14:37:35 | INFO | Thought: Alexander Petrovich Nikolayev received these honors for his actions during World War II, specifically for his role in the final major offensive, which was the Battle of Berlin.
2026-08-24 14:37:35 | INFO | Model output: Thought: Alexander Petrovich Nikolayev received these honors for his actions during World War II, specifically for his role in the final major offensive, which was the Battle of Berlin.
Answer: World War II
2026-08-24 14:37:35 | INFO | Prediction: World War II
2026-08-24 14:37:35 | INFO | Gold: World War II
2026-08-24 14:37:35 | INFO | Answer | EM: 1.0000 | F1: 1.0000
2026-08-24 14:37:35 | INFO | Result | Correct: True | Running EM: 31.82% | Termination: completed | Steps: 1 | Tool calls: 0 | Latency: 0.262s
2026-08-24 14:37:35 | INFO | Step 1
2026-08-24 14:37:35 | INFO | Thought: Cale Gundy is a former NFL player and current coach. His brother is J.C. Gundy, who played college football at Utah State University.
2026-08-24 14:37:35 | INFO | Model output: Thought: Cale Gundy is a former NFL player and current coach. His brother is J.C. Gundy, who played college football at Utah State University.
Answer: Utah State University
2026-08-24 14:37:35 | INFO | Prediction: Utah State University
2026-08-24 14:37:35 | INFO | Gold: Oklahoma State University
2026-08-24 14:37:35 | INFO | Answer | EM: 0.0000 | F1: 0.6667
2026-08-24 14:37:35 | INFO | Result | Correct: False | Running EM: 31.11% | Termination: completed | Steps: 1 | Tool calls: 0 | Latency: 0.262s
2026-08-24 14:37:35 | INFO | Step 1
2026-08-24 14:37:35 | INFO | Thought: Nick Carter is a member of the boy band NSYNC and has released solo material, but his primary fame comes from NSYNC. Brady Seals is primarily known as a solo artist and has released multiple solo albums under his own name.
2026-08-24 14:37:35 | INFO | Model output: Thought: Nick Carter is a member of the boy band NSYNC and has released solo material, but his primary fame comes from NSYNC. Brady Seals is primarily known as a solo artist and has released multiple solo albums under his own name. 
Answer: Brady Seals
2026-08-24 14:37:35 | INFO | Prediction: Brady Seals
2026-08-24 14:37:35 | INFO | Gold: Brady Seals
2026-08-24 14:37:35 | INFO | Answer | EM: 1.0000 | F1: 1.0000
2026-08-24 14:37:35 | INFO | Result | Correct: True | Running EM: 32.61% | Termination: completed | Steps: 1 | Tool calls: 0 | Latency: 0.262s
2026-08-24 14:37:35 | INFO | Step 1
2026-08-24 14:37:35 | INFO | Thought: The Bayezid II Mosque has a traditional Ottoman architectural style, while the Nusretiye Mosque is known for its unique Baroque elements integrated into its design. Therefore, the Nusretiye Mosque is the one that retains a Baroque style of architecture.
2026-08-24 14:37:35 | INFO | Model output: Thought: The Bayezid II Mosque has a traditional Ottoman architectural style, while the Nusretiye Mosque is known for its unique Baroque elements integrated into its design. Therefore, the Nusretiye Mosque is the one that retains a Baroque style of architecture.
Answer: Nusretiye Mosque
2026-08-24 14:37:35 | INFO | Prediction: Nusretiye Mosque
2026-08-24 14:37:35 | INFO | Gold: Nusretiye Mosque
2026-08-24 14:37:35 | INFO | Answer | EM: 1.0000 | F1: 1.0000
2026-08-24 14:37:35 | INFO | Result | Correct: True | Running EM: 34.04% | Termination: completed | Steps: 1 | Tool calls: 0 | Latency: 0.262s
2026-08-24 14:37:35 | INFO | Step 1
2026-08-24 14:37:35 | INFO | Thought: The last Detroit Pistons player to wear the number retired in honor of a player nicknamed "The Worm" was Jason Terry. Jason Terry attended the University of Mississippi.
2026-08-24 14:37:35 | INFO | Model output: Thought: The last Detroit Pistons player to wear the number retired in honor of a player nicknamed "The Worm" was Jason Terry. Jason Terry attended the University of Mississippi. 
Answer: University of Mississippi
2026-08-24 14:37:35 | INFO | Prediction: University of Mississippi
2026-08-24 14:37:35 | INFO | Gold: Georgetown University
2026-08-24 14:37:35 | INFO | Answer | EM: 0.0000 | F1: 0.4000
2026-08-24 14:37:35 | INFO | Result | Correct: False | Running EM: 33.33% | Termination: completed | Steps: 1 | Tool calls: 0 | Latency: 0.262s
2026-08-24 14:37:35 | INFO | Inference batch [49-64/500] size=16
2026-08-24 14:37:35 | INFO | [49/500] example_id=5a72688c5542997f827839b2
2026-08-24 14:37:35 | INFO | Question: The Atik Valide Mosque and Valens Aqueduct are found in what country?
2026-08-24 14:37:35 | INFO | [50/500] example_id=5a7ce0ce554299452d57ba92
2026-08-24 14:37:35 | INFO | Question: Which of the four US Presidents who have been assinated was shot on the grounds of the Pan-American Exposition at the Temple of Music in Buffalo, New York?
2026-08-24 14:37:35 | INFO | [51/500] example_id=5a83411655429966c78a6b5d
2026-08-24 14:37:35 | INFO | Question: Who created the NBC sitcom that Johnny Pemberton appears in as the character Bo Thompson?
2026-08-24 14:37:35 | INFO | [52/500] example_id=5a877dd65542993e715abf79
2026-08-24 14:37:35 | INFO | Question: Were Halldór Laxness and Timothy Leary from the same country?
2026-08-24 14:37:35 | INFO | [53/500] example_id=5ab6087a554299110f2199be
2026-08-24 14:37:35 | INFO | Question: Do both Korematsu v. United States and Chaplinsky v. New Hampshire cases regard the rights of U. S. citizens?
2026-08-24 14:37:35 | INFO | [54/500] example_id=5adbd70c55429947ff173843
2026-08-24 14:37:35 | INFO | Question: What is the title of the memoir written by the honoree of the Black and White Ball?
2026-08-24 14:37:35 | INFO | [55/500] example_id=5a7796e05542992a6e59df0f
2026-08-24 14:37:35 | INFO | Question: What country is the theme park served by the Huis Ten Bosch train service themed on?
2026-08-24 14:37:35 | INFO | [56/500] example_id=5abc030e554299642a094bdc
2026-08-24 14:37:35 | INFO | Question: The Distribution of Industry act was passed by a man who was prime minister when?
2026-08-24 14:37:35 | INFO | [57/500] example_id=5a7bb7f2554299042af8f7b6
2026-08-24 14:37:35 | INFO | Question: What Cantonese slang term can mean both "ghost man" and to refer to Westerners?
2026-08-24 14:37:35 | INFO | [58/500] example_id=5a8b3de95542997f31a41cc3
2026-08-24 14:37:35 | INFO | Question: In what year was the most famous statute at Po Lin Monastery built?
2026-08-24 14:37:35 | INFO | [59/500] example_id=5ab3bfd3554299233954ff99
2026-08-24 14:37:35 | INFO | Question: The Nike Hoop Summit has had many current NBA players as former participants, including what German player from the Dallas Mavericks?
2026-08-24 14:37:35 | INFO | [60/500] example_id=5ab9b7d555429970cfb8eb7a
2026-08-24 14:37:35 | INFO | Question: Which actor from the South Korean-Thai drama film Final Recipe debuted as a member of Super Junior-M in 2008?
2026-08-24 14:37:35 | INFO | [61/500] example_id=5ab6bf6d55429953192ad372
2026-08-24 14:37:35 | INFO | Question: Are Phlebodium and Pieris both species of ferns?
2026-08-24 14:37:35 | INFO | [62/500] example_id=5ae7cb9b5542994a481bbde2
2026-08-24 14:37:35 | INFO | Question: Who was the great grandfather of Franklin Seaver Pratt's wife?
2026-08-24 14:37:35 | INFO | [63/500] example_id=5ab1d6545542997061209588
2026-08-24 14:37:35 | INFO | Question: At what age did Cieli di Toscana's singer become blind?
2026-08-24 14:37:35 | INFO | [64/500] example_id=5addcb215542997dc7907033
2026-08-24 14:37:35 | INFO | Question: Which late 1980s and 1990s English super model was featured in the song nasty girl by The Notorious B.I.G.?
2026-08-24 14:37:41 | INFO | Step 1
2026-08-24 14:37:41 | INFO | Thought: The Atik Valide Mosque and Valens Aqueduct are historical landmarks located in Istanbul, Turkey. Both structures are situated in the same country.
2026-08-24 14:37:41 | INFO | Model output: Thought: The Atik Valide Mosque and Valens Aqueduct are historical landmarks located in Istanbul, Turkey. Both structures are situated in the same country.
Answer: Turkey
2026-08-24 14:37:41 | INFO | Prediction: Turkey
2026-08-24 14:37:41 | INFO | Gold: Turkey
2026-08-24 14:37:41 | INFO | Answer | EM: 1.0000 | F1: 1.0000
2026-08-24 14:37:41 | INFO | Result | Correct: True | Running EM: 34.69% | Termination: completed | Steps: 1 | Tool calls: 0 | Latency: 0.367s
2026-08-24 14:37:41 | INFO | Step 1
2026-08-24 14:37:41 | INFO | Thought: The assassination took place in 1901, and the president involved was William McKinley. William McKinley was the 25th President of the United States.
2026-08-24 14:37:41 | INFO | Model output: Thought: The assassination took place in 1901, and the president involved was William McKinley. William McKinley was the 25th President of the United States.
Answer: William McKinley
2026-08-24 14:37:41 | INFO | Prediction: William McKinley
2026-08-24 14:37:41 | INFO | Gold: William McKinley
2026-08-24 14:37:41 | INFO | Answer | EM: 1.0000 | F1: 1.0000
2026-08-24 14:37:41 | INFO | Result | Correct: True | Running EM: 36.00% | Termination: completed | Steps: 1 | Tool calls: 0 | Latency: 0.367s
2026-08-24 14:37:41 | INFO | Step 1
2026-08-24 14:37:41 | INFO | Thought: Johnny Pemberton appears in the NBC sitcom "This Is Us," which was created by Dan Fogelman.
2026-08-24 14:37:41 | INFO | Model output: Thought: Johnny Pemberton appears in the NBC sitcom "This Is Us," which was created by Dan Fogelman.
Answer: Dan Fogelman
2026-08-24 14:37:41 | INFO | Prediction: Dan Fogelman
2026-08-24 14:37:41 | INFO | Gold: Justin Spitzer
2026-08-24 14:37:41 | INFO | Answer | EM: 0.0000 | F1: 0.0000
2026-08-24 14:37:41 | INFO | Result | Correct: False | Running EM: 35.29% | Termination: completed | Steps: 1 | Tool calls: 0 | Latency: 0.367s
2026-08-24 14:37:41 | INFO | Step 1
2026-08-24 14:37:41 | INFO | Thought: Halldór Laxness was an Icelandic author, while Timothy Leary was an American psychologist and writer. Therefore, they were not from the same country.
2026-08-24 14:37:41 | INFO | Model output: Thought: Halldór Laxness was an Icelandic author, while Timothy Leary was an American psychologist and writer. Therefore, they were not from the same country.
Answer: No
2026-08-24 14:37:41 | INFO | Prediction: No
2026-08-24 14:37:41 | INFO | Gold: no
2026-08-24 14:37:41 | INFO | Answer | EM: 1.0000 | F1: 1.0000
2026-08-24 14:37:41 | INFO | Result | Correct: True | Running EM: 36.54% | Termination: completed | Steps: 1 | Tool calls: 0 | Latency: 0.367s
2026-08-24 14:37:41 | INFO | Step 1
2026-08-24 14:37:41 | INFO | Thought: Korematsu v. United States concerns the internment of Japanese Americans during World War II and civil liberties during times of war. Chaplinsky v. New Hampshire deals with the limits of free speech and offensive verbal comments. Both cases involve the rights of U.S. citizens, but they focus on different aspects of constitutional rights.
2026-08-24 14:37:41 | INFO | Model output: Thought: Korematsu v. United States concerns the internment of Japanese Americans during World War II and civil liberties during times of war. Chaplinsky v. New Hampshire deals with the limits of free speech and offensive verbal comments. Both cases involve the rights of U.S. citizens, but they focus on different aspects of constitutional rights.
Answer: Yes
2026-08-24 14:37:41 | INFO | Prediction: Yes
2026-08-24 14:37:41 | INFO | Gold: yes
2026-08-24 14:37:41 | INFO | Answer | EM: 1.0000 | F1: 1.0000
2026-08-24 14:37:41 | INFO | Result | Correct: True | Running EM: 37.74% | Termination: completed | Steps: 1 | Tool calls: 0 | Latency: 0.367s
2026-08-24 14:37:41 | INFO | Step 1
2026-08-24 14:37:41 | INFO | Thought: The Black and White Ball is an annual event hosted by the Academy of Motion Picture Arts and Sciences. The honoree of the Black and White Ball is often a celebrity or industry figure. However, there isn't a specific memoir titled after the Black and White Ball itself. The question might be referring to a memoir written by a past honoree. Without a specific honoree mentioned, it's challenging to provide a precise title. A notable example could be "I Am Woman: The Autobiography" by Katharine Hepburn, who was a past honoree.
2026-08-24 14:37:41 | INFO | Model output: Thought: The Black and White Ball is an annual event hosted by the Academy of Motion Picture Arts and Sciences. The honoree of the Black and White Ball is often a celebrity or industry figure. However, there isn't a specific memoir titled after the Black and White Ball itself. The question might be referring to a memoir written by a past honoree. Without a specific honoree mentioned, it's challenging to provide a precise title. A notable example could be "I Am Woman: The Autobiography" by Katharine Hepburn, who was a past honoree.
Answer: I Am Woman: The Autobiography (Note: This is an example and not the exact title if the question refers to a specific honoree.)
2026-08-24 14:37:41 | INFO | Prediction: I Am Woman: The Autobiography (Note: This is an example and not the exact title if the question refers to a specific honoree.)
2026-08-24 14:37:41 | INFO | Gold: Personal History
2026-08-24 14:37:41 | INFO | Answer | EM: 0.0000 | F1: 0.0000
2026-08-24 14:37:41 | INFO | Result | Correct: False | Running EM: 37.04% | Termination: completed | Steps: 1 | Tool calls: 0 | Latency: 0.367s
2026-08-24 14:37:41 | INFO | Step 1
2026-08-24 14:37:41 | INFO | Thought: Huis Ten Bosch is a theme park located in Japan. The theme of the park is based on Dutch culture and architecture. Therefore, the country the theme park is themed on is Japan.
2026-08-24 14:37:41 | INFO | Model output: Thought: Huis Ten Bosch is a theme park located in Japan. The theme of the park is based on Dutch culture and architecture. Therefore, the country the theme park is themed on is Japan.
Answer: Japan
2026-08-24 14:37:41 | INFO | Prediction: Japan
2026-08-24 14:37:41 | INFO | Gold: Netherlands
2026-08-24 14:37:41 | INFO | Answer | EM: 0.0000 | F1: 0.0000
2026-08-24 14:37:41 | INFO | Result | Correct: False | Running EM: 36.36% | Termination: completed | Steps: 1 | Tool calls: 0 | Latency: 0.367s
2026-08-24 14:37:41 | INFO | Step 1
2026-08-24 14:37:41 | INFO | Thought: The Distribution of Industry Act was passed in 1946 by Clement Attlee, who was the Prime Minister of the United Kingdom from 1945 to 1951. Therefore, the act was passed by a man who was prime minister when the act was passed.
2026-08-24 14:37:41 | INFO | Model output: Thought: The Distribution of Industry Act was passed in 1946 by Clement Attlee, who was the Prime Minister of the United Kingdom from 1945 to 1951. Therefore, the act was passed by a man who was prime minister when the act was passed.
Answer: 1945
2026-08-24 14:37:41 | INFO | Prediction: 1945
2026-08-24 14:37:41 | INFO | Gold: 1945 to 1951
2026-08-24 14:37:41 | INFO | Answer | EM: 0.0000 | F1: 0.5000
2026-08-24 14:37:41 | INFO | Result | Correct: False | Running EM: 35.71% | Termination: completed | Steps: 1 | Tool calls: 0 | Latency: 0.367s
2026-08-24 14:37:41 | INFO | Step 1
2026-08-24 14:37:41 | INFO | Thought: The Cantonese slang term that can mean both "ghost man" and to refer to Westerners is "马骝" (maa6 loeng5). This term has multiple meanings and connotations in Cantonese slang.
2026-08-24 14:37:41 | INFO | Model output: Thought: The Cantonese slang term that can mean both "ghost man" and to refer to Westerners is "马骝" (maa6 loeng5). This term has multiple meanings and connotations in Cantonese slang.
Answer: 马骝 (maa6 loeng5)
2026-08-24 14:37:41 | INFO | Prediction: 马骝 (maa6 loeng5)
2026-08-24 14:37:41 | INFO | Gold: Gweilo
2026-08-24 14:37:41 | INFO | Answer | EM: 0.0000 | F1: 0.0000
2026-08-24 14:37:41 | INFO | Result | Correct: False | Running EM: 35.09% | Termination: completed | Steps: 1 | Tool calls: 0 | Latency: 0.367s
2026-08-24 14:37:41 | INFO | Step 1
2026-08-24 14:37:41 | INFO | Thought: Po Lin Monastery is home to the Big Buddha statue, which is its most famous statute. The Big Buddha statue was built in 1993.
2026-08-24 14:37:41 | INFO | Model output: Thought: Po Lin Monastery is home to the Big Buddha statue, which is its most famous statute. The Big Buddha statue was built in 1993.
Answer: 1993
2026-08-24 14:37:41 | INFO | Prediction: 1993
2026-08-24 14:37:41 | INFO | Gold: Tian Tan Buddha
2026-08-24 14:37:41 | INFO | Answer | EM: 0.0000 | F1: 0.0000
2026-08-24 14:37:41 | INFO | Result | Correct: False | Running EM: 34.48% | Termination: completed | Steps: 1 | Tool calls: 0 | Latency: 0.367s
2026-08-24 14:37:41 | INFO | Step 1
2026-08-24 14:37:41 | INFO | Thought: The Nike Hoop Summit featured players who later joined the NBA. One notable German player from the Dallas Mavericks who participated is Dirk Nowitzki.
2026-08-24 14:37:41 | INFO | Model output: Thought: The Nike Hoop Summit featured players who later joined the NBA. One notable German player from the Dallas Mavericks who participated is Dirk Nowitzki.
Answer: Dirk Nowitzki
2026-08-24 14:37:41 | INFO | Prediction: Dirk Nowitzki
2026-08-24 14:37:41 | INFO | Gold: Dirk Werner Nowitzki
2026-08-24 14:37:41 | INFO | Answer | EM: 0.0000 | F1: 0.8000
2026-08-24 14:37:41 | INFO | Result | Correct: False | Running EM: 33.90% | Termination: completed | Steps: 1 | Tool calls: 0 | Latency: 0.367s
2026-08-24 14:37:41 | INFO | Step 1
2026-08-24 14:37:41 | INFO | Thought: The actor from the South Korean-Thai drama film Final Recipe who also debuted as a member of Super Junior-M in 2008 is Kim Jong-hyun. However, Kim Jong-hyun passed away in 2017, and he was a member of K-pop group SHINee, not Super Junior-M. After cross-referencing the information, the correct answer is actually Lee Min-ho, who is a member of the K-pop group SHINee and starred in the drama Final Recipe.
2026-08-24 14:37:41 | INFO | Model output: Thought: The actor from the South Korean-Thai drama film Final Recipe who also debuted as a member of Super Junior-M in 2008 is Kim Jong-hyun. However, Kim Jong-hyun passed away in 2017, and he was a member of K-pop group SHINee, not Super Junior-M. After cross-referencing the information, the correct answer is actually Lee Min-ho, who is a member of the K-pop group SHINee and starred in the drama Final Recipe.
Answer: Lee Min-ho
2026-08-24 14:37:41 | INFO | Prediction: Lee Min-ho
2026-08-24 14:37:41 | INFO | Gold: Henry Lau
2026-08-24 14:37:41 | INFO | Answer | EM: 0.0000 | F1: 0.0000
2026-08-24 14:37:41 | INFO | Result | Correct: False | Running EM: 33.33% | Termination: completed | Steps: 1 | Tool calls: 0 | Latency: 0.367s
2026-08-24 14:37:41 | INFO | Step 1
2026-08-24 14:37:41 | INFO | Thought: Phlebodium is a genus of ferns, while Pieris is a genus of flowering plants. Therefore, they are not both species of ferns.
2026-08-24 14:37:41 | INFO | Model output: Thought: Phlebodium is a genus of ferns, while Pieris is a genus of flowering plants. Therefore, they are not both species of ferns.
Answer: No
2026-08-24 14:37:41 | INFO | Prediction: No
2026-08-24 14:37:41 | INFO | Gold: no
2026-08-24 14:37:41 | INFO | Answer | EM: 1.0000 | F1: 1.0000
2026-08-24 14:37:41 | INFO | Result | Correct: True | Running EM: 34.43% | Termination: completed | Steps: 1 | Tool calls: 0 | Latency: 0.367s
2026-08-24 14:37:41 | INFO | Step 1
2026-08-24 14:37:41 | INFO | Thought: The question asks about the great grandfather of Franklin Seaver Pratt's wife, but no specific information about Franklin Seaver Pratt or his wife is provided in the given context. Without additional details about their family history, it's not possible to determine who their great grandfather was.
2026-08-24 14:37:41 | INFO | Model output: Thought: The question asks about the great grandfather of Franklin Seaver Pratt's wife, but no specific information about Franklin Seaver Pratt or his wife is provided in the given context. Without additional details about their family history, it's not possible to determine who their great grandfather was.
Answer: Not enough information provided
2026-08-24 14:37:41 | INFO | Prediction: Not enough information provided
2026-08-24 14:37:41 | INFO | Gold: Kalokuokamaile
2026-08-24 14:37:41 | INFO | Answer | EM: 0.0000 | F1: 0.0000
2026-08-24 14:37:41 | INFO | Result | Correct: False | Running EM: 33.87% | Termination: completed | Steps: 1 | Tool calls: 0 | Latency: 0.367s
2026-08-24 14:37:41 | INFO | Step 1
2026-08-24 14:37:41 | INFO | Thought: Cieli di Toscana is an Italian pop group, but specific information about the age at which their singer became blind is not readily available in my knowledge base. Without additional research, I cannot determine the exact age.
2026-08-24 14:37:41 | INFO | Model output: Thought: Cieli di Toscana is an Italian pop group, but specific information about the age at which their singer became blind is not readily available in my knowledge base. Without additional research, I cannot determine the exact age.
Answer: The information is not available in my current knowledge base.
2026-08-24 14:37:41 | INFO | Prediction: The information is not available in my current knowledge base.
2026-08-24 14:37:41 | INFO | Gold: Bocelli became completely blind at the age of 12
2026-08-24 14:37:41 | INFO | Answer | EM: 0.0000 | F1: 0.0000
2026-08-24 14:37:41 | INFO | Result | Correct: False | Running EM: 33.33% | Termination: completed | Steps: 1 | Tool calls: 0 | Latency: 0.367s
2026-08-24 14:37:41 | INFO | Step 1
2026-08-24 14:37:41 | INFO | Thought: The Notorious B.I.G. is an American rapper. The song "Nasty Girl" features a model who is referenced in the lyrics. This model was a late 1980s and 1990s English supermodel named Naomi Campbell. Naomi Campbell fits all these criteria.
2026-08-24 14:37:41 | INFO | Model output: Thought: The Notorious B.I.G. is an American rapper. The song "Nasty Girl" features a model who is referenced in the lyrics. This model was a late 1980s and 1990s English supermodel named Naomi Campbell. Naomi Campbell fits all these criteria.
Answer: Naomi Campbell
2026-08-24 14:37:41 | INFO | Prediction: Naomi Campbell
2026-08-24 14:37:41 | INFO | Gold: Naomi Elaine Campbell
2026-08-24 14:37:41 | INFO | Answer | EM: 0.0000 | F1: 0.8000
2026-08-24 14:37:41 | INFO | Result | Correct: False | Running EM: 32.81% | Termination: completed | Steps: 1 | Tool calls: 0 | Latency: 0.367s
2026-08-24 14:37:41 | INFO | Inference batch [65-80/500] size=16
2026-08-24 14:37:41 | INFO | [65/500] example_id=5ae528ed5542993aec5ec16e
2026-08-24 14:37:41 | INFO | Question: What is the name of the film directed by Alex Cox  adapted from a 1606 play starring Diana Quick as the Dutchess?
2026-08-24 14:37:41 | INFO | [66/500] example_id=5a8c7ced5542995e66a4761c
2026-08-24 14:37:41 | INFO | Question: Josh Trank and Mike Valerio both work in what industry?
2026-08-24 14:37:41 | INFO | [67/500] example_id=5a72f74a55429901807daf59
2026-08-24 14:37:41 | INFO | Question: Which American comedian born on March 21, 1962, appeared in the movie "Sleepless in Seattle?"
2026-08-24 14:37:41 | INFO | [68/500] example_id=5ae1d4e8554299234fd04312
2026-08-24 14:37:41 | INFO | Question: Any Questions for Ben? was directed by which Australian producer and actor?
2026-08-24 14:37:41 | INFO | [69/500] example_id=5a80aeef5542992097ad301a
2026-08-24 14:37:41 | INFO | Question: What American indie rock group first had Jesse Sandoval as the drummer and now has Jon Sortland on drums?
2026-08-24 14:37:41 | INFO | [70/500] example_id=5a7f66f155429969796c1a33
2026-08-24 14:37:41 | INFO | Question: What 3 countries are part of the legal name of the airline that merged with Braathens in 2004?
2026-08-24 14:37:41 | INFO | [71/500] example_id=5abbda84554299642a094b5b
2026-08-24 14:37:41 | INFO | Question: What is the ratio of flow velocity past a boundary to the local speed of sound for a Saab JAS 39 Gripen?
2026-08-24 14:37:41 | INFO | [72/500] example_id=5abe3dc65542993f32c2a0c4
2026-08-24 14:37:41 | INFO | Question: SWX Right Now airs on the station that broadcasts on what channel in Billings, Montana?
2026-08-24 14:37:41 | INFO | [73/500] example_id=5ae489ab5542995ad6573d62
2026-08-24 14:37:41 | INFO | Question: Which player, who also played for the New Jersey Nets and the Golden State Warriors, finished third in the league with 231 three-point field goals during the 1995-96 Atlanta Hawks season?
2026-08-24 14:37:41 | INFO | [74/500] example_id=5a7e1b7155429965cec5ea6c
2026-08-24 14:37:41 | INFO | Question: Saltillo Engine is an engine plant in Ramos Arizpe that belongs to the American subsidiary of what company?
2026-08-24 14:37:41 | INFO | [75/500] example_id=5a8fae205542997ba9cb32ec
2026-08-24 14:37:41 | INFO | Question: What type of television show did Dylan Everett star in, in 2015?
2026-08-24 14:37:41 | INFO | [76/500] example_id=5ae588cb55429960a22e0300
2026-08-24 14:37:41 | INFO | Question: Which plant, the Chaerophyllum or the Cryptanthus, can be found in various places across the world?
2026-08-24 14:37:41 | INFO | [77/500] example_id=5a75e62f5542992d0ec06013
2026-08-24 14:37:41 | INFO | Question: Johnny Mathis: Wonderful Wonderful aired at what luxury hotel, casino and spa resort located in Atlantic City, New Jersey?
2026-08-24 14:37:41 | INFO | [78/500] example_id=5ac113e2554299294b21909a
2026-08-24 14:37:41 | INFO | Question: Who wrote the lyrics for Linda Eder's Broadway debut?
2026-08-24 14:37:41 | INFO | [79/500] example_id=5a82fe5055429966c78a6ad3
2026-08-24 14:37:41 | INFO | Question: The Company They Keep is a book written by Diana Pavlac Glyer, who is a professor at a university in Azusa, California, that was founded in 1899, and is under the auspices of what religion?
2026-08-24 14:37:41 | INFO | [80/500] example_id=5a7e05ba5542995f4f402392
2026-08-24 14:37:41 | INFO | Question: For One Night Only was hosted by the man most well-known for hosting what show from 1962 until 1999?
2026-08-24 14:37:45 | INFO | Step 1
2026-08-24 14:37:45 | INFO | Thought: Alex Cox directed the film "Straight to Hell" which is an adaptation of John Webster's 1606 play "The White Devil." Diana Quick indeed starred in the film as the Duchess of Malfi.
2026-08-24 14:37:45 | INFO | Model output: Thought: Alex Cox directed the film "Straight to Hell" which is an adaptation of John Webster's 1606 play "The White Devil." Diana Quick indeed starred in the film as the Duchess of Malfi.
Answer: The White Devil
2026-08-24 14:37:45 | INFO | Prediction: The White Devil
2026-08-24 14:37:45 | INFO | Gold: Revengers Tragedy
2026-08-24 14:37:45 | INFO | Answer | EM: 0.0000 | F1: 0.0000
2026-08-24 14:37:45 | INFO | Result | Correct: False | Running EM: 32.31% | Termination: completed | Steps: 1 | Tool calls: 0 | Latency: 0.273s
2026-08-24 14:37:45 | INFO | Step 1
2026-08-24 14:37:45 | INFO | Thought: Josh Trank is known for directing science fiction and superhero films, while Mike Valerio is a film editor. Both professions are involved in the film industry.
2026-08-24 14:37:45 | INFO | Model output: Thought: Josh Trank is known for directing science fiction and superhero films, while Mike Valerio is a film editor. Both professions are involved in the film industry.
Answer: film industry
2026-08-24 14:37:45 | INFO | Prediction: film industry
2026-08-24 14:37:45 | INFO | Gold: entertainment
2026-08-24 14:37:45 | INFO | Answer | EM: 0.0000 | F1: 0.0000
2026-08-24 14:37:45 | INFO | Result | Correct: False | Running EM: 31.82% | Termination: completed | Steps: 1 | Tool calls: 0 | Latency: 0.273s
2026-08-24 14:37:45 | INFO | Step 1
2026-08-24 14:37:45 | INFO | Thought: Chris Elliott is an American comedian born on March 21, 1962, and he appeared in the movie "Sleepless in Seattle."
2026-08-24 14:37:45 | INFO | Model output: Thought: Chris Elliott is an American comedian born on March 21, 1962, and he appeared in the movie "Sleepless in Seattle."
Answer: Chris Elliott
2026-08-24 14:37:45 | INFO | Prediction: Chris Elliott
2026-08-24 14:37:45 | INFO | Gold: Rosie O'Donnell
2026-08-24 14:37:45 | INFO | Answer | EM: 0.0000 | F1: 0.0000
2026-08-24 14:37:45 | INFO | Result | Correct: False | Running EM: 31.34% | Termination: completed | Steps: 1 | Tool calls: 0 | Latency: 0.273s
2026-08-24 14:37:45 | INFO | Step 1
2026-08-24 14:37:45 | INFO | Thought: Any Questions for Ben? was directed by Craig Monahan, who is an Australian producer and actor. Craig Monahan's profession as both a producer and actor fits the question's requirement.
2026-08-24 14:37:45 | INFO | Model output: Thought: Any Questions for Ben? was directed by Craig Monahan, who is an Australian producer and actor. Craig Monahan's profession as both a producer and actor fits the question's requirement.
Answer: Craig Monahan
2026-08-24 14:37:45 | INFO | Prediction: Craig Monahan
2026-08-24 14:37:45 | INFO | Gold: Robert Ian "Rob" Sitch
2026-08-24 14:37:45 | INFO | Answer | EM: 0.0000 | F1: 0.0000
2026-08-24 14:37:45 | INFO | Result | Correct: False | Running EM: 30.88% | Termination: completed | Steps: 1 | Tool calls: 0 | Latency: 0.273s
2026-08-24 14:37:45 | INFO | Step 1
2026-08-24 14:37:45 | INFO | Thought: Jesse Sandoval was the original drummer for the American indie rock group Veruca Salt. When Veruca Salt disbanded and reformed, Jon Sortland replaced Jesse Sandoval on drums.
2026-08-24 14:37:45 | INFO | Model output: Thought: Jesse Sandoval was the original drummer for the American indie rock group Veruca Salt. When Veruca Salt disbanded and reformed, Jon Sortland replaced Jesse Sandoval on drums.
Answer: Veruca Salt
2026-08-24 14:37:45 | INFO | Prediction: Veruca Salt
2026-08-24 14:37:45 | INFO | Gold: The Shins
2026-08-24 14:37:45 | INFO | Answer | EM: 0.0000 | F1: 0.0000
2026-08-24 14:37:45 | INFO | Result | Correct: False | Running EM: 30.43% | Termination: completed | Steps: 1 | Tool calls: 0 | Latency: 0.273s
2026-08-24 14:37:45 | INFO | Step 1
2026-08-24 14:37:45 | INFO | Thought: The airline that merged with Braathens in 2004 is Scandinavian Airlines System (SAS). SAS is a flag carrier airline of Denmark, Norway, and Sweden. Therefore, the three countries part of its name are Denmark, Norway, and Sweden.
2026-08-24 14:37:45 | INFO | Model output: Thought: The airline that merged with Braathens in 2004 is Scandinavian Airlines System (SAS). SAS is a flag carrier airline of Denmark, Norway, and Sweden. Therefore, the three countries part of its name are Denmark, Norway, and Sweden.
Answer: Denmark, Norway, Sweden
2026-08-24 14:37:45 | INFO | Prediction: Denmark, Norway, Sweden
2026-08-24 14:37:45 | INFO | Gold: Denmark–Norway–Sweden
2026-08-24 14:37:45 | INFO | Answer | EM: 0.0000 | F1: 0.0000
2026-08-24 14:37:45 | INFO | Result | Correct: False | Running EM: 30.00% | Termination: completed | Steps: 1 | Tool calls: 0 | Latency: 0.273s
2026-08-24 14:37:45 | INFO | Step 1
2026-08-24 14:37:45 | INFO | Thought: To determine the ratio of flow velocity past a boundary to the local speed of sound for a Saab JAS 39 Gripen, we would need specific flight conditions and the aircraft's speed at those conditions. However, without specific data, we cannot provide an exact ratio. Typically, this ratio is used to understand compressibility effects, but precise values require detailed aerodynamic analysis or flight test data.
2026-08-24 14:37:45 | INFO | Model output: Thought: To determine the ratio of flow velocity past a boundary to the local speed of sound for a Saab JAS 39 Gripen, we would need specific flight conditions and the aircraft's speed at those conditions. However, without specific data, we cannot provide an exact ratio. Typically, this ratio is used to understand compressibility effects, but precise values require detailed aerodynamic analysis or flight test data.
Answer: Cannot determine without specific flight conditions and speed data.
2026-08-24 14:37:45 | INFO | Prediction: Cannot determine without specific flight conditions and speed data.
2026-08-24 14:37:45 | INFO | Gold: 2
2026-08-24 14:37:45 | INFO | Answer | EM: 0.0000 | F1: 0.0000
2026-08-24 14:37:45 | INFO | Result | Correct: False | Running EM: 29.58% | Termination: completed | Steps: 1 | Tool calls: 0 | Latency: 0.273s
2026-08-24 14:37:45 | INFO | Step 1
2026-08-24 14:37:45 | INFO | Thought: SWX Right Now is a financial news program. It airs on KTMV-TV, which is the CBS affiliate in Billings, Montana. KTMV-TV broadcasts on channel 11 in Billings, Montana.
2026-08-24 14:37:45 | INFO | Model output: Thought: SWX Right Now is a financial news program. It airs on KTMV-TV, which is the CBS affiliate in Billings, Montana. KTMV-TV broadcasts on channel 11 in Billings, Montana.
Answer: channel 11
2026-08-24 14:37:45 | INFO | Prediction: channel 11
2026-08-24 14:37:45 | INFO | Gold: 8
2026-08-24 14:37:45 | INFO | Answer | EM: 0.0000 | F1: 0.0000
2026-08-24 14:37:45 | INFO | Result | Correct: False | Running EM: 29.17% | Termination: completed | Steps: 1 | Tool calls: 0 | Latency: 0.273s
2026-08-24 14:37:45 | INFO | Step 1
2026-08-24 14:37:45 | INFO | Thought: The player who finished third in the league with 231 three-point field goals during the 1995-96 Atlanta Hawks season is Terry Tyler. Terry Tyler played for the New Jersey Nets and the Golden State Warriors in his career.
2026-08-24 14:37:45 | INFO | Model output: Thought: The player who finished third in the league with 231 three-point field goals during the 1995-96 Atlanta Hawks season is Terry Tyler. Terry Tyler played for the New Jersey Nets and the Golden State Warriors in his career.
Answer: Terry Tyler
2026-08-24 14:37:45 | INFO | Prediction: Terry Tyler
2026-08-24 14:37:45 | INFO | Gold: Mookie Blaylock
2026-08-24 14:37:45 | INFO | Answer | EM: 0.0000 | F1: 0.0000
2026-08-24 14:37:45 | INFO | Result | Correct: False | Running EM: 28.77% | Termination: completed | Steps: 1 | Tool calls: 0 | Latency: 0.273s
2026-08-24 14:37:45 | INFO | Step 1
2026-08-24 14:37:45 | INFO | Thought: Saltillo Engine is located in Ramos Arizpe, which is a city in Coahuila, Mexico. The plant is operated by Ford Motor Company's Mexican subsidiary, Ford de México.
2026-08-24 14:37:45 | INFO | Model output: Thought: Saltillo Engine is located in Ramos Arizpe, which is a city in Coahuila, Mexico. The plant is operated by Ford Motor Company's Mexican subsidiary, Ford de México.
Answer: Ford Motor Company
2026-08-24 14:37:45 | INFO | Prediction: Ford Motor Company
2026-08-24 14:37:45 | INFO | Gold: Fiat Chrysler Automobiles N.V.
2026-08-24 14:37:45 | INFO | Answer | EM: 0.0000 | F1: 0.0000
2026-08-24 14:37:45 | INFO | Result | Correct: False | Running EM: 28.38% | Termination: completed | Steps: 1 | Tool calls: 0 | Latency: 0.273s
2026-08-24 14:37:45 | INFO | Step 1
2026-08-24 14:37:45 | INFO | Thought: Dylan Everett starred in the television show "The Flash" in 2015, which is a superhero drama series.
2026-08-24 14:37:45 | INFO | Model output: Thought: Dylan Everett starred in the television show "The Flash" in 2015, which is a superhero drama series.
Answer: superhero drama
2026-08-24 14:37:45 | INFO | Prediction: superhero drama
2026-08-24 14:37:45 | INFO | Gold: American-Canadian mystery-drama
2026-08-24 14:37:45 | INFO | Answer | EM: 0.0000 | F1: 0.0000
2026-08-24 14:37:45 | INFO | Result | Correct: False | Running EM: 28.00% | Termination: completed | Steps: 1 | Tool calls: 0 | Latency: 0.273s
2026-08-24 14:37:45 | INFO | Step 1
2026-08-24 14:37:45 | INFO | Thought: Chaerophyllum is a genus of flowering plants in the carrot family, which includes species that are native to Europe, Asia, and North America. Cryptanthus, on the other hand, is a genus of plants in the pineapple family that are native to South America. Therefore, Chaerophyllum can be found in various places across the world.
2026-08-24 14:37:45 | INFO | Model output: Thought: Chaerophyllum is a genus of flowering plants in the carrot family, which includes species that are native to Europe, Asia, and North America. Cryptanthus, on the other hand, is a genus of plants in the pineapple family that are native to South America. Therefore, Chaerophyllum can be found in various places across the world.
Answer: Chaerophyllum
2026-08-24 14:37:45 | INFO | Prediction: Chaerophyllum
2026-08-24 14:37:45 | INFO | Gold: Chaerophyllum
2026-08-24 14:37:45 | INFO | Answer | EM: 1.0000 | F1: 1.0000
2026-08-24 14:37:45 | INFO | Result | Correct: True | Running EM: 28.95% | Termination: completed | Steps: 1 | Tool calls: 0 | Latency: 0.273s
2026-08-24 14:37:45 | INFO | Step 1
2026-08-24 14:37:45 | INFO | Thought: Johnny Mathis: Wonderful Wonderful is a live performance. It aired at a specific location in Atlantic City, New Jersey. The only luxury hotel, casino, and spa resort in Atlantic City that hosts such performances is the Trump Taj Mahal. However, the Trump Taj Mahal closed in 2016 and was demolished in 2018. Given the context, it is likely referring to a past event. The correct venue for such a performance would be the Trump Taj Mahal.
2026-08-24 14:37:45 | INFO | Model output: Thought: Johnny Mathis: Wonderful Wonderful is a live performance. It aired at a specific location in Atlantic City, New Jersey. The only luxury hotel, casino, and spa resort in Atlantic City that hosts such performances is the Trump Taj Mahal. However, the Trump Taj Mahal closed in 2016 and was demolished in 2018. Given the context, it is likely referring to a past event. The correct venue for such a performance would be the Trump Taj Mahal.
Answer: Trump Taj Mahal
2026-08-24 14:37:45 | INFO | Prediction: Trump Taj Mahal
2026-08-24 14:37:45 | INFO | Gold: Tropicana Casino & Resort
2026-08-24 14:37:45 | INFO | Answer | EM: 0.0000 | F1: 0.0000
2026-08-24 14:37:45 | INFO | Result | Correct: False | Running EM: 28.57% | Termination: completed | Steps: 1 | Tool calls: 0 | Latency: 0.273s
2026-08-24 14:37:45 | INFO | Step 1
2026-08-24 14:37:45 | INFO | Thought: Linda Eder's Broadway debut was in the musical "The Pajama Game." The show's music was composed by Richard Adler with lyrics by Jerry Ross. Therefore, the lyrics for Linda Eder's Broadway debut were written by Jerry Ross.
2026-08-24 14:37:45 | INFO | Model output: Thought: Linda Eder's Broadway debut was in the musical "The Pajama Game." The show's music was composed by Richard Adler with lyrics by Jerry Ross. Therefore, the lyrics for Linda Eder's Broadway debut were written by Jerry Ross.
Answer: Jerry Ross
2026-08-24 14:37:45 | INFO | Prediction: Jerry Ross
2026-08-24 14:37:45 | INFO | Gold: Wildhorn, Bricusse and Cuden
2026-08-24 14:37:45 | INFO | Answer | EM: 0.0000 | F1: 0.0000
2026-08-24 14:37:45 | INFO | Result | Correct: False | Running EM: 28.21% | Termination: completed | Steps: 1 | Tool calls: 0 | Latency: 0.273s
2026-08-24 14:37:45 | INFO | Step 1
2026-08-24 14:37:45 | INFO | Thought: Diana Pavlac Glyer is a professor at Azusa Pacific University, which is located in Azusa, California and was founded in 1899. Azusa Pacific University is under the auspices of the Assemblies of God, a Protestant Christian denomination.
2026-08-24 14:37:45 | INFO | Model output: Thought: Diana Pavlac Glyer is a professor at Azusa Pacific University, which is located in Azusa, California and was founded in 1899. Azusa Pacific University is under the auspices of the Assemblies of God, a Protestant Christian denomination.
Answer: Assemblies of God
2026-08-24 14:37:45 | INFO | Prediction: Assemblies of God
2026-08-24 14:37:45 | INFO | Gold: evangelical Christian
2026-08-24 14:37:45 | INFO | Answer | EM: 0.0000 | F1: 0.0000
2026-08-24 14:37:45 | INFO | Result | Correct: False | Running EM: 27.85% | Termination: completed | Steps: 1 | Tool calls: 0 | Latency: 0.273s
2026-08-24 14:37:45 | INFO | Step 1
2026-08-24 14:37:45 | INFO | Thought: For One Night Only was hosted by Johnny Carson, who was most well-known for hosting The Tonight Show from 1962 until 1999.
2026-08-24 14:37:45 | INFO | Model output: Thought: For One Night Only was hosted by Johnny Carson, who was most well-known for hosting The Tonight Show from 1962 until 1999.
Answer: The Tonight Show
2026-08-24 14:37:45 | INFO | Prediction: The Tonight Show
2026-08-24 14:37:45 | INFO | Gold: The Late Late Show
2026-08-24 14:37:45 | INFO | Answer | EM: 0.0000 | F1: 0.4000
2026-08-24 14:37:45 | INFO | Result | Correct: False | Running EM: 27.50% | Termination: completed | Steps: 1 | Tool calls: 0 | Latency: 0.273s
2026-08-24 14:37:45 | INFO | Inference batch [81-96/500] size=16
2026-08-24 14:37:45 | INFO | [81/500] example_id=5a7264ed5542990c210a411a
2026-08-24 14:37:45 | INFO | Question: What was the slogan  that came about from the idea of Lebensraum which had its most extreme form supported by the Nazi Party until the end of World War II?
2026-08-24 14:37:45 | INFO | [82/500] example_id=5a8ed10b5542995085b374a0
2026-08-24 14:37:45 | INFO | Question: Olivia DeJonge starred in an American horror film directed by Shyamalan called what
2026-08-24 14:37:45 | INFO | [83/500] example_id=5add8f055542990dbb2f7e6d
2026-08-24 14:37:45 | INFO | Question: Who conducted the negotiations  with the owners and the longest serving commandant of Auschwitz concentration and extermination camp?
2026-08-24 14:37:45 | INFO | [84/500] example_id=5a86ab7755429960ec39b6bf
2026-08-24 14:37:45 | INFO | Question: What genre is the novel from which the fast-food restaurant specializing in seafood derives its name?
2026-08-24 14:37:45 | INFO | [85/500] example_id=5a7a112a5542990783324e2b
2026-08-24 14:37:45 | INFO | Question: What kind of musicians are Mark Gaudet and Jan Axel Blomberg?
2026-08-24 14:37:45 | INFO | [86/500] example_id=5ab870ee5542990e739ec8f6
2026-08-24 14:37:45 | INFO | Question: A Wind in the Door is part of a series written by who?
2026-08-24 14:37:45 | INFO | [87/500] example_id=5a8810485542997e5c09a590
2026-08-24 14:37:45 | INFO | Question: The Airport located next to the A13 handled how many passengers in 2016 ?
2026-08-24 14:37:45 | INFO | [88/500] example_id=5a8208ee5542990a1d231f1e
2026-08-24 14:37:45 | INFO | Question: The town of Sinclair, West Virginia, is named after the founder of the local oil drilling company. What is on Sinclair Oil's famous logo?
2026-08-24 14:37:45 | INFO | [89/500] example_id=5a86399e5542994775f60733
2026-08-24 14:37:45 | INFO | Question: Jihad: A Story of the Others is a documentary by the director who is of what descent?
2026-08-24 14:37:45 | INFO | [90/500] example_id=5a78e9a2554299148911f995
2026-08-24 14:37:45 | INFO | Question: Minor league baseball games that were played between the rivalling teams of the Sooners and the Cowboys were played at the stadium formerly known as what?
2026-08-24 14:37:45 | INFO | [91/500] example_id=5a84995d5542997b5ce3fee4
2026-08-24 14:37:45 | INFO | Question: Cooperative Living Organization is located in a city that is the county seat of what county in Florida?
2026-08-24 14:37:45 | INFO | [92/500] example_id=5ab941c2554299743d22ea88
2026-08-24 14:37:45 | INFO | Question: What is the pen name of author Carolyn Janice Cherry, who wrote the Fortress Series?
2026-08-24 14:37:45 | INFO | [93/500] example_id=5a8e5f1f5542995a26add4d6
2026-08-24 14:37:45 | INFO | Question: Which dog is believed to dispel ghosts and evil spirits, Segugio Italiano or Sapsali?
2026-08-24 14:37:45 | INFO | [94/500] example_id=5abf1ad15542997ec76fd3c2
2026-08-24 14:37:45 | INFO | Question: Which French aristocrat and military officer who fought in the American Revolutionary War visited this historic home located at Enfield, Halifax County, North Carolina, known as The Cellar?
2026-08-24 14:37:45 | INFO | [95/500] example_id=5ae5cf625542996de7b71a22
2026-08-24 14:37:45 | INFO | Question: What sports team included both of the brothers Case McCoy and Colt McCoy during different years?
2026-08-24 14:37:45 | INFO | [96/500] example_id=5a7c8ae855429935c91b5207
2026-08-24 14:37:45 | INFO | Question: Which member of The New Russian School was both a doctor and a chemist besides being a composer?
2026-08-24 14:37:51 | INFO | Step 1
2026-08-24 14:37:51 | INFO | Thought: Lebensraum was the concept of acquiring living space, primarily advocated by the Nazi Party. The slogan that came about from this idea was "Lebensraum für das Deutsche Volk," which translates to "Living Space for the German People."
2026-08-24 14:37:51 | INFO | Model output: Thought: Lebensraum was the concept of acquiring living space, primarily advocated by the Nazi Party. The slogan that came about from this idea was "Lebensraum für das Deutsche Volk," which translates to "Living Space for the German People."
Answer: Lebensraum für das Deutsche Volk
2026-08-24 14:37:51 | INFO | Prediction: Lebensraum für das Deutsche Volk
2026-08-24 14:37:51 | INFO | Gold: Blood and soil
2026-08-24 14:37:51 | INFO | Answer | EM: 0.0000 | F1: 0.0000
2026-08-24 14:37:51 | INFO | Result | Correct: False | Running EM: 27.16% | Termination: completed | Steps: 1 | Tool calls: 0 | Latency: 0.366s
2026-08-24 14:37:51 | INFO | Step 1
2026-08-24 14:37:51 | INFO | Thought: Olivia DeJonge starred in the film "The Village," which is an American horror film directed by M. Night Shyamalan.
2026-08-24 14:37:51 | INFO | Model output: Thought: Olivia DeJonge starred in the film "The Village," which is an American horror film directed by M. Night Shyamalan.
Answer: The Village
2026-08-24 14:37:51 | INFO | Prediction: The Village
2026-08-24 14:37:51 | INFO | Gold: The Visit
2026-08-24 14:37:51 | INFO | Answer | EM: 0.0000 | F1: 0.0000
2026-08-24 14:37:51 | INFO | Result | Correct: False | Running EM: 26.83% | Termination: completed | Steps: 1 | Tool calls: 0 | Latency: 0.366s
2026-08-24 14:37:51 | INFO | Step 1
2026-08-24 14:37:51 | INFO | Thought: The longest serving commandant of Auschwitz concentration and extermination camp was Rudolf Höss. Rudolf Höss conducted negotiations with the owners of the camp, which were primarily the German authorities and organizations involved in the management and operation of Auschwitz.
2026-08-24 14:37:51 | INFO | Model output: Thought: The longest serving commandant of Auschwitz concentration and extermination camp was Rudolf Höss. Rudolf Höss conducted negotiations with the owners of the camp, which were primarily the German authorities and organizations involved in the management and operation of Auschwitz. 
Answer: Rudolf Höss
2026-08-24 14:37:51 | INFO | Prediction: Rudolf Höss
2026-08-24 14:37:51 | INFO | Gold: Rudolf Höss
2026-08-24 14:37:51 | INFO | Answer | EM: 1.0000 | F1: 1.0000
2026-08-24 14:37:51 | INFO | Result | Correct: True | Running EM: 27.71% | Termination: completed | Steps: 1 | Tool calls: 0 | Latency: 0.366s
2026-08-24 14:37:51 | INFO | Step 1
2026-08-24 14:37:51 | INFO | Thought: The fast-food restaurant specializing in seafood is called McDonald's, which derives its name from the novel "McTeague" by Frank Norris. "McTeague" is a novel in the genre of naturalism.
2026-08-24 14:37:51 | INFO | Model output: Thought: The fast-food restaurant specializing in seafood is called McDonald's, which derives its name from the novel "McTeague" by Frank Norris. "McTeague" is a novel in the genre of naturalism.
Answer: naturalism
2026-08-24 14:37:51 | INFO | Prediction: naturalism
2026-08-24 14:37:51 | INFO | Gold: an adventure novel
2026-08-24 14:37:51 | INFO | Answer | EM: 0.0000 | F1: 0.0000
2026-08-24 14:37:51 | INFO | Result | Correct: False | Running EM: 27.38% | Termination: completed | Steps: 1 | Tool calls: 0 | Latency: 0.366s
2026-08-24 14:37:51 | INFO | Step 1
2026-08-24 14:37:51 | INFO | Thought: Mark Gaudet is known as a musician and composer, while Jan Axel Blomberg, also known as Hellhammer, is a musician and drummer. Both are involved in music but in different roles.
2026-08-24 14:37:51 | INFO | Model output: Thought: Mark Gaudet is known as a musician and composer, while Jan Axel Blomberg, also known as Hellhammer, is a musician and drummer. Both are involved in music but in different roles.
Answer: Mark Gaudet is a musician and composer, Jan Axel Blomberg is a musician and drummer.
2026-08-24 14:37:51 | INFO | Prediction: Mark Gaudet is a musician and composer, Jan Axel Blomberg is a musician and drummer.
2026-08-24 14:37:51 | INFO | Gold: drummer
2026-08-24 14:37:51 | INFO | Answer | EM: 0.0000 | F1: 0.1429
2026-08-24 14:37:51 | INFO | Result | Correct: False | Running EM: 27.06% | Termination: completed | Steps: 1 | Tool calls: 0 | Latency: 0.366s
2026-08-24 14:37:51 | INFO | Step 1
2026-08-24 14:37:51 | INFO | Thought: A Wind in the Door is part of the "A Wrinkle in Time" series, which was written by Madeleine L'Engle.
2026-08-24 14:37:51 | INFO | Model output: Thought: A Wind in the Door is part of the "A Wrinkle in Time" series, which was written by Madeleine L'Engle.
Answer: Madeleine L'Engle
2026-08-24 14:37:51 | INFO | Prediction: Madeleine L'Engle
2026-08-24 14:37:51 | INFO | Gold: Madeleine L'Engle
2026-08-24 14:37:51 | INFO | Answer | EM: 1.0000 | F1: 1.0000
2026-08-24 14:37:51 | INFO | Result | Correct: True | Running EM: 27.91% | Termination: completed | Steps: 1 | Tool calls: 0 | Latency: 0.366s
2026-08-24 14:37:51 | INFO | Step 1
2026-08-24 14:37:51 | INFO | Thought: To answer this question, I need to identify which airport is located next to the A13 highway and then find the passenger data for that airport in 2016. However, without specific information on which airport this refers to, I cannot provide a precise answer. Common airports near the A13 include Luton Airport and Stansted Airport in the UK, but I don't have the exact passenger numbers for either in 2016.
2026-08-24 14:37:51 | INFO | Model output: Thought: To answer this question, I need to identify which airport is located next to the A13 highway and then find the passenger data for that airport in 2016. However, without specific information on which airport this refers to, I cannot provide a precise answer. Common airports near the A13 include Luton Airport and Stansted Airport in the UK, but I don't have the exact passenger numbers for either in 2016.
Answer: Luton Airport handled approximately 12.5 million passengers in 2016, while Stansted Airport handled around 13.5 million passengers in the same year. Without confirming which airport is specifically meant, I can only provide these figures as examples.
2026-08-24 14:37:51 | INFO | Prediction: Luton Airport handled approximately 12.5 million passengers in 2016, while Stansted Airport handled around 13.5 million passengers in the same year. Without confirming which airport is specifically meant, I can only provide these figures as examples.
2026-08-24 14:37:51 | INFO | Gold: 1.6 million passengers
2026-08-24 14:37:51 | INFO | Answer | EM: 0.0000 | F1: 0.1053
2026-08-24 14:37:51 | INFO | Result | Correct: False | Running EM: 27.59% | Termination: completed | Steps: 1 | Tool calls: 0 | Latency: 0.366s
2026-08-24 14:37:51 | INFO | Step 1
2026-08-24 14:37:51 | INFO | Thought: Sinclair Oil Corporation's famous logo features a加油机（加油机在加油）的形象，这代表了公司早期的石油钻井业务。加油机是一种将燃料泵入汽车或其他车辆油箱的设备。
2026-08-24 14:37:51 | INFO | Model output: Thought: Sinclair Oil Corporation's famous logo features a加油机（加油机在加油）的形象，这代表了公司早期的石油钻井业务。加油机是一种将燃料泵入汽车或其他车辆油箱的设备。
Answer: 加油机（加油机在加油）
2026-08-24 14:37:51 | INFO | Prediction: 加油机（加油机在加油）
2026-08-24 14:37:51 | INFO | Gold: dinosaur
2026-08-24 14:37:51 | INFO | Answer | EM: 0.0000 | F1: 0.0000
2026-08-24 14:37:51 | INFO | Result | Correct: False | Running EM: 27.27% | Termination: completed | Steps: 1 | Tool calls: 0 | Latency: 0.366s
2026-08-24 14:37:51 | INFO | Step 1
2026-08-24 14:37:51 | INFO | Thought: Jihad: A Story of the Others is a documentary directed by Sarah Polley. Sarah Polley is of Canadian descent.
2026-08-24 14:37:51 | INFO | Model output: Thought: Jihad: A Story of the Others is a documentary directed by Sarah Polley. Sarah Polley is of Canadian descent.
Answer: Canadian
2026-08-24 14:37:51 | INFO | Prediction: Canadian
2026-08-24 14:37:51 | INFO | Gold: Punjabi/Pashtun
2026-08-24 14:37:51 | INFO | Answer | EM: 0.0000 | F1: 0.0000
2026-08-24 14:37:51 | INFO | Result | Correct: False | Running EM: 26.97% | Termination: completed | Steps: 1 | Tool calls: 0 | Latency: 0.366s
2026-08-24 14:37:51 | INFO | Step 1
2026-08-24 14:37:51 | INFO | Thought: The question refers to rival teams called the Sooners and the Cowboys, which are likely the Oklahoma City Dodgers (Sooners) and the Texas Rangers (Cowboys) from minor league baseball history. The stadium in question is known to have been renamed from Parkland Stadium to Chickasaw Stadium. So, the stadium formerly known as is Parkland Stadium.
2026-08-24 14:37:51 | INFO | Model output: Thought: The question refers to rival teams called the Sooners and the Cowboys, which are likely the Oklahoma City Dodgers (Sooners) and the Texas Rangers (Cowboys) from minor league baseball history. The stadium in question is known to have been renamed from Parkland Stadium to Chickasaw Stadium. So, the stadium formerly known as is Parkland Stadium.
Answer: Parkland Stadium
2026-08-24 14:37:51 | INFO | Prediction: Parkland Stadium
2026-08-24 14:37:51 | INFO | Gold: Drillers Stadium
2026-08-24 14:37:51 | INFO | Answer | EM: 0.0000 | F1: 0.5000
2026-08-24 14:37:51 | INFO | Result | Correct: False | Running EM: 26.67% | Termination: completed | Steps: 1 | Tool calls: 0 | Latency: 0.366s
2026-08-24 14:37:51 | INFO | Step 1
2026-08-24 14:37:51 | INFO | Thought: Cooperative Living Organization is located in Tampa, Florida. Tampa is the county seat of Hillsborough County, Florida.
2026-08-24 14:37:51 | INFO | Model output: Thought: Cooperative Living Organization is located in Tampa, Florida. Tampa is the county seat of Hillsborough County, Florida.
Answer: Hillsborough County
2026-08-24 14:37:51 | INFO | Prediction: Hillsborough County
2026-08-24 14:37:51 | INFO | Gold: Alachua
2026-08-24 14:37:51 | INFO | Answer | EM: 0.0000 | F1: 0.0000
2026-08-24 14:37:51 | INFO | Result | Correct: False | Running EM: 26.37% | Termination: completed | Steps: 1 | Tool calls: 0 | Latency: 0.366s
2026-08-24 14:37:51 | INFO | Step 1
2026-08-24 14:37:51 | INFO | Thought: Carolyn Janice Cherry is the real name of the author who wrote the Fortress Series. Her pen name for this series is Kiera Cass.
2026-08-24 14:37:51 | INFO | Model output: Thought: Carolyn Janice Cherry is the real name of the author who wrote the Fortress Series. Her pen name for this series is Kiera Cass.
Answer: Kiera Cass
2026-08-24 14:37:51 | INFO | Prediction: Kiera Cass
2026-08-24 14:37:51 | INFO | Gold: Carolyn Janice Cherry (born September 1, 1942), better known by the pen name C. J. Cherryh,
2026-08-24 14:37:51 | INFO | Answer | EM: 0.0000 | F1: 0.0000
2026-08-24 14:37:51 | INFO | Result | Correct: False | Running EM: 26.09% | Termination: completed | Steps: 1 | Tool calls: 0 | Latency: 0.366s
2026-08-24 14:37:51 | INFO | Step 1
2026-08-24 14:37:51 | INFO | Thought: Segugio Italiano is an Italian hunting dog breed, while Sapsali is a Korean spitz breed known for its ability to dispel ghosts and evil spirits in Korean folklore. Therefore, Sapsali is believed to dispel ghosts and evil spirits.
2026-08-24 14:37:51 | INFO | Model output: Thought: Segugio Italiano is an Italian hunting dog breed, while Sapsali is a Korean spitz breed known for its ability to dispel ghosts and evil spirits in Korean folklore. Therefore, Sapsali is believed to dispel ghosts and evil spirits.
Answer: Sapsali
2026-08-24 14:37:51 | INFO | Prediction: Sapsali
2026-08-24 14:37:51 | INFO | Gold: Sapsali
2026-08-24 14:37:51 | INFO | Answer | EM: 1.0000 | F1: 1.0000
2026-08-24 14:37:51 | INFO | Result | Correct: True | Running EM: 26.88% | Termination: completed | Steps: 1 | Tool calls: 0 | Latency: 0.366s
2026-08-24 14:37:51 | INFO | Step 1
2026-08-24 14:37:51 | INFO | Thought: The historic home located at Enfield, Halifax County, North Carolina, known as The Cellar, was visited by the French aristocrat and military officer Comte de Rochambeau during the American Revolutionary War. Comte de Rochambeau was a key figure in the final campaigns of the American Revolutionary War, leading French forces to support American troops. Therefore, the French aristocrat and military officer who visited The Cellar is Comte de Rochambeau.
2026-08-24 14:37:51 | INFO | Model output: Thought: The historic home located at Enfield, Halifax County, North Carolina, known as The Cellar, was visited by the French aristocrat and military officer Comte de Rochambeau during the American Revolutionary War. Comte de Rochambeau was a key figure in the final campaigns of the American Revolutionary War, leading French forces to support American troops. Therefore, the French aristocrat and military officer who visited The Cellar is Comte de Rochambeau.
Answer: Comte de Rochambeau
2026-08-24 14:37:51 | INFO | Prediction: Comte de Rochambeau
2026-08-24 14:37:51 | INFO | Gold: Marquis de Lafayette
2026-08-24 14:37:51 | INFO | Answer | EM: 0.0000 | F1: 0.3333
2026-08-24 14:37:51 | INFO | Result | Correct: False | Running EM: 26.60% | Termination: completed | Steps: 1 | Tool calls: 0 | Latency: 0.366s
2026-08-24 14:37:51 | INFO | Step 1
2026-08-24 14:37:51 | INFO | Thought: Case McCoy played for the Texas Longhorns football team from 2005 to 2008, while his brother Colt McCoy played for the same team from 2008 to 2011. This means both brothers were part of the Texas Longhorns football team during different years.
2026-08-24 14:37:51 | INFO | Model output: Thought: Case McCoy played for the Texas Longhorns football team from 2005 to 2008, while his brother Colt McCoy played for the same team from 2008 to 2011. This means both brothers were part of the Texas Longhorns football team during different years.
Answer: Texas Longhorns football team
2026-08-24 14:37:51 | INFO | Prediction: Texas Longhorns football team
2026-08-24 14:37:51 | INFO | Gold: University of Texas Longhorns
2026-08-24 14:37:51 | INFO | Answer | EM: 0.0000 | F1: 0.5000
2026-08-24 14:37:51 | INFO | Result | Correct: False | Running EM: 26.32% | Termination: completed | Steps: 1 | Tool calls: 0 | Latency: 0.366s
2026-08-24 14:37:51 | INFO | Step 1
2026-08-24 14:37:51 | INFO | Thought: The New Russian School includes composers such as Alexander Scriabin, Nikolai Medtner, and Sergei Rachmaninoff. Among them, Alexander Scriabin was known to have interests in physics and philosophy, but he was not a doctor or chemist. Nikolai Medtner had a medical degree and was also involved in chemistry. Therefore, the member of The New Russian School who was both a doctor and a chemist is Nikolai Medtner.
2026-08-24 14:37:51 | INFO | Model output: Thought: The New Russian School includes composers such as Alexander Scriabin, Nikolai Medtner, and Sergei Rachmaninoff. Among them, Alexander Scriabin was known to have interests in physics and philosophy, but he was not a doctor or chemist. Nikolai Medtner had a medical degree and was also involved in chemistry. Therefore, the member of The New Russian School who was both a doctor and a chemist is Nikolai Medtner.
Answer: Nikolai Medtner
2026-08-24 14:37:51 | INFO | Prediction: Nikolai Medtner
2026-08-24 14:37:51 | INFO | Gold: Alexander Porfiryevich Borodin
2026-08-24 14:37:51 | INFO | Answer | EM: 0.0000 | F1: 0.0000
2026-08-24 14:37:51 | INFO | Result | Correct: False | Running EM: 26.04% | Termination: completed | Steps: 1 | Tool calls: 0 | Latency: 0.366s
2026-08-24 14:37:51 | INFO | Inference batch [97-112/500] size=16
2026-08-24 14:37:51 | INFO | [97/500] example_id=5a87106555429960ec39b71f
2026-08-24 14:37:51 | INFO | Question: Susanna Thompson appeared in the courtroom drama film Ghosts of Mississippi, directed by who?
2026-08-24 14:37:51 | INFO | [98/500] example_id=5a7f296f55429934daa2fd10
2026-08-24 14:37:51 | INFO | Question: Live Wire Radio will possibly be considered as a replacement for a variety show created in what year?
2026-08-24 14:37:51 | INFO | [99/500] example_id=5ae14b5c55429920d52343aa
2026-08-24 14:37:51 | INFO | Question: Luke Rockhold defeated the MMA fighter who was the first to earn a win against which champion in the UFC?
2026-08-24 14:37:51 | INFO | [100/500] example_id=5a88b3b4554299206df2b336
2026-08-24 14:37:51 | INFO | Question: What type of art does The Consul and Arlecchino have in common?
2026-08-24 14:37:51 | INFO | [101/500] example_id=5add67705542992ae4cec54f
2026-08-24 14:37:51 | INFO | Question: Who is a Brazilian mixed martial artist in the UFC who Namsaknoi Yudthagarngamtorn coached?
2026-08-24 14:37:51 | INFO | [102/500] example_id=5a875fee5542996e4f3087ab
2026-08-24 14:37:51 | INFO | Question: Which has more species, Lysiloma or Hydrocotyle umbellata?
2026-08-24 14:37:51 | INFO | [103/500] example_id=5ab2b630554299545a2cfa17
2026-08-24 14:37:51 | INFO | Question: Are the films Gasland from 2010 and Pumping Iron from 1977 both documentaries?
2026-08-24 14:37:51 | INFO | [104/500] example_id=5a851ba95542997175ce1f81
2026-08-24 14:37:51 | INFO | Question: Rosemary Willis was seen in the grass in what Texas town, where John F. Kennedy was assassinated?
2026-08-24 14:37:51 | INFO | [105/500] example_id=5ae1d0e8554299234fd0430a
2026-08-24 14:37:51 | INFO | Question: Which king of Northumbria did The "Historia" gives the abbot central place in his election as king
2026-08-24 14:37:51 | INFO | [106/500] example_id=5ae1ebf95542997283cd22f2
2026-08-24 14:37:51 | INFO | Question: Mooreville, Mississippi is located on which Interstate highway that follows US Route 78?
2026-08-24 14:37:51 | INFO | [107/500] example_id=5a81d0515542990a1d231ed4
2026-08-24 14:37:51 | INFO | Question: Where is the casino that Summer Nights takes place in?
2026-08-24 14:37:51 | INFO | [108/500] example_id=5ae35e8c5542990afbd1e120
2026-08-24 14:37:51 | INFO | Question: who was the anthropologist who thought that the plaster casts that were discovered by Paul Freeman were a critical piece of evidence?
2026-08-24 14:37:51 | INFO | [109/500] example_id=5a87ed5b5542994846c1cdfc
2026-08-24 14:37:51 | INFO | Question: What type of license is the open source roguelike video game video released 2012, in which a subset of it's pricing model is a called free-to-play, licensed under?
2026-08-24 14:37:51 | INFO | [110/500] example_id=5abc41315542993a06baf8bb
2026-08-24 14:37:51 | INFO | Question: Mía Maestro had a role in the 2002 biopic directed by whom?
2026-08-24 14:37:51 | INFO | [111/500] example_id=5a7be1ab5542997c3ec972a9
2026-08-24 14:37:51 | INFO | Question: UFO Magazine covers what subject named for Charles Hoy Fort?
2026-08-24 14:37:51 | INFO | [112/500] example_id=5a840e395542992ef85e239d
2026-08-24 14:37:51 | INFO | Question: Are both The Straight Story and Frozen films of the same genre?
2026-08-24 14:37:55 | INFO | Step 1
2026-08-24 14:37:55 | INFO | Thought: Susanna Thompson appeared in the courtroom drama film Ghosts of Mississippi, which is a biographical film about the 1963 assassination of Medgar Evers and the subsequent trial of his killer. The film was directed by Rob Reiner.
2026-08-24 14:37:55 | INFO | Model output: Thought: Susanna Thompson appeared in the courtroom drama film Ghosts of Mississippi, which is a biographical film about the 1963 assassination of Medgar Evers and the subsequent trial of his killer. The film was directed by Rob Reiner.
Answer: Rob Reiner
2026-08-24 14:37:55 | INFO | Prediction: Rob Reiner
2026-08-24 14:37:55 | INFO | Gold: Rob Reiner
2026-08-24 14:37:55 | INFO | Answer | EM: 1.0000 | F1: 1.0000
2026-08-24 14:37:55 | INFO | Result | Correct: True | Running EM: 26.80% | Termination: completed | Steps: 1 | Tool calls: 0 | Latency: 0.243s
2026-08-24 14:37:55 | INFO | Step 1
2026-08-24 14:37:55 | INFO | Thought: Live Wire Radio is a podcast that replaced the TV show "Live Wire," which was created in 2016. Therefore, the variety show "Live Wire" was created in 2016.
2026-08-24 14:37:55 | INFO | Model output: Thought: Live Wire Radio is a podcast that replaced the TV show "Live Wire," which was created in 2016. Therefore, the variety show "Live Wire" was created in 2016.
Answer: 2016
2026-08-24 14:37:55 | INFO | Prediction: 2016
2026-08-24 14:37:55 | INFO | Gold: 1974
2026-08-24 14:37:55 | INFO | Answer | EM: 0.0000 | F1: 0.0000
2026-08-24 14:37:55 | INFO | Result | Correct: False | Running EM: 26.53% | Termination: completed | Steps: 1 | Tool calls: 0 | Latency: 0.243s
2026-08-24 14:37:55 | INFO | Step 1
2026-08-24 14:37:55 | INFO | Thought: Luke Rockhold defeated Robert Whittaker in their UFC middleweight title fight. Robert Whittaker was the first to earn a win against Henry Cejudo, who was the UFC bantamweight champion at the time. So, Luke Rockhold defeated the MMA fighter who was the first to earn a win against Henry Cejudo.
2026-08-24 14:37:55 | INFO | Model output: Thought: Luke Rockhold defeated Robert Whittaker in their UFC middleweight title fight. Robert Whittaker was the first to earn a win against Henry Cejudo, who was the UFC bantamweight champion at the time. So, Luke Rockhold defeated the MMA fighter who was the first to earn a win against Henry Cejudo.
Answer: Henry Cejudo
2026-08-24 14:37:55 | INFO | Prediction: Henry Cejudo
2026-08-24 14:37:55 | INFO | Gold: Anderson Silva
2026-08-24 14:37:55 | INFO | Answer | EM: 0.0000 | F1: 0.0000
2026-08-24 14:37:55 | INFO | Result | Correct: False | Running EM: 26.26% | Termination: completed | Steps: 1 | Tool calls: 0 | Latency: 0.243s
2026-08-24 14:37:55 | INFO | Step 1
2026-08-24 14:37:55 | INFO | Thought: The Consul is a painting by Francis Bacon, and Arlecchino is a character from Italian comedy known for its theatrical performances. Both works involve visual representation, but they differ in medium—painting versus performance. However, they both fall under the broader category of visual arts.
2026-08-24 14:37:55 | INFO | Model output: Thought: The Consul is a painting by Francis Bacon, and Arlecchino is a character from Italian comedy known for its theatrical performances. Both works involve visual representation, but they differ in medium—painting versus performance. However, they both fall under the broader category of visual arts.
Answer: painting and performance art
2026-08-24 14:37:55 | INFO | Prediction: painting and performance art
2026-08-24 14:37:55 | INFO | Gold: music
2026-08-24 14:37:55 | INFO | Answer | EM: 0.0000 | F1: 0.0000
2026-08-24 14:37:55 | INFO | Result | Correct: False | Running EM: 26.00% | Termination: completed | Steps: 1 | Tool calls: 0 | Latency: 0.243s
2026-08-24 14:37:55 | INFO | Step 1
2026-08-24 14:37:55 | INFO | Thought: Namsaknoi Yudthagarngamtorn is a Thai kickboxer and Muay Thai fighter who has experience coaching mixed martial artists. A notable Brazilian mixed martial artist in the UFC who he coached is Breno Sant'Anna.
2026-08-24 14:37:55 | INFO | Model output: Thought: Namsaknoi Yudthagarngamtorn is a Thai kickboxer and Muay Thai fighter who has experience coaching mixed martial artists. A notable Brazilian mixed martial artist in the UFC who he coached is Breno Sant'Anna.
Answer: Breno Sant'Anna
2026-08-24 14:37:55 | INFO | Prediction: Breno Sant'Anna
2026-08-24 14:37:55 | INFO | Gold: Rafael Souza dos Anjos
2026-08-24 14:37:55 | INFO | Answer | EM: 0.0000 | F1: 0.0000
2026-08-24 14:37:55 | INFO | Result | Correct: False | Running EM: 25.74% | Termination: completed | Steps: 1 | Tool calls: 0 | Latency: 0.243s
2026-08-24 14:37:55 | INFO | Step 1
2026-08-24 14:37:55 | INFO | Thought: Lysiloma is a genus of flowering plants in the family Meliaceae, while Hydrocotyle umbellata is a specific species of marsh pennywort. Genus Lysiloma contains multiple species, whereas Hydrocotyle umbellata refers to a single species. Therefore, Lysiloma has more species than Hydrocotyle umbellata.
2026-08-24 14:37:55 | INFO | Model output: Thought: Lysiloma is a genus of flowering plants in the family Meliaceae, while Hydrocotyle umbellata is a specific species of marsh pennywort. Genus Lysiloma contains multiple species, whereas Hydrocotyle umbellata refers to a single species. Therefore, Lysiloma has more species than Hydrocotyle umbellata.
Answer: Lysiloma
2026-08-24 14:37:55 | INFO | Prediction: Lysiloma
2026-08-24 14:37:55 | INFO | Gold: Lysiloma
2026-08-24 14:37:55 | INFO | Answer | EM: 1.0000 | F1: 1.0000
2026-08-24 14:37:55 | INFO | Result | Correct: True | Running EM: 26.47% | Termination: completed | Steps: 1 | Tool calls: 0 | Latency: 0.243s
2026-08-24 14:37:55 | INFO | Step 1
2026-08-24 14:37:55 | INFO | Thought: Gasland from 2010 is indeed a documentary film about the natural gas industry and its environmental impacts. Pumping Iron from 1977 is also a documentary, focusing on bodybuilding and the 1975 World Championships.
2026-08-24 14:37:55 | INFO | Model output: Thought: Gasland from 2010 is indeed a documentary film about the natural gas industry and its environmental impacts. Pumping Iron from 1977 is also a documentary, focusing on bodybuilding and the 1975 World Championships. 
Answer: Yes
2026-08-24 14:37:55 | INFO | Prediction: Yes
2026-08-24 14:37:55 | INFO | Gold: yes
2026-08-24 14:37:55 | INFO | Answer | EM: 1.0000 | F1: 1.0000
2026-08-24 14:37:55 | INFO | Result | Correct: True | Running EM: 27.18% | Termination: completed | Steps: 1 | Tool calls: 0 | Latency: 0.243s
2026-08-24 14:37:55 | INFO | Step 1
2026-08-24 14:37:55 | INFO | Thought: Rosemary Willis was seen in the grass near the Texas School Book Depository, which is located in Dealey Plaza, Dallas, Texas, where John F. Kennedy was assassinated.
2026-08-24 14:37:55 | INFO | Model output: Thought: Rosemary Willis was seen in the grass near the Texas School Book Depository, which is located in Dealey Plaza, Dallas, Texas, where John F. Kennedy was assassinated.
Answer: Dallas, Texas
2026-08-24 14:37:55 | INFO | Prediction: Dallas, Texas
2026-08-24 14:37:55 | INFO | Gold: Dallas
2026-08-24 14:37:55 | INFO | Answer | EM: 0.0000 | F1: 0.6667
2026-08-24 14:37:55 | INFO | Result | Correct: False | Running EM: 26.92% | Termination: completed | Steps: 1 | Tool calls: 0 | Latency: 0.243s
2026-08-24 14:37:55 | INFO | Step 1
2026-08-24 14:37:55 | INFO | Thought: The Historia Regum Britanniae, written by Geoffrey of Monmouth, provides details about the election of kings in ancient Britain. In this text, the abbot plays a central role in the election of King Vortigern as the ruler of Northumbria.
2026-08-24 14:37:55 | INFO | Model output: Thought: The Historia Regum Britanniae, written by Geoffrey of Monmouth, provides details about the election of kings in ancient Britain. In this text, the abbot plays a central role in the election of King Vortigern as the ruler of Northumbria.
Answer: King Vortigern
2026-08-24 14:37:55 | INFO | Prediction: King Vortigern
2026-08-24 14:37:55 | INFO | Gold: Guthred or Guthfrith
2026-08-24 14:37:55 | INFO | Answer | EM: 0.0000 | F1: 0.0000
2026-08-24 14:37:55 | INFO | Result | Correct: False | Running EM: 26.67% | Termination: completed | Steps: 1 | Tool calls: 0 | Latency: 0.243s
2026-08-24 14:37:55 | INFO | Step 1
2026-08-24 14:37:55 | INFO | Thought: Interstate highways often follow major routes like US Route 78. US Route 78 runs through Mooreville, Mississippi. The specific Interstate highway that follows US Route 78 through Mooreville is Interstate 59.
2026-08-24 14:37:55 | INFO | Model output: Thought: Interstate highways often follow major routes like US Route 78. US Route 78 runs through Mooreville, Mississippi. The specific Interstate highway that follows US Route 78 through Mooreville is Interstate 59.
Answer: Interstate 59
2026-08-24 14:37:55 | INFO | Prediction: Interstate 59
2026-08-24 14:37:55 | INFO | Gold: Interstate 22
2026-08-24 14:37:55 | INFO | Answer | EM: 0.0000 | F1: 0.5000
2026-08-24 14:37:55 | INFO | Result | Correct: False | Running EM: 26.42% | Termination: completed | Steps: 1 | Tool calls: 0 | Latency: 0.243s
2026-08-24 14:37:55 | INFO | Step 1
2026-08-24 14:37:55 | INFO | Thought: Summer Nights is a musical based on the 1955 film "The Boarding House," which takes place at the Binion's Horseshoe casino in Las Vegas. Therefore, the casino where Summer Nights takes place is also Binion's Horseshoe.
2026-08-24 14:37:55 | INFO | Model output: Thought: Summer Nights is a musical based on the 1955 film "The Boarding House," which takes place at the Binion's Horseshoe casino in Las Vegas. Therefore, the casino where Summer Nights takes place is also Binion's Horseshoe.
Answer: Binion's Horseshoe
2026-08-24 14:37:55 | INFO | Prediction: Binion's Horseshoe
2026-08-24 14:37:55 | INFO | Gold: Las Vegas Strip in Paradise, Nevada
2026-08-24 14:37:55 | INFO | Answer | EM: 0.0000 | F1: 0.0000
2026-08-24 14:37:55 | INFO | Result | Correct: False | Running EM: 26.17% | Termination: completed | Steps: 1 | Tool calls: 0 | Latency: 0.243s
2026-08-24 14:37:55 | INFO | Step 1
2026-08-24 14:37:55 | INFO | Thought: The plaster casts discovered by Paul Freeman were a critical piece of evidence for Ralph Linton, who was an anthropologist.
2026-08-24 14:37:55 | INFO | Model output: Thought: The plaster casts discovered by Paul Freeman were a critical piece of evidence for Ralph Linton, who was an anthropologist.
Answer: Ralph Linton
2026-08-24 14:37:55 | INFO | Prediction: Ralph Linton
2026-08-24 14:37:55 | INFO | Gold: Don Jeffrey "Jeff" Meldrum (born May 24, 1958) is a Professor of Anatomy and Anthropology
2026-08-24 14:37:55 | INFO | Answer | EM: 0.0000 | F1: 0.0000
2026-08-24 14:37:55 | INFO | Result | Correct: False | Running EM: 25.93% | Termination: completed | Steps: 1 | Tool calls: 0 | Latency: 0.243s
2026-08-24 14:37:55 | INFO | Step 1
2026-08-24 14:37:55 | INFO | Thought: The game in question is "Roguelike" with a free-to-play model, which suggests it uses a license compatible with such a model. A commonly used license for games with free-to-play elements is the GNU General Public License (GPL). However, a more fitting and widely recognized open-source license for this scenario is the GNU General Public License version 3 (GPLv3).
2026-08-24 14:37:55 | INFO | Model output: Thought: The game in question is "Roguelike" with a free-to-play model, which suggests it uses a license compatible with such a model. A commonly used license for games with free-to-play elements is the GNU General Public License (GPL). However, a more fitting and widely recognized open-source license for this scenario is the GNU General Public License version 3 (GPLv3).
Answer: GNU General Public License version 3 (GPLv3)
2026-08-24 14:37:55 | INFO | Prediction: GNU General Public License version 3 (GPLv3)
2026-08-24 14:37:55 | INFO | Gold: GNU GPLv3
2026-08-24 14:37:55 | INFO | Answer | EM: 0.0000 | F1: 0.4444
2026-08-24 14:37:55 | INFO | Result | Correct: False | Running EM: 25.69% | Termination: completed | Steps: 1 | Tool calls: 0 | Latency: 0.243s
2026-08-24 14:37:55 | INFO | Step 1
2026-08-24 14:37:55 | INFO | Thought: Mía Maestro played the role of Dolores Ibárruri, also known as La Pasionaria, in the 2002 biopic "La Pasionaria." The film was directed by Isaki Lacuesta.
2026-08-24 14:37:55 | INFO | Model output: Thought: Mía Maestro played the role of Dolores Ibárruri, also known as La Pasionaria, in the 2002 biopic "La Pasionaria." The film was directed by Isaki Lacuesta.
Answer: Isaki Lacuesta
2026-08-24 14:37:55 | INFO | Prediction: Isaki Lacuesta
2026-08-24 14:37:55 | INFO | Gold: Julie Taymor
2026-08-24 14:37:55 | INFO | Answer | EM: 0.0000 | F1: 0.0000
2026-08-24 14:37:55 | INFO | Result | Correct: False | Running EM: 25.45% | Termination: completed | Steps: 1 | Tool calls: 0 | Latency: 0.243s
2026-08-24 14:37:55 | INFO | Step 1
2026-08-24 14:37:55 | INFO | Thought: UFO Magazine covers ufology, which is named for Charles Hoy Fort's work on unexplained phenomena in nature, particularly his book "Lo! A Journal of Unexplained Phenomena."
2026-08-24 14:37:55 | INFO | Model output: Thought: UFO Magazine covers ufology, which is named for Charles Hoy Fort's work on unexplained phenomena in nature, particularly his book "Lo! A Journal of Unexplained Phenomena."
Answer: ufology
2026-08-24 14:37:55 | INFO | Prediction: ufology
2026-08-24 14:37:55 | INFO | Gold: Fortean
2026-08-24 14:37:55 | INFO | Answer | EM: 0.0000 | F1: 0.0000
2026-08-24 14:37:55 | INFO | Result | Correct: False | Running EM: 25.23% | Termination: completed | Steps: 1 | Tool calls: 0 | Latency: 0.243s
2026-08-24 14:37:55 | INFO | Step 1
2026-08-24 14:37:55 | INFO | Thought: The Straight Story is a drama/comedy film, while Frozen is an animated musical fantasy film. Therefore, they do not belong to the same genre.
2026-08-24 14:37:55 | INFO | Model output: Thought: The Straight Story is a drama/comedy film, while Frozen is an animated musical fantasy film. Therefore, they do not belong to the same genre.
Answer: No
2026-08-24 14:37:55 | INFO | Prediction: No
2026-08-24 14:37:55 | INFO | Gold: no
2026-08-24 14:37:55 | INFO | Answer | EM: 1.0000 | F1: 1.0000
2026-08-24 14:37:55 | INFO | Result | Correct: True | Running EM: 25.89% | Termination: completed | Steps: 1 | Tool calls: 0 | Latency: 0.243s
2026-08-24 14:37:55 | INFO | Inference batch [113-128/500] size=16
2026-08-24 14:37:55 | INFO | [113/500] example_id=5ae8167b55429952e35eaa06
2026-08-24 14:37:55 | INFO | Question: What 1876 battle featured the Other Magpie?
2026-08-24 14:37:55 | INFO | [114/500] example_id=5a776a805542993735360269
2026-08-24 14:37:55 | INFO | Question: What Disney movie was the wrestler with the real name of John William Minton in?
2026-08-24 14:37:55 | INFO | [115/500] example_id=5ab4b9f75542990594ba9ca4
2026-08-24 14:37:55 | INFO | Question: Who covered the song I Love You by Chris Write?
2026-08-24 14:37:55 | INFO | [116/500] example_id=5a78e3b955429974737f78f1
2026-08-24 14:37:55 | INFO | Question: Who was born first, Javier Frana or Sherwood Stewart?
2026-08-24 14:37:55 | INFO | [117/500] example_id=5a851b0d5542997175ce1f7f
2026-08-24 14:37:55 | INFO | Question: Are Dogo Cubano and the Dutch Shepherd both breeds of dog?
2026-08-24 14:37:55 | INFO | [118/500] example_id=5a78b5f7554299148911f95b
2026-08-24 14:37:55 | INFO | Question: Spawn, a fictional character who Mustafa Shakir has expressed interest in playing, was created by?
2026-08-24 14:37:55 | INFO | [119/500] example_id=5ab4304a55429942dd415ec5
2026-08-24 14:37:55 | INFO | Question: To where did the war criminal who is the fictional defendant in the film After the Truth flee in real life ?
2026-08-24 14:37:55 | INFO | [120/500] example_id=5a72dcb45542992359bc31af
2026-08-24 14:37:55 | INFO | Question: What company did Rex Maughan aquire?
2026-08-24 14:37:55 | INFO | [121/500] example_id=5a7e0ed25542991319bc9424
2026-08-24 14:37:55 | INFO | Question: The 249th episode of "The Simpsons" was aired on what date?
2026-08-24 14:37:55 | INFO | [122/500] example_id=5ab9e477554299232ef4a25d
2026-08-24 14:37:55 | INFO | Question: Which was built first Woolworth Building or 1 New York Plaza?
2026-08-24 14:37:55 | INFO | [123/500] example_id=5ab900045542991b5579f0c0
2026-08-24 14:37:55 | INFO | Question: Where is the concert venue which hosted the first US performance of "Libuše" located?
2026-08-24 14:37:55 | INFO | [124/500] example_id=5ab6e848554299710c8d1faa
2026-08-24 14:37:55 | INFO | Question: When was the advisor of Alpher–Bethe–Gamow paper died?
2026-08-24 14:37:55 | INFO | [125/500] example_id=5a7dc2495542997cc2c4749a
2026-08-24 14:37:55 | INFO | Question: What competition held in Kathmandu, Nepal did Julian Bolling compete in 1984?
2026-08-24 14:37:55 | INFO | [126/500] example_id=5a84e9d35542994c784dda84
2026-08-24 14:37:55 | INFO | Question: The Nike Mercurial Vapor is endorsed by a Stoke City football player who also plays for what national team?
2026-08-24 14:37:55 | INFO | [127/500] example_id=5a7cfea2554299452d57babe
2026-08-24 14:37:55 | INFO | Question: Which aired first, Life After People or Werner Herzog Eats His Shoe?
2026-08-24 14:37:55 | INFO | [128/500] example_id=5ae497f15542995ad6573db8
2026-08-24 14:37:55 | INFO | Question: What NIFL Premier Intermediate League team did Sean Connor play for?
2026-08-24 14:37:59 | INFO | Step 1
2026-08-24 14:37:59 | INFO | Thought: The "Other Magpie" refers to the Battle of Little Bighorn, where it is said that a magpie perched on a dead soldier's hat during the battle. This event took place in 1876.
2026-08-24 14:37:59 | INFO | Model output: Thought: The "Other Magpie" refers to the Battle of Little Bighorn, where it is said that a magpie perched on a dead soldier's hat during the battle. This event took place in 1876.
Answer: The Battle of Little Bighorn
2026-08-24 14:37:59 | INFO | Prediction: The Battle of Little Bighorn
2026-08-24 14:37:59 | INFO | Gold: Battle of the Rosebud
2026-08-24 14:37:59 | INFO | Answer | EM: 0.0000 | F1: 0.5714
2026-08-24 14:37:59 | INFO | Result | Correct: False | Running EM: 25.66% | Termination: completed | Steps: 1 | Tool calls: 0 | Latency: 0.245s
2026-08-24 14:37:59 | INFO | Step 1
2026-08-24 14:37:59 | INFO | Thought: John William Minton is better known as "Hulk Hogan," a professional wrestler. Hulk Hogan starred in the Disney Channel original movie "The Legend of Hercules" in 2010, where he played the role of King Eurystheus.
2026-08-24 14:37:59 | INFO | Model output: Thought: John William Minton is better known as "Hulk Hogan," a professional wrestler. Hulk Hogan starred in the Disney Channel original movie "The Legend of Hercules" in 2010, where he played the role of King Eurystheus.
Answer: The Legend of Hercules
2026-08-24 14:37:59 | INFO | Prediction: The Legend of Hercules
2026-08-24 14:37:59 | INFO | Gold: Double Agent
2026-08-24 14:37:59 | INFO | Answer | EM: 0.0000 | F1: 0.0000
2026-08-24 14:37:59 | INFO | Result | Correct: False | Running EM: 25.44% | Termination: completed | Steps: 1 | Tool calls: 0 | Latency: 0.245s
2026-08-24 14:37:59 | INFO | Step 1
2026-08-24 14:37:59 | INFO | Thought: Let's think step by step. Chris Write is the original artist of the song "I Love You." A well-known cover version of this song was performed by The Foundations in 1965.
2026-08-24 14:37:59 | INFO | Model output: Thought: Let's think step by step. Chris Write is the original artist of the song "I Love You." A well-known cover version of this song was performed by The Foundations in 1965.
Answer: The Foundations
2026-08-24 14:37:59 | INFO | Prediction: The Foundations
2026-08-24 14:37:59 | INFO | Gold: People! and The Carnabeats
2026-08-24 14:37:59 | INFO | Answer | EM: 0.0000 | F1: 0.0000
2026-08-24 14:37:59 | INFO | Result | Correct: False | Running EM: 25.22% | Termination: completed | Steps: 1 | Tool calls: 0 | Latency: 0.245s
2026-08-24 14:37:59 | INFO | Step 1
2026-08-24 14:37:59 | INFO | Thought: Javier Frana was born on October 23, 1965, while Sherwood Stewart was born on December 15, 1966. Therefore, Javier Frana was born first.
2026-08-24 14:37:59 | INFO | Model output: Thought: Javier Frana was born on October 23, 1965, while Sherwood Stewart was born on December 15, 1966. Therefore, Javier Frana was born first.
Answer: Javier Frana
2026-08-24 14:37:59 | INFO | Prediction: Javier Frana
2026-08-24 14:37:59 | INFO | Gold: Sherwood Stewart
2026-08-24 14:37:59 | INFO | Answer | EM: 0.0000 | F1: 0.0000
2026-08-24 14:37:59 | INFO | Result | Correct: False | Running EM: 25.00% | Termination: completed | Steps: 1 | Tool calls: 0 | Latency: 0.245s
2026-08-24 14:37:59 | INFO | Step 1
2026-08-24 14:37:59 | INFO | Thought: Dogo Cubano is a breed of dog native to Cuba, known for its hunting abilities. The Dutch Shepherd is also a distinct breed of herding dog originating from the Netherlands. Both are recognized as separate breeds with their own characteristics.
2026-08-24 14:37:59 | INFO | Model output: Thought: Dogo Cubano is a breed of dog native to Cuba, known for its hunting abilities. The Dutch Shepherd is also a distinct breed of herding dog originating from the Netherlands. Both are recognized as separate breeds with their own characteristics.
Answer: Yes
2026-08-24 14:37:59 | INFO | Prediction: Yes
2026-08-24 14:37:59 | INFO | Gold: yes
2026-08-24 14:37:59 | INFO | Answer | EM: 1.0000 | F1: 1.0000
2026-08-24 14:37:59 | INFO | Result | Correct: True | Running EM: 25.64% | Termination: completed | Steps: 1 | Tool calls: 0 | Latency: 0.245s
2026-08-24 14:37:59 | INFO | Step 1
2026-08-24 14:37:59 | INFO | Thought: Spawn is a fictional character created by Todd McFarlane, who originally created the character for the company he co-founded with Jim Lee called Image Comics. Mustafa Shakir's interest in playing Spawn is separate from the character's creation.
2026-08-24 14:37:59 | INFO | Model output: Thought: Spawn is a fictional character created by Todd McFarlane, who originally created the character for the company he co-founded with Jim Lee called Image Comics. Mustafa Shakir's interest in playing Spawn is separate from the character's creation.
Answer: Todd McFarlane
2026-08-24 14:37:59 | INFO | Prediction: Todd McFarlane
2026-08-24 14:37:59 | INFO | Gold: Todd McFarlane
2026-08-24 14:37:59 | INFO | Answer | EM: 1.0000 | F1: 1.0000
2026-08-24 14:37:59 | INFO | Result | Correct: True | Running EM: 26.27% | Termination: completed | Steps: 1 | Tool calls: 0 | Latency: 0.245s
2026-08-24 14:37:59 | INFO | Step 1
2026-08-24 14:37:59 | INFO | Thought: The war criminal in the film "After the Truth" is based on Adolf Eichmann. Adolf Eichmann fled to Argentina after the war.
2026-08-24 14:37:59 | INFO | Model output: Thought: The war criminal in the film "After the Truth" is based on Adolf Eichmann. Adolf Eichmann fled to Argentina after the war. 
Answer: Argentina
2026-08-24 14:37:59 | INFO | Prediction: Argentina
2026-08-24 14:37:59 | INFO | Gold: South America
2026-08-24 14:37:59 | INFO | Answer | EM: 0.0000 | F1: 0.0000
2026-08-24 14:37:59 | INFO | Result | Correct: False | Running EM: 26.05% | Termination: completed | Steps: 1 | Tool calls: 0 | Latency: 0.245s
2026-08-24 14:37:59 | INFO | Step 1
2026-08-24 14:37:59 | INFO | Thought: Rex Maughan was the founder and CEO of Maughan Resources, which he acquired in 1965. Maughan Resources later became Rio Tinto Plc's American operations.
2026-08-24 14:37:59 | INFO | Model output: Thought: Rex Maughan was the founder and CEO of Maughan Resources, which he acquired in 1965. Maughan Resources later became Rio Tinto Plc's American operations.
Answer: Maughan Resources
2026-08-24 14:37:59 | INFO | Prediction: Maughan Resources
2026-08-24 14:37:59 | INFO | Gold: Aloe Vera of America
2026-08-24 14:37:59 | INFO | Answer | EM: 0.0000 | F1: 0.0000
2026-08-24 14:37:59 | INFO | Result | Correct: False | Running EM: 25.83% | Termination: completed | Steps: 1 | Tool calls: 0 | Latency: 0.245s
2026-08-24 14:37:59 | INFO | Step 1
2026-08-24 14:37:59 | INFO | Thought: To determine the air date of the 249th episode of "The Simpsons," I need to find out which episode is number 249 and then look up its air date. The 249th episode is "Homer's Phobia," which is part of Season 6. "Homer's Phobia" aired on April 15, 1995.
2026-08-24 14:37:59 | INFO | Model output: Thought: To determine the air date of the 249th episode of "The Simpsons," I need to find out which episode is number 249 and then look up its air date. The 249th episode is "Homer's Phobia," which is part of Season 6. "Homer's Phobia" aired on April 15, 1995.
Answer: April 15, 1995
2026-08-24 14:37:59 | INFO | Prediction: April 15, 1995
2026-08-24 14:37:59 | INFO | Gold: November 1, 2000
2026-08-24 14:37:59 | INFO | Answer | EM: 0.0000 | F1: 0.0000
2026-08-24 14:37:59 | INFO | Result | Correct: False | Running EM: 25.62% | Termination: completed | Steps: 1 | Tool calls: 0 | Latency: 0.245s
2026-08-24 14:37:59 | INFO | Step 1
2026-08-24 14:37:59 | INFO | Thought: The Woolworth Building was completed in 1913, while 1 New York Plaza was completed in 1962. Therefore, the Woolworth Building was built first.
2026-08-24 14:37:59 | INFO | Model output: Thought: The Woolworth Building was completed in 1913, while 1 New York Plaza was completed in 1962. Therefore, the Woolworth Building was built first.
Answer: Woolworth Building
2026-08-24 14:37:59 | INFO | Prediction: Woolworth Building
2026-08-24 14:37:59 | INFO | Gold: Woolworth Building
2026-08-24 14:37:59 | INFO | Answer | EM: 1.0000 | F1: 1.0000
2026-08-24 14:37:59 | INFO | Result | Correct: True | Running EM: 26.23% | Termination: completed | Steps: 1 | Tool calls: 0 | Latency: 0.245s
2026-08-24 14:37:59 | INFO | Step 1
2026-08-24 14:37:59 | INFO | Thought: Libuše is an opera composed by Bedřich Smetana. The first US performance of "Libuše" took place at the Library of Congress in Washington, D.C., on May 23, 1912. The Library of Congress is a concert venue.
2026-08-24 14:37:59 | INFO | Model output: Thought: Libuše is an opera composed by Bedřich Smetana. The first US performance of "Libuše" took place at the Library of Congress in Washington, D.C., on May 23, 1912. The Library of Congress is a concert venue.
Answer: Washington, D.C.
2026-08-24 14:37:59 | INFO | Prediction: Washington, D.C.
2026-08-24 14:37:59 | INFO | Gold: Midtown Manhattan in New York City,
2026-08-24 14:37:59 | INFO | Answer | EM: 0.0000 | F1: 0.0000
2026-08-24 14:37:59 | INFO | Result | Correct: False | Running EM: 26.02% | Termination: completed | Steps: 1 | Tool calls: 0 | Latency: 0.245s
2026-08-24 14:37:59 | INFO | Step 1
2026-08-24 14:37:59 | INFO | Thought: The Alpher–Bethe–Gamow paper was published in 1948. George Gamow, one of the authors, had an advisor named Alexander Friedmann. Alexander Friedmann died in 1925.
2026-08-24 14:37:59 | INFO | Model output: Thought: The Alpher–Bethe–Gamow paper was published in 1948. George Gamow, one of the authors, had an advisor named Alexander Friedmann. Alexander Friedmann died in 1925. 
Answer: 1925
2026-08-24 14:37:59 | INFO | Prediction: 1925
2026-08-24 14:37:59 | INFO | Gold: August 19, 1968
2026-08-24 14:37:59 | INFO | Answer | EM: 0.0000 | F1: 0.0000
2026-08-24 14:37:59 | INFO | Result | Correct: False | Running EM: 25.81% | Termination: completed | Steps: 1 | Tool calls: 0 | Latency: 0.245s
2026-08-24 14:37:59 | INFO | Step 1
2026-08-24 14:37:59 | INFO | Thought: Julian Bolling is known for competitive high diving. In 1984, there was a World High Diving Championships held in Kathmandu, Nepal. Julian Bolling competed in this event.
2026-08-24 14:37:59 | INFO | Model output: Thought: Julian Bolling is known for competitive high diving. In 1984, there was a World High Diving Championships held in Kathmandu, Nepal. Julian Bolling competed in this event.
Answer: World High Diving Championships
2026-08-24 14:37:59 | INFO | Prediction: World High Diving Championships
2026-08-24 14:37:59 | INFO | Gold: 1984 South Asian Games
2026-08-24 14:37:59 | INFO | Answer | EM: 0.0000 | F1: 0.0000
2026-08-24 14:37:59 | INFO | Result | Correct: False | Running EM: 25.60% | Termination: completed | Steps: 1 | Tool calls: 0 | Latency: 0.245s
2026-08-24 14:37:59 | INFO | Step 1
2026-08-24 14:37:59 | INFO | Thought: The Nike Mercurial Vapor is endorsed by players like Raheem Sterling. Raheem Sterling plays for the England national team.
2026-08-24 14:37:59 | INFO | Model output: Thought: The Nike Mercurial Vapor is endorsed by players like Raheem Sterling. Raheem Sterling plays for the England national team.
Answer: England national team
2026-08-24 14:37:59 | INFO | Prediction: England national team
2026-08-24 14:37:59 | INFO | Gold: the Switzerland national team
2026-08-24 14:37:59 | INFO | Answer | EM: 0.0000 | F1: 0.6667
2026-08-24 14:37:59 | INFO | Result | Correct: False | Running EM: 25.40% | Termination: completed | Steps: 1 | Tool calls: 0 | Latency: 0.245s
2026-08-24 14:37:59 | INFO | Step 1
2026-08-24 14:37:59 | INFO | Thought: Life After People is a television series that first aired on January 23, 2008. Werner Herzog Eats His Shoe is a short film released in 2011. Therefore, Life After People aired first.
2026-08-24 14:37:59 | INFO | Model output: Thought: Life After People is a television series that first aired on January 23, 2008. Werner Herzog Eats His Shoe is a short film released in 2011. Therefore, Life After People aired first.
Answer: Life After People
2026-08-24 14:37:59 | INFO | Prediction: Life After People
2026-08-24 14:37:59 | INFO | Gold: Werner Herzog Eats His Shoe
2026-08-24 14:37:59 | INFO | Answer | EM: 0.0000 | F1: 0.0000
2026-08-24 14:37:59 | INFO | Result | Correct: False | Running EM: 25.20% | Termination: completed | Steps: 1 | Tool calls: 0 | Latency: 0.245s
2026-08-24 14:37:59 | INFO | Step 1
2026-08-24 14:37:59 | INFO | Thought: Sean Connor is a fictional character from the TV show "The IT Crowd." There is no record of him playing for any NIFL Premier Intermediate League team as the show is a comedy and these details are not part of the show's canon.
2026-08-24 14:37:59 | INFO | Model output: Thought: Sean Connor is a fictional character from the TV show "The IT Crowd." There is no record of him playing for any NIFL Premier Intermediate League team as the show is a comedy and these details are not part of the show's canon.
Answer: No information available
2026-08-24 14:37:59 | INFO | Prediction: No information available
2026-08-24 14:37:59 | INFO | Gold: Distillery
2026-08-24 14:37:59 | INFO | Answer | EM: 0.0000 | F1: 0.0000
2026-08-24 14:37:59 | INFO | Result | Correct: False | Running EM: 25.00% | Termination: completed | Steps: 1 | Tool calls: 0 | Latency: 0.245s
2026-08-24 14:37:59 | INFO | Inference batch [129-144/500] size=16
2026-08-24 14:37:59 | INFO | [129/500] example_id=5ae2133e554299495565d9e3
2026-08-24 14:37:59 | INFO | Question: The first female correspondent for Inside the NFL was replaced by who on the show American Ninja Warrior?
2026-08-24 14:37:59 | INFO | [130/500] example_id=5abfe1115542997d64295909
2026-08-24 14:37:59 | INFO | Question: Bridgewater Triangle is an area where the phenomenon associated with what type of tradition has been seen?
2026-08-24 14:37:59 | INFO | [131/500] example_id=5a8ce55f554299441c6b9f62
2026-08-24 14:37:59 | INFO | Question: The band who released the debut album "Tinted Windows" had their first performance in what city?
2026-08-24 14:37:59 | INFO | [132/500] example_id=5a7c47c35542990527d55481
2026-08-24 14:37:59 | INFO | Question: In the 1970s, which group acquired this department store group in the United Kingdom whose co-founding director is the father of Lieutenant Colonel Donald Swain Lewis?
2026-08-24 14:37:59 | INFO | [133/500] example_id=5ab4107a554299753aec5a2f
2026-08-24 14:37:59 | INFO | Question: The Dogwoman telemovies were created by an actress born in what year?
2026-08-24 14:37:59 | INFO | [134/500] example_id=5a774e415542994aec3b7280
2026-08-24 14:37:59 | INFO | Question: Who fills in occasionally for the meteorologist who replaced  Ginger Zee ?
2026-08-24 14:37:59 | INFO | [135/500] example_id=5abdf06355429976d4830a2d
2026-08-24 14:37:59 | INFO | Question: In Ancient Egyptian religion how would a citizen be weighted to decide if they where worthy of damnation and would face the torment in the lake of fire ?
2026-08-24 14:37:59 | INFO | [136/500] example_id=5a8ac4dd5542992d82986f76
2026-08-24 14:37:59 | INFO | Question: Which town near the county border with North Yorkshire was this Lancashire mill (closed in 1979 and demolished) located?
2026-08-24 14:37:59 | INFO | [137/500] example_id=5a8f503c5542992414482a34
2026-08-24 14:37:59 | INFO | Question: The Prodigal Daughter, though a book about an American, is by a novelist of what nationality?
2026-08-24 14:37:59 | INFO | [138/500] example_id=5a8ec55f5542995a26add50c
2026-08-24 14:37:59 | INFO | Question: At what height does State Route 160 start?
2026-08-24 14:37:59 | INFO | [139/500] example_id=5ae1338d55429901ffe4ade1
2026-08-24 14:37:59 | INFO | Question: The alcoholic drink that shares a name with Quintessentially Unreal's 1996 album is commonly reffered to in historical literature as what?
2026-08-24 14:37:59 | INFO | [140/500] example_id=5a7bea3d5542996dd594b847
2026-08-24 14:37:59 | INFO | Question: What actor replaced the Welch actor born in 1978 who played Robin Hood in the first season of "Once upon a Time"?
2026-08-24 14:37:59 | INFO | [141/500] example_id=5a7f567e5542992097ad2f22
2026-08-24 14:37:59 | INFO | Question: Which year was the more recent engine series, the Honda K or Honda H, introduced?
2026-08-24 14:37:59 | INFO | [142/500] example_id=5ac26ac15542992f1f2b38bc
2026-08-24 14:37:59 | INFO | Question: Who is the film dedicated to that Paramount Classics and MTV Films co-purchased the rights to?
2026-08-24 14:37:59 | INFO | [143/500] example_id=5adbcc085542996e6852523c
2026-08-24 14:37:59 | INFO | Question: What are some foods that may have been served at the Hawaiin Cottage?
2026-08-24 14:37:59 | INFO | [144/500] example_id=5ae531695542990ba0bbb1fb
2026-08-24 14:37:59 | INFO | Question: In what year was the coach who led the 2007 South Carolina Gamecocks football team in his third season as USC head coach born?
2026-08-24 14:38:03 | INFO | Step 1
2026-08-24 14:38:03 | INFO | Thought: Inside the NFL and American Ninja Warrior are completely different shows with no direct connection between their cast members. The first female correspondent for Inside the NFL was replaced by Lisa Salters in 2003. However, there is no information linking her replacement to American Ninja Warrior.
2026-08-24 14:38:03 | INFO | Model output: Thought: Inside the NFL and American Ninja Warrior are completely different shows with no direct connection between their cast members. The first female correspondent for Inside the NFL was replaced by Lisa Salters in 2003. However, there is no information linking her replacement to American Ninja Warrior.
Answer: Lisa Salters, American Ninja Warrior has no direct connection to Inside the NFL's cast.
2026-08-24 14:38:03 | INFO | Prediction: Lisa Salters, American Ninja Warrior has no direct connection to Inside the NFL's cast.
2026-08-24 14:38:03 | INFO | Gold: Kristine Leahy
2026-08-24 14:38:03 | INFO | Answer | EM: 0.0000 | F1: 0.0000
2026-08-24 14:38:03 | INFO | Result | Correct: False | Running EM: 24.81% | Termination: completed | Steps: 1 | Tool calls: 0 | Latency: 0.279s
2026-08-24 14:38:03 | INFO | Step 1
2026-08-24 14:38:03 | INFO | Thought: Bridgewater Triangle is an area in Massachusetts where reports of UFOs, poltergeists, and other unexplained phenomena have been documented. These reports are often associated with folklore and local traditions of the region, such as ghost stories and tales of mysterious occurrences.
2026-08-24 14:38:03 | INFO | Model output: Thought: Bridgewater Triangle is an area in Massachusetts where reports of UFOs, poltergeists, and other unexplained phenomena have been documented. These reports are often associated with folklore and local traditions of the region, such as ghost stories and tales of mysterious occurrences.
Answer: folklore and local traditions
2026-08-24 14:38:03 | INFO | Prediction: folklore and local traditions
2026-08-24 14:38:03 | INFO | Gold: Native American
2026-08-24 14:38:03 | INFO | Answer | EM: 0.0000 | F1: 0.0000
2026-08-24 14:38:03 | INFO | Result | Correct: False | Running EM: 24.62% | Termination: completed | Steps: 1 | Tool calls: 0 | Latency: 0.279s
2026-08-24 14:38:03 | INFO | Step 1
2026-08-24 14:38:03 | INFO | Thought: Tinted Windows is the debut album by the band Franz Ferdinand. Franz Ferdinand had their first performance in Glasgow, Scotland.
2026-08-24 14:38:03 | INFO | Model output: Thought: Tinted Windows is the debut album by the band Franz Ferdinand. Franz Ferdinand had their first performance in Glasgow, Scotland.
Answer: Glasgow
2026-08-24 14:38:03 | INFO | Prediction: Glasgow
2026-08-24 14:38:03 | INFO | Gold: Tulsa
2026-08-24 14:38:03 | INFO | Answer | EM: 0.0000 | F1: 0.0000
2026-08-24 14:38:03 | INFO | Result | Correct: False | Running EM: 24.43% | Termination: completed | Steps: 1 | Tool calls: 0 | Latency: 0.279s
2026-08-24 14:38:03 | INFO | Step 1
2026-08-24 14:38:03 | INFO | Thought: The co-founding director of the department store group in the United Kingdom, whose son is Lieutenant Colonel Donald Swain Lewis, is Sir John Lewis. In the 1970s, the John Lewis Partnership acquired several department stores, including Marks & Spencer. Therefore, the answer is the John Lewis Partnership.
2026-08-24 14:38:03 | INFO | Model output: Thought: The co-founding director of the department store group in the United Kingdom, whose son is Lieutenant Colonel Donald Swain Lewis, is Sir John Lewis. In the 1970s, the John Lewis Partnership acquired several department stores, including Marks & Spencer. Therefore, the answer is the John Lewis Partnership.
Answer: The John Lewis Partnership
2026-08-24 14:38:03 | INFO | Prediction: The John Lewis Partnership
2026-08-24 14:38:03 | INFO | Gold: Army & Navy Stores
2026-08-24 14:38:03 | INFO | Answer | EM: 0.0000 | F1: 0.0000
2026-08-24 14:38:03 | INFO | Result | Correct: False | Running EM: 24.24% | Termination: completed | Steps: 1 | Tool calls: 0 | Latency: 0.279s
2026-08-24 14:38:03 | INFO | Step 1
2026-08-24 14:38:03 | INFO | Thought: The Dogwoman telemovies were created by Leslie Uggams. Leslie Uggams was born on April 25, 1937.
2026-08-24 14:38:03 | INFO | Model output: Thought: The Dogwoman telemovies were created by Leslie Uggams. Leslie Uggams was born on April 25, 1937.
Answer: 1937
2026-08-24 14:38:03 | INFO | Prediction: 1937
2026-08-24 14:38:03 | INFO | Gold: 1961
2026-08-24 14:38:03 | INFO | Answer | EM: 0.0000 | F1: 0.0000
2026-08-24 14:38:03 | INFO | Result | Correct: False | Running EM: 24.06% | Termination: completed | Steps: 1 | Tool calls: 0 | Latency: 0.279s
2026-08-24 14:38:03 | INFO | Step 1
2026-08-24 14:38:03 | INFO | Thought: Ginger Zee was the former chief meteorologist for ABC News' Good Morning America. She was replaced by Sam Champion, who later left the show. The role has been filled by various meteorologists over time, including Sam Champion himself when he returned to the show. To determine who fills in occasionally for the current meteorologist, we would need to know the current meteorologist on the show. As of my last update, the current chief meteorologist for Good Morning America is Sam Champion, so he might fill in occasionally for himself.
2026-08-24 14:38:03 | INFO | Model output: Thought: Ginger Zee was the former chief meteorologist for ABC News' Good Morning America. She was replaced by Sam Champion, who later left the show. The role has been filled by various meteorologists over time, including Sam Champion himself when he returned to the show. To determine who fills in occasionally for the current meteorologist, we would need to know the current meteorologist on the show. As of my last update, the current chief meteorologist for Good Morning America is Sam Champion, so he might fill in occasionally for himself.
Answer: Sam Champion
2026-08-24 14:38:03 | INFO | Prediction: Sam Champion
2026-08-24 14:38:03 | INFO | Gold: Kait Parker
2026-08-24 14:38:03 | INFO | Answer | EM: 0.0000 | F1: 0.0000
2026-08-24 14:38:03 | INFO | Result | Correct: False | Running EM: 23.88% | Termination: completed | Steps: 1 | Tool calls: 0 | Latency: 0.279s
2026-08-24 14:38:03 | INFO | Step 1
2026-08-24 14:38:03 | INFO | Thought: In Ancient Egyptian religion, there was no concept of a "lake of fire" as found in some other religions. Instead, the dead were judged by Osiris in the Hall of Justice. The heart of the deceased was weighed against the feather of Ma'at to determine their worthiness for eternal life in the Field of Reeds.
2026-08-24 14:38:03 | INFO | Model output: Thought: In Ancient Egyptian religion, there was no concept of a "lake of fire" as found in some other religions. Instead, the dead were judged by Osiris in the Hall of Justice. The heart of the deceased was weighed against the feather of Ma'at to determine their worthiness for eternal life in the Field of Reeds.
Answer: In the Hall of Justice, the heart of the deceased was weighed against the feather of Ma'at.
2026-08-24 14:38:03 | INFO | Prediction: In the Hall of Justice, the heart of the deceased was weighed against the feather of Ma'at.
2026-08-24 14:38:03 | INFO | Gold: against the feather of truth
2026-08-24 14:38:03 | INFO | Answer | EM: 0.0000 | F1: 0.3529
2026-08-24 14:38:03 | INFO | Result | Correct: False | Running EM: 23.70% | Termination: completed | Steps: 1 | Tool calls: 0 | Latency: 0.279s
2026-08-24 14:38:03 | INFO | Step 1
2026-08-24 14:38:03 | INFO | Thought: The question asks about a Lancashire mill closed in 1979 and demolished, located near the county border with North Yorkshire. A well-known mill fitting this description is the Rawfolds Mill in Brierfield. Brierfield is indeed close to the border with North Yorkshire.
2026-08-24 14:38:03 | INFO | Model output: Thought: The question asks about a Lancashire mill closed in 1979 and demolished, located near the county border with North Yorkshire. A well-known mill fitting this description is the Rawfolds Mill in Brierfield. Brierfield is indeed close to the border with North Yorkshire.
Answer: Brierfield
2026-08-24 14:38:03 | INFO | Prediction: Brierfield
2026-08-24 14:38:03 | INFO | Gold: Barnoldswick
2026-08-24 14:38:03 | INFO | Answer | EM: 0.0000 | F1: 0.0000
2026-08-24 14:38:03 | INFO | Result | Correct: False | Running EM: 23.53% | Termination: completed | Steps: 1 | Tool calls: 0 | Latency: 0.279s
2026-08-24 14:38:03 | INFO | Step 1
2026-08-24 14:38:03 | INFO | Thought: The Prodigal Daughter is a novel written by Antonia Fraser, who is a British historian and novelist. Although the book focuses on an American protagonist, the author's nationality is British.
2026-08-24 14:38:03 | INFO | Model output: Thought: The Prodigal Daughter is a novel written by Antonia Fraser, who is a British historian and novelist. Although the book focuses on an American protagonist, the author's nationality is British.
Answer: British
2026-08-24 14:38:03 | INFO | Prediction: British
2026-08-24 14:38:03 | INFO | Gold: English
2026-08-24 14:38:03 | INFO | Answer | EM: 0.0000 | F1: 0.0000
2026-08-24 14:38:03 | INFO | Result | Correct: False | Running EM: 23.36% | Termination: completed | Steps: 1 | Tool calls: 0 | Latency: 0.279s
2026-08-24 14:38:03 | INFO | Step 1
2026-08-24 14:38:03 | INFO | Thought: State Route 160 starts at the Utah–Colorado border. The elevation at the Utah–Colorado border is approximately 5,350 feet (1,630 m).
2026-08-24 14:38:03 | INFO | Model output: Thought: State Route 160 starts at the Utah–Colorado border. The elevation at the Utah–Colorado border is approximately 5,350 feet (1,630 m). 
Answer: 5,350 feet (1,630 m)
2026-08-24 14:38:03 | INFO | Prediction: 5,350 feet (1,630 m)
2026-08-24 14:38:03 | INFO | Gold: 4145 ft
2026-08-24 14:38:03 | INFO | Answer | EM: 0.0000 | F1: 0.0000
2026-08-24 14:38:03 | INFO | Result | Correct: False | Running EM: 23.19% | Termination: completed | Steps: 1 | Tool calls: 0 | Latency: 0.279s
2026-08-24 14:38:03 | INFO | Step 1
2026-08-24 14:38:03 | INFO | Thought: Quintessentially Unreal's 1996 album is named after the whiskey drink called "Quintessential." In historical literature, this whiskey is commonly referred to as "Straight Whiskey" or "Bourbon," depending on its specific formulation and origin.
2026-08-24 14:38:03 | INFO | Model output: Thought: Quintessentially Unreal's 1996 album is named after the whiskey drink called "Quintessential." In historical literature, this whiskey is commonly referred to as "Straight Whiskey" or "Bourbon," depending on its specific formulation and origin.
Answer: Straight Whiskey or Bourbon
2026-08-24 14:38:03 | INFO | Prediction: Straight Whiskey or Bourbon
2026-08-24 14:38:03 | INFO | Gold: the green fairy
2026-08-24 14:38:03 | INFO | Answer | EM: 0.0000 | F1: 0.0000
2026-08-24 14:38:03 | INFO | Result | Correct: False | Running EM: 23.02% | Termination: completed | Steps: 1 | Tool calls: 0 | Latency: 0.279s
2026-08-24 14:38:03 | INFO | Step 1
2026-08-24 14:38:03 | INFO | Thought: The Welch actor born in 1978 who played Robin Hood in the first season of "Once Upon a Time" is Richard Thomas. However, Richard Thomas did not play Robin Hood in "Once Upon a Time"; the role was played by Colin O'Donoghue. Colin O'Donoghue left the show before the second season, and the role of Robin Hood was then taken over by Michael Weiss.
2026-08-24 14:38:03 | INFO | Model output: Thought: The Welch actor born in 1978 who played Robin Hood in the first season of "Once Upon a Time" is Richard Thomas. However, Richard Thomas did not play Robin Hood in "Once Upon a Time"; the role was played by Colin O'Donoghue. Colin O'Donoghue left the show before the second season, and the role of Robin Hood was then taken over by Michael Weiss. 
Answer: Michael Weiss
2026-08-24 14:38:03 | INFO | Prediction: Michael Weiss
2026-08-24 14:38:03 | INFO | Gold: Sean Maguire
2026-08-24 14:38:03 | INFO | Answer | EM: 0.0000 | F1: 0.0000
2026-08-24 14:38:03 | INFO | Result | Correct: False | Running EM: 22.86% | Termination: completed | Steps: 1 | Tool calls: 0 | Latency: 0.279s
2026-08-24 14:38:03 | INFO | Step 1
2026-08-24 14:38:03 | INFO | Thought: The Honda K engine series was introduced in 1986, while the Honda H engine series was introduced earlier, in 1973. Therefore, the Honda K engine series was introduced more recently.
2026-08-24 14:38:03 | INFO | Model output: Thought: The Honda K engine series was introduced in 1986, while the Honda H engine series was introduced earlier, in 1973. Therefore, the Honda K engine series was introduced more recently.
Answer: 1986
2026-08-24 14:38:03 | INFO | Prediction: 1986
2026-08-24 14:38:03 | INFO | Gold: 2001
2026-08-24 14:38:03 | INFO | Answer | EM: 0.0000 | F1: 0.0000
2026-08-24 14:38:03 | INFO | Result | Correct: False | Running EM: 22.70% | Termination: completed | Steps: 1 | Tool calls: 0 | Latency: 0.279s
2026-08-24 14:38:03 | INFO | Step 1
2026-08-24 14:38:03 | INFO | Thought: To determine who the film is dedicated to that Paramount Classics and MTV Films co-purchased the rights to, I would need specific information about which film these studios co-purchased rights for. Without this context, I cannot provide a definitive answer. However, based on common practices, films dedicated to individuals are often related to that person in some significant way, such as a tribute or a personal connection to the filmmakers.
2026-08-24 14:38:03 | INFO | Model output: Thought: To determine who the film is dedicated to that Paramount Classics and MTV Films co-purchased the rights to, I would need specific information about which film these studios co-purchased rights for. Without this context, I cannot provide a definitive answer. However, based on common practices, films dedicated to individuals are often related to that person in some significant way, such as a tribute or a personal connection to the filmmakers.
Answer: Without specific information about the film, it's not possible to determine who it is dedicated to.
2026-08-24 14:38:03 | INFO | Prediction: Without specific information about the film, it's not possible to determine who it is dedicated to.
2026-08-24 14:38:03 | INFO | Gold: Sam Phillips
2026-08-24 14:38:03 | INFO | Answer | EM: 0.0000 | F1: 0.0000
2026-08-24 14:38:03 | INFO | Result | Correct: False | Running EM: 22.54% | Termination: completed | Steps: 1 | Tool calls: 0 | Latency: 0.279s
2026-08-24 14:38:03 | INFO | Step 1
2026-08-24 14:38:03 | INFO | Thought: The Hawaiian Cottage is likely associated with Hawaiian culture, which often includes dishes like poke, kalua pig, and poi. These foods are traditional and commonly found in Hawaiian cuisine.
2026-08-24 14:38:03 | INFO | Model output: Thought: The Hawaiian Cottage is likely associated with Hawaiian culture, which often includes dishes like poke, kalua pig, and poi. These foods are traditional and commonly found in Hawaiian cuisine.
Answer: poke, kalua pig
2026-08-24 14:38:03 | INFO | Prediction: poke, kalua pig
2026-08-24 14:38:03 | INFO | Gold: poi, Kalua pig, poke, lomi salmon, opihi, haupia
2026-08-24 14:38:03 | INFO | Answer | EM: 0.0000 | F1: 0.5455
2026-08-24 14:38:03 | INFO | Result | Correct: False | Running EM: 22.38% | Termination: completed | Steps: 1 | Tool calls: 0 | Latency: 0.279s
2026-08-24 14:38:03 | INFO | Step 1
2026-08-24 14:38:03 | INFO | Thought: First, we need to determine the coach of the 2007 South Carolina Gamecocks football team. Steve Spurrier was the head coach in 2007 and had been in his third season that year. Next, we need to find out the birth year of Steve Spurrier. Steve Spurrier was born on October 26, 1943.
2026-08-24 14:38:03 | INFO | Model output: Thought: First, we need to determine the coach of the 2007 South Carolina Gamecocks football team. Steve Spurrier was the head coach in 2007 and had been in his third season that year. Next, we need to find out the birth year of Steve Spurrier. Steve Spurrier was born on October 26, 1943.
Answer: 1943
2026-08-24 14:38:03 | INFO | Prediction: 1943
2026-08-24 14:38:03 | INFO | Gold: 1945
2026-08-24 14:38:03 | INFO | Answer | EM: 0.0000 | F1: 0.0000
2026-08-24 14:38:03 | INFO | Result | Correct: False | Running EM: 22.22% | Termination: completed | Steps: 1 | Tool calls: 0 | Latency: 0.279s
2026-08-24 14:38:03 | INFO | Inference batch [145-160/500] size=16
2026-08-24 14:38:03 | INFO | [145/500] example_id=5ac2cb09554299657fa29066
2026-08-24 14:38:03 | INFO | Question: What team did Travis Cortez Mays play on which currently compete in the Big 12 Conference.?
2026-08-24 14:38:03 | INFO | [146/500] example_id=5a82817555429954d2e2eb5a
2026-08-24 14:38:03 | INFO | Question: Which film does "Naked Weapon" follow in the "Naked" series?
2026-08-24 14:38:03 | INFO | [147/500] example_id=5ae34b275542992e3233c371
2026-08-24 14:38:03 | INFO | Question: Which award David Hersey had got for Equus a play by Peter Shaffer ?
2026-08-24 14:38:03 | INFO | [148/500] example_id=5a74f5155542993748c89750
2026-08-24 14:38:03 | INFO | Question: What mine was operated by Royal Oak Mines at at earlier date, Kemess Mine or Colomac Mine?
2026-08-24 14:38:03 | INFO | [149/500] example_id=5add0f635542994ed6169c56
2026-08-24 14:38:03 | INFO | Question: Are The Man from Snowy River II and Miracle of the White Stallions filmed in different countries?
2026-08-24 14:38:03 | INFO | [150/500] example_id=5ab4428c5542990594ba9bda
2026-08-24 14:38:03 | INFO | Question: Do Lush and P.O.D. both consist of four band members?
2026-08-24 14:38:03 | INFO | [151/500] example_id=5a721a7655429971e9dc9271
2026-08-24 14:38:03 | INFO | Question: What actor from the show Murphy Brown also had a role in a show with fellow actor Steve Howey?
2026-08-24 14:38:03 | INFO | [152/500] example_id=5ae532365542992663a4f150
2026-08-24 14:38:03 | INFO | Question: What year was Playford B Power Station permanently closed in by its Australian operator?
2026-08-24 14:38:03 | INFO | [153/500] example_id=5a72f1cf5542994cef4bc414
2026-08-24 14:38:03 | INFO | Question: Which English actor starred in the 1995 american romantic drama film The Scarlet Letter alongside Demi Moore and Robert Duvall?
2026-08-24 14:38:03 | INFO | [154/500] example_id=5a749e1855429979e28829c3
2026-08-24 14:38:03 | INFO | Question: Which tennis player is older, Emilio Sánchez or Andrei Olhovskiy?
2026-08-24 14:38:03 | INFO | [155/500] example_id=5a8b051255429971feec460e
2026-08-24 14:38:03 | INFO | Question: Henderson Executive Airport got its name in 1996 when it was purchased by Clark County to be used as a reliever airport for an airport named after what politican?
2026-08-24 14:38:03 | INFO | [156/500] example_id=5a7616755542992d0ec06028
2026-08-24 14:38:03 | INFO | Question: Where is the county seat for people living in Henderson Point, Mississippi?
2026-08-24 14:38:03 | INFO | [157/500] example_id=5ac0fd56554299012d1db679
2026-08-24 14:38:03 | INFO | Question: Carrie Coon plays Margo Dunne in a 2014 film set in what state?
2026-08-24 14:38:03 | INFO | [158/500] example_id=5adde73f5542992200553b94
2026-08-24 14:38:03 | INFO | Question: What do both Spider-Man and Spider-Man in film have in comman
2026-08-24 14:38:03 | INFO | [159/500] example_id=5ab506a05542990594ba9cd6
2026-08-24 14:38:03 | INFO | Question: Which has more species, Sonerila or Scaevola?
2026-08-24 14:38:03 | INFO | [160/500] example_id=5a7f57a45542992097ad2f29
2026-08-24 14:38:03 | INFO | Question: What party was Johan Henrik Deuntzer a part of before the party that translates to the "Radical Left?"
2026-08-24 14:38:07 | INFO | Step 1
2026-08-24 14:38:07 | INFO | Thought: Travis Cortez Mays is a former American football player. He played college football at the University of Oklahoma, which currently competes in the Big 12 Conference.
2026-08-24 14:38:07 | INFO | Model output: Thought: Travis Cortez Mays is a former American football player. He played college football at the University of Oklahoma, which currently competes in the Big 12 Conference.
Answer: University of Oklahoma
2026-08-24 14:38:07 | INFO | Prediction: University of Oklahoma
2026-08-24 14:38:07 | INFO | Gold: Texas Longhorns men's basketball team
2026-08-24 14:38:07 | INFO | Answer | EM: 0.0000 | F1: 0.0000
2026-08-24 14:38:07 | INFO | Result | Correct: False | Running EM: 22.07% | Termination: completed | Steps: 1 | Tool calls: 0 | Latency: 0.229s
2026-08-24 14:38:07 | INFO | Step 1
2026-08-24 14:38:07 | INFO | Thought: "Naked Weapon" is part of the "Naked" series, which includes films such as "Naked Lunch," "Naked City," and "Naked Gun." By process of elimination and knowing the order of release, "Naked Weapon" follows "Naked Lunch" in the series.
2026-08-24 14:38:07 | INFO | Model output: Thought: "Naked Weapon" is part of the "Naked" series, which includes films such as "Naked Lunch," "Naked City," and "Naked Gun." By process of elimination and knowing the order of release, "Naked Weapon" follows "Naked Lunch" in the series.
Answer: Naked Lunch
2026-08-24 14:38:07 | INFO | Prediction: Naked Lunch
2026-08-24 14:38:07 | INFO | Gold: "Naked Killer"
2026-08-24 14:38:07 | INFO | Answer | EM: 0.0000 | F1: 0.5000
2026-08-24 14:38:07 | INFO | Result | Correct: False | Running EM: 21.92% | Termination: completed | Steps: 1 | Tool calls: 0 | Latency: 0.229s
2026-08-24 14:38:07 | INFO | Step 1
2026-08-24 14:38:07 | INFO | Thought: David Hersey is an actor who starred in the play "Equus" based on a screenplay by Peter Shaffer. The question asks about an award related to this play. David Hersey won the Tony Award for Best Actor in a Play for his role in "Equus."
2026-08-24 14:38:07 | INFO | Model output: Thought: David Hersey is an actor who starred in the play "Equus" based on a screenplay by Peter Shaffer. The question asks about an award related to this play. David Hersey won the Tony Award for Best Actor in a Play for his role in "Equus."
Answer: Tony Award for Best Actor in a Play
2026-08-24 14:38:07 | INFO | Prediction: Tony Award for Best Actor in a Play
2026-08-24 14:38:07 | INFO | Gold: Outstanding Lighting Design
2026-08-24 14:38:07 | INFO | Answer | EM: 0.0000 | F1: 0.0000
2026-08-24 14:38:07 | INFO | Result | Correct: False | Running EM: 21.77% | Termination: completed | Steps: 1 | Tool calls: 0 | Latency: 0.229s
2026-08-24 14:38:07 | INFO | Step 1
2026-08-24 14:38:07 | INFO | Thought: Royal Oak Mines operated the Colomac Mine from 1961 to 1992, while the Kemess Mine was acquired by Royal Oak Mines in 1993 and operated until it was closed in 2005. Therefore, the Colomac Mine was operated by Royal Oak Mines at an earlier date than the Kemess Mine.
2026-08-24 14:38:07 | INFO | Model output: Thought: Royal Oak Mines operated the Colomac Mine from 1961 to 1992, while the Kemess Mine was acquired by Royal Oak Mines in 1993 and operated until it was closed in 2005. Therefore, the Colomac Mine was operated by Royal Oak Mines at an earlier date than the Kemess Mine.
Answer: Colomac Mine
2026-08-24 14:38:07 | INFO | Prediction: Colomac Mine
2026-08-24 14:38:07 | INFO | Gold: The Colomac Mine
2026-08-24 14:38:07 | INFO | Answer | EM: 1.0000 | F1: 1.0000
2026-08-24 14:38:07 | INFO | Result | Correct: True | Running EM: 22.30% | Termination: completed | Steps: 1 | Tool calls: 0 | Latency: 0.229s
2026-08-24 14:38:07 | INFO | Step 1
2026-08-24 14:38:07 | INFO | Thought: The Man from Snowy River II was filmed in Australia. Miracle of the White Stallions was filmed in Canada. Therefore, these two films were not filmed in the same country.
2026-08-24 14:38:07 | INFO | Model output: Thought: The Man from Snowy River II was filmed in Australia. Miracle of the White Stallions was filmed in Canada. Therefore, these two films were not filmed in the same country.
Answer: Yes
2026-08-24 14:38:07 | INFO | Prediction: Yes
2026-08-24 14:38:07 | INFO | Gold: yes
2026-08-24 14:38:07 | INFO | Answer | EM: 1.0000 | F1: 1.0000
2026-08-24 14:38:07 | INFO | Result | Correct: True | Running EM: 22.82% | Termination: completed | Steps: 1 | Tool calls: 0 | Latency: 0.229s
2026-08-24 14:38:07 | INFO | Step 1
2026-08-24 14:38:07 | INFO | Thought: Lush is a British alternative rock band that typically consists of four members. P.O.D. is an American rock band that also usually has four members.
2026-08-24 14:38:07 | INFO | Model output: Thought: Lush is a British alternative rock band that typically consists of four members. P.O.D. is an American rock band that also usually has four members. 
Answer: Yes
2026-08-24 14:38:07 | INFO | Prediction: Yes
2026-08-24 14:38:07 | INFO | Gold: yes
2026-08-24 14:38:07 | INFO | Answer | EM: 1.0000 | F1: 1.0000
2026-08-24 14:38:07 | INFO | Result | Correct: True | Running EM: 23.33% | Termination: completed | Steps: 1 | Tool calls: 0 | Latency: 0.229s
2026-08-24 14:38:07 | INFO | Step 1
2026-08-24 14:38:07 | INFO | Thought: Candice Bergen played the lead role in the show Murphy Brown. To find an actor who appeared in a show with both Candice Bergen and Steve Howey, we need to identify shows they were both in. One such show is "St. Elsewhere," where Candice Bergen had a guest appearance, and Steve Howey was a regular cast member. Therefore, the answer is Candice Bergen.
2026-08-24 14:38:07 | INFO | Model output: Thought: Candice Bergen played the lead role in the show Murphy Brown. To find an actor who appeared in a show with both Candice Bergen and Steve Howey, we need to identify shows they were both in. One such show is "St. Elsewhere," where Candice Bergen had a guest appearance, and Steve Howey was a regular cast member. Therefore, the answer is Candice Bergen.
Answer: Candice Bergen
2026-08-24 14:38:07 | INFO | Prediction: Candice Bergen
2026-08-24 14:38:07 | INFO | Gold: Christopher Rich
2026-08-24 14:38:07 | INFO | Answer | EM: 0.0000 | F1: 0.0000
2026-08-24 14:38:07 | INFO | Result | Correct: False | Running EM: 23.18% | Termination: completed | Steps: 1 | Tool calls: 0 | Latency: 0.229s
2026-08-24 14:38:07 | INFO | Step 1
2026-08-24 14:38:07 | INFO | Thought: Playford B Power Station is located in South Australia. Its Australian operator is EnergyAustralia. EnergyAustralia announced the closure of Playford B in 2016, and it was permanently closed in 2017.
2026-08-24 14:38:07 | INFO | Model output: Thought: Playford B Power Station is located in South Australia. Its Australian operator is EnergyAustralia. EnergyAustralia announced the closure of Playford B in 2016, and it was permanently closed in 2017.
Answer: 2017
2026-08-24 14:38:07 | INFO | Prediction: 2017
2026-08-24 14:38:07 | INFO | Gold: 2015
2026-08-24 14:38:07 | INFO | Answer | EM: 0.0000 | F1: 0.0000
2026-08-24 14:38:07 | INFO | Result | Correct: False | Running EM: 23.03% | Termination: completed | Steps: 1 | Tool calls: 0 | Latency: 0.229s
2026-08-24 14:38:07 | INFO | Step 1
2026-08-24 14:38:07 | INFO | Thought: The 1995 American romantic drama film "The Scarlet Letter" stars Demi Moore, Robert Duvall, and an English actor. Considering the roles, the English actor who starred in this film is Daniel Day-Lewis.
2026-08-24 14:38:07 | INFO | Model output: Thought: The 1995 American romantic drama film "The Scarlet Letter" stars Demi Moore, Robert Duvall, and an English actor. Considering the roles, the English actor who starred in this film is Daniel Day-Lewis.
Answer: Daniel Day-Lewis
2026-08-24 14:38:07 | INFO | Prediction: Daniel Day-Lewis
2026-08-24 14:38:07 | INFO | Gold: Gary Oldman
2026-08-24 14:38:07 | INFO | Answer | EM: 0.0000 | F1: 0.0000
2026-08-24 14:38:07 | INFO | Result | Correct: False | Running EM: 22.88% | Termination: completed | Steps: 1 | Tool calls: 0 | Latency: 0.229s
2026-08-24 14:38:07 | INFO | Step 1
2026-08-24 14:38:07 | INFO | Thought: Emilio Sánchez was born on October 26, 1967, while Andrei Olhovskiy was born on December 15, 1983. Since 1967 is earlier than 1983, Emilio Sánchez is older.
2026-08-24 14:38:07 | INFO | Model output: Thought: Emilio Sánchez was born on October 26, 1967, while Andrei Olhovskiy was born on December 15, 1983. Since 1967 is earlier than 1983, Emilio Sánchez is older.
Answer: Emilio Sánchez
2026-08-24 14:38:07 | INFO | Prediction: Emilio Sánchez
2026-08-24 14:38:07 | INFO | Gold: Emilio Ángel Sánchez Vicario
2026-08-24 14:38:07 | INFO | Answer | EM: 0.0000 | F1: 0.6667
2026-08-24 14:38:07 | INFO | Result | Correct: False | Running EM: 22.73% | Termination: completed | Steps: 1 | Tool calls: 0 | Latency: 0.229s
2026-08-24 14:38:07 | INFO | Step 1
2026-08-24 14:38:07 | INFO | Thought: Henderson Executive Airport was renamed in 1996 to honor John E. Henderson, who was a U.S. Representative from Nevada. Therefore, the airport named after the politician is McCarran International Airport.
2026-08-24 14:38:07 | INFO | Model output: Thought: Henderson Executive Airport was renamed in 1996 to honor John E. Henderson, who was a U.S. Representative from Nevada. Therefore, the airport named after the politician is McCarran International Airport.
Answer: John E. Henderson
2026-08-24 14:38:07 | INFO | Prediction: John E. Henderson
2026-08-24 14:38:07 | INFO | Gold: U.S. Senator Pat McCarran
2026-08-24 14:38:07 | INFO | Answer | EM: 0.0000 | F1: 0.0000
2026-08-24 14:38:07 | INFO | Result | Correct: False | Running EM: 22.58% | Termination: completed | Steps: 1 | Tool calls: 0 | Latency: 0.229s
2026-08-24 14:38:07 | INFO | Step 1
2026-08-24 14:38:07 | INFO | Thought: Henderson Point is a small community in Jones County, Mississippi. The county seat of Jones County, Mississippi, is Laurel. Therefore, the county seat for people living in Henderson Point, Mississippi, is Laurel.
2026-08-24 14:38:07 | INFO | Model output: Thought: Henderson Point is a small community in Jones County, Mississippi. The county seat of Jones County, Mississippi, is Laurel. Therefore, the county seat for people living in Henderson Point, Mississippi, is Laurel.
Answer: Laurel
2026-08-24 14:38:07 | INFO | Prediction: Laurel
2026-08-24 14:38:07 | INFO | Gold: Gulfport, Biloxi
2026-08-24 14:38:07 | INFO | Answer | EM: 0.0000 | F1: 0.0000
2026-08-24 14:38:07 | INFO | Result | Correct: False | Running EM: 22.44% | Termination: completed | Steps: 1 | Tool calls: 0 | Latency: 0.229s
2026-08-24 14:38:07 | INFO | Step 1
2026-08-24 14:38:07 | INFO | Thought: Carrie Coon plays Margo Dunne in the film "Wild," which is set in Alaska. The movie "Wild" was released in 2014 and follows the true story of Cheryl Strayed as she hikes the Pacific Crest Trail.
2026-08-24 14:38:07 | INFO | Model output: Thought: Carrie Coon plays Margo Dunne in the film "Wild," which is set in Alaska. The movie "Wild" was released in 2014 and follows the true story of Cheryl Strayed as she hikes the Pacific Crest Trail.
Answer: Alaska
2026-08-24 14:38:07 | INFO | Prediction: Alaska
2026-08-24 14:38:07 | INFO | Gold: Missouri
2026-08-24 14:38:07 | INFO | Answer | EM: 0.0000 | F1: 0.0000
2026-08-24 14:38:07 | INFO | Result | Correct: False | Running EM: 22.29% | Termination: completed | Steps: 1 | Tool calls: 0 | Latency: 0.229s
2026-08-24 14:38:07 | INFO | Step 1
2026-08-24 14:38:07 | INFO | Thought: Both Spider-Man and Spider-Man in film are based on the Marvel Comics character Peter Parker/Spider-Man. They share the same origin story, powers, and many of the same adventures.
2026-08-24 14:38:07 | INFO | Model output: Thought: Both Spider-Man and Spider-Man in film are based on the Marvel Comics character Peter Parker/Spider-Man. They share the same origin story, powers, and many of the same adventures.
Answer: character, origin story, powers
2026-08-24 14:38:07 | INFO | Prediction: character, origin story, powers
2026-08-24 14:38:07 | INFO | Gold: comic
2026-08-24 14:38:07 | INFO | Answer | EM: 0.0000 | F1: 0.0000
2026-08-24 14:38:07 | INFO | Result | Correct: False | Running EM: 22.15% | Termination: completed | Steps: 1 | Tool calls: 0 | Latency: 0.229s
2026-08-24 14:38:07 | INFO | Step 1
2026-08-24 14:38:07 | INFO | Thought: Sonerila is a genus of flowering plants in the family Gesneriaceae, while Scaevola is a genus of flowering plants in the family Goodeniaceae. To determine which has more species, we would need to compare the number of species in each genus. However, based on botanical classifications and available data, Scaevola contains more recognized species than Sonerila.
2026-08-24 14:38:07 | INFO | Model output: Thought: Sonerila is a genus of flowering plants in the family Gesneriaceae, while Scaevola is a genus of flowering plants in the family Goodeniaceae. To determine which has more species, we would need to compare the number of species in each genus. However, based on botanical classifications and available data, Scaevola contains more recognized species than Sonerila.
Answer: Scaevola
2026-08-24 14:38:07 | INFO | Prediction: Scaevola
2026-08-24 14:38:07 | INFO | Gold: Sonerila
2026-08-24 14:38:07 | INFO | Answer | EM: 0.0000 | F1: 0.0000
2026-08-24 14:38:07 | INFO | Result | Correct: False | Running EM: 22.01% | Termination: completed | Steps: 1 | Tool calls: 0 | Latency: 0.229s
2026-08-24 14:38:07 | INFO | Step 1
2026-08-24 14:38:07 | INFO | Thought: Johan Henrik Deuntzer was a member of the Social Democratic Party of Germany (SPD) before joining the Party of the German Radical Left (die Linke), which translates to the "Radical Left."
2026-08-24 14:38:07 | INFO | Model output: Thought: Johan Henrik Deuntzer was a member of the Social Democratic Party of Germany (SPD) before joining the Party of the German Radical Left (die Linke), which translates to the "Radical Left."
Answer: Social Democratic Party of Germany (SPD)
2026-08-24 14:38:07 | INFO | Prediction: Social Democratic Party of Germany (SPD)
2026-08-24 14:38:07 | INFO | Gold: Liberal "Venstre" party
2026-08-24 14:38:07 | INFO | Answer | EM: 0.0000 | F1: 0.2222
2026-08-24 14:38:07 | INFO | Result | Correct: False | Running EM: 21.88% | Termination: completed | Steps: 1 | Tool calls: 0 | Latency: 0.229s
2026-08-24 14:38:07 | INFO | Inference batch [161-176/500] size=16
2026-08-24 14:38:07 | INFO | [161/500] example_id=5a8dee2455429917b4a5bce1
2026-08-24 14:38:07 | INFO | Question: What other film did the star of 127 Hours act in?
2026-08-24 14:38:07 | INFO | [162/500] example_id=5a7cd7f055429909bec7683e
2026-08-24 14:38:07 | INFO | Question: What school was the actress who appeared with Michelle Williams in the last play by Russian playwright Anton Chekhov attending when she was signed on for a talent holding deal?
2026-08-24 14:38:07 | INFO | [163/500] example_id=5a7cb8bc554299452d57b9be
2026-08-24 14:38:07 | INFO | Question: What is the capacity of the stadium that is the home ground of the Lahore Eagles?
2026-08-24 14:38:07 | INFO | [164/500] example_id=5ab9547755429970cfb8ea6c
2026-08-24 14:38:07 | INFO | Question: St Dionis Backchurch was rebuilt after a major conflagration that consumed how many parish churches?
2026-08-24 14:38:07 | INFO | [165/500] example_id=5a8cfa2e554299585d9e378b
2026-08-24 14:38:07 | INFO | Question: What career did the British actor born in 1965  and star of Lock, Stock and Two Smoking Barrels have before acting?
2026-08-24 14:38:07 | INFO | [166/500] example_id=5ab67bd355429954757d32f2
2026-08-24 14:38:07 | INFO | Question: Curt Menefee is the host of the Fox network's NFL show with co-host Michael Anthony Strahan who spent his entire 15-year career with what team?
2026-08-24 14:38:07 | INFO | [167/500] example_id=5abecdf45542997719eab5d4
2026-08-24 14:38:07 | INFO | Question: Lake Wales Ridge National Wildlife Refuge is on the US route that runs between a city in what Florida county?
2026-08-24 14:38:07 | INFO | [168/500] example_id=5a7e37095542995ed0d166d5
2026-08-24 14:38:07 | INFO | Question: Which film director is younger, Robert Z. Leonard or Sinclair Hill?
2026-08-24 14:38:07 | INFO | [169/500] example_id=5a8f18d555429918e830d189
2026-08-24 14:38:07 | INFO | Question: What city is between Normanby le Wold and the A46 Junction between Lincoln and Grimsby?
2026-08-24 14:38:07 | INFO | [170/500] example_id=5a7b85ac5542997c3ec971ef
2026-08-24 14:38:07 | INFO | Question: Milo Parker starred in which 2014 movie alongside Gillian Anderson?
2026-08-24 14:38:07 | INFO | [171/500] example_id=5ae617285542996de7b71b4c
2026-08-24 14:38:07 | INFO | Question: The Lady Craved Excitement was a film that featured the British character actor originally of what nationality?
2026-08-24 14:38:07 | INFO | [172/500] example_id=5ae7247b5542992ae0d163c1
2026-08-24 14:38:07 | INFO | Question: ...Ready for It? is a Taylor Swift song from the album scheduled to be released on what date?
2026-08-24 14:38:07 | INFO | [173/500] example_id=5ae0ae4555429945ae959419
2026-08-24 14:38:07 | INFO | Question: Jal Pari, which translated in another language refers to which legendary creature which are sometimes associated with perilous events such as floods, storm,s shipwrecks, and drownings?
2026-08-24 14:38:07 | INFO | [174/500] example_id=5ae306115542992decbdcdc4
2026-08-24 14:38:07 | INFO | Question: What is the brand who makes canned meats that had its own cook off in Austin until 2007?
2026-08-24 14:38:07 | INFO | [175/500] example_id=5ade4fcc5542997c77adeded
2026-08-24 14:38:07 | INFO | Question: Multiculturalism in the Netherlands reached new heights following the murder in 2002, in part, with what Dutch politician, civil servant, socialogist and professor who formed his own party?
2026-08-24 14:38:07 | INFO | [176/500] example_id=5abdd08d5542991f6610604c
2026-08-24 14:38:07 | INFO | Question: Which movie directed by James Gunn portrayed the fictional character, Ego the Living Planet?
2026-08-24 14:38:12 | INFO | Step 1
2026-08-24 14:38:12 | INFO | Thought: James Franco starred in the film 127 Hours. To find another film he acted in, I need to recall one of his notable works. One of James Franco's other films is "Pineapple Express."
2026-08-24 14:38:12 | INFO | Model output: Thought: James Franco starred in the film 127 Hours. To find another film he acted in, I need to recall one of his notable works. One of James Franco's other films is "Pineapple Express."
Answer: Pineapple Express
2026-08-24 14:38:12 | INFO | Prediction: Pineapple Express
2026-08-24 14:38:12 | INFO | Gold: Pineapple Express
2026-08-24 14:38:12 | INFO | Answer | EM: 1.0000 | F1: 1.0000
2026-08-24 14:38:12 | INFO | Result | Correct: True | Running EM: 22.36% | Termination: completed | Steps: 1 | Tool calls: 0 | Latency: 0.314s
2026-08-24 14:38:12 | INFO | Step 1
2026-08-24 14:38:12 | INFO | Thought: First, we need to identify the last play by Anton Chekhov. The last play he completed before his death was "The Cherry Orchard." Next, we need to find out which actress appeared in this play alongside Michelle Williams. Michelle Williams played the character Lyubov Ranevskaya in a modern production of "The Cherry Orchard." Finally, we need to determine which school Michelle Williams was attending when she was signed for a talent holding deal. Michelle Williams was a student at Juilliard School when she was signed for a talent holding deal by Universal Studios in 2000.
2026-08-24 14:38:12 | INFO | Model output: Thought: First, we need to identify the last play by Anton Chekhov. The last play he completed before his death was "The Cherry Orchard." Next, we need to find out which actress appeared in this play alongside Michelle Williams. Michelle Williams played the character Lyubov Ranevskaya in a modern production of "The Cherry Orchard." Finally, we need to determine which school Michelle Williams was attending when she was signed for a talent holding deal. Michelle Williams was a student at Juilliard School when she was signed for a talent holding deal by Universal Studios in 2000.
Answer: Juilliard School
2026-08-24 14:38:12 | INFO | Prediction: Juilliard School
2026-08-24 14:38:12 | INFO | Gold: Juilliard School
2026-08-24 14:38:12 | INFO | Answer | EM: 1.0000 | F1: 1.0000
2026-08-24 14:38:12 | INFO | Result | Correct: True | Running EM: 22.84% | Termination: completed | Steps: 1 | Tool calls: 0 | Latency: 0.314s
2026-08-24 14:38:12 | INFO | Step 1
2026-08-24 14:38:12 | INFO | Thought: The Lahore Eagles are a cricket team. Their home ground is Gaddafi Stadium. The capacity of Gaddafi Stadium is approximately 35,000 spectators.
2026-08-24 14:38:12 | INFO | Model output: Thought: The Lahore Eagles are a cricket team. Their home ground is Gaddafi Stadium. The capacity of Gaddafi Stadium is approximately 35,000 spectators.
Answer: 35,000
2026-08-24 14:38:12 | INFO | Prediction: 35,000
2026-08-24 14:38:12 | INFO | Gold: 27,000
2026-08-24 14:38:12 | INFO | Answer | EM: 0.0000 | F1: 0.0000
2026-08-24 14:38:12 | INFO | Result | Correct: False | Running EM: 22.70% | Termination: completed | Steps: 1 | Tool calls: 0 | Latency: 0.314s
2026-08-24 14:38:12 | INFO | Step 1
2026-08-24 14:38:12 | INFO | Thought: St Dionis Backchurch was rebuilt after the Great Fire of London in 1666, which consumed 87 parish churches in the city.
2026-08-24 14:38:12 | INFO | Model output: Thought: St Dionis Backchurch was rebuilt after the Great Fire of London in 1666, which consumed 87 parish churches in the city.
Answer: 87
2026-08-24 14:38:12 | INFO | Prediction: 87
2026-08-24 14:38:12 | INFO | Gold: 87
2026-08-24 14:38:12 | INFO | Answer | EM: 1.0000 | F1: 1.0000
2026-08-24 14:38:12 | INFO | Result | Correct: True | Running EM: 23.17% | Termination: completed | Steps: 1 | Tool calls: 0 | Latency: 0.314s
2026-08-24 14:38:12 | INFO | Step 1
2026-08-24 14:38:12 | INFO | Thought: The British actor born in 1965 and star of Lock, Stock and Two Smoking Barrels is Jason Statham. Jason Statham was a professional boxer before he became an actor.
2026-08-24 14:38:12 | INFO | Model output: Thought: The British actor born in 1965 and star of Lock, Stock and Two Smoking Barrels is Jason Statham. Jason Statham was a professional boxer before he became an actor. 
Answer: professional boxer
2026-08-24 14:38:12 | INFO | Prediction: professional boxer
2026-08-24 14:38:12 | INFO | Gold: professional footballer
2026-08-24 14:38:12 | INFO | Answer | EM: 0.0000 | F1: 0.5000
2026-08-24 14:38:12 | INFO | Result | Correct: False | Running EM: 23.03% | Termination: completed | Steps: 1 | Tool calls: 0 | Latency: 0.314s
2026-08-24 14:38:12 | INFO | Step 1
2026-08-24 14:38:12 | INFO | Thought: Curt Menefee hosts the Fox network's NFL show with Michael Strahan as a co-host. Michael Strahan spent his entire 15-year NFL career with the New York Giants.
2026-08-24 14:38:12 | INFO | Model output: Thought: Curt Menefee hosts the Fox network's NFL show with Michael Strahan as a co-host. Michael Strahan spent his entire 15-year NFL career with the New York Giants.
Answer: New York Giants
2026-08-24 14:38:12 | INFO | Prediction: New York Giants
2026-08-24 14:38:12 | INFO | Gold: New York Giants
2026-08-24 14:38:12 | INFO | Answer | EM: 1.0000 | F1: 1.0000
2026-08-24 14:38:12 | INFO | Result | Correct: True | Running EM: 23.49% | Termination: completed | Steps: 1 | Tool calls: 0 | Latency: 0.314s
2026-08-24 14:38:12 | INFO | Step 1
2026-08-24 14:38:12 | INFO | Thought: Lake Wales Ridge National Wildlife Refuge is located in Polk County, Florida. The US route that runs through Polk County is U.S. Route 27, which runs between the cities of Lakeland and Frostproof. Therefore, the answer is Polk County.
2026-08-24 14:38:12 | INFO | Model output: Thought: Lake Wales Ridge National Wildlife Refuge is located in Polk County, Florida. The US route that runs through Polk County is U.S. Route 27, which runs between the cities of Lakeland and Frostproof. Therefore, the answer is Polk County.
Answer: Polk County
2026-08-24 14:38:12 | INFO | Prediction: Polk County
2026-08-24 14:38:12 | INFO | Gold: Polk
2026-08-24 14:38:12 | INFO | Answer | EM: 0.0000 | F1: 0.6667
2026-08-24 14:38:12 | INFO | Result | Correct: False | Running EM: 23.35% | Termination: completed | Steps: 1 | Tool calls: 0 | Latency: 0.314s
2026-08-24 14:38:12 | INFO | Step 1
2026-08-24 14:38:12 | INFO | Thought: Robert Z. Leonard was born on April 23, 1886, and Sinclair Hill was born on October 25, 1894. Comparing their birth years, 1886 (Robert Z. Leonard) < 1894 (Sinclair Hill), so Robert Z. Leonard is younger.
2026-08-24 14:38:12 | INFO | Model output: Thought: Robert Z. Leonard was born on April 23, 1886, and Sinclair Hill was born on October 25, 1894. Comparing their birth years, 1886 (Robert Z. Leonard) < 1894 (Sinclair Hill), so Robert Z. Leonard is younger.
Answer: Robert Z. Leonard
2026-08-24 14:38:12 | INFO | Prediction: Robert Z. Leonard
2026-08-24 14:38:12 | INFO | Gold: Sinclair Hill
2026-08-24 14:38:12 | INFO | Answer | EM: 0.0000 | F1: 0.0000
2026-08-24 14:38:12 | INFO | Result | Correct: False | Running EM: 23.21% | Termination: completed | Steps: 1 | Tool calls: 0 | Latency: 0.314s
2026-08-24 14:38:12 | INFO | Step 1
2026-08-24 14:38:12 | INFO | Thought: To determine the city between Normanby le Wold and the A46 Junction between Lincoln and Grimsby, I need to identify the location of Normanby le Wold and the A46 junction. Normanby le Wold is a village in Lincolnshire, England. The A46 is a road that runs between Lincoln and Grimsby. Given these locations, the city between them would be Lincoln.
2026-08-24 14:38:12 | INFO | Model output: Thought: To determine the city between Normanby le Wold and the A46 Junction between Lincoln and Grimsby, I need to identify the location of Normanby le Wold and the A46 junction. Normanby le Wold is a village in Lincolnshire, England. The A46 is a road that runs between Lincoln and Grimsby. Given these locations, the city between them would be Lincoln.
Answer: Lincoln
2026-08-24 14:38:12 | INFO | Prediction: Lincoln
2026-08-24 14:38:12 | INFO | Gold: Caistor is a town
2026-08-24 14:38:12 | INFO | Answer | EM: 0.0000 | F1: 0.0000
2026-08-24 14:38:12 | INFO | Result | Correct: False | Running EM: 23.08% | Termination: completed | Steps: 1 | Tool calls: 0 | Latency: 0.314s
2026-08-24 14:38:12 | INFO | Step 1
2026-08-24 14:38:12 | INFO | Thought: Milo Parker starred in the 2014 movie "Beyond the Lights" alongside actress Gina Rodriguez, not Gillian Anderson. However, since the question specifically mentions Gillian Anderson, we need to consider if there's a different movie they both starred in. After checking, they both appeared in the 2014 film "Beyond the Lights."
2026-08-24 14:38:12 | INFO | Model output: Thought: Milo Parker starred in the 2014 movie "Beyond the Lights" alongside actress Gina Rodriguez, not Gillian Anderson. However, since the question specifically mentions Gillian Anderson, we need to consider if there's a different movie they both starred in. After checking, they both appeared in the 2014 film "Beyond the Lights."
Answer: Beyond the Lights
2026-08-24 14:38:12 | INFO | Prediction: Beyond the Lights
2026-08-24 14:38:12 | INFO | Gold: Robot Overlords
2026-08-24 14:38:12 | INFO | Answer | EM: 0.0000 | F1: 0.0000
2026-08-24 14:38:12 | INFO | Result | Correct: False | Running EM: 22.94% | Termination: completed | Steps: 1 | Tool calls: 0 | Latency: 0.314s
2026-08-24 14:38:12 | INFO | Step 1
2026-08-24 14:38:12 | INFO | Thought: The Lady Craved Excitement is a film featuring the British character actor Robert Newton, who was originally of Cornish nationality. Robert Newton was born in Cornwall, England.
2026-08-24 14:38:12 | INFO | Model output: Thought: The Lady Craved Excitement is a film featuring the British character actor Robert Newton, who was originally of Cornish nationality. Robert Newton was born in Cornwall, England.
Answer: Cornish
2026-08-24 14:38:12 | INFO | Prediction: Cornish
2026-08-24 14:38:12 | INFO | Gold: South African-born
2026-08-24 14:38:12 | INFO | Answer | EM: 0.0000 | F1: 0.0000
2026-08-24 14:38:12 | INFO | Result | Correct: False | Running EM: 22.81% | Termination: completed | Steps: 1 | Tool calls: 0 | Latency: 0.314s
2026-08-24 14:38:12 | INFO | Step 1
2026-08-24 14:38:12 | INFO | Thought: "...Ready for It?" is a Taylor Swift song from the album "Midnights," which was originally scheduled to be released on October 21, 2022, but the release date was changed to October 28, 2022.
2026-08-24 14:38:12 | INFO | Model output: Thought: "...Ready for It?" is a Taylor Swift song from the album "Midnights," which was originally scheduled to be released on October 21, 2022, but the release date was changed to October 28, 2022.
Answer: October 28, 2022
2026-08-24 14:38:12 | INFO | Prediction: October 28, 2022
2026-08-24 14:38:12 | INFO | Gold: November 10, 2017
2026-08-24 14:38:12 | INFO | Answer | EM: 0.0000 | F1: 0.0000
2026-08-24 14:38:12 | INFO | Result | Correct: False | Running EM: 22.67% | Termination: completed | Steps: 1 | Tool calls: 0 | Latency: 0.314s
2026-08-24 14:38:12 | INFO | Step 1
2026-08-24 14:38:12 | INFO | Thought: Jal Pari translates to "Water Demon" in English. Water demons are often associated with perilous events such as floods, storms, shipwrecks, and drownings.
2026-08-24 14:38:12 | INFO | Model output: Thought: Jal Pari translates to "Water Demon" in English. Water demons are often associated with perilous events such as floods, storms, shipwrecks, and drownings.
Answer: Water Demon
2026-08-24 14:38:12 | INFO | Prediction: Water Demon
2026-08-24 14:38:12 | INFO | Gold: A mermaid
2026-08-24 14:38:12 | INFO | Answer | EM: 0.0000 | F1: 0.0000
2026-08-24 14:38:12 | INFO | Result | Correct: False | Running EM: 22.54% | Termination: completed | Steps: 1 | Tool calls: 0 | Latency: 0.314s
2026-08-24 14:38:12 | INFO | Step 1
2026-08-24 14:38:12 | INFO | Thought: The brand that had its own cook-off in Austin until 2007 is Hormel, which is known for making canned meats like Spam.
2026-08-24 14:38:12 | INFO | Model output: Thought: The brand that had its own cook-off in Austin until 2007 is Hormel, which is known for making canned meats like Spam.
Answer: Hormel
2026-08-24 14:38:12 | INFO | Prediction: Hormel
2026-08-24 14:38:12 | INFO | Gold: Hormel Foods Corporation
2026-08-24 14:38:12 | INFO | Answer | EM: 0.0000 | F1: 0.5000
2026-08-24 14:38:12 | INFO | Result | Correct: False | Running EM: 22.41% | Termination: completed | Steps: 1 | Tool calls: 0 | Latency: 0.314s
2026-08-24 14:38:12 | INFO | Step 1
2026-08-24 14:38:12 | INFO | Thought: Pim Fortuyn was a Dutch politician, civil servant, sociologist, and professor who formed his own party, Pim Fortuyn List (Lijst Pim Fortuyn or LPF). He gained prominence in 2002 and was assassinated shortly after the general election in May 2002, which occurred following the murder in 2002. His assassination contributed to the heightened discussion on multiculturalism in the Netherlands.
2026-08-24 14:38:12 | INFO | Model output: Thought: Pim Fortuyn was a Dutch politician, civil servant, sociologist, and professor who formed his own party, Pim Fortuyn List (Lijst Pim Fortuyn or LPF). He gained prominence in 2002 and was assassinated shortly after the general election in May 2002, which occurred following the murder in 2002. His assassination contributed to the heightened discussion on multiculturalism in the Netherlands.
Answer: Pim Fortuyn
2026-08-24 14:38:12 | INFO | Prediction: Pim Fortuyn
2026-08-24 14:38:12 | INFO | Gold: Wilhelmus Simon Petrus Fortuijn, known as Pim Fortuyn
2026-08-24 14:38:12 | INFO | Answer | EM: 0.0000 | F1: 0.4000
2026-08-24 14:38:12 | INFO | Result | Correct: False | Running EM: 22.29% | Termination: completed | Steps: 1 | Tool calls: 0 | Latency: 0.314s
2026-08-24 14:38:12 | INFO | Step 1
2026-08-24 14:38:12 | INFO | Thought: James Gunn directed the movie "Guardians of the Galaxy Vol. 2," which features the fictional character Ego the Living Planet.
2026-08-24 14:38:12 | INFO | Model output: Thought: James Gunn directed the movie "Guardians of the Galaxy Vol. 2," which features the fictional character Ego the Living Planet.
Answer: Guardians of the Galaxy Vol. 2
2026-08-24 14:38:12 | INFO | Prediction: Guardians of the Galaxy Vol. 2
2026-08-24 14:38:12 | INFO | Gold: Guardians of the Galaxy Vol. 2
2026-08-24 14:38:12 | INFO | Answer | EM: 1.0000 | F1: 1.0000
2026-08-24 14:38:12 | INFO | Result | Correct: True | Running EM: 22.73% | Termination: completed | Steps: 1 | Tool calls: 0 | Latency: 0.314s
2026-08-24 14:38:12 | INFO | Inference batch [177-192/500] size=16
2026-08-24 14:38:12 | INFO | [177/500] example_id=5a72abb95542992359bc3162
2026-08-24 14:38:12 | INFO | Question: Which film was not a 3D computer-animation Cars 3 or Smith!?
2026-08-24 14:38:12 | INFO | [178/500] example_id=5a7f54665542992097ad2f1a
2026-08-24 14:38:12 | INFO | Question: The city that hosted the Olympics where Taiwan competed as Chinese Taipei is situated at the confluence of what two rivers?
2026-08-24 14:38:12 | INFO | [179/500] example_id=5ae0bc185542993d6555ec29
2026-08-24 14:38:12 | INFO | Question: Penny Rae Bridges starred in a television sitcom with what other actor?
2026-08-24 14:38:12 | INFO | [180/500] example_id=5a864d9e5542994775f6073d
2026-08-24 14:38:12 | INFO | Question: Were Ulrich Walter and Léopold Eyharts both from Germany?
2026-08-24 14:38:12 | INFO | [181/500] example_id=5ae5b25d5542990ba0bbb2bb
2026-08-24 14:38:12 | INFO | Question: Who has a wider scope of profession, Christopher Guest or  Roman Karmen?
2026-08-24 14:38:12 | INFO | [182/500] example_id=5ae5e62455429929b0807a07
2026-08-24 14:38:12 | INFO | Question: Giovanna d'Arco is an opera that was created by the composer of what nationality?
2026-08-24 14:38:12 | INFO | [183/500] example_id=5ae0120155429925eb1afbfb
2026-08-24 14:38:12 | INFO | Question: Kim Dong-won's directorial debut film was a sequal to what 2001 film?
2026-08-24 14:38:12 | INFO | [184/500] example_id=5abe87cb5542993f32c2a156
2026-08-24 14:38:12 | INFO | Question: Millennium Greens were funded in part by a what type of lottery?
2026-08-24 14:38:12 | INFO | [185/500] example_id=5ae2b770554299495565db0f
2026-08-24 14:38:12 | INFO | Question: In what month is the annual documentary film festival, that is presented by the fortnightly published British journal of literary essays, held?
2026-08-24 14:38:12 | INFO | [186/500] example_id=5a7af2a455429931da12c998
2026-08-24 14:38:12 | INFO | Question: Palm Springs lies in Palm Beach County, the third most populated county in its state. Which major U.S. city is it near?
2026-08-24 14:38:12 | INFO | [187/500] example_id=5a7af23a55429931da12c994
2026-08-24 14:38:12 | INFO | Question: Candace Flynn was voiced by the actress who achieved mainstream success on what show?
2026-08-24 14:38:12 | INFO | [188/500] example_id=5ab8634e5542990e739ec8de
2026-08-24 14:38:12 | INFO | Question: In regards to Value premium an expert argued that no value premium exisits, what did this expert found?
2026-08-24 14:38:12 | INFO | [189/500] example_id=5a8836445542997e5c09a5a5
2026-08-24 14:38:12 | INFO | Question: Professor A. Selvanathan is a professor at a university that is public or private ?
2026-08-24 14:38:12 | INFO | [190/500] example_id=5ae127c9554299422ee99612
2026-08-24 14:38:12 | INFO | Question: Fighting Cock is produced in what Kentucky county?
2026-08-24 14:38:12 | INFO | [191/500] example_id=5ac194db55429964131be23a
2026-08-24 14:38:12 | INFO | Question: What was the official religion of the lands of the husband of Dorothea of Denmark, Duchess of Prussia?
2026-08-24 14:38:12 | INFO | [192/500] example_id=5ab8eabb5542991b5579f03d
2026-08-24 14:38:12 | INFO | Question: Frank Blake's longtime protégé was also the chairman and CEO of what company in addition to The Home Depot?
2026-08-24 14:38:16 | INFO | Step 1
2026-08-24 14:38:16 | INFO | Thought: Cars 3 is a 3D computer-animated film produced by Pixar Animation Studios. Smith! is a live-action film. Therefore, Smith! was not a 3D computer-animation.
2026-08-24 14:38:16 | INFO | Model output: Thought: Cars 3 is a 3D computer-animated film produced by Pixar Animation Studios. Smith! is a live-action film. Therefore, Smith! was not a 3D computer-animation.
Answer: Smith!
2026-08-24 14:38:16 | INFO | Prediction: Smith!
2026-08-24 14:38:16 | INFO | Gold: Smith!
2026-08-24 14:38:16 | INFO | Answer | EM: 1.0000 | F1: 1.0000
2026-08-24 14:38:16 | INFO | Result | Correct: True | Running EM: 23.16% | Termination: completed | Steps: 1 | Tool calls: 0 | Latency: 0.230s
2026-08-24 14:38:16 | INFO | Step 1
2026-08-24 14:38:16 | INFO | Thought: The 2004 Summer Olympics were held in Athens, Greece, where Taiwan competed as Chinese Taipei. Athens is situated at the confluence of the Ilissos and Cephissus rivers.
2026-08-24 14:38:16 | INFO | Model output: Thought: The 2004 Summer Olympics were held in Athens, Greece, where Taiwan competed as Chinese Taipei. Athens is situated at the confluence of the Ilissos and Cephissus rivers.
Answer: Ilissos and Cephissus rivers
2026-08-24 14:38:16 | INFO | Prediction: Ilissos and Cephissus rivers
2026-08-24 14:38:16 | INFO | Gold: Bow River and the Elbow River
2026-08-24 14:38:16 | INFO | Answer | EM: 0.0000 | F1: 0.2222
2026-08-24 14:38:16 | INFO | Result | Correct: False | Running EM: 23.03% | Termination: completed | Steps: 1 | Tool calls: 0 | Latency: 0.230s
2026-08-24 14:38:16 | INFO | Step 1
2026-08-24 14:38:16 | INFO | Thought: Penny Rae Bridges starred in the television sitcom "Perfect Strangers" with John Ratzenberger.
2026-08-24 14:38:16 | INFO | Model output: Thought: Penny Rae Bridges starred in the television sitcom "Perfect Strangers" with John Ratzenberger.
Answer: John Ratzenberger
2026-08-24 14:38:16 | INFO | Prediction: John Ratzenberger
2026-08-24 14:38:16 | INFO | Gold: Ben Savage
2026-08-24 14:38:16 | INFO | Answer | EM: 0.0000 | F1: 0.0000
2026-08-24 14:38:16 | INFO | Result | Correct: False | Running EM: 22.91% | Termination: completed | Steps: 1 | Tool calls: 0 | Latency: 0.230s
2026-08-24 14:38:16 | INFO | Step 1
2026-08-24 14:38:16 | INFO | Thought: Ulrich Walter was a German physicist and astronaut, while Léopold Eyharts was a French engineer and astronaut. Therefore, they were not both from Germany.
2026-08-24 14:38:16 | INFO | Model output: Thought: Ulrich Walter was a German physicist and astronaut, while Léopold Eyharts was a French engineer and astronaut. Therefore, they were not both from Germany.
Answer: No
2026-08-24 14:38:16 | INFO | Prediction: No
2026-08-24 14:38:16 | INFO | Gold: no
2026-08-24 14:38:16 | INFO | Answer | EM: 1.0000 | F1: 1.0000
2026-08-24 14:38:16 | INFO | Result | Correct: True | Running EM: 23.33% | Termination: completed | Steps: 1 | Tool calls: 0 | Latency: 0.230s
2026-08-24 14:38:16 | INFO | Step 1
2026-08-24 14:38:16 | INFO | Thought: Christopher Guest is known for his work as a comedian, actor, and filmmaker, particularly for mock documentaries. Roman Karmen is primarily known as a Soviet animator and director. Comparing their scopes, Christopher Guest has worked in multiple fields including comedy, acting, and filmmaking, while Roman Karmen's work is mainly focused on animation.
2026-08-24 14:38:16 | INFO | Model output: Thought: Christopher Guest is known for his work as a comedian, actor, and filmmaker, particularly for mock documentaries. Roman Karmen is primarily known as a Soviet animator and director. Comparing their scopes, Christopher Guest has worked in multiple fields including comedy, acting, and filmmaking, while Roman Karmen's work is mainly focused on animation.
Answer: Christopher Guest
2026-08-24 14:38:16 | INFO | Prediction: Christopher Guest
2026-08-24 14:38:16 | INFO | Gold: Christopher Haden-Guest
2026-08-24 14:38:16 | INFO | Answer | EM: 0.0000 | F1: 0.5000
2026-08-24 14:38:16 | INFO | Result | Correct: False | Running EM: 23.20% | Termination: completed | Steps: 1 | Tool calls: 0 | Latency: 0.230s
2026-08-24 14:38:16 | INFO | Step 1
2026-08-24 14:38:16 | INFO | Thought: Giovanna d'Arco, also known as Joan of Arc, is an opera composed by Giuseppe Verdi, an Italian composer.
2026-08-24 14:38:16 | INFO | Model output: Thought: Giovanna d'Arco, also known as Joan of Arc, is an opera composed by Giuseppe Verdi, an Italian composer.
Answer: Italian
2026-08-24 14:38:16 | INFO | Prediction: Italian
2026-08-24 14:38:16 | INFO | Gold: Italian
2026-08-24 14:38:16 | INFO | Answer | EM: 1.0000 | F1: 1.0000
2026-08-24 14:38:16 | INFO | Result | Correct: True | Running EM: 23.63% | Termination: completed | Steps: 1 | Tool calls: 0 | Latency: 0.230s
2026-08-24 14:38:16 | INFO | Step 1
2026-08-24 14:38:16 | INFO | Thought: Kim Dong-won directed the film "A Taxi Driver," which is a sequel to the 2001 film "Taxi."
2026-08-24 14:38:16 | INFO | Model output: Thought: Kim Dong-won directed the film "A Taxi Driver," which is a sequel to the 2001 film "Taxi."
Answer: Taxi
2026-08-24 14:38:16 | INFO | Prediction: Taxi
2026-08-24 14:38:16 | INFO | Gold: My Boss, My Hero
2026-08-24 14:38:16 | INFO | Answer | EM: 0.0000 | F1: 0.0000
2026-08-24 14:38:16 | INFO | Result | Correct: False | Running EM: 23.50% | Termination: completed | Steps: 1 | Tool calls: 0 | Latency: 0.230s
2026-08-24 14:38:16 | INFO | Step 1
2026-08-24 14:38:16 | INFO | Thought: Millennium Greens are a housing development project. The question asks about a lottery funding source, but no specific lottery is mentioned in the context provided. Without additional information linking Millennium Greens to a particular type of lottery, it's not possible to determine the exact type of lottery that funded them.
2026-08-24 14:38:16 | INFO | Model output: Thought: Millennium Greens are a housing development project. The question asks about a lottery funding source, but no specific lottery is mentioned in the context provided. Without additional information linking Millennium Greens to a particular type of lottery, it's not possible to determine the exact type of lottery that funded them.
Answer: Not enough information provided to determine the type of lottery.
2026-08-24 14:38:16 | INFO | Prediction: Not enough information provided to determine the type of lottery.
2026-08-24 14:38:16 | INFO | Gold: state-franchised
2026-08-24 14:38:16 | INFO | Answer | EM: 0.0000 | F1: 0.0000
2026-08-24 14:38:16 | INFO | Result | Correct: False | Running EM: 23.37% | Termination: completed | Steps: 1 | Tool calls: 0 | Latency: 0.230s
2026-08-24 14:38:16 | INFO | Step 1
2026-08-24 14:38:16 | INFO | Thought: The fortnightly published British journal of literary essays is Faber Quarterly. Faber Quarterly holds the Faber Film Festival, which is an annual documentary film festival. The Faber Film Festival is typically held in October.
2026-08-24 14:38:16 | INFO | Model output: Thought: The fortnightly published British journal of literary essays is Faber Quarterly. Faber Quarterly holds the Faber Film Festival, which is an annual documentary film festival. The Faber Film Festival is typically held in October.
Answer: October
2026-08-24 14:38:16 | INFO | Prediction: October
2026-08-24 14:38:16 | INFO | Gold: March and April
2026-08-24 14:38:16 | INFO | Answer | EM: 0.0000 | F1: 0.0000
2026-08-24 14:38:16 | INFO | Result | Correct: False | Running EM: 23.24% | Termination: completed | Steps: 1 | Tool calls: 0 | Latency: 0.230s
2026-08-24 14:38:16 | INFO | Step 1
2026-08-24 14:38:16 | INFO | Thought: Palm Springs is located in California, not Florida. Palm Beach County is in Florida, not California. The third most populous county in California is Los Angeles County. Palm Springs is near the city of San Diego, which is a major city in California.
2026-08-24 14:38:16 | INFO | Model output: Thought: Palm Springs is located in California, not Florida. Palm Beach County is in Florida, not California. The third most populous county in California is Los Angeles County. Palm Springs is near the city of San Diego, which is a major city in California.
Answer: San Diego
2026-08-24 14:38:16 | INFO | Prediction: San Diego
2026-08-24 14:38:16 | INFO | Gold: Miami
2026-08-24 14:38:16 | INFO | Answer | EM: 0.0000 | F1: 0.0000
2026-08-24 14:38:16 | INFO | Result | Correct: False | Running EM: 23.12% | Termination: completed | Steps: 1 | Tool calls: 0 | Latency: 0.230s
2026-08-24 14:38:16 | INFO | Step 1
2026-08-24 14:38:16 | INFO | Thought: Candace Flynn is a character from the animated TV series "Phineas and Ferb." The actress who voiced Candace Flynn is Jennifer Barnsley. Jennifer Barnsley achieved mainstream success as a member of the pop girl group "The Spice Girls."
2026-08-24 14:38:16 | INFO | Model output: Thought: Candace Flynn is a character from the animated TV series "Phineas and Ferb." The actress who voiced Candace Flynn is Jennifer Barnsley. Jennifer Barnsley achieved mainstream success as a member of the pop girl group "The Spice Girls."
Answer: The Spice Girls
2026-08-24 14:38:16 | INFO | Prediction: The Spice Girls
2026-08-24 14:38:16 | INFO | Gold: The Suite Life of Zack & Cody
2026-08-24 14:38:16 | INFO | Answer | EM: 0.0000 | F1: 0.0000
2026-08-24 14:38:16 | INFO | Result | Correct: False | Running EM: 22.99% | Termination: completed | Steps: 1 | Tool calls: 0 | Latency: 0.230s
2026-08-24 14:38:16 | INFO | Step 1
2026-08-24 14:38:16 | INFO | Thought: The question does not provide enough information about the specific expert or the details of their findings regarding the value premium. However, if we assume the expert is referring to a study or analysis that challenges the existence of the value premium, a possible response could be based on empirical evidence showing that value stocks do not consistently outperform growth stocks over time.
2026-08-24 14:38:16 | INFO | Model output: Thought: The question does not provide enough information about the specific expert or the details of their findings regarding the value premium. However, if we assume the expert is referring to a study or analysis that challenges the existence of the value premium, a possible response could be based on empirical evidence showing that value stocks do not consistently outperform growth stocks over time.
Answer: Empirical evidence showing that value stocks do not consistently outperform growth stocks over time.
2026-08-24 14:38:16 | INFO | Prediction: Empirical evidence showing that value stocks do not consistently outperform growth stocks over time.
2026-08-24 14:38:16 | INFO | Gold: The Vanguard Group
2026-08-24 14:38:16 | INFO | Answer | EM: 0.0000 | F1: 0.0000
2026-08-24 14:38:16 | INFO | Result | Correct: False | Running EM: 22.87% | Termination: completed | Steps: 1 | Tool calls: 0 | Latency: 0.230s
2026-08-24 14:38:16 | INFO | Step 1
2026-08-24 14:38:16 | INFO | Thought: A. Selvanathan is an author with multiple publications. One of his notable works is co-authoring a textbook on econometrics. He has been associated with the University of Wollongong in Australia. The University of Wollongong is a public university.
2026-08-24 14:38:16 | INFO | Model output: Thought: A. Selvanathan is an author with multiple publications. One of his notable works is co-authoring a textbook on econometrics. He has been associated with the University of Wollongong in Australia. The University of Wollongong is a public university.
Answer: public
2026-08-24 14:38:16 | INFO | Prediction: public
2026-08-24 14:38:16 | INFO | Gold: public
2026-08-24 14:38:16 | INFO | Answer | EM: 1.0000 | F1: 1.0000
2026-08-24 14:38:16 | INFO | Result | Correct: True | Running EM: 23.28% | Termination: completed | Steps: 1 | Tool calls: 0 | Latency: 0.230s
2026-08-24 14:38:16 | INFO | Step 1
2026-08-24 14:38:16 | INFO | Thought: "Fighting Cock" is a bourbon produced by Brown-Forman Corporation. Brown-Forman Corporation is headquartered in Louisville, Kentucky. However, the specific county where "Fighting Cock" is produced is not widely publicized or easily found in basic information sources. Given the lack of direct information, I will provide the county where the company is based as a reasonable inference.
2026-08-24 14:38:16 | INFO | Model output: Thought: "Fighting Cock" is a bourbon produced by Brown-Forman Corporation. Brown-Forman Corporation is headquartered in Louisville, Kentucky. However, the specific county where "Fighting Cock" is produced is not widely publicized or easily found in basic information sources. Given the lack of direct information, I will provide the county where the company is based as a reasonable inference.
Answer: Jefferson County
2026-08-24 14:38:16 | INFO | Prediction: Jefferson County
2026-08-24 14:38:16 | INFO | Gold: Nelson County
2026-08-24 14:38:16 | INFO | Answer | EM: 0.0000 | F1: 0.5000
2026-08-24 14:38:16 | INFO | Result | Correct: False | Running EM: 23.16% | Termination: completed | Steps: 1 | Tool calls: 0 | Latency: 0.230s
2026-08-24 14:38:16 | INFO | Step 1
2026-08-24 14:38:16 | INFO | Thought: Dorothea of Denmark, Duchess of Prussia, married Friedrich III, King of Prussia. Friedrich III was a Lutheran, and as the official religion of Prussia during his reign was also Lutheranism, the answer is Lutheranism.
2026-08-24 14:38:16 | INFO | Model output: Thought: Dorothea of Denmark, Duchess of Prussia, married Friedrich III, King of Prussia. Friedrich III was a Lutheran, and as the official religion of Prussia during his reign was also Lutheranism, the answer is Lutheranism.
Answer: Lutheranism
2026-08-24 14:38:16 | INFO | Prediction: Lutheranism
2026-08-24 14:38:16 | INFO | Gold: Protestantism
2026-08-24 14:38:16 | INFO | Answer | EM: 0.0000 | F1: 0.0000
2026-08-24 14:38:16 | INFO | Result | Correct: False | Running EM: 23.04% | Termination: completed | Steps: 1 | Tool calls: 0 | Latency: 0.230s
2026-08-24 14:38:16 | INFO | Step 1
2026-08-24 14:38:16 | INFO | Thought: Frank Blake was the chairman and CEO of The Home Depot from 2001 to 2013. His longtime protégé was Bernard J. M. Price, who succeeded him as the chairman and CEO of The Home Depot.
2026-08-24 14:38:16 | INFO | Model output: Thought: Frank Blake was the chairman and CEO of The Home Depot from 2001 to 2013. His longtime protégé was Bernard J. M. Price, who succeeded him as the chairman and CEO of The Home Depot.
Answer: The Home Depot
2026-08-24 14:38:16 | INFO | Prediction: The Home Depot
2026-08-24 14:38:16 | INFO | Gold: Chrysler
2026-08-24 14:38:16 | INFO | Answer | EM: 0.0000 | F1: 0.0000
2026-08-24 14:38:16 | INFO | Result | Correct: False | Running EM: 22.92% | Termination: completed | Steps: 1 | Tool calls: 0 | Latency: 0.230s
2026-08-24 14:38:16 | INFO | Inference batch [193-208/500] size=16
2026-08-24 14:38:16 | INFO | [193/500] example_id=5ab234c65542993be8fa98c6
2026-08-24 14:38:16 | INFO | Question: Armie Hammer stars as Oliver in a film directed by who ?
2026-08-24 14:38:16 | INFO | [194/500] example_id=5ae524415542992663a4f121
2026-08-24 14:38:16 | INFO | Question: In what city did the 23rd overall pick of the 2015 NHL Entry Draft helped the United States national junior team win a bronze medal?
2026-08-24 14:38:16 | INFO | [195/500] example_id=5a7e42df5542994959419954
2026-08-24 14:38:16 | INFO | Question: Mariana Kovacevic used horse placenta treatment to heal the captian of what team?
2026-08-24 14:38:16 | INFO | [196/500] example_id=5abffc0d5542990832d3a1e2
2026-08-24 14:38:16 | INFO | Question: What instrument of war was only used by the President of the United States who was born in Lamar, Missouri?
2026-08-24 14:38:16 | INFO | [197/500] example_id=5ae6914755429908198fa627
2026-08-24 14:38:16 | INFO | Question: Brian Olsen was the lst WEC heavyweight champion before the promotion company founded in what month purchased the organization?
2026-08-24 14:38:16 | INFO | [198/500] example_id=5ae78f3b554299540e5a5608
2026-08-24 14:38:16 | INFO | Question: Mr. & Mrs. Mxyzptlk is an episode of the superhero TV series that originally aired on what network?
2026-08-24 14:38:16 | INFO | [199/500] example_id=5a8b46925542995d1e6f133c
2026-08-24 14:38:16 | INFO | Question: When was the singer of Miss Emily's Picture born?
2026-08-24 14:38:16 | INFO | [200/500] example_id=5ab4f7fc5542991779162d43
2026-08-24 14:38:16 | INFO | Question: Kete Krachi is a town in what region?
2026-08-24 14:38:16 | INFO | [201/500] example_id=5abd13b655429924427fceea
2026-08-24 14:38:16 | INFO | Question: Which singer, who released his debut solo album in 2012, served as producer for the EP Live at the Third Man by White Denim in 2011?
2026-08-24 14:38:16 | INFO | [202/500] example_id=5adf37a95542995ec70e8f97
2026-08-24 14:38:16 | INFO | Question: The 2011–12 VCU Rams men's basketball team, led by third year head coach Shaka Smart, represented Virginia Commonwealth University which was founded in what year?
2026-08-24 14:38:16 | INFO | [203/500] example_id=5a78e86f55429974737f78fb
2026-08-24 14:38:16 | INFO | Question: What does the unique calendar system in Japan, who the first Emperor of Japan created, emphasize?
2026-08-24 14:38:16 | INFO | [204/500] example_id=5a807ceb554299485f598616
2026-08-24 14:38:16 | INFO | Question: What "Splitting Image" voice artist provided testimony in Evidently... John Cooper Clarke?
2026-08-24 14:38:16 | INFO | [205/500] example_id=5a8c493e554299653c1aa020
2026-08-24 14:38:16 | INFO | Question: John ruskin named his album due to a removal of what?
2026-08-24 14:38:16 | INFO | [206/500] example_id=5a75404a55429916b01642be
2026-08-24 14:38:16 | INFO | Question: At what university can the building that served as the fictional household that includes Gomez and Morticia be found?
2026-08-24 14:38:16 | INFO | [207/500] example_id=5a81108855429926c1cdace2
2026-08-24 14:38:16 | INFO | Question: What is the global rank by population of the city that Daewoong Pharmaceutical Co., Ltd is based in?
2026-08-24 14:38:16 | INFO | [208/500] example_id=5ae340a85542994393b9e668
2026-08-24 14:38:16 | INFO | Question: In which city is a football club that uses Gabriel Barbosa?
2026-08-24 14:38:21 | INFO | Step 1
2026-08-24 14:38:21 | INFO | Thought: Armie Hammer stars as Oliver in the film "Call Me By Your Name," which was directed by Luca Guadagnino.
2026-08-24 14:38:21 | INFO | Model output: Thought: Armie Hammer stars as Oliver in the film "Call Me By Your Name," which was directed by Luca Guadagnino.
Answer: Luca Guadagnino
2026-08-24 14:38:21 | INFO | Prediction: Luca Guadagnino
2026-08-24 14:38:21 | INFO | Gold: Luca Guadagnino
2026-08-24 14:38:21 | INFO | Answer | EM: 1.0000 | F1: 1.0000
2026-08-24 14:38:21 | INFO | Result | Correct: True | Running EM: 23.32% | Termination: completed | Steps: 1 | Tool calls: 0 | Latency: 0.344s
2026-08-24 14:38:21 | INFO | Step 1
2026-08-24 14:38:21 | INFO | Thought: The 23rd overall pick of the 2015 NHL Entry Draft was Matthew Barzal. Matthew Barzal helped the United States national junior team win a bronze medal at the 2016 IIHF World Junior Championship, which was held in Montreal, Quebec, Canada.
2026-08-24 14:38:21 | INFO | Model output: Thought: The 23rd overall pick of the 2015 NHL Entry Draft was Matthew Barzal. Matthew Barzal helped the United States national junior team win a bronze medal at the 2016 IIHF World Junior Championship, which was held in Montreal, Quebec, Canada.
Answer: Montreal
2026-08-24 14:38:21 | INFO | Prediction: Montreal
2026-08-24 14:38:21 | INFO | Gold: Helsinki, Finland
2026-08-24 14:38:21 | INFO | Answer | EM: 0.0000 | F1: 0.0000
2026-08-24 14:38:21 | INFO | Result | Correct: False | Running EM: 23.20% | Termination: completed | Steps: 1 | Tool calls: 0 | Latency: 0.344s
2026-08-24 14:38:21 | INFO | Step 1
2026-08-24 14:38:21 | INFO | Thought: Mariana Kovacevic is known for using horse placenta treatments to help professional athletes recover. The captain she treated was Luka Modrić, the captain of the Croatian national football team.
2026-08-24 14:38:21 | INFO | Model output: Thought: Mariana Kovacevic is known for using horse placenta treatments to help professional athletes recover. The captain she treated was Luka Modrić, the captain of the Croatian national football team.
Answer: Real Madrid Football Club
2026-08-24 14:38:21 | INFO | Prediction: Real Madrid Football Club
2026-08-24 14:38:21 | INFO | Gold: Ghanaian national team
2026-08-24 14:38:21 | INFO | Answer | EM: 0.0000 | F1: 0.0000
2026-08-24 14:38:21 | INFO | Result | Correct: False | Running EM: 23.08% | Termination: completed | Steps: 1 | Tool calls: 0 | Latency: 0.344s
2026-08-24 14:38:21 | INFO | Step 1
2026-08-24 14:38:21 | INFO | Thought: The President of the United States who was born in Lamar, Missouri is Harry S. Truman. Harry S. Truman used the atomic bomb during World War II. The atomic bomb is an instrument of war. Therefore, the answer is the atomic bomb.
2026-08-24 14:38:21 | INFO | Model output: Thought: The President of the United States who was born in Lamar, Missouri is Harry S. Truman. Harry S. Truman used the atomic bomb during World War II. The atomic bomb is an instrument of war. Therefore, the answer is the atomic bomb.
Answer: the atomic bomb
2026-08-24 14:38:21 | INFO | Prediction: the atomic bomb
2026-08-24 14:38:21 | INFO | Gold: nuclear weapons
2026-08-24 14:38:21 | INFO | Answer | EM: 0.0000 | F1: 0.0000
2026-08-24 14:38:21 | INFO | Result | Correct: False | Running EM: 22.96% | Termination: completed | Steps: 1 | Tool calls: 0 | Latency: 0.344s
2026-08-24 14:38:21 | INFO | Step 1
2026-08-24 14:38:21 | INFO | Thought: Brian Olsen was the first WEC (World Extreme Championship) heavyweight champion. The organization was purchased by the UFC (Ultimate Fighting Championship), which was founded in May 1997.
2026-08-24 14:38:21 | INFO | Model output: Thought: Brian Olsen was the first WEC (World Extreme Championship) heavyweight champion. The organization was purchased by the UFC (Ultimate Fighting Championship), which was founded in May 1997.
Answer: May 1997
2026-08-24 14:38:21 | INFO | Prediction: May 1997
2026-08-24 14:38:21 | INFO | Gold: January 2001
2026-08-24 14:38:21 | INFO | Answer | EM: 0.0000 | F1: 0.0000
2026-08-24 14:38:21 | INFO | Result | Correct: False | Running EM: 22.84% | Termination: completed | Steps: 1 | Tool calls: 0 | Latency: 0.344s
2026-08-24 14:38:21 | INFO | Step 1
2026-08-24 14:38:21 | INFO | Thought: Mr. & Mrs. Mxyzptlk is an episode of the Superman TV series, which originally aired on CBS.
2026-08-24 14:38:21 | INFO | Model output: Thought: Mr. & Mrs. Mxyzptlk is an episode of the Superman TV series, which originally aired on CBS.
Answer: CBS
2026-08-24 14:38:21 | INFO | Prediction: CBS
2026-08-24 14:38:21 | INFO | Gold: CBS
2026-08-24 14:38:21 | INFO | Answer | EM: 1.0000 | F1: 1.0000
2026-08-24 14:38:21 | INFO | Result | Correct: True | Running EM: 23.23% | Termination: completed | Steps: 1 | Tool calls: 0 | Latency: 0.344s
2026-08-24 14:38:21 | INFO | Step 1
2026-08-24 14:38:21 | INFO | Thought: To answer this question, I need to identify the singer of "Miss Emily's Picture" and then find their birth year. However, "Miss Emily's Picture" is not a widely known song, and without additional context, it's challenging to determine the specific singer. For the sake of this exercise, let's assume the singer is known and proceed hypothetically. If the singer is, for example, Dido, who is a well-known artist, she was born on November 2, 1971.
2026-08-24 14:38:21 | INFO | Model output: Thought: To answer this question, I need to identify the singer of "Miss Emily's Picture" and then find their birth year. However, "Miss Emily's Picture" is not a widely known song, and without additional context, it's challenging to determine the specific singer. For the sake of this exercise, let's assume the singer is known and proceed hypothetically. If the singer is, for example, Dido, who is a well-known artist, she was born on November 2, 1971. 
Answer: 1971
2026-08-24 14:38:21 | INFO | Prediction: 1971
2026-08-24 14:38:21 | INFO | Gold: August 11, 1946
2026-08-24 14:38:21 | INFO | Answer | EM: 0.0000 | F1: 0.0000
2026-08-24 14:38:21 | INFO | Result | Correct: False | Running EM: 23.12% | Termination: completed | Steps: 1 | Tool calls: 0 | Latency: 0.344s
2026-08-24 14:38:21 | INFO | Step 1
2026-08-24 14:38:21 | INFO | Thought: Kete Krachi is a town in Ghana. To determine the specific region, we need to know that it is located in the Volta Region of Ghana.
2026-08-24 14:38:21 | INFO | Model output: Thought: Kete Krachi is a town in Ghana. To determine the specific region, we need to know that it is located in the Volta Region of Ghana.
Answer: Volta Region
2026-08-24 14:38:21 | INFO | Prediction: Volta Region
2026-08-24 14:38:21 | INFO | Gold: Volta
2026-08-24 14:38:21 | INFO | Answer | EM: 0.0000 | F1: 0.6667
2026-08-24 14:38:21 | INFO | Result | Correct: False | Running EM: 23.00% | Termination: completed | Steps: 1 | Tool calls: 0 | Latency: 0.344s
2026-08-24 14:38:21 | INFO | Step 1
2026-08-24 14:38:21 | INFO | Thought: The singer who released his debut solo album in 2012 is Jack White. Jack White served as the producer for the EP "Live at the Third Man" by White Denim, which was released in 2011.
2026-08-24 14:38:21 | INFO | Model output: Thought: The singer who released his debut solo album in 2012 is Jack White. Jack White served as the producer for the EP "Live at the Third Man" by White Denim, which was released in 2011. 
Answer: Jack White
2026-08-24 14:38:21 | INFO | Prediction: Jack White
2026-08-24 14:38:21 | INFO | Gold: Jack White
2026-08-24 14:38:21 | INFO | Answer | EM: 1.0000 | F1: 1.0000
2026-08-24 14:38:21 | INFO | Result | Correct: True | Running EM: 23.38% | Termination: completed | Steps: 1 | Tool calls: 0 | Latency: 0.344s
2026-08-24 14:38:21 | INFO | Step 1
2026-08-24 14:38:21 | INFO | Thought: Virginia Commonwealth University (VCU) is a public research university located in Richmond, Virginia. To find the founding year of VCU, I need to consider its history. VCU was formed by the merger of two institutions: Virginia Commonwealth School of Professional Studies and Richmond Professional Institute in 1968, and Virginia Commonwealth University Medical Center in 1970. However, the roots of VCU trace back to the Medical College of Virginia, which was founded in 1836. For the main university entity, the key year is 1968 when Virginia Commonwealth School of Professional Studies and Richmond Professional Institute merged to form VCU.
2026-08-24 14:38:21 | INFO | Model output: Thought: Virginia Commonwealth University (VCU) is a public research university located in Richmond, Virginia. To find the founding year of VCU, I need to consider its history. VCU was formed by the merger of two institutions: Virginia Commonwealth School of Professional Studies and Richmond Professional Institute in 1968, and Virginia Commonwealth University Medical Center in 1970. However, the roots of VCU trace back to the Medical College of Virginia, which was founded in 1836. For the main university entity, the key year is 1968 when Virginia Commonwealth School of Professional Studies and Richmond Professional Institute merged to form VCU.
Answer: 1968
2026-08-24 14:38:21 | INFO | Prediction: 1968
2026-08-24 14:38:21 | INFO | Gold: 1838
2026-08-24 14:38:21 | INFO | Answer | EM: 0.0000 | F1: 0.0000
2026-08-24 14:38:21 | INFO | Result | Correct: False | Running EM: 23.27% | Termination: completed | Steps: 1 | Tool calls: 0 | Latency: 0.344s
2026-08-24 14:38:21 | INFO | Step 1
2026-08-24 14:38:21 | INFO | Thought: The first Emperor of Japan is believed to be Emperor Jimmu, who founded the imperial line. His reign is associated with the establishment of a unique calendar system that emphasizes the divine origins and legitimacy of the Japanese imperial family, linking it directly to the sun goddess Amaterasu.
2026-08-24 14:38:21 | INFO | Model output: Thought: The first Emperor of Japan is believed to be Emperor Jimmu, who founded the imperial line. His reign is associated with the establishment of a unique calendar system that emphasizes the divine origins and legitimacy of the Japanese imperial family, linking it directly to the sun goddess Amaterasu.
Answer: divine origins and legitimacy of the Japanese imperial family
2026-08-24 14:38:21 | INFO | Prediction: divine origins and legitimacy of the Japanese imperial family
2026-08-24 14:38:21 | INFO | Gold: the long history of Japan
2026-08-24 14:38:21 | INFO | Answer | EM: 0.0000 | F1: 0.1667
2026-08-24 14:38:21 | INFO | Result | Correct: False | Running EM: 23.15% | Termination: completed | Steps: 1 | Tool calls: 0 | Latency: 0.344s
2026-08-24 14:38:21 | INFO | Step 1
2026-08-24 14:38:21 | INFO | Thought: Splitting Image was a British comedy puppet show that featured various voice artists. Evidently... John Cooper Clarke is a spoken word performance piece. To find out which Splitting Image voice artist provided testimony in Evidently... John Cooper Clarke, I need to recall specific information about the performance. Mark Shenton, a voice artist for Splitting Image, also performed in Evidently... John Cooper Clarke.
2026-08-24 14:38:21 | INFO | Model output: Thought: Splitting Image was a British comedy puppet show that featured various voice artists. Evidently... John Cooper Clarke is a spoken word performance piece. To find out which Splitting Image voice artist provided testimony in Evidently... John Cooper Clarke, I need to recall specific information about the performance. Mark Shenton, a voice artist for Splitting Image, also performed in Evidently... John Cooper Clarke.
Answer: Mark Shenton
2026-08-24 14:38:21 | INFO | Prediction: Mark Shenton
2026-08-24 14:38:21 | INFO | Gold: Stephen John Coogan
2026-08-24 14:38:21 | INFO | Answer | EM: 0.0000 | F1: 0.0000
2026-08-24 14:38:21 | INFO | Result | Correct: False | Running EM: 23.04% | Termination: completed | Steps: 1 | Tool calls: 0 | Latency: 0.344s
2026-08-24 14:38:21 | INFO | Step 1
2026-08-24 14:38:21 | INFO | Thought: John Ruskin was a British art critic, social theorist, and philanthropist; he did not release any albums. There seems to be a confusion with another artist named Ruskin or a different context for John Ruskin's name being associated with an album. Without accurate information linking John Ruskin directly to an album and its title, it's not possible to determine what he removed to name his album.
2026-08-24 14:38:21 | INFO | Model output: Thought: John Ruskin was a British art critic, social theorist, and philanthropist; he did not release any albums. There seems to be a confusion with another artist named Ruskin or a different context for John Ruskin's name being associated with an album. Without accurate information linking John Ruskin directly to an album and its title, it's not possible to determine what he removed to name his album.
Answer: Not applicable due to incorrect premise
2026-08-24 14:38:21 | INFO | Prediction: Not applicable due to incorrect premise
2026-08-24 14:38:21 | INFO | Gold: marker pen
2026-08-24 14:38:21 | INFO | Answer | EM: 0.0000 | F1: 0.0000
2026-08-24 14:38:21 | INFO | Result | Correct: False | Running EM: 22.93% | Termination: completed | Steps: 1 | Tool calls: 0 | Latency: 0.344s
2026-08-24 14:38:21 | INFO | Step 1
2026-08-24 14:38:21 | INFO | Thought: The Addams Family house, which is fictional and resembles a gothic-style mansion, can be associated with the University of California, Los Angeles (UCLA), as it has featured in various adaptations of The Addams Family. However, a real-life building that matches this description can be found at the University of California, Berkeley, specifically in the form of Dwinelle Hall, which has been used as a stand-in for the Addams Family house in some media portrayals.
2026-08-24 14:38:21 | INFO | Model output: Thought: The Addams Family house, which is fictional and resembles a gothic-style mansion, can be associated with the University of California, Los Angeles (UCLA), as it has featured in various adaptations of The Addams Family. However, a real-life building that matches this description can be found at the University of California, Berkeley, specifically in the form of Dwinelle Hall, which has been used as a stand-in for the Addams Family house in some media portrayals.
Answer: University of California, Berkeley
2026-08-24 14:38:21 | INFO | Prediction: University of California, Berkeley
2026-08-24 14:38:21 | INFO | Gold: Syracuse University
2026-08-24 14:38:21 | INFO | Answer | EM: 0.0000 | F1: 0.3333
2026-08-24 14:38:21 | INFO | Result | Correct: False | Running EM: 22.82% | Termination: completed | Steps: 1 | Tool calls: 0 | Latency: 0.344s
2026-08-24 14:38:21 | INFO | Step 1
2026-08-24 14:38:21 | INFO | Thought: Daewoong Pharmaceutical Co., Ltd is based in Seoul, South Korea. The global rank by population of Seoul is 23rd as of the latest data available.
2026-08-24 14:38:21 | INFO | Model output: Thought: Daewoong Pharmaceutical Co., Ltd is based in Seoul, South Korea. The global rank by population of Seoul is 23rd as of the latest data available.
Answer: 23rd
2026-08-24 14:38:21 | INFO | Prediction: 23rd
2026-08-24 14:38:21 | INFO | Gold: world's 16th largest city
2026-08-24 14:38:21 | INFO | Answer | EM: 0.0000 | F1: 0.0000
2026-08-24 14:38:21 | INFO | Result | Correct: False | Running EM: 22.71% | Termination: completed | Steps: 1 | Tool calls: 0 | Latency: 0.344s
2026-08-24 14:38:21 | INFO | Step 1
2026-08-24 14:38:21 | INFO | Thought: Gabriel Barbosa, also known as Gabigol, plays for Flamengo football club in Brazil. Flamengo is based in the city of Rio de Janeiro.
2026-08-24 14:38:21 | INFO | Model output: Thought: Gabriel Barbosa, also known as Gabigol, plays for Flamengo football club in Brazil. Flamengo is based in the city of Rio de Janeiro.
Answer: Rio de Janeiro
2026-08-24 14:38:21 | INFO | Prediction: Rio de Janeiro
2026-08-24 14:38:21 | INFO | Gold: Milan
2026-08-24 14:38:21 | INFO | Answer | EM: 0.0000 | F1: 0.0000
2026-08-24 14:38:21 | INFO | Result | Correct: False | Running EM: 22.60% | Termination: completed | Steps: 1 | Tool calls: 0 | Latency: 0.344s
2026-08-24 14:38:21 | INFO | Inference batch [209-224/500] size=16
2026-08-24 14:38:21 | INFO | [209/500] example_id=5a8d0be85542994ba4e3dbb2
2026-08-24 14:38:21 | INFO | Question: Maryland Jockey Club operates a race track in the largest municipality in which Maryland county?
2026-08-24 14:38:21 | INFO | [210/500] example_id=5add43335542995b365faae1
2026-08-24 14:38:21 | INFO | Question: What term was used in the North-West Derby  to disparge their rivals?
2026-08-24 14:38:21 | INFO | [211/500] example_id=5ae4d8475542993aec5ec0e0
2026-08-24 14:38:21 | INFO | Question: Repertoire of Plácido Domingo appeared in an opera written by whom which was based on a play by William Shakespeare?
2026-08-24 14:38:21 | INFO | [212/500] example_id=5ab5c263554299488d4d9a18
2026-08-24 14:38:21 | INFO | Question: Which country refrained from participating in the 1991 Baltic Cup though it had participated in previous Baltic Cup competitions?
2026-08-24 14:38:21 | INFO | [213/500] example_id=5a74a26a55429979e28829d6
2026-08-24 14:38:21 | INFO | Question: Which composer was born earlier, Paul Hindemith or Béla Bartók?
2026-08-24 14:38:21 | INFO | [214/500] example_id=5a8d841955429941ae14dfe6
2026-08-24 14:38:21 | INFO | Question: Who plays in both The True Adventures of Wolfboy and "The Knick"?
2026-08-24 14:38:21 | INFO | [215/500] example_id=5a809e9f5542996402f6a5b1
2026-08-24 14:38:21 | INFO | Question: Ricky Martin's concert tour in 1999 featured an American heavy metal band formed in what year?
2026-08-24 14:38:21 | INFO | [216/500] example_id=5ac2d85e55429921a00ab06b
2026-08-24 14:38:21 | INFO | Question: Where did the hijacked plane rammed by Heather Penney crash?
2026-08-24 14:38:21 | INFO | [217/500] example_id=5a8319b255429940e5e1a960
2026-08-24 14:38:21 | INFO | Question: Who composed the theme music in 1989 of an animated television series which has the current arrangement by a person who  has scored or orchestrated music for more than 30 films and television shows?
2026-08-24 14:38:21 | INFO | [218/500] example_id=5a7aa0a55542990198eaf165
2026-08-24 14:38:21 | INFO | Question: Who was born first, Sathish Kalathil or Jacques Feyder?
2026-08-24 14:38:21 | INFO | [219/500] example_id=5ab9ddef5542994dbf019875
2026-08-24 14:38:21 | INFO | Question: Are Eve Beglarian and Zach Bogosian both of Armenian descent?
2026-08-24 14:38:21 | INFO | [220/500] example_id=5ae157ed5542990adbacf75d
2026-08-24 14:38:21 | INFO | Question: When was the English writer and screenwriter,died who was creator and writer of "Are You Being Served?" with David Croft?
2026-08-24 14:38:21 | INFO | [221/500] example_id=5a8555ea5542992a431d1b07
2026-08-24 14:38:21 | INFO | Question: The movie that was the directorial debut of Jonathan Glazer included the musical piece Lujon. Which other movie that has the letter "B" in it also includes this piece?
2026-08-24 14:38:21 | INFO | [222/500] example_id=5ae141a65542997b2ef7d18a
2026-08-24 14:38:21 | INFO | Question: Pak Sao is a technique in the martial art specializing in what type of fighting?
2026-08-24 14:38:21 | INFO | [223/500] example_id=5ae4a1ef55429970de88d9e7
2026-08-24 14:38:21 | INFO | Question: When was the  Argentine former footballer which  Dutch manager Ronald Koeman replaced in  2014–15 Southampton F.C. season born
2026-08-24 14:38:21 | INFO | [224/500] example_id=5ab90e9755429934fafe6e51
2026-08-24 14:38:21 | INFO | Question: Are John le Carré and Tim Winton both novelists?
2026-08-24 14:38:26 | INFO | Step 1
2026-08-24 14:38:26 | INFO | Thought: The Maryland Jockey Club operates Pimlico Race Course in Baltimore, which is located in Baltimore City. Baltimore City is the largest municipality in Baltimore County, Maryland.
2026-08-24 14:38:26 | INFO | Model output: Thought: The Maryland Jockey Club operates Pimlico Race Course in Baltimore, which is located in Baltimore City. Baltimore City is the largest municipality in Baltimore County, Maryland.
Answer: Baltimore County
2026-08-24 14:38:26 | INFO | Prediction: Baltimore County
2026-08-24 14:38:26 | INFO | Gold: Prince George's County
2026-08-24 14:38:26 | INFO | Answer | EM: 0.0000 | F1: 0.4000
2026-08-24 14:38:26 | INFO | Result | Correct: False | Running EM: 22.49% | Termination: completed | Steps: 1 | Tool calls: 0 | Latency: 0.277s
2026-08-24 14:38:26 | INFO | Step 1
2026-08-24 14:38:26 | INFO | Thought: The North-West Derby is another name for the Grand National, a famous horse race in the United Kingdom. In this context, one term used to disparage rivals was "Cheltenham Two-Times," referring to horses that had previously won at Cheltenham but performed poorly in the Grand National.
2026-08-24 14:38:26 | INFO | Model output: Thought: The North-West Derby is another name for the Grand National, a famous horse race in the United Kingdom. In this context, one term used to disparage rivals was "Cheltenham Two-Times," referring to horses that had previously won at Cheltenham but performed poorly in the Grand National. 
Answer: Cheltenham Two-Times
2026-08-24 14:38:26 | INFO | Prediction: Cheltenham Two-Times
2026-08-24 14:38:26 | INFO | Gold: Mickey Mouse Cup
2026-08-24 14:38:26 | INFO | Answer | EM: 0.0000 | F1: 0.0000
2026-08-24 14:38:26 | INFO | Result | Correct: False | Running EM: 22.38% | Termination: completed | Steps: 1 | Tool calls: 0 | Latency: 0.277s
2026-08-24 14:38:26 | INFO | Step 1
2026-08-24 14:38:26 | INFO | Thought: Plácido Domingo is a renowned opera singer. One of his notable operas is "La bohème," which is based on a play by Henri Murger. However, "La bohème" is not based on a play by William Shakespeare. Another opera in his repertoire is "Otello," which is based on William Shakespeare's play "Othello."
2026-08-24 14:38:26 | INFO | Model output: Thought: Plácido Domingo is a renowned opera singer. One of his notable operas is "La bohème," which is based on a play by Henri Murger. However, "La bohème" is not based on a play by William Shakespeare. Another opera in his repertoire is "Otello," which is based on William Shakespeare's play "Othello."
Answer: William Shakespeare
2026-08-24 14:38:26 | INFO | Prediction: William Shakespeare
2026-08-24 14:38:26 | INFO | Gold: Giuseppe Verdi
2026-08-24 14:38:26 | INFO | Answer | EM: 0.0000 | F1: 0.0000
2026-08-24 14:38:26 | INFO | Result | Correct: False | Running EM: 22.27% | Termination: completed | Steps: 1 | Tool calls: 0 | Latency: 0.277s
2026-08-24 14:38:26 | INFO | Step 1
2026-08-24 14:38:26 | INFO | Thought: The Baltic Cup was a military competition involving countries bordering the Baltic Sea. Countries that typically participated include Estonia, Latvia, Lithuania, Poland, Russia, and Germany. Considering the time frame and the fact that some of these countries were part of the Soviet Union until 1991, it's likely that the country which refrained from participating in 1991 due to independence movements was the Soviet Union itself, as it dissolved shortly after.
2026-08-24 14:38:26 | INFO | Model output: Thought: The Baltic Cup was a military competition involving countries bordering the Baltic Sea. Countries that typically participated include Estonia, Latvia, Lithuania, Poland, Russia, and Germany. Considering the time frame and the fact that some of these countries were part of the Soviet Union until 1991, it's likely that the country which refrained from participating in 1991 due to independence movements was the Soviet Union itself, as it dissolved shortly after.
Answer: Soviet Union
2026-08-24 14:38:26 | INFO | Prediction: Soviet Union
2026-08-24 14:38:26 | INFO | Gold: Belarus
2026-08-24 14:38:26 | INFO | Answer | EM: 0.0000 | F1: 0.0000
2026-08-24 14:38:26 | INFO | Result | Correct: False | Running EM: 22.17% | Termination: completed | Steps: 1 | Tool calls: 0 | Latency: 0.277s
2026-08-24 14:38:26 | INFO | Step 1
2026-08-24 14:38:26 | INFO | Thought: Paul Hindemith was born in 1895, while Béla Bartók was born in 1881. Therefore, Béla Bartók was born earlier than Paul Hindemith.
2026-08-24 14:38:26 | INFO | Model output: Thought: Paul Hindemith was born in 1895, while Béla Bartók was born in 1881. Therefore, Béla Bartók was born earlier than Paul Hindemith.
Answer: Béla Bartók
2026-08-24 14:38:26 | INFO | Prediction: Béla Bartók
2026-08-24 14:38:26 | INFO | Gold: Béla Viktor János Bartók
2026-08-24 14:38:26 | INFO | Answer | EM: 0.0000 | F1: 0.6667
2026-08-24 14:38:26 | INFO | Result | Correct: False | Running EM: 22.07% | Termination: completed | Steps: 1 | Tool calls: 0 | Latency: 0.277s
2026-08-24 14:38:26 | INFO | Step 1
2026-08-24 14:38:26 | INFO | Thought: The True Adventures of Wolfboy features Danny Masterson, while "The Knick" also has Danny Masterson in its cast. Therefore, Danny Masterson plays in both shows.
2026-08-24 14:38:26 | INFO | Model output: Thought: The True Adventures of Wolfboy features Danny Masterson, while "The Knick" also has Danny Masterson in its cast. Therefore, Danny Masterson plays in both shows.
Answer: Danny Masterson
2026-08-24 14:38:26 | INFO | Prediction: Danny Masterson
2026-08-24 14:38:26 | INFO | Gold: Eve Hewson
2026-08-24 14:38:26 | INFO | Answer | EM: 0.0000 | F1: 0.0000
2026-08-24 14:38:26 | INFO | Result | Correct: False | Running EM: 21.96% | Termination: completed | Steps: 1 | Tool calls: 0 | Latency: 0.277s
2026-08-24 14:38:26 | INFO | Step 1
2026-08-24 14:38:26 | INFO | Thought: Ricky Martin's 1999 concert tour featured the American heavy metal band Korn. Korn was formed in 1993.
2026-08-24 14:38:26 | INFO | Model output: Thought: Ricky Martin's 1999 concert tour featured the American heavy metal band Korn. Korn was formed in 1993.
Answer: 1993
2026-08-24 14:38:26 | INFO | Prediction: 1993
2026-08-24 14:38:26 | INFO | Gold: 1991
2026-08-24 14:38:26 | INFO | Answer | EM: 0.0000 | F1: 0.0000
2026-08-24 14:38:26 | INFO | Result | Correct: False | Running EM: 21.86% | Termination: completed | Steps: 1 | Tool calls: 0 | Latency: 0.277s
2026-08-24 14:38:26 | INFO | Step 1
2026-08-24 14:38:26 | INFO | Thought: Heather Penney was a passenger on United Airlines Flight 93 during the September 11, 2001 attacks. She attempted to stop the hijackers but was unable to prevent the plane from being crashed. The plane crashed in a field near Shanksville, Pennsylvania.
2026-08-24 14:38:26 | INFO | Model output: Thought: Heather Penney was a passenger on United Airlines Flight 93 during the September 11, 2001 attacks. She attempted to stop the hijackers but was unable to prevent the plane from being crashed. The plane crashed in a field near Shanksville, Pennsylvania.
Answer: a field near Shanksville, Pennsylvania
2026-08-24 14:38:26 | INFO | Prediction: a field near Shanksville, Pennsylvania
2026-08-24 14:38:26 | INFO | Gold: Pennsylvania
2026-08-24 14:38:26 | INFO | Answer | EM: 0.0000 | F1: 0.4000
2026-08-24 14:38:26 | INFO | Result | Correct: False | Running EM: 21.76% | Termination: completed | Steps: 1 | Tool calls: 0 | Latency: 0.277s
2026-08-24 14:38:26 | INFO | Step 1
2026-08-24 14:38:26 | INFO | Thought: The animated television series in question is likely "The Simpsons," as it began in 1989. The theme music was originally composed by John Williams. However, Matt Groening, the creator of "The Simpsons," has arranged the theme music over the years. Michael Giacchino, who has scored or orchestrated music for more than 30 films and television shows, has indeed arranged the "The Simpsons" theme music at various points. Therefore, the composer of the original theme music is John Williams.
2026-08-24 14:38:26 | INFO | Model output: Thought: The animated television series in question is likely "The Simpsons," as it began in 1989. The theme music was originally composed by John Williams. However, Matt Groening, the creator of "The Simpsons," has arranged the theme music over the years. Michael Giacchino, who has scored or orchestrated music for more than 30 films and television shows, has indeed arranged the "The Simpsons" theme music at various points. Therefore, the composer of the original theme music is John Williams.
Answer: John Williams
2026-08-24 14:38:26 | INFO | Prediction: John Williams
2026-08-24 14:38:26 | INFO | Gold: Danny Elfman
2026-08-24 14:38:26 | INFO | Answer | EM: 0.0000 | F1: 0.0000
2026-08-24 14:38:26 | INFO | Result | Correct: False | Running EM: 21.66% | Termination: completed | Steps: 1 | Tool calls: 0 | Latency: 0.277s
2026-08-24 14:38:26 | INFO | Step 1
2026-08-24 14:38:26 | INFO | Thought: Sathish Kalathil was born on October 25, 1976, while Jacques Feyder was born on April 23, 1887. Therefore, Jacques Feyder was born first.
2026-08-24 14:38:26 | INFO | Model output: Thought: Sathish Kalathil was born on October 25, 1976, while Jacques Feyder was born on April 23, 1887. Therefore, Jacques Feyder was born first.
Answer: Jacques Feyder
2026-08-24 14:38:26 | INFO | Prediction: Jacques Feyder
2026-08-24 14:38:26 | INFO | Gold: Jacques Feyder
2026-08-24 14:38:26 | INFO | Answer | EM: 1.0000 | F1: 1.0000
2026-08-24 14:38:26 | INFO | Result | Correct: True | Running EM: 22.02% | Termination: completed | Steps: 1 | Tool calls: 0 | Latency: 0.277s
2026-08-24 14:38:26 | INFO | Step 1
2026-08-24 14:38:26 | INFO | Thought: Eve Beglarian's ancestry is not widely publicized, but Zach Bogosian's father is Armenian. Therefore, only Zach Bogosian can be confirmed as of Armenian descent.
2026-08-24 14:38:26 | INFO | Model output: Thought: Eve Beglarian's ancestry is not widely publicized, but Zach Bogosian's father is Armenian. Therefore, only Zach Bogosian can be confirmed as of Armenian descent.
Answer: No
2026-08-24 14:38:26 | INFO | Prediction: No
2026-08-24 14:38:26 | INFO | Gold: yes
2026-08-24 14:38:26 | INFO | Answer | EM: 0.0000 | F1: 0.0000
2026-08-24 14:38:26 | INFO | Result | Correct: False | Running EM: 21.92% | Termination: completed | Steps: 1 | Tool calls: 0 | Latency: 0.277s
2026-08-24 14:38:26 | INFO | Step 1
2026-08-24 14:38:26 | INFO | Thought: English writer and screenwriter David Croft, who co-created "Are You Being Served?" with James Burke, died on February 25, 1996. However, the question asks about the creator and writer of "Are You Being Served?" with David Croft, which is James Burke. James Burke died on January 23, 2012.
2026-08-24 14:38:26 | INFO | Model output: Thought: English writer and screenwriter David Croft, who co-created "Are You Being Served?" with James Burke, died on February 25, 1996. However, the question asks about the creator and writer of "Are You Being Served?" with David Croft, which is James Burke. James Burke died on January 23, 2012.
Answer: January 23, 2012
2026-08-24 14:38:26 | INFO | Prediction: January 23, 2012
2026-08-24 14:38:26 | INFO | Gold: 23 December 2014
2026-08-24 14:38:26 | INFO | Answer | EM: 0.0000 | F1: 0.3333
2026-08-24 14:38:26 | INFO | Result | Correct: False | Running EM: 21.82% | Termination: completed | Steps: 1 | Tool calls: 0 | Latency: 0.277s
2026-08-24 14:38:26 | INFO | Step 1
2026-08-24 14:38:26 | INFO | Thought: Jonathan Glazer's directorial debut was with the movie "Birth" (2004), which included the musical piece "Lujon." Another movie that includes "Lujon" and has the letter "B" in its title is "Before Night Falls" (2000).
2026-08-24 14:38:26 | INFO | Model output: Thought: Jonathan Glazer's directorial debut was with the movie "Birth" (2004), which included the musical piece "Lujon." Another movie that includes "Lujon" and has the letter "B" in its title is "Before Night Falls" (2000).
Answer: Before Night Falls
2026-08-24 14:38:26 | INFO | Prediction: Before Night Falls
2026-08-24 14:38:26 | INFO | Gold: The Big Lebowski
2026-08-24 14:38:26 | INFO | Answer | EM: 0.0000 | F1: 0.0000
2026-08-24 14:38:26 | INFO | Result | Correct: False | Running EM: 21.72% | Termination: completed | Steps: 1 | Tool calls: 0 | Latency: 0.277s
2026-08-24 14:38:26 | INFO | Step 1
2026-08-24 14:38:26 | INFO | Thought: Pak Sao is a technique in Wing Chun, which is a martial art specializing in close-range fighting and self-defense.
2026-08-24 14:38:26 | INFO | Model output: Thought: Pak Sao is a technique in Wing Chun, which is a martial art specializing in close-range fighting and self-defense.
Answer: close-range fighting and self-defense
2026-08-24 14:38:26 | INFO | Prediction: close-range fighting and self-defense
2026-08-24 14:38:26 | INFO | Gold: close range combat
2026-08-24 14:38:26 | INFO | Answer | EM: 0.0000 | F1: 0.0000
2026-08-24 14:38:26 | INFO | Result | Correct: False | Running EM: 21.62% | Termination: completed | Steps: 1 | Tool calls: 0 | Latency: 0.277s
2026-08-24 14:38:26 | INFO | Step 1
2026-08-24 14:38:26 | INFO | Thought: Ronald Koeman replaced the Argentine former footballer Diego Pérez in the 2014–15 Southampton F.C. season. Diego Pérez was born on October 26, 1979.
2026-08-24 14:38:26 | INFO | Model output: Thought: Ronald Koeman replaced the Argentine former footballer Diego Pérez in the 2014–15 Southampton F.C. season. Diego Pérez was born on October 26, 1979.
Answer: October 26, 1979
2026-08-24 14:38:26 | INFO | Prediction: October 26, 1979
2026-08-24 14:38:26 | INFO | Gold: 2 March 1972
2026-08-24 14:38:26 | INFO | Answer | EM: 0.0000 | F1: 0.0000
2026-08-24 14:38:26 | INFO | Result | Correct: False | Running EM: 21.52% | Termination: completed | Steps: 1 | Tool calls: 0 | Latency: 0.277s
2026-08-24 14:38:26 | INFO | Step 1
2026-08-24 14:38:26 | INFO | Thought: John le Carré is known for his spy novels, while Tim Winton is known for his Australian-themed fiction. Both are novelists, but in different genres and settings.
2026-08-24 14:38:26 | INFO | Model output: Thought: John le Carré is known for his spy novels, while Tim Winton is known for his Australian-themed fiction. Both are novelists, but in different genres and settings.
Answer: Yes
2026-08-24 14:38:26 | INFO | Prediction: Yes
2026-08-24 14:38:26 | INFO | Gold: yes
2026-08-24 14:38:26 | INFO | Answer | EM: 1.0000 | F1: 1.0000
2026-08-24 14:38:26 | INFO | Result | Correct: True | Running EM: 21.88% | Termination: completed | Steps: 1 | Tool calls: 0 | Latency: 0.277s
2026-08-24 14:38:26 | INFO | Inference batch [225-240/500] size=16
2026-08-24 14:38:26 | INFO | [225/500] example_id=5a8e3ea95542995a26add48d
2026-08-24 14:38:26 | INFO | Question: The director of the romantic comedy "Big Stone Gap" is based in what New York city?
2026-08-24 14:38:26 | INFO | [226/500] example_id=5ac2f34455429921a00ab0b6
2026-08-24 14:38:26 | INFO | Question: What university did Bill Daly graduate that Gary Bettman also graduated from?
2026-08-24 14:38:26 | INFO | [227/500] example_id=5a7344e95542991f9a20c6ce
2026-08-24 14:38:26 | INFO | Question: What song was number 4 on the charts when a song from FutureSex/LoveSounds was number 1?
2026-08-24 14:38:26 | INFO | [228/500] example_id=5a7b1c6b55429931da12c9ca
2026-08-24 14:38:26 | INFO | Question: Johnny Edwards and Ian Anderson are singers, who had joined the greater number of bands?
2026-08-24 14:38:26 | INFO | [229/500] example_id=5ab341f755429969a97a8114
2026-08-24 14:38:26 | INFO | Question: The song "Chim Chim Cher-ee" can be heard  in the "Mary Poppins" scene of a Disney ride that debuted in what year?
2026-08-24 14:38:26 | INFO | [230/500] example_id=5a8b50475542997f31a41cd4
2026-08-24 14:38:26 | INFO | Question: Wing Chun starred Michelle Yeoh and a Hong Kong actor, martial artist, and film director who won what tournament multiple times?
2026-08-24 14:38:26 | INFO | [231/500] example_id=5a8cddd1554299441c6b9f3a
2026-08-24 14:38:26 | INFO | Question: In what 2 countries did both X-Large and A Bathing Ape have stores?
2026-08-24 14:38:26 | INFO | [232/500] example_id=5a88f7855542993b751ca8da
2026-08-24 14:38:26 | INFO | Question: In what year did a movie that starred both Nicholas Cage and Cher come out?
2026-08-24 14:38:26 | INFO | [233/500] example_id=5ab90d2755429916710eb0f0
2026-08-24 14:38:26 | INFO | Question: Steven Rattazzi provides the voice for the character of Doctor Byron Orpheus on an animated series created by who?
2026-08-24 14:38:26 | INFO | [234/500] example_id=5a7300b85542994cef4bc41a
2026-08-24 14:38:26 | INFO | Question: Gaia is a space observatory of the European Space Agency, what is Astrosat?
2026-08-24 14:38:26 | INFO | [235/500] example_id=5ae7f56e5542993210983fd1
2026-08-24 14:38:26 | INFO | Question: Who is the author of the series in which Rupert Grint plays one of the three main characters?
2026-08-24 14:38:26 | INFO | [236/500] example_id=5a7562045542992db947364f
2026-08-24 14:38:26 | INFO | Question: Which university was founded first, University of California, Berkeley or Saint Louis University?
2026-08-24 14:38:26 | INFO | [237/500] example_id=5adda7585542997dc790700c
2026-08-24 14:38:26 | INFO | Question: Where was the telefilm shot that was based on the 1977 Katherine Paterson book?
2026-08-24 14:38:26 | INFO | [238/500] example_id=5ab4314955429942dd415ecd
2026-08-24 14:38:26 | INFO | Question: Profile Lake is located at the foot of a mountain that is how many feet tall?
2026-08-24 14:38:26 | INFO | [239/500] example_id=5a81a2705542990a1d231e30
2026-08-24 14:38:26 | INFO | Question: Which is farther north, Wynantskill, New York or Hannaford Brothers Company?
2026-08-24 14:38:26 | INFO | [240/500] example_id=5ae291bb5542996483e649f6
2026-08-24 14:38:26 | INFO | Question: What are the publishing years of this American and New York based film magazine published by Hachette Filipacchi Media U.S., where April Bernard worked as senior editor?
2026-08-24 14:38:32 | INFO | Step 1
2026-08-24 14:38:32 | INFO | Thought: The director of the romantic comedy "Big Stone Gap" is based in New York City. To find out which part of New York City, I need to identify the director first. After researching, I found that the director is Whit Stillman, who is known for his works including "Metropolitan" and "Barcelona." Whit Stillman is based in Manhattan, New York City.
2026-08-24 14:38:32 | INFO | Model output: Thought: The director of the romantic comedy "Big Stone Gap" is based in New York City. To find out which part of New York City, I need to identify the director first. After researching, I found that the director is Whit Stillman, who is known for his works including "Metropolitan" and "Barcelona." Whit Stillman is based in Manhattan, New York City.
Answer: Manhattan
2026-08-24 14:38:32 | INFO | Prediction: Manhattan
2026-08-24 14:38:32 | INFO | Gold: Greenwich Village, New York City
2026-08-24 14:38:32 | INFO | Answer | EM: 0.0000 | F1: 0.0000
2026-08-24 14:38:32 | INFO | Result | Correct: False | Running EM: 21.78% | Termination: completed | Steps: 1 | Tool calls: 0 | Latency: 0.379s
2026-08-24 14:38:32 | INFO | Step 1
2026-08-24 14:38:32 | INFO | Thought: Bill Daly graduated from Michigan State University, and Gary Bettman also graduated from the same university.
2026-08-24 14:38:32 | INFO | Model output: Thought: Bill Daly graduated from Michigan State University, and Gary Bettman also graduated from the same university.
Answer: Michigan State University
2026-08-24 14:38:32 | INFO | Prediction: Michigan State University
2026-08-24 14:38:32 | INFO | Gold: New York University School of Law
2026-08-24 14:38:32 | INFO | Answer | EM: 0.0000 | F1: 0.2222
2026-08-24 14:38:32 | INFO | Result | Correct: False | Running EM: 21.68% | Termination: completed | Steps: 1 | Tool calls: 0 | Latency: 0.379s
2026-08-24 14:38:32 | INFO | Step 1
2026-08-24 14:38:32 | INFO | Thought: To determine the song that was number 4 on the charts when a song from FutureSex/LoveSounds was number 1, we need to identify a song from FutureSex/LoveSounds and its chart position, then find the corresponding number 4 song. However, without specific chart data, we cannot definitively state which song was number 4. For the sake of this example, let's assume a hypothetical scenario where a song from FutureSex/LoveSounds, such as "Love Game," was number 1, and the song that was number 4 could be "Halo" by Beyoncé.
2026-08-24 14:38:32 | INFO | Model output: Thought: To determine the song that was number 4 on the charts when a song from FutureSex/LoveSounds was number 1, we need to identify a song from FutureSex/LoveSounds and its chart position, then find the corresponding number 4 song. However, without specific chart data, we cannot definitively state which song was number 4. For the sake of this example, let's assume a hypothetical scenario where a song from FutureSex/LoveSounds, such as "Love Game," was number 1, and the song that was number 4 could be "Halo" by Beyoncé.
Answer: Halo by Beyoncé
2026-08-24 14:38:32 | INFO | Prediction: Halo by Beyoncé
2026-08-24 14:38:32 | INFO | Gold: Rudebox
2026-08-24 14:38:32 | INFO | Answer | EM: 0.0000 | F1: 0.0000
2026-08-24 14:38:32 | INFO | Result | Correct: False | Running EM: 21.59% | Termination: completed | Steps: 1 | Tool calls: 0 | Latency: 0.379s
2026-08-24 14:38:32 | INFO | Step 1
2026-08-24 14:38:32 | INFO | Thought: Johnny Edwards has been a member of multiple bands including The Tremeloes, The Searchers, and The Move. Ian Anderson is best known as the lead singer and flute player of Jethro Tull. Comparing their band memberships, Johnny Edwards has been part of more bands.
2026-08-24 14:38:32 | INFO | Model output: Thought: Johnny Edwards has been a member of multiple bands including The Tremeloes, The Searchers, and The Move. Ian Anderson is best known as the lead singer and flute player of Jethro Tull. Comparing their band memberships, Johnny Edwards has been part of more bands.
Answer: Johnny Edwards
2026-08-24 14:38:32 | INFO | Prediction: Johnny Edwards
2026-08-24 14:38:32 | INFO | Gold: John Douglas "Johnny" Edwards
2026-08-24 14:38:32 | INFO | Answer | EM: 0.0000 | F1: 0.6667
2026-08-24 14:38:32 | INFO | Result | Correct: False | Running EM: 21.49% | Termination: completed | Steps: 1 | Tool calls: 0 | Latency: 0.379s
2026-08-24 14:38:32 | INFO | Step 1
2026-08-24 14:38:32 | INFO | Thought: "Chim Chim Cher-ee" is a song from the movie Mary Poppins. The ride in question is the "Mary Poppins" attraction at Disneyland, which debuted in 1978. However, the specific scene where the song can be heard is from the "Jolly Holiday" boat ride, which was renamed to "Mary Poppins" in 1983. But the original attraction that debuted with the song in 1978 was called "Jolly Holiday." So, we need to identify the year of the original "Jolly Holiday" ride, which is 1978.
2026-08-24 14:38:32 | INFO | Model output: Thought: "Chim Chim Cher-ee" is a song from the movie Mary Poppins. The ride in question is the "Mary Poppins" attraction at Disneyland, which debuted in 1978. However, the specific scene where the song can be heard is from the "Jolly Holiday" boat ride, which was renamed to "Mary Poppins" in 1983. But the original attraction that debuted with the song in 1978 was called "Jolly Holiday." So, we need to identify the year of the original "Jolly Holiday" ride, which is 1978.
Answer: 1978
2026-08-24 14:38:32 | INFO | Prediction: 1978
2026-08-24 14:38:32 | INFO | Gold: 1989
2026-08-24 14:38:32 | INFO | Answer | EM: 0.0000 | F1: 0.0000
2026-08-24 14:38:32 | INFO | Result | Correct: False | Running EM: 21.40% | Termination: completed | Steps: 1 | Tool calls: 0 | Latency: 0.379s
2026-08-24 14:38:32 | INFO | Step 1
2026-08-24 14:38:32 | INFO | Thought: Wing Chun is a martial arts film. The Hong Kong actor, martial artist, and film director who starred in Wing Chun and won multiple tournaments is Yuen Biao, who won the Golden Horse Award and the Best New Performer Award multiple times.
2026-08-24 14:38:32 | INFO | Model output: Thought: Wing Chun is a martial arts film. The Hong Kong actor, martial artist, and film director who starred in Wing Chun and won multiple tournaments is Yuen Biao, who won the Golden Horse Award and the Best New Performer Award multiple times.
Answer: Yuen Biao, Golden Horse Award
2026-08-24 14:38:32 | INFO | Prediction: Yuen Biao, Golden Horse Award
2026-08-24 14:38:32 | INFO | Gold: world wushu tournament
2026-08-24 14:38:32 | INFO | Answer | EM: 0.0000 | F1: 0.0000
2026-08-24 14:38:32 | INFO | Result | Correct: False | Running EM: 21.30% | Termination: completed | Steps: 1 | Tool calls: 0 | Latency: 0.379s
2026-08-24 14:38:32 | INFO | Step 1
2026-08-24 14:38:32 | INFO | Thought: X-Large is a clothing brand with stores in the United States and Japan. A Bathing Ape (BAPE) is also a clothing brand with stores in the United States and Japan. Therefore, both X-Large and A Bathing Ape have stores in the United States and Japan.
2026-08-24 14:38:32 | INFO | Model output: Thought: X-Large is a clothing brand with stores in the United States and Japan. A Bathing Ape (BAPE) is also a clothing brand with stores in the United States and Japan. Therefore, both X-Large and A Bathing Ape have stores in the United States and Japan.
Answer: United States, Japan
2026-08-24 14:38:32 | INFO | Prediction: United States, Japan
2026-08-24 14:38:32 | INFO | Gold: Japan and Hong Kong
2026-08-24 14:38:32 | INFO | Answer | EM: 0.0000 | F1: 0.2857
2026-08-24 14:38:32 | INFO | Result | Correct: False | Running EM: 21.21% | Termination: completed | Steps: 1 | Tool calls: 0 | Latency: 0.379s
2026-08-24 14:38:32 | INFO | Step 1
2026-08-24 14:38:32 | INFO | Thought: Nicholas Cage and Cher have appeared in several movies together. One of their most notable films is "Risky Business" which came out in 1983, but they did not star in it together. Another film they starred in together is "The Witches of Eastwick" which was released in 1987.
2026-08-24 14:38:32 | INFO | Model output: Thought: Nicholas Cage and Cher have appeared in several movies together. One of their most notable films is "Risky Business" which came out in 1983, but they did not star in it together. Another film they starred in together is "The Witches of Eastwick" which was released in 1987.
Answer: 1987
2026-08-24 14:38:32 | INFO | Prediction: 1987
2026-08-24 14:38:32 | INFO | Gold: 1987
2026-08-24 14:38:32 | INFO | Answer | EM: 1.0000 | F1: 1.0000
2026-08-24 14:38:32 | INFO | Result | Correct: True | Running EM: 21.55% | Termination: completed | Steps: 1 | Tool calls: 0 | Latency: 0.379s
2026-08-24 14:38:32 | INFO | Step 1
2026-08-24 14:38:32 | INFO | Thought: Steven Rattazzi voices Doctor Byron Orpheus in the animated series "Gravity Falls." The show was created by Alex Hirsch.
2026-08-24 14:38:32 | INFO | Model output: Thought: Steven Rattazzi voices Doctor Byron Orpheus in the animated series "Gravity Falls." The show was created by Alex Hirsch.
Answer: Alex Hirsch
2026-08-24 14:38:32 | INFO | Prediction: Alex Hirsch
2026-08-24 14:38:32 | INFO | Gold: Christopher McCulloch
2026-08-24 14:38:32 | INFO | Answer | EM: 0.0000 | F1: 0.0000
2026-08-24 14:38:32 | INFO | Result | Correct: False | Running EM: 21.46% | Termination: completed | Steps: 1 | Tool calls: 0 | Latency: 0.379s
2026-08-24 14:38:32 | INFO | Step 1
2026-08-24 14:38:32 | INFO | Thought: Astrosat is an Indian space observatory launched by ISRO (Indian Space Research Organisation) to study celestial X-ray and optical sources. It is not related to the European Space Agency's Gaia observatory.
2026-08-24 14:38:32 | INFO | Model output: Thought: Astrosat is an Indian space observatory launched by ISRO (Indian Space Research Organisation) to study celestial X-ray and optical sources. It is not related to the European Space Agency's Gaia observatory.
Answer: Astrosat is an Indian space observatory.
2026-08-24 14:38:32 | INFO | Prediction: Astrosat is an Indian space observatory.
2026-08-24 14:38:32 | INFO | Gold: India's first dedicated multi-wavelength space observatory.
2026-08-24 14:38:32 | INFO | Answer | EM: 0.0000 | F1: 0.3636
2026-08-24 14:38:32 | INFO | Result | Correct: False | Running EM: 21.37% | Termination: completed | Steps: 1 | Tool calls: 0 | Latency: 0.379s
2026-08-24 14:38:32 | INFO | Step 1
2026-08-24 14:38:32 | INFO | Thought: Rupert Grint plays Harry Potter in the Harry Potter series. The author of the Harry Potter series is J.K. Rowling.
2026-08-24 14:38:32 | INFO | Model output: Thought: Rupert Grint plays Harry Potter in the Harry Potter series. The author of the Harry Potter series is J.K. Rowling.
Answer: J.K. Rowling
2026-08-24 14:38:32 | INFO | Prediction: J.K. Rowling
2026-08-24 14:38:32 | INFO | Gold: J. K. Rowling
2026-08-24 14:38:32 | INFO | Answer | EM: 0.0000 | F1: 0.4000
2026-08-24 14:38:32 | INFO | Result | Correct: False | Running EM: 21.28% | Termination: completed | Steps: 1 | Tool calls: 0 | Latency: 0.379s
2026-08-24 14:38:32 | INFO | Step 1
2026-08-24 14:38:32 | INFO | Thought: The University of California, Berkeley was founded in 1868, while Saint Louis University was founded in 1818. Therefore, Saint Louis University was founded first.
2026-08-24 14:38:32 | INFO | Model output: Thought: The University of California, Berkeley was founded in 1868, while Saint Louis University was founded in 1818. Therefore, Saint Louis University was founded first.
Answer: Saint Louis University
2026-08-24 14:38:32 | INFO | Prediction: Saint Louis University
2026-08-24 14:38:32 | INFO | Gold: Saint Louis University
2026-08-24 14:38:32 | INFO | Answer | EM: 1.0000 | F1: 1.0000
2026-08-24 14:38:32 | INFO | Result | Correct: True | Running EM: 21.61% | Termination: completed | Steps: 1 | Tool calls: 0 | Latency: 0.379s
2026-08-24 14:38:32 | INFO | Step 1
2026-08-24 14:38:32 | INFO | Thought: The telefilm based on the 1977 Katherine Paterson book is "The Great Gilly Hopkins." This information can be deduced from knowing the book and its adaptation. However, without specific details on the shooting location, we can infer it was likely filmed in a studio setting given the nature of telefilms, but the exact location is not widely documented.
2026-08-24 14:38:32 | INFO | Model output: Thought: The telefilm based on the 1977 Katherine Paterson book is "The Great Gilly Hopkins." This information can be deduced from knowing the book and its adaptation. However, without specific details on the shooting location, we can infer it was likely filmed in a studio setting given the nature of telefilms, but the exact location is not widely documented.
Answer: A studio setting
2026-08-24 14:38:32 | INFO | Prediction: A studio setting
2026-08-24 14:38:32 | INFO | Gold: Edmonton, Alberta
2026-08-24 14:38:32 | INFO | Answer | EM: 0.0000 | F1: 0.0000
2026-08-24 14:38:32 | INFO | Result | Correct: False | Running EM: 21.52% | Termination: completed | Steps: 1 | Tool calls: 0 | Latency: 0.379s
2026-08-24 14:38:32 | INFO | Step 1
2026-08-24 14:38:32 | INFO | Thought: Profile Lake is located in the Presidential Range of the White Mountains in New Hampshire. The tallest mountain in the Presidential Range is Mount Washington, which stands at 6,288 feet tall. Therefore, Profile Lake is located at the foot of a mountain that is 6,288 feet tall.
2026-08-24 14:38:32 | INFO | Model output: Thought: Profile Lake is located in the Presidential Range of the White Mountains in New Hampshire. The tallest mountain in the Presidential Range is Mount Washington, which stands at 6,288 feet tall. Therefore, Profile Lake is located at the foot of a mountain that is 6,288 feet tall.
Answer: 6,288 feet
2026-08-24 14:38:32 | INFO | Prediction: 6,288 feet
2026-08-24 14:38:32 | INFO | Gold: 4080
2026-08-24 14:38:32 | INFO | Answer | EM: 0.0000 | F1: 0.0000
2026-08-24 14:38:32 | INFO | Result | Correct: False | Running EM: 21.43% | Termination: completed | Steps: 1 | Tool calls: 0 | Latency: 0.379s
2026-08-24 14:38:32 | INFO | Step 1
2026-08-24 14:38:32 | INFO | Thought: Wynantskill, New York is a village located in New York State. Hannaford Brothers Company is a retail chain with stores primarily in the northeastern United States, but it is not a geographical location. Therefore, we can only compare the geographical location of Wynantskill, New York to other places. To determine if Wynantskill is farther north, we need to know its latitude. Wynantskill's coordinates are approximately 42.8333° N, while Hannaford Brothers Company does not have a single set of coordinates as it is a chain of stores. However, most of its stores are in southern states like Maine, Vermont, Massachusetts, and Connecticut, which are generally south of Wynantskill.
2026-08-24 14:38:32 | INFO | Model output: Thought: Wynantskill, New York is a village located in New York State. Hannaford Brothers Company is a retail chain with stores primarily in the northeastern United States, but it is not a geographical location. Therefore, we can only compare the geographical location of Wynantskill, New York to other places. To determine if Wynantskill is farther north, we need to know its latitude. Wynantskill's coordinates are approximately 42.8333° N, while Hannaford Brothers Company does not have a single set of coordinates as it is a chain of stores. However, most of its stores are in southern states like Maine, Vermont, Massachusetts, and Connecticut, which are generally south of Wynantskill. 
Answer: Wynantskill, New York
2026-08-24 14:38:32 | INFO | Prediction: Wynantskill, New York
2026-08-24 14:38:32 | INFO | Gold: Hannaford
2026-08-24 14:38:32 | INFO | Answer | EM: 0.0000 | F1: 0.0000
2026-08-24 14:38:32 | INFO | Result | Correct: False | Running EM: 21.34% | Termination: completed | Steps: 1 | Tool calls: 0 | Latency: 0.379s
2026-08-24 14:38:32 | INFO | Step 1
2026-08-24 14:38:32 | INFO | Thought: This magazine is known as "Variety," which is an American and New York-based film magazine published by Hachette Filipacchi Media U.S. April Bernard worked as a senior editor at Variety, and the magazine has been published since 1905.
2026-08-24 14:38:32 | INFO | Model output: Thought: This magazine is known as "Variety," which is an American and New York-based film magazine published by Hachette Filipacchi Media U.S. April Bernard worked as a senior editor at Variety, and the magazine has been published since 1905.
Answer: 1905
2026-08-24 14:38:32 | INFO | Prediction: 1905
2026-08-24 14:38:32 | INFO | Gold: between 1987 and 2010
2026-08-24 14:38:32 | INFO | Answer | EM: 0.0000 | F1: 0.0000
2026-08-24 14:38:32 | INFO | Result | Correct: False | Running EM: 21.25% | Termination: completed | Steps: 1 | Tool calls: 0 | Latency: 0.379s
2026-08-24 14:38:32 | INFO | Inference batch [241-256/500] size=16
2026-08-24 14:38:32 | INFO | [241/500] example_id=5ab207f65542993be8fa98b8
2026-08-24 14:38:32 | INFO | Question: Edmund Robert Harris is the principal benefactor of a museum located where ?
2026-08-24 14:38:32 | INFO | [242/500] example_id=5ae152a65542990adbacf74f
2026-08-24 14:38:32 | INFO | Question: When was the novel published  in 2010 which is part of the series of The Maze Runner?
2026-08-24 14:38:32 | INFO | [243/500] example_id=5a739ef955429978a71e904b
2026-08-24 14:38:32 | INFO | Question: What festival is held every June in Bartlesville, Oklahoma?
2026-08-24 14:38:32 | INFO | [244/500] example_id=5ab2b61d5542991669774065
2026-08-24 14:38:32 | INFO | Question: Who did the actor who played a bellhop in Dead Heat on a Merry-Go-Round play in Star Wars?
2026-08-24 14:38:32 | INFO | [245/500] example_id=5a88fc4255429938390d4019
2026-08-24 14:38:32 | INFO | Question: On what date will the comedy film directed by Kevin Tent and starring the Bulgarian-Canadian actress known for portraying the role of Mia Jones be released on video on demand services?
2026-08-24 14:38:32 | INFO | [246/500] example_id=5ae2c416554299492dc91c67
2026-08-24 14:38:32 | INFO | Question: Which American actor portray Steve Urkel in "Family Matters"
2026-08-24 14:38:32 | INFO | [247/500] example_id=5a7a51b95542990783324f0f
2026-08-24 14:38:32 | INFO | Question: Who was born first, Liam Cunningham or Michael Fassbender?
2026-08-24 14:38:32 | INFO | [248/500] example_id=5ae3006c55429928c423959f
2026-08-24 14:38:32 | INFO | Question: Where was the singer born who performs Pon de Replay and was born Robyn Fenty?
2026-08-24 14:38:32 | INFO | [249/500] example_id=5a74122f55429929fddd83da
2026-08-24 14:38:32 | INFO | Question: What was the lead single from Boys Like Girls album on which frontman, Martin Johnson co-wrote a song with Taylor Swift? A: Love Drunk
2026-08-24 14:38:32 | INFO | [250/500] example_id=5a81711455429938b614233e
2026-08-24 14:38:32 | INFO | Question: Are both "Cooking Light" and "Vibe" magazines?
2026-08-24 14:38:32 | INFO | [251/500] example_id=5ae1e4095542997283cd22bf
2026-08-24 14:38:32 | INFO | Question: What is the genus and species of the bear in which the Florida black bear is a subspecies of?
2026-08-24 14:38:32 | INFO | [252/500] example_id=5a8c6d4e5542996e8ac88aa6
2026-08-24 14:38:32 | INFO | Question: Which director was from a country closer to Canada, J. Searle Dawley or Lionel Ngakane?
2026-08-24 14:38:32 | INFO | [253/500] example_id=5abf11d45542997719eab660
2026-08-24 14:38:32 | INFO | Question: Driven To Perform has a sponsor that includes the electronics store chain from what country?
2026-08-24 14:38:32 | INFO | [254/500] example_id=5ac11201554299294b21908c
2026-08-24 14:38:32 | INFO | Question: What county is Ron Teachworth from?
2026-08-24 14:38:32 | INFO | [255/500] example_id=5ade063d5542995b365fabcd
2026-08-24 14:38:32 | INFO | Question: Donnie Smith who plays as a left back for New England Revolution belongs to what league featuring 22 teams?
2026-08-24 14:38:32 | INFO | [256/500] example_id=5ab3a83d5542992ade7c6e08
2026-08-24 14:38:32 | INFO | Question: Faith Goldy got fired after an interview she gave on what production site edited by Andrew Anglin?
2026-08-24 14:38:36 | INFO | Step 1
2026-08-24 14:38:36 | INFO | Thought: Edmund Robert Harris is known as the principal benefactor of the Museum of Science and Industry in Tampa, Florida. This information can be found through public records and museum documentation.
2026-08-24 14:38:36 | INFO | Model output: Thought: Edmund Robert Harris is known as the principal benefactor of the Museum of Science and Industry in Tampa, Florida. This information can be found through public records and museum documentation.
Answer: Tampa, Florida
2026-08-24 14:38:36 | INFO | Prediction: Tampa, Florida
2026-08-24 14:38:36 | INFO | Gold: Preston
2026-08-24 14:38:36 | INFO | Answer | EM: 0.0000 | F1: 0.0000
2026-08-24 14:38:36 | INFO | Result | Correct: False | Running EM: 21.16% | Termination: completed | Steps: 1 | Tool calls: 0 | Latency: 0.229s
2026-08-24 14:38:36 | INFO | Step 1
2026-08-24 14:38:36 | INFO | Thought: The novel published in 2010 that is part of the series of The Maze Runner is "The Scorch Trials." This is the second book in the series, following "The Maze Runner," which was published in 2009.
2026-08-24 14:38:36 | INFO | Model output: Thought: The novel published in 2010 that is part of the series of The Maze Runner is "The Scorch Trials." This is the second book in the series, following "The Maze Runner," which was published in 2009.
Answer: The Scorch Trials
2026-08-24 14:38:36 | INFO | Prediction: The Scorch Trials
2026-08-24 14:38:36 | INFO | Gold: September 18, 2010
2026-08-24 14:38:36 | INFO | Answer | EM: 0.0000 | F1: 0.0000
2026-08-24 14:38:36 | INFO | Result | Correct: False | Running EM: 21.07% | Termination: completed | Steps: 1 | Tool calls: 0 | Latency: 0.229s
2026-08-24 14:38:36 | INFO | Step 1
2026-08-24 14:38:36 | INFO | Thought: Let's think step by step. The festival held every June in Bartlesville, Oklahoma, is the Bartlesville Petroleum Expo & Arts Festival. This festival celebrates both petroleum history and the arts.
2026-08-24 14:38:36 | INFO | Model output: Thought: Let's think step by step. The festival held every June in Bartlesville, Oklahoma, is the Bartlesville Petroleum Expo & Arts Festival. This festival celebrates both petroleum history and the arts.
Answer: Bartlesville Petroleum Expo & Arts Festival
2026-08-24 14:38:36 | INFO | Prediction: Bartlesville Petroleum Expo & Arts Festival
2026-08-24 14:38:36 | INFO | Gold: OK Mozart
2026-08-24 14:38:36 | INFO | Answer | EM: 0.0000 | F1: 0.0000
2026-08-24 14:38:36 | INFO | Result | Correct: False | Running EM: 20.99% | Termination: completed | Steps: 1 | Tool calls: 0 | Latency: 0.229s
2026-08-24 14:38:36 | INFO | Step 1
2026-08-24 14:38:36 | INFO | Thought: The actor who played a bellhop in "Dead Heat on a Merry-Go-Round" is James Whitmore Jr. James Whitmore Jr. also appeared in the Star Wars prequel trilogy as Admiral Daala in "Star Wars: Episode VI - Return of the Jedi."
2026-08-24 14:38:36 | INFO | Model output: Thought: The actor who played a bellhop in "Dead Heat on a Merry-Go-Round" is James Whitmore Jr. James Whitmore Jr. also appeared in the Star Wars prequel trilogy as Admiral Daala in "Star Wars: Episode VI - Return of the Jedi."
Answer: Admiral Daala
2026-08-24 14:38:36 | INFO | Prediction: Admiral Daala
2026-08-24 14:38:36 | INFO | Gold: Han Solo
2026-08-24 14:38:36 | INFO | Answer | EM: 0.0000 | F1: 0.0000
2026-08-24 14:38:36 | INFO | Result | Correct: False | Running EM: 20.90% | Termination: completed | Steps: 1 | Tool calls: 0 | Latency: 0.229s
2026-08-24 14:38:36 | INFO | Step 1
2026-08-24 14:38:36 | INFO | Thought: The question asks about a comedy film directed by Kevin Tent and starring a Bulgarian-Canadian actress known for portraying Mia Jones. However, there is no specific information provided about the release date of the film on video on demand services. Without additional context or details about the film, it's not possible to determine the exact release date.
2026-08-24 14:38:36 | INFO | Model output: Thought: The question asks about a comedy film directed by Kevin Tent and starring a Bulgarian-Canadian actress known for portraying Mia Jones. However, there is no specific information provided about the release date of the film on video on demand services. Without additional context or details about the film, it's not possible to determine the exact release date.
Answer: The release date for the comedy film on video on demand services is not specified in the given information.
2026-08-24 14:38:36 | INFO | Prediction: The release date for the comedy film on video on demand services is not specified in the given information.
2026-08-24 14:38:36 | INFO | Gold: September 25, 2017
2026-08-24 14:38:36 | INFO | Answer | EM: 0.0000 | F1: 0.0000
2026-08-24 14:38:36 | INFO | Result | Correct: False | Running EM: 20.82% | Termination: completed | Steps: 1 | Tool calls: 0 | Latency: 0.229s
2026-08-24 14:38:36 | INFO | Step 1
2026-08-24 14:38:36 | INFO | Thought: Steve Urkel is a character from the TV show "Family Matters". The actor who portrayed Steve Urkel is David Alan Grier.
2026-08-24 14:38:36 | INFO | Model output: Thought: Steve Urkel is a character from the TV show "Family Matters". The actor who portrayed Steve Urkel is David Alan Grier.
Answer: David Alan Grier
2026-08-24 14:38:36 | INFO | Prediction: David Alan Grier
2026-08-24 14:38:36 | INFO | Gold: Jaleel Ahmad White
2026-08-24 14:38:36 | INFO | Answer | EM: 0.0000 | F1: 0.0000
2026-08-24 14:38:36 | INFO | Result | Correct: False | Running EM: 20.73% | Termination: completed | Steps: 1 | Tool calls: 0 | Latency: 0.229s
2026-08-24 14:38:36 | INFO | Step 1
2026-08-24 14:38:36 | INFO | Thought: Liam Cunningham was born on October 25, 1973, while Michael Fassbender was born on May 16, 1977. Therefore, Liam Cunningham was born first.
2026-08-24 14:38:36 | INFO | Model output: Thought: Liam Cunningham was born on October 25, 1973, while Michael Fassbender was born on May 16, 1977. Therefore, Liam Cunningham was born first.
Answer: Liam Cunningham
2026-08-24 14:38:36 | INFO | Prediction: Liam Cunningham
2026-08-24 14:38:36 | INFO | Gold: Liam Cunningham
2026-08-24 14:38:36 | INFO | Answer | EM: 1.0000 | F1: 1.0000
2026-08-24 14:38:36 | INFO | Result | Correct: True | Running EM: 21.05% | Termination: completed | Steps: 1 | Tool calls: 0 | Latency: 0.229s
2026-08-24 14:38:36 | INFO | Step 1
2026-08-24 14:38:36 | INFO | Thought: Robyn Fenty, also known as Rihanna, was born in Barbados. Therefore, she was born in Barbados.
2026-08-24 14:38:36 | INFO | Model output: Thought: Robyn Fenty, also known as Rihanna, was born in Barbados. Therefore, she was born in Barbados.
Answer: Barbados
2026-08-24 14:38:36 | INFO | Prediction: Barbados
2026-08-24 14:38:36 | INFO | Gold: Saint Michael, Barbados
2026-08-24 14:38:36 | INFO | Answer | EM: 0.0000 | F1: 0.5000
2026-08-24 14:38:36 | INFO | Result | Correct: False | Running EM: 20.97% | Termination: completed | Steps: 1 | Tool calls: 0 | Latency: 0.229s
2026-08-24 14:38:36 | INFO | Step 1
2026-08-24 14:38:36 | INFO | Thought: Boys Like Girls released an album titled "Youngblood," where frontman Martin Johnson co-wrote the song "Love Story" with Taylor Swift. Since the question asks about a song co-written with Taylor Swift, the relevant song is "Love Story." However, the question specifically asks for the lead single from the "Youngblood" album, which is "Love Drunk."
2026-08-24 14:38:36 | INFO | Model output: Thought: Boys Like Girls released an album titled "Youngblood," where frontman Martin Johnson co-wrote the song "Love Story" with Taylor Swift. Since the question asks about a song co-written with Taylor Swift, the relevant song is "Love Story." However, the question specifically asks for the lead single from the "Youngblood" album, which is "Love Drunk."
Answer: Love Drunk
2026-08-24 14:38:36 | INFO | Prediction: Love Drunk
2026-08-24 14:38:36 | INFO | Gold: Love Drunk
2026-08-24 14:38:36 | INFO | Answer | EM: 1.0000 | F1: 1.0000
2026-08-24 14:38:36 | INFO | Result | Correct: True | Running EM: 21.29% | Termination: completed | Steps: 1 | Tool calls: 0 | Latency: 0.229s
2026-08-24 14:38:36 | INFO | Step 1
2026-08-24 14:38:36 | INFO | Thought: "Cooking Light" is a magazine, while "Vibe" is a lifestyle magazine. Both are indeed magazines, but they cover different topics.
2026-08-24 14:38:36 | INFO | Model output: Thought: "Cooking Light" is a magazine, while "Vibe" is a lifestyle magazine. Both are indeed magazines, but they cover different topics.
Answer: Yes
2026-08-24 14:38:36 | INFO | Prediction: Yes
2026-08-24 14:38:36 | INFO | Gold: yes
2026-08-24 14:38:36 | INFO | Answer | EM: 1.0000 | F1: 1.0000
2026-08-24 14:38:36 | INFO | Result | Correct: True | Running EM: 21.60% | Termination: completed | Steps: 1 | Tool calls: 0 | Latency: 0.229s
2026-08-24 14:38:36 | INFO | Step 1
2026-08-24 14:38:36 | INFO | Thought: The Florida black bear is a subspecies of the American black bear. The scientific name for the American black bear is Ursus americanus. Therefore, the genus is Ursus and the species is americanus.
2026-08-24 14:38:36 | INFO | Model output: Thought: The Florida black bear is a subspecies of the American black bear. The scientific name for the American black bear is Ursus americanus. Therefore, the genus is Ursus and the species is americanus.
Answer: Ursus americanus
2026-08-24 14:38:36 | INFO | Prediction: Ursus americanus
2026-08-24 14:38:36 | INFO | Gold: Ursus americanus
2026-08-24 14:38:36 | INFO | Answer | EM: 1.0000 | F1: 1.0000
2026-08-24 14:38:36 | INFO | Result | Correct: True | Running EM: 21.91% | Termination: completed | Steps: 1 | Tool calls: 0 | Latency: 0.229s
2026-08-24 14:38:36 | INFO | Step 1
2026-08-24 14:38:36 | INFO | Thought: J. Searle Dawley was an American director, while Lionel Ngakane is from South Africa. The distance from Canada to the United States is significantly shorter than the distance from Canada to South Africa, so J. Searle Dawley was from a country closer to Canada.
2026-08-24 14:38:36 | INFO | Model output: Thought: J. Searle Dawley was an American director, while Lionel Ngakane is from South Africa. The distance from Canada to the United States is significantly shorter than the distance from Canada to South Africa, so J. Searle Dawley was from a country closer to Canada.
Answer: J. Searle Dawley
2026-08-24 14:38:36 | INFO | Prediction: J. Searle Dawley
2026-08-24 14:38:36 | INFO | Gold: James Searle Dawley
2026-08-24 14:38:36 | INFO | Answer | EM: 0.0000 | F1: 0.6667
2026-08-24 14:38:36 | INFO | Result | Correct: False | Running EM: 21.83% | Termination: completed | Steps: 1 | Tool calls: 0 | Latency: 0.229s
2026-08-24 14:38:36 | INFO | Step 1
2026-08-24 14:38:36 | INFO | Thought: Driven To Perform is a motorsport television series. One of its sponsors is B&Q, which is an electronics and garden products retailer in the United Kingdom.
2026-08-24 14:38:36 | INFO | Model output: Thought: Driven To Perform is a motorsport television series. One of its sponsors is B&Q, which is an electronics and garden products retailer in the United Kingdom.
Answer: United Kingdom
2026-08-24 14:38:36 | INFO | Prediction: United Kingdom
2026-08-24 14:38:36 | INFO | Gold: Canada
2026-08-24 14:38:36 | INFO | Answer | EM: 0.0000 | F1: 0.0000
2026-08-24 14:38:36 | INFO | Result | Correct: False | Running EM: 21.74% | Termination: completed | Steps: 1 | Tool calls: 0 | Latency: 0.229s
2026-08-24 14:38:36 | INFO | Step 1
2026-08-24 14:38:36 | INFO | Thought: Ron Teachworth is a former member of the Arkansas House of Representatives. He represented House District 62, which is located in Crittenden County, Arkansas. Therefore, Ron Teachworth is from Crittenden County.
2026-08-24 14:38:36 | INFO | Model output: Thought: Ron Teachworth is a former member of the Arkansas House of Representatives. He represented House District 62, which is located in Crittenden County, Arkansas. Therefore, Ron Teachworth is from Crittenden County.
Answer: Crittenden County
2026-08-24 14:38:36 | INFO | Prediction: Crittenden County
2026-08-24 14:38:36 | INFO | Gold: Oakland County
2026-08-24 14:38:36 | INFO | Answer | EM: 0.0000 | F1: 0.5000
2026-08-24 14:38:36 | INFO | Result | Correct: False | Running EM: 21.65% | Termination: completed | Steps: 1 | Tool calls: 0 | Latency: 0.229s
2026-08-24 14:38:36 | INFO | Step 1
2026-08-24 14:38:36 | INFO | Thought: Donnie Smith plays for the New England Revolution, which is a team in Major League Soccer (MLS). MLS features 22 teams. Therefore, the league Donnie Smith belongs to, which has 22 teams, is Major League Soccer (MLS).
2026-08-24 14:38:36 | INFO | Model output: Thought: Donnie Smith plays for the New England Revolution, which is a team in Major League Soccer (MLS). MLS features 22 teams. Therefore, the league Donnie Smith belongs to, which has 22 teams, is Major League Soccer (MLS).
Answer: Major League Soccer (MLS)
2026-08-24 14:38:36 | INFO | Prediction: Major League Soccer (MLS)
2026-08-24 14:38:36 | INFO | Gold: Major League Soccer
2026-08-24 14:38:36 | INFO | Answer | EM: 0.0000 | F1: 0.8571
2026-08-24 14:38:36 | INFO | Result | Correct: False | Running EM: 21.57% | Termination: completed | Steps: 1 | Tool calls: 0 | Latency: 0.229s
2026-08-24 14:38:36 | INFO | Step 1
2026-08-24 14:38:36 | INFO | Thought: Faith Goldy got fired after giving an interview on The Daily Shoah, which is a production site edited by Andrew Anglin.
2026-08-24 14:38:36 | INFO | Model output: Thought: Faith Goldy got fired after giving an interview on The Daily Shoah, which is a production site edited by Andrew Anglin.
Answer: The Daily Shoah
2026-08-24 14:38:36 | INFO | Prediction: The Daily Shoah
2026-08-24 14:38:36 | INFO | Gold: The Daily Stormer
2026-08-24 14:38:36 | INFO | Answer | EM: 0.0000 | F1: 0.5000
2026-08-24 14:38:36 | INFO | Result | Correct: False | Running EM: 21.48% | Termination: completed | Steps: 1 | Tool calls: 0 | Latency: 0.229s
2026-08-24 14:38:36 | INFO | Inference batch [257-272/500] size=16
2026-08-24 14:38:36 | INFO | [257/500] example_id=5a79b525554299029c4b5f67
2026-08-24 14:38:36 | INFO | Question: What performing traditionally from the longest continental mountain range in the world, are Grupo Aymara famous for?
2026-08-24 14:38:36 | INFO | [258/500] example_id=5a8b77705542995d1e6f13aa
2026-08-24 14:38:36 | INFO | Question: What American broadcasting company broadcasted the comedy show hosted by Emma Willmann?
2026-08-24 14:38:36 | INFO | [259/500] example_id=5a8aeadc55429950cd6afbe0
2026-08-24 14:38:36 | INFO | Question: What date in 2010 was a South Korean film starring  Kim Hyang-gi released?
2026-08-24 14:38:36 | INFO | [260/500] example_id=5abd0296554299114383a1d1
2026-08-24 14:38:36 | INFO | Question: Douglas D. Scott is an American archaeologist most notable for his work at the site of a battle that occurred in what year?
2026-08-24 14:38:36 | INFO | [261/500] example_id=5ae4d0ff55429913cc204511
2026-08-24 14:38:36 | INFO | Question: Did Billy Corgan's band The Smashing Pumpkins or Greek Fire originate in a more southern location?
2026-08-24 14:38:36 | INFO | [262/500] example_id=5ac07fff554299294b219006
2026-08-24 14:38:36 | INFO | Question: What sport does Simon Aspelin and Thomaz Koch have in common?
2026-08-24 14:38:36 | INFO | [263/500] example_id=5ab741005542992aa3b8c800
2026-08-24 14:38:36 | INFO | Question: Dan Hurley is the brother of which head coach of Arizona State's men's basketball team?
2026-08-24 14:38:36 | INFO | [264/500] example_id=5abe4a365542993f32c2a0dc
2026-08-24 14:38:36 | INFO | Question: Rosi Golan's songs were featured in commercials for a brand of Artsana, that's been working for over 50 years, and is present in how many countries?
2026-08-24 14:38:36 | INFO | [265/500] example_id=5ab6cebd55429954757d3378
2026-08-24 14:38:36 | INFO | Question: What kind of act does Whaling in Australia and Right whale have in common?
2026-08-24 14:38:36 | INFO | [266/500] example_id=5abc219655429959677d6a1d
2026-08-24 14:38:36 | INFO | Question: Which comic book was also written by the writer of Crossed?
2026-08-24 14:38:36 | INFO | [267/500] example_id=5ac546975542993e66e8229a
2026-08-24 14:38:36 | INFO | Question: What year was the early consumer co-operative, in which a 2012 British biographical feature film tells the story of, formed?
2026-08-24 14:38:36 | INFO | [268/500] example_id=5adf4da15542995534e8c780
2026-08-24 14:38:36 | INFO | Question: Are Philip Cortez and Julian Castro democratic or republican?
2026-08-24 14:38:36 | INFO | [269/500] example_id=5a7f1d3c5542993067513639
2026-08-24 14:38:36 | INFO | Question: Which European based oil giant bought the commodities trading arm of J.P. Morgan in 2014?
2026-08-24 14:38:36 | INFO | [270/500] example_id=5ae3c71f5542991a06ce9a22
2026-08-24 14:38:36 | INFO | Question: Predelta National Park is located in which area of Argentina comprising of the provinces Misiones, Entre Ríos and Corrientes?
2026-08-24 14:38:36 | INFO | [271/500] example_id=5a7e32905542991319bc943b
2026-08-24 14:38:36 | INFO | Question: Jennifer Jones captained the gold medalists for Canada at the Sochi Winter Olympics in which event?
2026-08-24 14:38:36 | INFO | [272/500] example_id=5a75462d5542996c70cfaed3
2026-08-24 14:38:36 | INFO | Question: Who was born first, Kwok Kin Pong or Edison Chen?
2026-08-24 14:38:41 | INFO | Step 1
2026-08-24 14:38:41 | INFO | Thought: Grupo Aymara is known for performing traditional Andean music, and the longest continental mountain range in the world is the Andes. Therefore, Grupo Aymara is famous for performing traditional music from the Andes.
2026-08-24 14:38:41 | INFO | Model output: Thought: Grupo Aymara is known for performing traditional Andean music, and the longest continental mountain range in the world is the Andes. Therefore, Grupo Aymara is famous for performing traditional music from the Andes.
Answer: traditional Andean music
2026-08-24 14:38:41 | INFO | Prediction: traditional Andean music
2026-08-24 14:38:41 | INFO | Gold: traditional music
2026-08-24 14:38:41 | INFO | Answer | EM: 0.0000 | F1: 0.8000
2026-08-24 14:38:41 | INFO | Result | Correct: False | Running EM: 21.40% | Termination: completed | Steps: 1 | Tool calls: 0 | Latency: 0.307s
2026-08-24 14:38:41 | INFO | Step 1
2026-08-24 14:38:41 | INFO | Thought: Emma Willmann hosts the comedy show "The Emma Willmann Show," which airs on Amazon Prime Video.
2026-08-24 14:38:41 | INFO | Model output: Thought: Emma Willmann hosts the comedy show "The Emma Willmann Show," which airs on Amazon Prime Video.
Answer: Amazon Prime Video
2026-08-24 14:38:41 | INFO | Prediction: Amazon Prime Video
2026-08-24 14:38:41 | INFO | Gold: Sirius XM Holdings
2026-08-24 14:38:41 | INFO | Answer | EM: 0.0000 | F1: 0.0000
2026-08-24 14:38:41 | INFO | Result | Correct: False | Running EM: 21.32% | Termination: completed | Steps: 1 | Tool calls: 0 | Latency: 0.307s
2026-08-24 14:38:41 | INFO | Step 1
2026-08-24 14:38:41 | INFO | Thought: To determine the specific date in 2010 when a South Korean film starring Kim Hyang-gi was released, I would need to search for films released in South Korea in 2010 that featured Kim Hyang-gi in the lead role. Without specific information on which film to focus on, I cannot provide a precise date. However, one notable film from that year is "The Chaser," which starred Kim Hyang-gi. The Chaser was released on October 26, 2010.
2026-08-24 14:38:41 | INFO | Model output: Thought: To determine the specific date in 2010 when a South Korean film starring Kim Hyang-gi was released, I would need to search for films released in South Korea in 2010 that featured Kim Hyang-gi in the lead role. Without specific information on which film to focus on, I cannot provide a precise date. However, one notable film from that year is "The Chaser," which starred Kim Hyang-gi. The Chaser was released on October 26, 2010.
Answer: October 26, 2010
2026-08-24 14:38:41 | INFO | Prediction: October 26, 2010
2026-08-24 14:38:41 | INFO | Gold: January 14, 2010
2026-08-24 14:38:41 | INFO | Answer | EM: 0.0000 | F1: 0.3333
2026-08-24 14:38:41 | INFO | Result | Correct: False | Running EM: 21.24% | Termination: completed | Steps: 1 | Tool calls: 0 | Latency: 0.307s
2026-08-24 14:38:41 | INFO | Step 1
2026-08-24 14:38:41 | INFO | Thought: Douglas D. Scott is known for his work at the Battle of Little Bighorn. The Battle of Little Bighorn occurred in 1876.
2026-08-24 14:38:41 | INFO | Model output: Thought: Douglas D. Scott is known for his work at the Battle of Little Bighorn. The Battle of Little Bighorn occurred in 1876.
Answer: 1876
2026-08-24 14:38:41 | INFO | Prediction: 1876
2026-08-24 14:38:41 | INFO | Gold: 1876
2026-08-24 14:38:41 | INFO | Answer | EM: 1.0000 | F1: 1.0000
2026-08-24 14:38:41 | INFO | Result | Correct: True | Running EM: 21.54% | Termination: completed | Steps: 1 | Tool calls: 0 | Latency: 0.307s
2026-08-24 14:38:41 | INFO | Step 1
2026-08-24 14:38:41 | INFO | Thought: Billy Corgan's band The Smashing Pumpkins originated in Chicago, Illinois, which is located in the Midwestern United States. Greek Fire was an American hardcore punk band from Los Angeles, California, which is located in the Western United States and is further south than Chicago.
2026-08-24 14:38:41 | INFO | Model output: Thought: Billy Corgan's band The Smashing Pumpkins originated in Chicago, Illinois, which is located in the Midwestern United States. Greek Fire was an American hardcore punk band from Los Angeles, California, which is located in the Western United States and is further south than Chicago. 
Answer: Greek Fire
2026-08-24 14:38:41 | INFO | Prediction: Greek Fire
2026-08-24 14:38:41 | INFO | Gold: Greek Fire
2026-08-24 14:38:41 | INFO | Answer | EM: 1.0000 | F1: 1.0000
2026-08-24 14:38:41 | INFO | Result | Correct: True | Running EM: 21.84% | Termination: completed | Steps: 1 | Tool calls: 0 | Latency: 0.307s
2026-08-24 14:38:41 | INFO | Step 1
2026-08-24 14:38:41 | INFO | Thought: Simon Aspelin is a professional tennis player. Thomaz Koch is also a professional tennis player. Therefore, the sport that Simon Aspelin and Thomaz Koch have in common is tennis.
2026-08-24 14:38:41 | INFO | Model output: Thought: Simon Aspelin is a professional tennis player. Thomaz Koch is also a professional tennis player. Therefore, the sport that Simon Aspelin and Thomaz Koch have in common is tennis.
Answer: tennis
2026-08-24 14:38:41 | INFO | Prediction: tennis
2026-08-24 14:38:41 | INFO | Gold: tennis
2026-08-24 14:38:41 | INFO | Answer | EM: 1.0000 | F1: 1.0000
2026-08-24 14:38:41 | INFO | Result | Correct: True | Running EM: 22.14% | Termination: completed | Steps: 1 | Tool calls: 0 | Latency: 0.307s
2026-08-24 14:38:41 | INFO | Step 1
2026-08-24 14:38:41 | INFO | Thought: Dan Hurley is the head coach of Marquette University's men's basketball team. His brother, Bobby Hurley, is the head coach of Arizona State's men's basketball team.
2026-08-24 14:38:41 | INFO | Model output: Thought: Dan Hurley is the head coach of Marquette University's men's basketball team. His brother, Bobby Hurley, is the head coach of Arizona State's men's basketball team.
Answer: Bobby Hurley
2026-08-24 14:38:41 | INFO | Prediction: Bobby Hurley
2026-08-24 14:38:41 | INFO | Gold: Robert Matthew Hurley
2026-08-24 14:38:41 | INFO | Answer | EM: 0.0000 | F1: 0.4000
2026-08-24 14:38:41 | INFO | Result | Correct: False | Running EM: 22.05% | Termination: completed | Steps: 1 | Tool calls: 0 | Latency: 0.307s
2026-08-24 14:38:41 | INFO | Step 1
2026-08-24 14:38:41 | INFO | Thought: Rosi Golan is an Italian singer and songwriter. Artsana is a brand that produces high-quality art supplies such as brushes, paints, and canvases. A brand that fits these criteria is Faber Castell, which has been operating since 1761 and is present in over 100 countries. Given that Faber Castell matches the description and has been working for over 50 years, it is likely the brand in question. Rosi Golan has indeed collaborated with Faber Castell on various projects, including commercial songs.
2026-08-24 14:38:41 | INFO | Model output: Thought: Rosi Golan is an Italian singer and songwriter. Artsana is a brand that produces high-quality art supplies such as brushes, paints, and canvases. A brand that fits these criteria is Faber Castell, which has been operating since 1761 and is present in over 100 countries. Given that Faber Castell matches the description and has been working for over 50 years, it is likely the brand in question. Rosi Golan has indeed collaborated with Faber Castell on various projects, including commercial songs.
Answer: 100 countries
2026-08-24 14:38:41 | INFO | Prediction: 100 countries
2026-08-24 14:38:41 | INFO | Gold: more than 120 countries
2026-08-24 14:38:41 | INFO | Answer | EM: 0.0000 | F1: 0.3333
2026-08-24 14:38:41 | INFO | Result | Correct: False | Running EM: 21.97% | Termination: completed | Steps: 1 | Tool calls: 0 | Latency: 0.307s
2026-08-24 14:38:41 | INFO | Step 1
2026-08-24 14:38:41 | INFO | Thought: Whaling in Australia refers to the historical practice of hunting whales off the coast of Australia, while Right whale is a species of whale. The common act they share is being related to whale hunting or whaling activities.
2026-08-24 14:38:41 | INFO | Model output: Thought: Whaling in Australia refers to the historical practice of hunting whales off the coast of Australia, while Right whale is a species of whale. The common act they share is being related to whale hunting or whaling activities.
Answer: whale hunting or whaling activities
2026-08-24 14:38:41 | INFO | Prediction: whale hunting or whaling activities
2026-08-24 14:38:41 | INFO | Gold: hunt
2026-08-24 14:38:41 | INFO | Answer | EM: 0.0000 | F1: 0.0000
2026-08-24 14:38:41 | INFO | Result | Correct: False | Running EM: 21.89% | Termination: completed | Steps: 1 | Tool calls: 0 | Latency: 0.307s
2026-08-24 14:38:41 | INFO | Step 1
2026-08-24 14:38:41 | INFO | Thought: The writer of Crossed is Garth Ennis. Garth Ennis has written several other comic books such as Preacher and The Boys. One of his notable works is The Boys, which he wrote alongside Darick Robertson.
2026-08-24 14:38:41 | INFO | Model output: Thought: The writer of Crossed is Garth Ennis. Garth Ennis has written several other comic books such as Preacher and The Boys. One of his notable works is The Boys, which he wrote alongside Darick Robertson.
Answer: The Boys
2026-08-24 14:38:41 | INFO | Prediction: The Boys
2026-08-24 14:38:41 | INFO | Gold: the Vertigo series "Preacher"
2026-08-24 14:38:41 | INFO | Answer | EM: 0.0000 | F1: 0.0000
2026-08-24 14:38:41 | INFO | Result | Correct: False | Running EM: 21.80% | Termination: completed | Steps: 1 | Tool calls: 0 | Latency: 0.307s
2026-08-24 14:38:41 | INFO | Step 1
2026-08-24 14:38:41 | INFO | Thought: The 2012 British biographical feature film tells the story of Sylvia Pankhurst, who was involved with the East End Federation, which was an early consumer co-operative. The East End Federation was formed in 1903.
2026-08-24 14:38:41 | INFO | Model output: Thought: The 2012 British biographical feature film tells the story of Sylvia Pankhurst, who was involved with the East End Federation, which was an early consumer co-operative. The East End Federation was formed in 1903.
Answer: 1903
2026-08-24 14:38:41 | INFO | Prediction: 1903
2026-08-24 14:38:41 | INFO | Gold: 1844
2026-08-24 14:38:41 | INFO | Answer | EM: 0.0000 | F1: 0.0000
2026-08-24 14:38:41 | INFO | Result | Correct: False | Running EM: 21.72% | Termination: completed | Steps: 1 | Tool calls: 0 | Latency: 0.307s
2026-08-24 14:38:41 | INFO | Step 1
2026-08-24 14:38:41 | INFO | Thought: Philip Cortez is a Democratic Party politician, while Julian Castro is also associated with the Democratic Party.
2026-08-24 14:38:41 | INFO | Model output: Thought: Philip Cortez is a Democratic Party politician, while Julian Castro is also associated with the Democratic Party. 
Answer: Democratic
2026-08-24 14:38:41 | INFO | Prediction: Democratic
2026-08-24 14:38:41 | INFO | Gold: Democratic
2026-08-24 14:38:41 | INFO | Answer | EM: 1.0000 | F1: 1.0000
2026-08-24 14:38:41 | INFO | Result | Correct: True | Running EM: 22.01% | Termination: completed | Steps: 1 | Tool calls: 0 | Latency: 0.307s
2026-08-24 14:38:41 | INFO | Step 1
2026-08-24 14:38:41 | INFO | Thought: In 2014, BP, a European-based oil giant, acquired the commodities trading business of J.P. Morgan.
2026-08-24 14:38:41 | INFO | Model output: Thought: In 2014, BP, a European-based oil giant, acquired the commodities trading business of J.P. Morgan.
Answer: BP
2026-08-24 14:38:41 | INFO | Prediction: BP
2026-08-24 14:38:41 | INFO | Gold: Mercuria Energy Group Ltd
2026-08-24 14:38:41 | INFO | Answer | EM: 0.0000 | F1: 0.0000
2026-08-24 14:38:41 | INFO | Result | Correct: False | Running EM: 21.93% | Termination: completed | Steps: 1 | Tool calls: 0 | Latency: 0.307s
2026-08-24 14:38:41 | INFO | Step 1
2026-08-24 14:38:41 | INFO | Thought: Predelta National Park is located in the northeastern region of Argentina, specifically in the provinces of Misiones, Entre Ríos, and Corrientes, which form part of the Paraná Delta area.
2026-08-24 14:38:41 | INFO | Model output: Thought: Predelta National Park is located in the northeastern region of Argentina, specifically in the provinces of Misiones, Entre Ríos, and Corrientes, which form part of the Paraná Delta area.
Answer: northeastern region of Argentina comprising the provinces Misiones, Entre Ríos, and Corrientes
2026-08-24 14:38:41 | INFO | Prediction: northeastern region of Argentina comprising the provinces Misiones, Entre Ríos, and Corrientes
2026-08-24 14:38:41 | INFO | Gold: Mesopotamia
2026-08-24 14:38:41 | INFO | Answer | EM: 0.0000 | F1: 0.0000
2026-08-24 14:38:41 | INFO | Result | Correct: False | Running EM: 21.85% | Termination: completed | Steps: 1 | Tool calls: 0 | Latency: 0.307s
2026-08-24 14:38:41 | INFO | Step 1
2026-08-24 14:38:41 | INFO | Thought: Jennifer Jones is known for curling, and she won a gold medal at the Sochi Winter Olympics. The event she captained was women's curling.
2026-08-24 14:38:41 | INFO | Model output: Thought: Jennifer Jones is known for curling, and she won a gold medal at the Sochi Winter Olympics. The event she captained was women's curling.
Answer: women's curling
2026-08-24 14:38:41 | INFO | Prediction: women's curling
2026-08-24 14:38:41 | INFO | Gold: Curling
2026-08-24 14:38:41 | INFO | Answer | EM: 0.0000 | F1: 0.6667
2026-08-24 14:38:41 | INFO | Result | Correct: False | Running EM: 21.77% | Termination: completed | Steps: 1 | Tool calls: 0 | Latency: 0.307s
2026-08-24 14:38:41 | INFO | Step 1
2026-08-24 14:38:41 | INFO | Thought: Kwok Kin Pong was born on October 25, 1963, while Edison Chen was born on July 1, 1971. Therefore, Kwok Kin Pong was born first.
2026-08-24 14:38:41 | INFO | Model output: Thought: Kwok Kin Pong was born on October 25, 1963, while Edison Chen was born on July 1, 1971. Therefore, Kwok Kin Pong was born first.
Answer: Kwok Kin Pong
2026-08-24 14:38:41 | INFO | Prediction: Kwok Kin Pong
2026-08-24 14:38:41 | INFO | Gold: Edison Koon-hei Chen
2026-08-24 14:38:41 | INFO | Answer | EM: 0.0000 | F1: 0.0000
2026-08-24 14:38:41 | INFO | Result | Correct: False | Running EM: 21.69% | Termination: completed | Steps: 1 | Tool calls: 0 | Latency: 0.307s
2026-08-24 14:38:41 | INFO | Inference batch [273-288/500] size=16
2026-08-24 14:38:41 | INFO | [273/500] example_id=5a8effb55542997ba9cb317f
2026-08-24 14:38:41 | INFO | Question: Who is the host of Wall of Fame known for his partnership with?
2026-08-24 14:38:41 | INFO | [274/500] example_id=5abec66b5542997ec76fd360
2026-08-24 14:38:41 | INFO | Question: What do Josef Veltjens and Hermann Goering have in common?
2026-08-24 14:38:41 | INFO | [275/500] example_id=5a9030ef5542995651fb50e4
2026-08-24 14:38:41 | INFO | Question: Show Her is a song written by a country music artist who is also a former player of what sport?
2026-08-24 14:38:41 | INFO | [276/500] example_id=5a762cf0554299109176e6a4
2026-08-24 14:38:41 | INFO | Question: Who is older, Bertalan Farkas or Hans Schlegel?
2026-08-24 14:38:41 | INFO | [277/500] example_id=5ade1c9e55429939a52fe822
2026-08-24 14:38:41 | INFO | Question: Where did Henri Christophe and other slaves hold an uprising from 1791 to 1804 that led to the founding of a state which was both free from slavery and ruled by non-whites and former captives?
2026-08-24 14:38:41 | INFO | [278/500] example_id=5abb1e1b5542992ccd8e7f19
2026-08-24 14:38:41 | INFO | Question: José Saramago and Ivo Andrić were recipients of what award in Literature?
2026-08-24 14:38:41 | INFO | [279/500] example_id=5a791ce955429974737f798e
2026-08-24 14:38:41 | INFO | Question: Brett McClure competed in the pommel horse event at the 2001 Goodwill Games in what Australian province?
2026-08-24 14:38:41 | INFO | [280/500] example_id=5ae67dba55429908198fa5f0
2026-08-24 14:38:41 | INFO | Question: The Memphis Hustle are based in a suburb of a city with a population of what in 2010?
2026-08-24 14:38:41 | INFO | [281/500] example_id=5a7ef6b35542994959419a94
2026-08-24 14:38:41 | INFO | Question: What region of Italy was Giorgio Pini born in?
2026-08-24 14:38:41 | INFO | [282/500] example_id=5ae5e8dc554299546bf82fbe
2026-08-24 14:38:41 | INFO | Question: Which name adopted by African-American activist Allen Donaldson co-found Black Power movement of the 1960s and 1970s
2026-08-24 14:38:41 | INFO | [283/500] example_id=5a89bbb05542992e4fca83a3
2026-08-24 14:38:41 | INFO | Question: What star of Parks and Recreation appeared in November?
2026-08-24 14:38:41 | INFO | [284/500] example_id=5adcf8155542990d50227d6a
2026-08-24 14:38:41 | INFO | Question: What is the name of  rocker, who was awarded "Rock Goddess of the Year" in the Annual Loudwide Music Awards, who sang with high pitched screams in her band's albums?
2026-08-24 14:38:41 | INFO | [285/500] example_id=5a74feb75542996c70cfae6d
2026-08-24 14:38:41 | INFO | Question: Which man, Ibn Tufail or Ali Qushji, is best known for the development of astronomical physics independent from natural philosophy?
2026-08-24 14:38:41 | INFO | [286/500] example_id=5ae32e125542991a06ce9946
2026-08-24 14:38:41 | INFO | Question: According to the 2001 census, what was the population of the city in which Kirton End is located?
2026-08-24 14:38:41 | INFO | [287/500] example_id=5a8242c155429940e5e1a81d
2026-08-24 14:38:41 | INFO | Question: Where was the author of Thoughts of Machiavelli born?
2026-08-24 14:38:41 | INFO | [288/500] example_id=5ab2acbc55429929539467d2
2026-08-24 14:38:41 | INFO | Question: What island is located  808 nmi northwest of the capital of Hawaii?
2026-08-24 14:38:44 | INFO | Step 1
2026-08-24 14:38:44 | INFO | Thought: The host of Wall of Fame is Sun Liangliang, who is known for his partnership with Liu Yaping.
2026-08-24 14:38:44 | INFO | Model output: Thought: The host of Wall of Fame is Sun Liangliang, who is known for his partnership with Liu Yaping.
Answer: Liu Yaping
2026-08-24 14:38:44 | INFO | Prediction: Liu Yaping
2026-08-24 14:38:44 | INFO | Gold: Matt Lucas
2026-08-24 14:38:44 | INFO | Answer | EM: 0.0000 | F1: 0.0000
2026-08-24 14:38:44 | INFO | Result | Correct: False | Running EM: 21.61% | Termination: completed | Steps: 1 | Tool calls: 0 | Latency: 0.236s
2026-08-24 14:38:44 | INFO | Step 1
2026-08-24 14:38:44 | INFO | Thought: Josef Veltjens was a German engineer and aircraft designer, while Hermann Göring was a high-ranking Nazi official and aircraft designer. Both were involved in the development of aircraft during World War II. Additionally, both held significant roles in Germany during the Nazi era.
2026-08-24 14:38:44 | INFO | Model output: Thought: Josef Veltjens was a German engineer and aircraft designer, while Hermann Göring was a high-ranking Nazi official and aircraft designer. Both were involved in the development of aircraft during World War II. Additionally, both held significant roles in Germany during the Nazi era.
Answer: aircraft design, Nazi era
2026-08-24 14:38:44 | INFO | Prediction: aircraft design, Nazi era
2026-08-24 14:38:44 | INFO | Gold: A veteran World War I fighter pilot ace
2026-08-24 14:38:44 | INFO | Answer | EM: 0.0000 | F1: 0.0000
2026-08-24 14:38:44 | INFO | Result | Correct: False | Running EM: 21.53% | Termination: completed | Steps: 1 | Tool calls: 0 | Latency: 0.236s
2026-08-24 14:38:44 | INFO | Step 1
2026-08-24 14:38:44 | INFO | Thought: Taylor Swift, the country music artist who wrote "Show Her," played soccer as a member of the Nashville Soccer Club. Therefore, the sport she is a former player of is soccer.
2026-08-24 14:38:44 | INFO | Model output: Thought: Taylor Swift, the country music artist who wrote "Show Her," played soccer as a member of the Nashville Soccer Club. Therefore, the sport she is a former player of is soccer.
Answer: soccer
2026-08-24 14:38:44 | INFO | Prediction: soccer
2026-08-24 14:38:44 | INFO | Gold: American football
2026-08-24 14:38:44 | INFO | Answer | EM: 0.0000 | F1: 0.0000
2026-08-24 14:38:44 | INFO | Result | Correct: False | Running EM: 21.45% | Termination: completed | Steps: 1 | Tool calls: 0 | Latency: 0.236s
2026-08-24 14:38:44 | INFO | Step 1
2026-08-24 14:38:44 | INFO | Thought: Bertalan Farkas was born in 1927, while Hans Schlegel was born in 1930. Since 1927 is earlier than 1930, Bertalan Farkas is older.
2026-08-24 14:38:44 | INFO | Model output: Thought: Bertalan Farkas was born in 1927, while Hans Schlegel was born in 1930. Since 1927 is earlier than 1930, Bertalan Farkas is older.
Answer: Bertalan Farkas
2026-08-24 14:38:44 | INFO | Prediction: Bertalan Farkas
2026-08-24 14:38:44 | INFO | Gold: Bertalan Farkas
2026-08-24 14:38:44 | INFO | Answer | EM: 1.0000 | F1: 1.0000
2026-08-24 14:38:44 | INFO | Result | Correct: True | Running EM: 21.74% | Termination: completed | Steps: 1 | Tool calls: 0 | Latency: 0.236s
2026-08-24 14:38:44 | INFO | Step 1
2026-08-24 14:38:44 | INFO | Thought: Henri Christophe was a leader in the Haitian Revolution, which began in 1791. This revolution was an uprising by enslaved people against French colonial rule. The revolution led to the founding of the independent state of Haiti in 1804, which was free from slavery and initially ruled by black leaders including Henri Christophe.
2026-08-24 14:38:44 | INFO | Model output: Thought: Henri Christophe was a leader in the Haitian Revolution, which began in 1791. This revolution was an uprising by enslaved people against French colonial rule. The revolution led to the founding of the independent state of Haiti in 1804, which was free from slavery and initially ruled by black leaders including Henri Christophe.
Answer: Haiti
2026-08-24 14:38:44 | INFO | Prediction: Haiti
2026-08-24 14:38:44 | INFO | Gold: Saint-Domingue
2026-08-24 14:38:44 | INFO | Answer | EM: 0.0000 | F1: 0.0000
2026-08-24 14:38:44 | INFO | Result | Correct: False | Running EM: 21.66% | Termination: completed | Steps: 1 | Tool calls: 0 | Latency: 0.236s
2026-08-24 14:38:44 | INFO | Step 1
2026-08-24 14:38:44 | INFO | Thought: José Saramago and Ivo Andrić both received the Nobel Prize in Literature. José Saramago won in 1998, and Ivo Andrić won in 1961.
2026-08-24 14:38:44 | INFO | Model output: Thought: José Saramago and Ivo Andrić both received the Nobel Prize in Literature. José Saramago won in 1998, and Ivo Andrić won in 1961.
Answer: Nobel Prize in Literature
2026-08-24 14:38:44 | INFO | Prediction: Nobel Prize in Literature
2026-08-24 14:38:44 | INFO | Gold: Nobel Prize in Literature
2026-08-24 14:38:44 | INFO | Answer | EM: 1.0000 | F1: 1.0000
2026-08-24 14:38:44 | INFO | Result | Correct: True | Running EM: 21.94% | Termination: completed | Steps: 1 | Tool calls: 0 | Latency: 0.236s
2026-08-24 14:38:44 | INFO | Step 1
2026-08-24 14:38:44 | INFO | Thought: Brett McClure competed in the 2001 Goodwill Games in Sydney, Australia. Sydney is located in the New South Wales province of Australia.
2026-08-24 14:38:44 | INFO | Model output: Thought: Brett McClure competed in the 2001 Goodwill Games in Sydney, Australia. Sydney is located in the New South Wales province of Australia.
Answer: New South Wales
2026-08-24 14:38:44 | INFO | Prediction: New South Wales
2026-08-24 14:38:44 | INFO | Gold: Queensland
2026-08-24 14:38:44 | INFO | Answer | EM: 0.0000 | F1: 0.0000
2026-08-24 14:38:44 | INFO | Result | Correct: False | Running EM: 21.86% | Termination: completed | Steps: 1 | Tool calls: 0 | Latency: 0.236s
2026-08-24 14:38:44 | INFO | Step 1
2026-08-24 14:38:44 | INFO | Thought: The Memphis Hustle are a basketball team based in Memphis, Tennessee. According to the 2010 census, the population of Memphis, Tennessee was 650,120.
2026-08-24 14:38:44 | INFO | Model output: Thought: The Memphis Hustle are a basketball team based in Memphis, Tennessee. According to the 2010 census, the population of Memphis, Tennessee was 650,120.
Answer: 650,120
2026-08-24 14:38:44 | INFO | Prediction: 650,120
2026-08-24 14:38:44 | INFO | Gold: 48,982
2026-08-24 14:38:44 | INFO | Answer | EM: 0.0000 | F1: 0.0000
2026-08-24 14:38:44 | INFO | Result | Correct: False | Running EM: 21.79% | Termination: completed | Steps: 1 | Tool calls: 0 | Latency: 0.236s
2026-08-24 14:38:44 | INFO | Step 1
2026-08-24 14:38:44 | INFO | Thought: Giorgio Pini was an Italian footballer who played as a goalkeeper. To find out the region he was born in, I need to know his place of birth. Giorgio Pini was born in Rome, Italy. Rome is the capital city of Italy and located in the Lazio region.
2026-08-24 14:38:44 | INFO | Model output: Thought: Giorgio Pini was an Italian footballer who played as a goalkeeper. To find out the region he was born in, I need to know his place of birth. Giorgio Pini was born in Rome, Italy. Rome is the capital city of Italy and located in the Lazio region.
Answer: Lazio
2026-08-24 14:38:44 | INFO | Prediction: Lazio
2026-08-24 14:38:44 | INFO | Gold: Emilia-Romagna Region
2026-08-24 14:38:44 | INFO | Answer | EM: 0.0000 | F1: 0.0000
2026-08-24 14:38:44 | INFO | Result | Correct: False | Running EM: 21.71% | Termination: completed | Steps: 1 | Tool calls: 0 | Latency: 0.236s
2026-08-24 14:38:44 | INFO | Step 1
2026-08-24 14:38:44 | INFO | Thought: Allen Donaldson co-founded the Black Power movement in the 1960s and 1970s. He adopted the name Kwame Ture. Kwame Ture was also known as Stokely Carmichael, who was another prominent figure in the Black Power movement. Therefore, the name Allen Donaldson adopted is Kwame Ture.
2026-08-24 14:38:44 | INFO | Model output: Thought: Allen Donaldson co-founded the Black Power movement in the 1960s and 1970s. He adopted the name Kwame Ture. Kwame Ture was also known as Stokely Carmichael, who was another prominent figure in the Black Power movement. Therefore, the name Allen Donaldson adopted is Kwame Ture.
Answer: Kwame Ture
2026-08-24 14:38:44 | INFO | Prediction: Kwame Ture
2026-08-24 14:38:44 | INFO | Gold: Hakim Abdullah Jamal
2026-08-24 14:38:44 | INFO | Answer | EM: 0.0000 | F1: 0.0000
2026-08-24 14:38:44 | INFO | Result | Correct: False | Running EM: 21.63% | Termination: completed | Steps: 1 | Tool calls: 0 | Latency: 0.236s
2026-08-24 14:38:44 | INFO | Step 1
2026-08-24 14:38:44 | INFO | Thought: Amy Poehler starred in the NBC sitcom Parks and Recreation. Amy Poehler has appeared in various films and projects throughout the year, including roles in movies released in November. One such movie is "Paul Blart: Mall Cop," which was released on November 23, 2011.
2026-08-24 14:38:44 | INFO | Model output: Thought: Amy Poehler starred in the NBC sitcom Parks and Recreation. Amy Poehler has appeared in various films and projects throughout the year, including roles in movies released in November. One such movie is "Paul Blart: Mall Cop," which was released on November 23, 2011.
Answer: Amy Poehler
2026-08-24 14:38:44 | INFO | Prediction: Amy Poehler
2026-08-24 14:38:44 | INFO | Gold: Nick Offerman
2026-08-24 14:38:44 | INFO | Answer | EM: 0.0000 | F1: 0.0000
2026-08-24 14:38:44 | INFO | Result | Correct: False | Running EM: 21.55% | Termination: completed | Steps: 1 | Tool calls: 0 | Latency: 0.236s
2026-08-24 14:38:44 | INFO | Step 1
2026-08-24 14:38:44 | INFO | Thought: The question asks for a rocker who was awarded "Rock Goddess of the Year" and sang with high-pitched screams. This description fits Lita Ford, who is known for her powerful vocals and receiving such an award.
2026-08-24 14:38:44 | INFO | Model output: Thought: The question asks for a rocker who was awarded "Rock Goddess of the Year" and sang with high-pitched screams. This description fits Lita Ford, who is known for her powerful vocals and receiving such an award.
Answer: Lita Ford
2026-08-24 14:38:44 | INFO | Prediction: Lita Ford
2026-08-24 14:38:44 | INFO | Gold: Maria Brink
2026-08-24 14:38:44 | INFO | Answer | EM: 0.0000 | F1: 0.0000
2026-08-24 14:38:44 | INFO | Result | Correct: False | Running EM: 21.48% | Termination: completed | Steps: 1 | Tool calls: 0 | Latency: 0.236s
2026-08-24 14:38:44 | INFO | Step 1
2026-08-24 14:38:44 | INFO | Thought: Ibn Tufail was a philosopher and author, while Ali Qushji was an astronomer and mathematician who made significant contributions to astronomy and mathematics, including developing theories independent of natural philosophy. Therefore, Ali Qushji is best known for the development of astronomical physics independent from natural philosophy.
2026-08-24 14:38:44 | INFO | Model output: Thought: Ibn Tufail was a philosopher and author, while Ali Qushji was an astronomer and mathematician who made significant contributions to astronomy and mathematics, including developing theories independent of natural philosophy. Therefore, Ali Qushji is best known for the development of astronomical physics independent from natural philosophy.
Answer: Ali Qushji
2026-08-24 14:38:44 | INFO | Prediction: Ali Qushji
2026-08-24 14:38:44 | INFO | Gold: Ali Qushji
2026-08-24 14:38:44 | INFO | Answer | EM: 1.0000 | F1: 1.0000
2026-08-24 14:38:44 | INFO | Result | Correct: True | Running EM: 21.75% | Termination: completed | Steps: 1 | Tool calls: 0 | Latency: 0.236s
2026-08-24 14:38:44 | INFO | Step 1
2026-08-24 14:38:44 | INFO | Thought: Kirton End is a hamlet in Lincolnshire, England. The closest town with significant census data is Boston, Lincolnshire. According to the 2001 UK Census, the population of Boston was 56,536. However, Kirton End itself is not listed separately, so we cannot determine its exact population from this data.
2026-08-24 14:38:44 | INFO | Model output: Thought: Kirton End is a hamlet in Lincolnshire, England. The closest town with significant census data is Boston, Lincolnshire. According to the 2001 UK Census, the population of Boston was 56,536. However, Kirton End itself is not listed separately, so we cannot determine its exact population from this data.
Answer: 56,536 (population of Boston, Lincolnshire)
2026-08-24 14:38:44 | INFO | Prediction: 56,536 (population of Boston, Lincolnshire)
2026-08-24 14:38:44 | INFO | Gold: 35,124
2026-08-24 14:38:44 | INFO | Answer | EM: 0.0000 | F1: 0.0000
2026-08-24 14:38:44 | INFO | Result | Correct: False | Running EM: 21.68% | Termination: completed | Steps: 1 | Tool calls: 0 | Latency: 0.236s
2026-08-24 14:38:44 | INFO | Step 1
2026-08-24 14:38:44 | INFO | Thought: The author of "Thoughts of Machiavelli" is Niccolò Machiavelli himself. Niccolò Machiavelli was born in Florence, Italy.
2026-08-24 14:38:44 | INFO | Model output: Thought: The author of "Thoughts of Machiavelli" is Niccolò Machiavelli himself. Niccolò Machiavelli was born in Florence, Italy.
Answer: Florence, Italy
2026-08-24 14:38:44 | INFO | Prediction: Florence, Italy
2026-08-24 14:38:44 | INFO | Gold: Germany
2026-08-24 14:38:44 | INFO | Answer | EM: 0.0000 | F1: 0.0000
2026-08-24 14:38:44 | INFO | Result | Correct: False | Running EM: 21.60% | Termination: completed | Steps: 1 | Tool calls: 0 | Latency: 0.236s
2026-08-24 14:38:44 | INFO | Step 1
2026-08-24 14:38:44 | INFO | Thought: The capital of Hawaii is Honolulu, which is located on the island of Oahu. To find an island 808 nautical miles (nmi) northwest of Honolulu, we need to consider the geographical location. The island that fits this description is Nihoa Island.
2026-08-24 14:38:44 | INFO | Model output: Thought: The capital of Hawaii is Honolulu, which is located on the island of Oahu. To find an island 808 nautical miles (nmi) northwest of Honolulu, we need to consider the geographical location. The island that fits this description is Nihoa Island.
Answer: Nihoa Island
2026-08-24 14:38:44 | INFO | Prediction: Nihoa Island
2026-08-24 14:38:44 | INFO | Gold: Laysan
2026-08-24 14:38:44 | INFO | Answer | EM: 0.0000 | F1: 0.0000
2026-08-24 14:38:44 | INFO | Result | Correct: False | Running EM: 21.53% | Termination: completed | Steps: 1 | Tool calls: 0 | Latency: 0.236s
2026-08-24 14:38:44 | INFO | Inference batch [289-304/500] size=16
2026-08-24 14:38:44 | INFO | [289/500] example_id=5abd7d0c55429924427fd010
2026-08-24 14:38:44 | INFO | Question: Ciril Cvetko is the brother of a scholar who participates in what analysis of music?
2026-08-24 14:38:44 | INFO | [290/500] example_id=5ae6860e5542991bbc976112
2026-08-24 14:38:44 | INFO | Question: How did Emilie du Chatelet, Voltaire's love, contribute to the basic laws of physics?
2026-08-24 14:38:44 | INFO | [291/500] example_id=5a849cc95542997175ce1efa
2026-08-24 14:38:44 | INFO | Question: In what city did Brian Mannal convene when he was a member of the 188th and 189th General Court?
2026-08-24 14:38:44 | INFO | [292/500] example_id=5ac1a04e5542991316484b63
2026-08-24 14:38:44 | INFO | Question: Are both Jim McBride and Neil Jordan American?
2026-08-24 14:38:44 | INFO | [293/500] example_id=5ade7a435542997c77adee3a
2026-08-24 14:38:44 | INFO | Question: The name "Mountbatten-Windsor" applies to male-line descendants of the Queen without royal styles and titles which is a Eurpean dynasty resulting in what family?
2026-08-24 14:38:44 | INFO | [294/500] example_id=5a865e8a55429960ec39b67a
2026-08-24 14:38:44 | INFO | Question: Do the bands 3OH!3 and Moonbabies have the same number of members?
2026-08-24 14:38:44 | INFO | [295/500] example_id=5adc0e0355429944faac2404
2026-08-24 14:38:44 | INFO | Question: What side-scrolling platform game had Christian Whitehead as project lead?
2026-08-24 14:38:44 | INFO | [296/500] example_id=5a80ecea55429938b6142254
2026-08-24 14:38:44 | INFO | Question: My Secret Hotel is a television series starring a South Korean DJ who rose to fame as the lead actress in what?
2026-08-24 14:38:44 | INFO | [297/500] example_id=5ae7cea355429952e35ea9c1
2026-08-24 14:38:44 | INFO | Question: What is the name of the series who's first season was released on Netflix on September 22, 2016 and stars actor pronounced as John-a-kite?
2026-08-24 14:38:44 | INFO | [298/500] example_id=5a77a44d5542997042120aba
2026-08-24 14:38:44 | INFO | Question: What census-designated place located in Nassau County, New York has as portions of it's territory, districts of Brian Curran, New York State assemblyman?
2026-08-24 14:38:44 | INFO | [299/500] example_id=5a775f8a5542994aec3b72ba
2026-08-24 14:38:44 | INFO | Question: Who is the American singer-songwriter, who won an award for Best Female Video at the 2009 MTV Video Music Awards, and wrote a song for the 'AT&T Team USA Soundtrack'?
2026-08-24 14:38:44 | INFO | [300/500] example_id=5a80870d5542992bc0c4a752
2026-08-24 14:38:44 | INFO | Question: Shaqtin' a Fool has included which television personality who worked for 8 yearst at ESPN?
2026-08-24 14:38:44 | INFO | [301/500] example_id=5ae4d7fc5542990ba0bbb16f
2026-08-24 14:38:44 | INFO | Question: Are both Stephen R. Donaldson and Michael Moorcock science fiction writers?
2026-08-24 14:38:44 | INFO | [302/500] example_id=5abe765a55429976d4830b1f
2026-08-24 14:38:44 | INFO | Question: Who has won more olympic medals: Angelique Kerber or Amélie Mauresmo?
2026-08-24 14:38:44 | INFO | [303/500] example_id=5a84f5195542994c784dda9d
2026-08-24 14:38:44 | INFO | Question: What is the current position held by the Nathan Sharansky's co-author of the book The Case for Democracy?
2026-08-24 14:38:44 | INFO | [304/500] example_id=5ab431e65542991751b4d6e2
2026-08-24 14:38:44 | INFO | Question: Until when did this region exist as an organized incorporated territory of the United States, for which Samuel Thurston served as its first delegate?
2026-08-24 14:38:48 | INFO | Step 1
2026-08-24 14:38:48 | INFO | Thought: Ciril Cvetko is the brother of Albin Cvetko, who is a scholar known for his analysis of folk music in Slovenia.
2026-08-24 14:38:48 | INFO | Model output: Thought: Ciril Cvetko is the brother of Albin Cvetko, who is a scholar known for his analysis of folk music in Slovenia.
Answer: folk music analysis
2026-08-24 14:38:48 | INFO | Prediction: folk music analysis
2026-08-24 14:38:48 | INFO | Gold: Musicology
2026-08-24 14:38:48 | INFO | Answer | EM: 0.0000 | F1: 0.0000
2026-08-24 14:38:48 | INFO | Result | Correct: False | Running EM: 21.45% | Termination: completed | Steps: 1 | Tool calls: 0 | Latency: 0.214s
2026-08-24 14:38:48 | INFO | Step 1
2026-08-24 14:38:48 | INFO | Thought: Emilie du Chatelet translated and expanded Isaac Newton's "Principia Mathematica" into French, providing detailed explanations and adding her own insights. She also conducted experiments to verify the conservation of energy, contributing to the understanding of basic laws of physics.
2026-08-24 14:38:48 | INFO | Model output: Thought: Emilie du Chatelet translated and expanded Isaac Newton's "Principia Mathematica" into French, providing detailed explanations and adding her own insights. She also conducted experiments to verify the conservation of energy, contributing to the understanding of basic laws of physics.
Answer: She translated Newton's "Principia Mathematica" and verified the conservation of energy through experiments.
2026-08-24 14:38:48 | INFO | Prediction: She translated Newton's "Principia Mathematica" and verified the conservation of energy through experiments.
2026-08-24 14:38:48 | INFO | Gold: commentary on Isaac Newton's book "Principia"
2026-08-24 14:38:48 | INFO | Answer | EM: 0.0000 | F1: 0.2222
2026-08-24 14:38:48 | INFO | Result | Correct: False | Running EM: 21.38% | Termination: completed | Steps: 1 | Tool calls: 0 | Latency: 0.214s
2026-08-24 14:38:48 | INFO | Step 1
2026-08-24 14:38:48 | INFO | Thought: Brian Mannal served as a member of the Massachusetts House of Representatives during the 188th and 189th General Courts. The Massachusetts House of Representatives convenes in the State House in Boston, Massachusetts.
2026-08-24 14:38:48 | INFO | Model output: Thought: Brian Mannal served as a member of the Massachusetts House of Representatives during the 188th and 189th General Courts. The Massachusetts House of Representatives convenes in the State House in Boston, Massachusetts.
Answer: Boston
2026-08-24 14:38:48 | INFO | Prediction: Boston
2026-08-24 14:38:48 | INFO | Gold: Boston
2026-08-24 14:38:48 | INFO | Answer | EM: 1.0000 | F1: 1.0000
2026-08-24 14:38:48 | INFO | Result | Correct: True | Running EM: 21.65% | Termination: completed | Steps: 1 | Tool calls: 0 | Latency: 0.214s
2026-08-24 14:38:48 | INFO | Step 1
2026-08-24 14:38:48 | INFO | Thought: Jim McBride is an American songwriter, record producer, and actor. Neil Jordan is an Irish film director, screenwriter, and novelist. Therefore, Jim McBride is American, but Neil Jordan is not.
2026-08-24 14:38:48 | INFO | Model output: Thought: Jim McBride is an American songwriter, record producer, and actor. Neil Jordan is an Irish film director, screenwriter, and novelist. Therefore, Jim McBride is American, but Neil Jordan is not.
Answer: No
2026-08-24 14:38:48 | INFO | Prediction: No
2026-08-24 14:38:48 | INFO | Gold: no
2026-08-24 14:38:48 | INFO | Answer | EM: 1.0000 | F1: 1.0000
2026-08-24 14:38:48 | INFO | Result | Correct: True | Running EM: 21.92% | Termination: completed | Steps: 1 | Tool calls: 0 | Latency: 0.214s
2026-08-24 14:38:48 | INFO | Step 1
2026-08-24 14:38:48 | INFO | Thought: Mountbatten-Windsor is the surname used by certain male-line descendants of Queen Elizabeth II who do not hold royal styles and titles. This European dynasty is the House of Windsor, which was adopted by King George V in 1917 to distance the British royal family from their German origins during World War I.
2026-08-24 14:38:48 | INFO | Model output: Thought: Mountbatten-Windsor is the surname used by certain male-line descendants of Queen Elizabeth II who do not hold royal styles and titles. This European dynasty is the House of Windsor, which was adopted by King George V in 1917 to distance the British royal family from their German origins during World War I.
Answer: House of Windsor
2026-08-24 14:38:48 | INFO | Prediction: House of Windsor
2026-08-24 14:38:48 | INFO | Gold: Mountbatten family
2026-08-24 14:38:48 | INFO | Answer | EM: 0.0000 | F1: 0.0000
2026-08-24 14:38:48 | INFO | Result | Correct: False | Running EM: 21.84% | Termination: completed | Steps: 1 | Tool calls: 0 | Latency: 0.214s
2026-08-24 14:38:48 | INFO | Step 1
2026-08-24 14:38:48 | INFO | Thought: 3OH!3 is a band with three members, while Moonbabies is a duo consisting of two members.
2026-08-24 14:38:48 | INFO | Model output: Thought: 3OH!3 is a band with three members, while Moonbabies is a duo consisting of two members. 
Answer: No
2026-08-24 14:38:48 | INFO | Prediction: No
2026-08-24 14:38:48 | INFO | Gold: yes
2026-08-24 14:38:48 | INFO | Answer | EM: 0.0000 | F1: 0.0000
2026-08-24 14:38:48 | INFO | Result | Correct: False | Running EM: 21.77% | Termination: completed | Steps: 1 | Tool calls: 0 | Latency: 0.214s
2026-08-24 14:38:48 | INFO | Step 1
2026-08-24 14:38:48 | INFO | Thought: Christian Whitehead was the project lead for the side-scrolling platform game "Geometry Wars." However, "Geometry Wars" is not a side-scrolling platform game but a third-person shooter. The correct game he led was "Ristar," which is a side-scrolling platform game.
2026-08-24 14:38:48 | INFO | Model output: Thought: Christian Whitehead was the project lead for the side-scrolling platform game "Geometry Wars." However, "Geometry Wars" is not a side-scrolling platform game but a third-person shooter. The correct game he led was "Ristar," which is a side-scrolling platform game.  
Answer: Ristar
2026-08-24 14:38:48 | INFO | Prediction: Ristar
2026-08-24 14:38:48 | INFO | Gold: Sonic Mania
2026-08-24 14:38:48 | INFO | Answer | EM: 0.0000 | F1: 0.0000
2026-08-24 14:38:48 | INFO | Result | Correct: False | Running EM: 21.69% | Termination: completed | Steps: 1 | Tool calls: 0 | Latency: 0.214s
2026-08-24 14:38:48 | INFO | Step 1
2026-08-24 14:38:48 | INFO | Thought: My Secret Hotel is a television series starring Kim Jong-hyun, who is a South Korean singer, not a DJ. Kim Jong-hyun rose to fame as the lead vocalist in the K-pop boy group SHINee. He starred in the drama "The King 2 Hearts," which is his notable acting role before his passing.
2026-08-24 14:38:48 | INFO | Model output: Thought: My Secret Hotel is a television series starring Kim Jong-hyun, who is a South Korean singer, not a DJ. Kim Jong-hyun rose to fame as the lead vocalist in the K-pop boy group SHINee. He starred in the drama "The King 2 Hearts," which is his notable acting role before his passing.
Answer: The King 2 Hearts
2026-08-24 14:38:48 | INFO | Prediction: The King 2 Hearts
2026-08-24 14:38:48 | INFO | Gold: Queen In-hyun's Man
2026-08-24 14:38:48 | INFO | Answer | EM: 0.0000 | F1: 0.0000
2026-08-24 14:38:48 | INFO | Result | Correct: False | Running EM: 21.62% | Termination: completed | Steps: 1 | Tool calls: 0 | Latency: 0.214s
2026-08-24 14:38:48 | INFO | Step 1
2026-08-24 14:38:48 | INFO | Thought: The actor pronounced as John-a-kite is John Krasinski. The show that stars John Krasinski and had its first season released on Netflix on September 22, 2016, is "This Is Us."
2026-08-24 14:38:48 | INFO | Model output: Thought: The actor pronounced as John-a-kite is John Krasinski. The show that stars John Krasinski and had its first season released on Netflix on September 22, 2016, is "This Is Us."
Answer: This Is Us
2026-08-24 14:38:48 | INFO | Prediction: This Is Us
2026-08-24 14:38:48 | INFO | Gold: Netflix
2026-08-24 14:38:48 | INFO | Answer | EM: 0.0000 | F1: 0.0000
2026-08-24 14:38:48 | INFO | Result | Correct: False | Running EM: 21.55% | Termination: completed | Steps: 1 | Tool calls: 0 | Latency: 0.214s
2026-08-24 14:38:48 | INFO | Step 1
2026-08-24 14:38:48 | INFO | Thought: Brian Curran is a district in the Town of Hempstead, which is located in Nassau County, New York. The census-designated place that includes portions of the Brian Curran district is Baldwin.
2026-08-24 14:38:48 | INFO | Model output: Thought: Brian Curran is a district in the Town of Hempstead, which is located in Nassau County, New York. The census-designated place that includes portions of the Brian Curran district is Baldwin.
Answer: Baldwin
2026-08-24 14:38:48 | INFO | Prediction: Baldwin
2026-08-24 14:38:48 | INFO | Gold: Baldwin
2026-08-24 14:38:48 | INFO | Answer | EM: 1.0000 | F1: 1.0000
2026-08-24 14:38:48 | INFO | Result | Correct: True | Running EM: 21.81% | Termination: completed | Steps: 1 | Tool calls: 0 | Latency: 0.214s
2026-08-24 14:38:48 | INFO | Step 1
2026-08-24 14:38:48 | INFO | Thought: The American singer-songwriter who won Best Female Video at the 2009 MTV Video Music Awards is Kesha. Kesha also wrote a song for the 'AT&T Team USA Soundtrack'. Therefore, the answer is Kesha.
2026-08-24 14:38:48 | INFO | Model output: Thought: The American singer-songwriter who won Best Female Video at the 2009 MTV Video Music Awards is Kesha. Kesha also wrote a song for the 'AT&T Team USA Soundtrack'. Therefore, the answer is Kesha.
Answer: Kesha
2026-08-24 14:38:48 | INFO | Prediction: Kesha
2026-08-24 14:38:48 | INFO | Gold: Taylor Swift
2026-08-24 14:38:48 | INFO | Answer | EM: 0.0000 | F1: 0.0000
2026-08-24 14:38:48 | INFO | Result | Correct: False | Running EM: 21.74% | Termination: completed | Steps: 1 | Tool calls: 0 | Latency: 0.214s
2026-08-24 14:38:48 | INFO | Step 1
2026-08-24 14:38:48 | INFO | Thought: Shaqtin' a Fool is a comedy show that features various personalities related to sports. One of the television personalities who worked for 8 years at ESPN is Jay Williams. Jay Williams hosted "SportsCenter" and other shows at ESPN before joining Shaqtin' a Fool.
2026-08-24 14:38:48 | INFO | Model output: Thought: Shaqtin' a Fool is a comedy show that features various personalities related to sports. One of the television personalities who worked for 8 years at ESPN is Jay Williams. Jay Williams hosted "SportsCenter" and other shows at ESPN before joining Shaqtin' a Fool.
Answer: Jay Williams
2026-08-24 14:38:48 | INFO | Prediction: Jay Williams
2026-08-24 14:38:48 | INFO | Gold: Matthew Ward Winer
2026-08-24 14:38:48 | INFO | Answer | EM: 0.0000 | F1: 0.0000
2026-08-24 14:38:48 | INFO | Result | Correct: False | Running EM: 21.67% | Termination: completed | Steps: 1 | Tool calls: 0 | Latency: 0.214s
2026-08-24 14:38:48 | INFO | Step 1
2026-08-24 14:38:48 | INFO | Thought: Stephen R. Donaldson is known for his fantasy series, while Michael Moorcock is primarily known for his science fiction and fantasy works. Therefore, although both write in the realm of fantasy, only Michael Moorcock is primarily recognized as a science fiction writer.
2026-08-24 14:38:48 | INFO | Model output: Thought: Stephen R. Donaldson is known for his fantasy series, while Michael Moorcock is primarily known for his science fiction and fantasy works. Therefore, although both write in the realm of fantasy, only Michael Moorcock is primarily recognized as a science fiction writer.
Answer: No
2026-08-24 14:38:48 | INFO | Prediction: No
2026-08-24 14:38:48 | INFO | Gold: yes
2026-08-24 14:38:48 | INFO | Answer | EM: 0.0000 | F1: 0.0000
2026-08-24 14:38:48 | INFO | Result | Correct: False | Running EM: 21.59% | Termination: completed | Steps: 1 | Tool calls: 0 | Latency: 0.214s
2026-08-24 14:38:48 | INFO | Step 1
2026-08-24 14:38:48 | INFO | Thought: Angelique Kerber has won medals in tennis at the Olympic Games, while Amélie Mauresmo is also a tennis player but her medal count is not as high as Kerber's. Angelique Kerber has won 3 Olympic medals (2 gold and 1 silver), whereas Amélie Mauresmo has won 1 Olympic medal (gold).
2026-08-24 14:38:48 | INFO | Model output: Thought: Angelique Kerber has won medals in tennis at the Olympic Games, while Amélie Mauresmo is also a tennis player but her medal count is not as high as Kerber's. Angelique Kerber has won 3 Olympic medals (2 gold and 1 silver), whereas Amélie Mauresmo has won 1 Olympic medal (gold).
Answer: Angelique Kerber
2026-08-24 14:38:48 | INFO | Prediction: Angelique Kerber
2026-08-24 14:38:48 | INFO | Gold: Amélie Simone Mauresmo
2026-08-24 14:38:48 | INFO | Answer | EM: 0.0000 | F1: 0.0000
2026-08-24 14:38:48 | INFO | Result | Correct: False | Running EM: 21.52% | Termination: completed | Steps: 1 | Tool calls: 0 | Latency: 0.214s
2026-08-24 14:38:48 | INFO | Step 1
2026-08-24 14:38:48 | INFO | Thought: Nathan Sharansky co-authored "The Case for Democracy" with Daniel Pipes. Daniel Pipes is currently a senior fellow at the Washington Institute for Near East Policy and a distinguished scholar at the Middle East Forum.
2026-08-24 14:38:48 | INFO | Model output: Thought: Nathan Sharansky co-authored "The Case for Democracy" with Daniel Pipes. Daniel Pipes is currently a senior fellow at the Washington Institute for Near East Policy and a distinguished scholar at the Middle East Forum.
Answer: senior fellow at the Washington Institute for Near East Policy and a distinguished scholar at the Middle East Forum
2026-08-24 14:38:48 | INFO | Prediction: senior fellow at the Washington Institute for Near East Policy and a distinguished scholar at the Middle East Forum
2026-08-24 14:38:48 | INFO | Gold: Israeli Ambassador
2026-08-24 14:38:48 | INFO | Answer | EM: 0.0000 | F1: 0.0000
2026-08-24 14:38:48 | INFO | Result | Correct: False | Running EM: 21.45% | Termination: completed | Steps: 1 | Tool calls: 0 | Latency: 0.214s
2026-08-24 14:38:48 | INFO | Step 1
2026-08-24 14:38:48 | INFO | Thought: Samuel Thurston served as the first delegate of Hawaii, and Hawaii existed as an organized incorporated territory of the United States until it became a state in 1959.
2026-08-24 14:38:48 | INFO | Model output: Thought: Samuel Thurston served as the first delegate of Hawaii, and Hawaii existed as an organized incorporated territory of the United States until it became a state in 1959.
Answer: 1959
2026-08-24 14:38:48 | INFO | Prediction: 1959
2026-08-24 14:38:48 | INFO | Gold: February 14, 1859
2026-08-24 14:38:48 | INFO | Answer | EM: 0.0000 | F1: 0.0000
2026-08-24 14:38:48 | INFO | Result | Correct: False | Running EM: 21.38% | Termination: completed | Steps: 1 | Tool calls: 0 | Latency: 0.214s
2026-08-24 14:38:48 | INFO | Inference batch [305-320/500] size=16
2026-08-24 14:38:48 | INFO | [305/500] example_id=5ae71f06554299572ea54708
2026-08-24 14:38:48 | INFO | Question: Christopher de Haro provided the financial backing to what Portuguese explorer who organised the Spanish expedition to the East Indies from 1519 to 1522?
2026-08-24 14:38:48 | INFO | [306/500] example_id=5abdce1b5542993062266cfe
2026-08-24 14:38:48 | INFO | Question: What Minnesota county is the University of Minnesota in?
2026-08-24 14:38:48 | INFO | [307/500] example_id=5a8c5eca554299240d9c213d
2026-08-24 14:38:48 | INFO | Question: What are the anchor stores for the shopping mall constructed by C.J. Segerstrom & Sons in California?
2026-08-24 14:38:48 | INFO | [308/500] example_id=5a8c8f24554299653c1aa0ba
2026-08-24 14:38:48 | INFO | Question: The 34th Pursuit Squadron of the United States Air Force was among the 60,000-80,000 prisoners of war who were involved the Bataan Death March during what war?
2026-08-24 14:38:48 | INFO | [309/500] example_id=5ab972485542996be20204f6
2026-08-24 14:38:48 | INFO | Question: The Reverend Jesse Bushyhead was a member of a Cherokee faction led by a chief born in what year?
2026-08-24 14:38:48 | INFO | [310/500] example_id=5a778a8e5542992a6e59deca
2026-08-24 14:38:48 | INFO | Question: The American comedy film Krystal stars which actor who appeared in numerous films such as "Contact", "Armageddon", "The Perfect Storm", "Crash", "Blades of Glory", "Black Hawk Down", "Nine Lives", etc.?
2026-08-24 14:38:48 | INFO | [311/500] example_id=5ab285d1554299449642c8dd
2026-08-24 14:38:48 | INFO | Question: Monroe Regional Airport and Deadhorse Airport are both in this country?
2026-08-24 14:38:48 | INFO | [312/500] example_id=5a78e49855429974737f78f3
2026-08-24 14:38:48 | INFO | Question: How many small-box format stores are there for one of Newell Brands' brand that sells scented candles, candleholders, accessories, and dinnerware?
2026-08-24 14:38:48 | INFO | [313/500] example_id=5a72b3335542994cef4bc3dc
2026-08-24 14:38:48 | INFO | Question: What party campaigned for the Irish Home Rule Movement?
2026-08-24 14:38:48 | INFO | [314/500] example_id=5a82bc7455429940e5e1a926
2026-08-24 14:38:48 | INFO | Question: In what movie did the male star of a movie about a widowed 37-year-old woman also star in in the year 1993?
2026-08-24 14:38:48 | INFO | [315/500] example_id=5a77b0395542997042120ae1
2026-08-24 14:38:48 | INFO | Question: Which star in the movie Hush was born April 20, 1949?
2026-08-24 14:38:48 | INFO | [316/500] example_id=5a90b6985542990a984936c2
2026-08-24 14:38:48 | INFO | Question: The film "Arthur Newman" stars Colin Firth and an actress that made her professional debut in what play?
2026-08-24 14:38:48 | INFO | [317/500] example_id=5a8a833855429970aeb702fe
2026-08-24 14:38:48 | INFO | Question: How many rooms are in the hotel that is home to the Cirque du Soleil show Mystere?
2026-08-24 14:38:48 | INFO | [318/500] example_id=5a7fd95d5542992e7d278dc5
2026-08-24 14:38:48 | INFO | Question: Wagner Moura received what nomination for playing the lead role of "The King of Cocaine"?
2026-08-24 14:38:48 | INFO | [319/500] example_id=5ab1e36d554299449642c7f9
2026-08-24 14:38:48 | INFO | Question: Are Northwestern University and Middlebury College both private schools?
2026-08-24 14:38:48 | INFO | [320/500] example_id=5adfff0755429925eb1afbce
2026-08-24 14:38:48 | INFO | Question: What is 25 miles south of Groom Lake?
2026-08-24 14:38:56 | INFO | Step 1
2026-08-24 14:38:56 | INFO | Thought: Christopher de Haro provided financial backing to Fernão de Magalhães, also known as Ferdinand Magellan, who organized the Spanish expedition to the East Indies from 1519 to 1522.
2026-08-24 14:38:56 | INFO | Model output: Thought: Christopher de Haro provided financial backing to Fernão de Magalhães, also known as Ferdinand Magellan, who organized the Spanish expedition to the East Indies from 1519 to 1522.
Answer: Ferdinand Magellan
2026-08-24 14:38:56 | INFO | Prediction: Ferdinand Magellan
2026-08-24 14:38:56 | INFO | Gold: Ferdinand Magellan
2026-08-24 14:38:56 | INFO | Answer | EM: 1.0000 | F1: 1.0000
2026-08-24 14:38:56 | INFO | Result | Correct: True | Running EM: 21.64% | Termination: completed | Steps: 1 | Tool calls: 0 | Latency: 0.487s
2026-08-24 14:38:56 | INFO | Step 1
2026-08-24 14:38:56 | INFO | Thought: The University of Minnesota is located in Minneapolis, which is in Hennepin County, Minnesota.
2026-08-24 14:38:56 | INFO | Model output: Thought: The University of Minnesota is located in Minneapolis, which is in Hennepin County, Minnesota.
Answer: Hennepin County
2026-08-24 14:38:56 | INFO | Prediction: Hennepin County
2026-08-24 14:38:56 | INFO | Gold: Hennepin County
2026-08-24 14:38:56 | INFO | Answer | EM: 1.0000 | F1: 1.0000
2026-08-24 14:38:56 | INFO | Result | Correct: True | Running EM: 21.90% | Termination: completed | Steps: 1 | Tool calls: 0 | Latency: 0.487s
2026-08-24 14:38:56 | INFO | Step 1
2026-08-24 14:38:56 | INFO | Thought: C.J. Segerstrom & Sons constructed the South Coast Plaza in California. The anchor stores for South Coast Plaza are Saks Fifth Avenue and Neiman Marcus.
2026-08-24 14:38:56 | INFO | Model output: Thought: C.J. Segerstrom & Sons constructed the South Coast Plaza in California. The anchor stores for South Coast Plaza are Saks Fifth Avenue and Neiman Marcus.
Answer: Saks Fifth Avenue and Neiman Marcus
2026-08-24 14:38:56 | INFO | Prediction: Saks Fifth Avenue and Neiman Marcus
2026-08-24 14:38:56 | INFO | Gold: three Macy's stores, Sears, Nordstrom, Bloomingdale's, and Saks Fifth Avenue
2026-08-24 14:38:56 | INFO | Answer | EM: 0.0000 | F1: 0.5000
2026-08-24 14:38:56 | INFO | Result | Correct: False | Running EM: 21.82% | Termination: completed | Steps: 1 | Tool calls: 0 | Latency: 0.487s
2026-08-24 14:38:56 | INFO | Step 1
2026-08-24 14:38:56 | INFO | Thought: The 34th Pursuit Squadron was part of the United States Army Air Forces, which became the United States Air Force in 1947. The Bataan Death March occurred during World War II, specifically in 1942 when Japanese forces captured Bataan Peninsula in the Philippines. Therefore, the 34th Pursuit Squadron, being part of the U.S. military at that time, would have been involved in the Bataan Death March as well.
2026-08-24 14:38:56 | INFO | Model output: Thought: The 34th Pursuit Squadron was part of the United States Army Air Forces, which became the United States Air Force in 1947. The Bataan Death March occurred during World War II, specifically in 1942 when Japanese forces captured Bataan Peninsula in the Philippines. Therefore, the 34th Pursuit Squadron, being part of the U.S. military at that time, would have been involved in the Bataan Death March as well.
Answer: World War II
2026-08-24 14:38:56 | INFO | Prediction: World War II
2026-08-24 14:38:56 | INFO | Gold: World War II
2026-08-24 14:38:56 | INFO | Answer | EM: 1.0000 | F1: 1.0000
2026-08-24 14:38:56 | INFO | Result | Correct: True | Running EM: 22.08% | Termination: completed | Steps: 1 | Tool calls: 0 | Latency: 0.487s
2026-08-24 14:38:56 | INFO | Step 1
2026-08-24 14:38:56 | INFO | Thought: The Reverend Jesse Bushyhead was a member of the Cherokee faction led by Chief John Ross. Chief John Ross was born in 1790.
2026-08-24 14:38:56 | INFO | Model output: Thought: The Reverend Jesse Bushyhead was a member of the Cherokee faction led by Chief John Ross. Chief John Ross was born in 1790.
Answer: 1790
2026-08-24 14:38:56 | INFO | Prediction: 1790
2026-08-24 14:38:56 | INFO | Gold: 1790
2026-08-24 14:38:56 | INFO | Answer | EM: 1.0000 | F1: 1.0000
2026-08-24 14:38:56 | INFO | Result | Correct: True | Running EM: 22.33% | Termination: completed | Steps: 1 | Tool calls: 0 | Latency: 0.487s
2026-08-24 14:38:56 | INFO | Step 1
2026-08-24 14:38:56 | INFO | Thought: The actor who appeared in numerous films such as "Contact", "Armageddon", "The Perfect Storm", "Crash", "Blades of Glory", "Black Hawk Down", "Nine Lives", etc., is Dennis Quaid. Dennis Quaid also starred in the American comedy film Krystal.
2026-08-24 14:38:56 | INFO | Model output: Thought: The actor who appeared in numerous films such as "Contact", "Armageddon", "The Perfect Storm", "Crash", "Blades of Glory", "Black Hawk Down", "Nine Lives", etc., is Dennis Quaid. Dennis Quaid also starred in the American comedy film Krystal.
Answer: Dennis Quaid
2026-08-24 14:38:56 | INFO | Prediction: Dennis Quaid
2026-08-24 14:38:56 | INFO | Gold: William Fichtner
2026-08-24 14:38:56 | INFO | Answer | EM: 0.0000 | F1: 0.0000
2026-08-24 14:38:56 | INFO | Result | Correct: False | Running EM: 22.26% | Termination: completed | Steps: 1 | Tool calls: 0 | Latency: 0.487s
2026-08-24 14:38:56 | INFO | Step 1
2026-08-24 14:38:56 | INFO | Thought: Monroe Regional Airport is located in the United States. Deadhorse Airport is also located in the United States. Both airports are in this country.
2026-08-24 14:38:56 | INFO | Model output: Thought: Monroe Regional Airport is located in the United States. Deadhorse Airport is also located in the United States. Both airports are in this country.
Answer: United States
2026-08-24 14:38:56 | INFO | Prediction: United States
2026-08-24 14:38:56 | INFO | Gold: United States
2026-08-24 14:38:56 | INFO | Answer | EM: 1.0000 | F1: 1.0000
2026-08-24 14:38:56 | INFO | Result | Correct: True | Running EM: 22.51% | Termination: completed | Steps: 1 | Tool calls: 0 | Latency: 0.487s
2026-08-24 14:38:56 | INFO | Step 1
2026-08-24 14:38:56 | INFO | Thought: Newell Brands owns the brand Yankee Candle, which sells scented candles, candleholders, accessories, and dinnerware. However, the exact number of small-box format stores for Yankee Candle is not publicly disclosed by Newell Brands. Therefore, we cannot determine the precise number of such stores.
2026-08-24 14:38:56 | INFO | Model output: Thought: Newell Brands owns the brand Yankee Candle, which sells scented candles, candleholders, accessories, and dinnerware. However, the exact number of small-box format stores for Yankee Candle is not publicly disclosed by Newell Brands. Therefore, we cannot determine the precise number of such stores.
Answer: The exact number is not disclosed.
2026-08-24 14:38:56 | INFO | Prediction: The exact number is not disclosed.
2026-08-24 14:38:56 | INFO | Gold: 560
2026-08-24 14:38:56 | INFO | Answer | EM: 0.0000 | F1: 0.0000
2026-08-24 14:38:56 | INFO | Result | Correct: False | Running EM: 22.44% | Termination: completed | Steps: 1 | Tool calls: 0 | Latency: 0.487s
2026-08-24 14:38:56 | INFO | Step 1
2026-08-24 14:38:56 | INFO | Thought: The Irish Home Rule Movement was primarily supported by the Liberal Party in Ireland and the United Kingdom, which campaigned for home rule as part of their platform.
2026-08-24 14:38:56 | INFO | Model output: Thought: The Irish Home Rule Movement was primarily supported by the Liberal Party in Ireland and the United Kingdom, which campaigned for home rule as part of their platform.
Answer: The Liberal Party
2026-08-24 14:38:56 | INFO | Prediction: The Liberal Party
2026-08-24 14:38:56 | INFO | Gold: The Home Rule League
2026-08-24 14:38:56 | INFO | Answer | EM: 0.0000 | F1: 0.0000
2026-08-24 14:38:56 | INFO | Result | Correct: False | Running EM: 22.36% | Termination: completed | Steps: 1 | Tool calls: 0 | Latency: 0.487s
2026-08-24 14:38:56 | INFO | Step 1
2026-08-24 14:38:56 | INFO | Thought: The question asks about a male star from a movie about a widowed 37-year-old woman, and we need to find another movie he starred in from 1993. One such example is the movie "The Accidental Tourist" where the male lead is Gregory Peck, but he starred in "To Live and Die in L.A." in 1987, not 1993. Another example is the movie "Terms of Endearment," where the male lead is Jack Nicholson, and he also starred in "Batman" in 1989, not 1993. A fitting pair would be the movie "As Good as It Gets" where the male lead is Jack Nicholson, and he also starred in "Batman Forever" in 1995, which is close but not exact. However, Jack Nicholson starred in "The Two Jakes" in 1993, which fits the criteria.
2026-08-24 14:38:56 | INFO | Model output: Thought: The question asks about a male star from a movie about a widowed 37-year-old woman, and we need to find another movie he starred in from 1993. One such example is the movie "The Accidental Tourist" where the male lead is Gregory Peck, but he starred in "To Live and Die in L.A." in 1987, not 1993. Another example is the movie "Terms of Endearment," where the male lead is Jack Nicholson, and he also starred in "Batman" in 1989, not 1993. A fitting pair would be the movie "As Good as It Gets" where the male lead is Jack Nicholson, and he also starred in "Batman Forever" in 1995, which is close but not exact. However, Jack Nicholson starred in "The Two Jakes" in 1993, which fits the criteria.
Answer: The Two Jakes
2026-08-24 14:38:56 | INFO | Prediction: The Two Jakes
2026-08-24 14:38:56 | INFO | Gold: "Red Rock West"
2026-08-24 14:38:56 | INFO | Answer | EM: 0.0000 | F1: 0.0000
2026-08-24 14:38:56 | INFO | Result | Correct: False | Running EM: 22.29% | Termination: completed | Steps: 1 | Tool calls: 0 | Latency: 0.487s
2026-08-24 14:38:56 | INFO | Step 1
2026-08-24 14:38:56 | INFO | Thought: The movie Hush features an actress named Katee Sackhoff, who was born on April 20, 1976. However, there is no actress in Hush born on April 20, 1949. The question might be referring to a different movie or there might be an error in the birth year.
2026-08-24 14:38:56 | INFO | Model output: Thought: The movie Hush features an actress named Katee Sackhoff, who was born on April 20, 1976. However, there is no actress in Hush born on April 20, 1949. The question might be referring to a different movie or there might be an error in the birth year. 
Answer: The information provided does not match any known actress in the movie Hush. Please verify the details.
2026-08-24 14:38:56 | INFO | Prediction: The information provided does not match any known actress in the movie Hush. Please verify the details.
2026-08-24 14:38:56 | INFO | Gold: Jessica Lange
2026-08-24 14:38:56 | INFO | Answer | EM: 0.0000 | F1: 0.0000
2026-08-24 14:38:56 | INFO | Result | Correct: False | Running EM: 22.22% | Termination: completed | Steps: 1 | Tool calls: 0 | Latency: 0.487s
2026-08-24 14:38:56 | INFO | Step 1
2026-08-24 14:38:56 | INFO | Thought: The film "Arthur Newman" stars Colin Firth and Emma Thompson. Emma Thompson made her professional debut in the play "The Real Thing," which premiered in 1982 at the Royal Court Theatre in London.
2026-08-24 14:38:56 | INFO | Model output: Thought: The film "Arthur Newman" stars Colin Firth and Emma Thompson. Emma Thompson made her professional debut in the play "The Real Thing," which premiered in 1982 at the Royal Court Theatre in London.
Answer: The Real Thing
2026-08-24 14:38:56 | INFO | Prediction: The Real Thing
2026-08-24 14:38:56 | INFO | Gold: "The Royal Family"
2026-08-24 14:38:56 | INFO | Answer | EM: 0.0000 | F1: 0.0000
2026-08-24 14:38:56 | INFO | Result | Correct: False | Running EM: 22.15% | Termination: completed | Steps: 1 | Tool calls: 0 | Latency: 0.487s
2026-08-24 14:38:56 | INFO | Step 1
2026-08-24 14:38:56 | INFO | Thought: To determine the number of rooms in the hotel that hosts the Cirque du Soleil show Mystère, I need to identify the hotel first. The show Mystère is located at the Monte Carlo Bay Hotel & Casino in Monaco. However, the specific number of rooms in this hotel is not directly related to the show itself but rather to the overall capacity of the hotel. Without direct information on the room count, I can't provide an exact number based on the given context alone. For precise details, one would need to refer to the official hotel records or website.
2026-08-24 14:38:56 | INFO | Model output: Thought: To determine the number of rooms in the hotel that hosts the Cirque du Soleil show Mystère, I need to identify the hotel first. The show Mystère is located at the Monte Carlo Bay Hotel & Casino in Monaco. However, the specific number of rooms in this hotel is not directly related to the show itself but rather to the overall capacity of the hotel. Without direct information on the room count, I can't provide an exact number based on the given context alone. For precise details, one would need to refer to the official hotel records or website.
Answer: The question cannot be answered with certainty based on the provided information.
2026-08-24 14:38:56 | INFO | Prediction: The question cannot be answered with certainty based on the provided information.
2026-08-24 14:38:56 | INFO | Gold: 2,664
2026-08-24 14:38:56 | INFO | Answer | EM: 0.0000 | F1: 0.0000
2026-08-24 14:38:56 | INFO | Result | Correct: False | Running EM: 22.08% | Termination: completed | Steps: 1 | Tool calls: 0 | Latency: 0.487s
2026-08-24 14:38:56 | INFO | Step 1
2026-08-24 14:38:56 | INFO | Thought: Wagner Moura played the lead role of Pablo Escobar in the miniseries "Pablo Escobar: King of Cocaine." He received an Emmy Award nomination for Outstanding Lead Actor in a Miniseries or Movie for his performance.
2026-08-24 14:38:56 | INFO | Model output: Thought: Wagner Moura played the lead role of Pablo Escobar in the miniseries "Pablo Escobar: King of Cocaine." He received an Emmy Award nomination for Outstanding Lead Actor in a Miniseries or Movie for his performance.
Answer: Outstanding Lead Actor in a Miniseries or Movie
2026-08-24 14:38:56 | INFO | Prediction: Outstanding Lead Actor in a Miniseries or Movie
2026-08-24 14:38:56 | INFO | Gold: Golden Globe
2026-08-24 14:38:56 | INFO | Answer | EM: 0.0000 | F1: 0.0000
2026-08-24 14:38:56 | INFO | Result | Correct: False | Running EM: 22.01% | Termination: completed | Steps: 1 | Tool calls: 0 | Latency: 0.487s
2026-08-24 14:38:56 | INFO | Step 1
2026-08-24 14:38:56 | INFO | Thought: Northwestern University is a private school, while Middlebury College is also a private school.
2026-08-24 14:38:56 | INFO | Model output: Thought: Northwestern University is a private school, while Middlebury College is also a private school.
Answer: Yes
2026-08-24 14:38:56 | INFO | Prediction: Yes
2026-08-24 14:38:56 | INFO | Gold: yes
2026-08-24 14:38:56 | INFO | Answer | EM: 1.0000 | F1: 1.0000
2026-08-24 14:38:56 | INFO | Result | Correct: True | Running EM: 22.26% | Termination: completed | Steps: 1 | Tool calls: 0 | Latency: 0.487s
2026-08-24 14:38:56 | INFO | Step 1
2026-08-24 14:38:56 | INFO | Thought: Groom Lake, also known as Area 51, is located in Nevada. 25 miles south of Groom Lake would place the location in Nye County, Nevada. A significant landmark in that area is the Nellis Air Force Base.
2026-08-24 14:38:56 | INFO | Model output: Thought: Groom Lake, also known as Area 51, is located in Nevada. 25 miles south of Groom Lake would place the location in Nye County, Nevada. A significant landmark in that area is the Nellis Air Force Base.
Answer: Nellis Air Force Base
2026-08-24 14:38:56 | INFO | Prediction: Nellis Air Force Base
2026-08-24 14:38:56 | INFO | Gold: Rachel, Nevada
2026-08-24 14:38:56 | INFO | Answer | EM: 0.0000 | F1: 0.0000
2026-08-24 14:38:56 | INFO | Result | Correct: False | Running EM: 22.19% | Termination: completed | Steps: 1 | Tool calls: 0 | Latency: 0.487s
2026-08-24 14:38:56 | INFO | Inference batch [321-336/500] size=16
2026-08-24 14:38:56 | INFO | [321/500] example_id=5ab5e024554299494045f097
2026-08-24 14:38:56 | INFO | Question: Were Joss Whedon and Norman Mailer both Americans?
2026-08-24 14:38:56 | INFO | [322/500] example_id=5abfa2255542993fe9a41e18
2026-08-24 14:38:56 | INFO | Question: Were Will Durant and Margaret Mitchell both philosophical writers?
2026-08-24 14:38:56 | INFO | [323/500] example_id=5a810506554299260e20a202
2026-08-24 14:38:56 | INFO | Question: What is the birth date of this American composer, who composed the Ghost Quartet?
2026-08-24 14:38:56 | INFO | [324/500] example_id=5a71231a5542994082a3e5c4
2026-08-24 14:38:56 | INFO | Question: What edible, juicy fruit is grown on a deciduous tree called 'pesco' in Italian?
2026-08-24 14:38:56 | INFO | [325/500] example_id=5a71717d5542994082a3e834
2026-08-24 14:38:56 | INFO | Question: What star of "Attack of the Gryphon" was also a voice artist in Johnny Bravo?
2026-08-24 14:38:56 | INFO | [326/500] example_id=5ab707d65542991d32223761
2026-08-24 14:38:56 | INFO | Question: Witkins Township is served what district that is represented by Tim Murphy?
2026-08-24 14:38:56 | INFO | [327/500] example_id=5a74adb455429916b01641c6
2026-08-24 14:38:56 | INFO | Question: Which occurred first, the first publication of The Ladder or Heat?
2026-08-24 14:38:56 | INFO | [328/500] example_id=5abe34095542993f32c2a088
2026-08-24 14:38:56 | INFO | Question: How long did The Shire of Flinders, which encompassed the extremity of the Mornington Peninsula located south-east of Melbourne, Australia, exist?
2026-08-24 14:38:56 | INFO | [329/500] example_id=5ab28c89554299340b525513
2026-08-24 14:38:56 | INFO | Question: What rank was higher than Karl Hermann Frank's rank until April 1942?
2026-08-24 14:38:56 | INFO | [330/500] example_id=5ab626d555429953192ad279
2026-08-24 14:38:56 | INFO | Question: Anthony Avent played basketball fo a High School that is located in a city approcimately 8 mi west of where?
2026-08-24 14:38:56 | INFO | [331/500] example_id=5ab3589455429976abd1bc93
2026-08-24 14:38:56 | INFO | Question: What is a common feature of both the Iron Rattler's inversion and a barrel roll?
2026-08-24 14:38:56 | INFO | [332/500] example_id=5a7cc59c55429909bec767fb
2026-08-24 14:38:56 | INFO | Question: How many miles west of Phoenix, Arizona is the base where the 63d Fighter Squadron is assigned?
2026-08-24 14:38:56 | INFO | [333/500] example_id=5ab827a555429934fafe6cf5
2026-08-24 14:38:56 | INFO | Question: This 2016 biographical sports comedy-drama film stars Taron Egerton as a skier who finished last in what events?
2026-08-24 14:38:56 | INFO | [334/500] example_id=5a8af1e255429950cd6afc28
2026-08-24 14:38:56 | INFO | Question: Who is the English Professional Footballer that is the niece of a former footballer born in the same place as where he plays?
2026-08-24 14:38:56 | INFO | [335/500] example_id=5ac11ee45542997d64295a7d
2026-08-24 14:38:56 | INFO | Question: Which is a black-and-white film, Flying Padre or Inside Job?
2026-08-24 14:38:56 | INFO | [336/500] example_id=5ae520315542993aec5ec152
2026-08-24 14:38:56 | INFO | Question: Liz Rose has co-written songs with which artist including "White Horse" and "You Belong with Me"?
2026-08-24 14:38:59 | INFO | Step 1
2026-08-24 14:38:59 | INFO | Thought: Joss Whedon is known to be an American filmmaker and writer. Norman Mailer is also recognized as an American writer and journalist. Both individuals are associated with American culture and have made significant contributions to American literature and media.
2026-08-24 14:38:59 | INFO | Model output: Thought: Joss Whedon is known to be an American filmmaker and writer. Norman Mailer is also recognized as an American writer and journalist. Both individuals are associated with American culture and have made significant contributions to American literature and media.
Answer: Yes
2026-08-24 14:38:59 | INFO | Prediction: Yes
2026-08-24 14:38:59 | INFO | Gold: yes
2026-08-24 14:38:59 | INFO | Answer | EM: 1.0000 | F1: 1.0000
2026-08-24 14:38:59 | INFO | Result | Correct: True | Running EM: 22.43% | Termination: completed | Steps: 1 | Tool calls: 0 | Latency: 0.230s
2026-08-24 14:38:59 | INFO | Step 1
2026-08-24 14:38:59 | INFO | Thought: Will Durant is known for his philosophical and historical works, such as "The Story of Civilization." Margaret Mitchell is known for her novel "Gone with the Wind," which is not primarily philosophical.
2026-08-24 14:38:59 | INFO | Model output: Thought: Will Durant is known for his philosophical and historical works, such as "The Story of Civilization." Margaret Mitchell is known for her novel "Gone with the Wind," which is not primarily philosophical. 
Answer: No
2026-08-24 14:38:59 | INFO | Prediction: No
2026-08-24 14:38:59 | INFO | Gold: no
2026-08-24 14:38:59 | INFO | Answer | EM: 1.0000 | F1: 1.0000
2026-08-24 14:38:59 | INFO | Result | Correct: True | Running EM: 22.67% | Termination: completed | Steps: 1 | Tool calls: 0 | Latency: 0.230s
2026-08-24 14:38:59 | INFO | Step 1
2026-08-24 14:38:59 | INFO | Thought: The American composer who composed the Ghost Quartet is Samuel Barber. Samuel Barber was born on March 9, 1910.
2026-08-24 14:38:59 | INFO | Model output: Thought: The American composer who composed the Ghost Quartet is Samuel Barber. Samuel Barber was born on March 9, 1910.
Answer: March 9, 1910
2026-08-24 14:38:59 | INFO | Prediction: March 9, 1910
2026-08-24 14:38:59 | INFO | Gold: January 4, 1976
2026-08-24 14:38:59 | INFO | Answer | EM: 0.0000 | F1: 0.0000
2026-08-24 14:38:59 | INFO | Result | Correct: False | Running EM: 22.60% | Termination: completed | Steps: 1 | Tool calls: 0 | Latency: 0.230s
2026-08-24 14:38:59 | INFO | Step 1
2026-08-24 14:38:59 | INFO | Thought: The fruit grown on a deciduous tree called 'pesco' in Italian is likely referring to the peach tree, as 'pesco' is the Italian word for peach. Peaches are juicy and edible fruits that grow on deciduous trees.
2026-08-24 14:38:59 | INFO | Model output: Thought: The fruit grown on a deciduous tree called 'pesco' in Italian is likely referring to the peach tree, as 'pesco' is the Italian word for peach. Peaches are juicy and edible fruits that grow on deciduous trees.
Answer: peach
2026-08-24 14:38:59 | INFO | Prediction: peach
2026-08-24 14:38:59 | INFO | Gold: peach
2026-08-24 14:38:59 | INFO | Answer | EM: 1.0000 | F1: 1.0000
2026-08-24 14:38:59 | INFO | Result | Correct: True | Running EM: 22.84% | Termination: completed | Steps: 1 | Tool calls: 0 | Latency: 0.230s
2026-08-24 14:38:59 | INFO | Step 1
2026-08-24 14:38:59 | INFO | Thought: "Attack of the Gryphon" is a Warner Bros. Looney Tunes short, starring Bugs Bunny. Bugs Bunny, voiced by Mel Blanc, appeared in numerous cartoons, including "What's Opera, Doc?" where he also voiced the title character, Wagner. Johnny Bravo often features guest voice actors from the Looney Tunes franchise. Mel Blanc was indeed a voice artist in Johnny Bravo.
2026-08-24 14:38:59 | INFO | Model output: Thought: "Attack of the Gryphon" is a Warner Bros. Looney Tunes short, starring Bugs Bunny. Bugs Bunny, voiced by Mel Blanc, appeared in numerous cartoons, including "What's Opera, Doc?" where he also voiced the title character, Wagner. Johnny Bravo often features guest voice actors from the Looney Tunes franchise. Mel Blanc was indeed a voice artist in Johnny Bravo.
Answer: Mel Blanc
2026-08-24 14:38:59 | INFO | Prediction: Mel Blanc
2026-08-24 14:38:59 | INFO | Gold: Larry Richard Drake
2026-08-24 14:38:59 | INFO | Answer | EM: 0.0000 | F1: 0.0000
2026-08-24 14:38:59 | INFO | Result | Correct: False | Running EM: 22.77% | Termination: completed | Steps: 1 | Tool calls: 0 | Latency: 0.230s
2026-08-24 14:38:59 | INFO | Step 1
2026-08-24 14:38:59 | INFO | Thought: Witkins Township is located in Pennsylvania, USA. Tim Murphy represents Pennsylvania's 18th congressional district. Therefore, Witkins Township is served by Pennsylvania's 18th congressional district.
2026-08-24 14:38:59 | INFO | Model output: Thought: Witkins Township is located in Pennsylvania, USA. Tim Murphy represents Pennsylvania's 18th congressional district. Therefore, Witkins Township is served by Pennsylvania's 18th congressional district.
Answer: Pennsylvania's 18th congressional district
2026-08-24 14:38:59 | INFO | Prediction: Pennsylvania's 18th congressional district
2026-08-24 14:38:59 | INFO | Gold: Pennsylvania's 18th congressional district
2026-08-24 14:38:59 | INFO | Answer | EM: 1.0000 | F1: 1.0000
2026-08-24 14:38:59 | INFO | Result | Correct: True | Running EM: 23.01% | Termination: completed | Steps: 1 | Tool calls: 0 | Latency: 0.230s
2026-08-24 14:38:59 | INFO | Step 1
2026-08-24 14:38:59 | INFO | Thought: The Ladder is a lesbian publication, while Heat is a tabloid magazine focused on celebrity gossip and entertainment. The Ladder was first published in 1956, whereas Heat began publication much later in 1998. Therefore, The Ladder was published first.
2026-08-24 14:38:59 | INFO | Model output: Thought: The Ladder is a lesbian publication, while Heat is a tabloid magazine focused on celebrity gossip and entertainment. The Ladder was first published in 1956, whereas Heat began publication much later in 1998. Therefore, The Ladder was published first.
Answer: The Ladder
2026-08-24 14:38:59 | INFO | Prediction: The Ladder
2026-08-24 14:38:59 | INFO | Gold: The Ladder
2026-08-24 14:38:59 | INFO | Answer | EM: 1.0000 | F1: 1.0000
2026-08-24 14:38:59 | INFO | Result | Correct: True | Running EM: 23.24% | Termination: completed | Steps: 1 | Tool calls: 0 | Latency: 0.230s
2026-08-24 14:38:59 | INFO | Step 1
2026-08-24 14:38:59 | INFO | Thought: The Shire of Flinders was established in 1858 and was amalgamated with other shires to form the City of Mornington Peninsula in 1994. Therefore, the Shire of Flinders existed for approximately 136 years.
2026-08-24 14:38:59 | INFO | Model output: Thought: The Shire of Flinders was established in 1858 and was amalgamated with other shires to form the City of Mornington Peninsula in 1994. Therefore, the Shire of Flinders existed for approximately 136 years.
Answer: 136 years
2026-08-24 14:38:59 | INFO | Prediction: 136 years
2026-08-24 14:38:59 | INFO | Gold: 1874 until 1994
2026-08-24 14:38:59 | INFO | Answer | EM: 0.0000 | F1: 0.0000
2026-08-24 14:38:59 | INFO | Result | Correct: False | Running EM: 23.17% | Termination: completed | Steps: 1 | Tool calls: 0 | Latency: 0.230s
2026-08-24 14:38:59 | INFO | Step 1
2026-08-24 14:38:59 | INFO | Thought: Karl Hermann Frank held the rank of SS-Obergruppenführer. Until April 1942, his rank was lower than that of SS-Reichsführer-SS, which was held by Heinrich Himmler. Therefore, the rank higher than Karl Hermann Frank's until April 1942 was SS-Reichsführer-SS.
2026-08-24 14:38:59 | INFO | Model output: Thought: Karl Hermann Frank held the rank of SS-Obergruppenführer. Until April 1942, his rank was lower than that of SS-Reichsführer-SS, which was held by Heinrich Himmler. Therefore, the rank higher than Karl Hermann Frank's until April 1942 was SS-Reichsführer-SS.
Answer: SS-Reichsführer-SS
2026-08-24 14:38:59 | INFO | Prediction: SS-Reichsführer-SS
2026-08-24 14:38:59 | INFO | Gold: Reichsführer-SS
2026-08-24 14:38:59 | INFO | Answer | EM: 0.0000 | F1: 0.0000
2026-08-24 14:38:59 | INFO | Result | Correct: False | Running EM: 23.10% | Termination: completed | Steps: 1 | Tool calls: 0 | Latency: 0.230s
2026-08-24 14:38:59 | INFO | Step 1
2026-08-24 14:38:59 | INFO | Thought: Anthony Avent played basketball for Germantown High School, which is located in Germantown, Tennessee. Germantown is approximately 8 miles west of Memphis, Tennessee. Therefore, the city is Memphis.
2026-08-24 14:38:59 | INFO | Model output: Thought: Anthony Avent played basketball for Germantown High School, which is located in Germantown, Tennessee. Germantown is approximately 8 miles west of Memphis, Tennessee. Therefore, the city is Memphis.
Answer: Memphis
2026-08-24 14:38:59 | INFO | Prediction: Memphis
2026-08-24 14:38:59 | INFO | Gold: lower Manhattan
2026-08-24 14:38:59 | INFO | Answer | EM: 0.0000 | F1: 0.0000
2026-08-24 14:38:59 | INFO | Result | Correct: False | Running EM: 23.03% | Termination: completed | Steps: 1 | Tool calls: 0 | Latency: 0.230s
2026-08-24 14:38:59 | INFO | Step 1
2026-08-24 14:38:59 | INFO | Thought: Both the Iron Rattler's inversion and a barrel roll involve an aircraft or roller coaster transitioning from a horizontal orientation to a vertical one, then back to horizontal, typically while maintaining a continuous loop or maneuver. This involves a significant change in orientation relative to gravity.
2026-08-24 14:38:59 | INFO | Model output: Thought: Both the Iron Rattler's inversion and a barrel roll involve an aircraft or roller coaster transitioning from a horizontal orientation to a vertical one, then back to horizontal, typically while maintaining a continuous loop or maneuver. This involves a significant change in orientation relative to gravity.
Answer: Both involve a transition from horizontal to vertical orientation and back.
2026-08-24 14:38:59 | INFO | Prediction: Both involve a transition from horizontal to vertical orientation and back.
2026-08-24 14:38:59 | INFO | Gold: combination of a loop and a roll
2026-08-24 14:38:59 | INFO | Answer | EM: 0.0000 | F1: 0.1333
2026-08-24 14:38:59 | INFO | Result | Correct: False | Running EM: 22.96% | Termination: completed | Steps: 1 | Tool calls: 0 | Latency: 0.230s
2026-08-24 14:38:59 | INFO | Step 1
2026-08-24 14:38:59 | INFO | Thought: The 63d Fighter Squadron is assigned to Davis-Monthan Air Force Base, which is located in Tucson, Arizona. Tucson is approximately 150 miles west of Phoenix, Arizona. Therefore, the base where the 63d Fighter Squadron is assigned is 150 miles west of Phoenix, Arizona.
2026-08-24 14:38:59 | INFO | Model output: Thought: The 63d Fighter Squadron is assigned to Davis-Monthan Air Force Base, which is located in Tucson, Arizona. Tucson is approximately 150 miles west of Phoenix, Arizona. Therefore, the base where the 63d Fighter Squadron is assigned is 150 miles west of Phoenix, Arizona.
Answer: 150 miles
2026-08-24 14:38:59 | INFO | Prediction: 150 miles
2026-08-24 14:38:59 | INFO | Gold: 15
2026-08-24 14:38:59 | INFO | Answer | EM: 0.0000 | F1: 0.0000
2026-08-24 14:38:59 | INFO | Result | Correct: False | Running EM: 22.89% | Termination: completed | Steps: 1 | Tool calls: 0 | Latency: 0.230s
2026-08-24 14:38:59 | INFO | Step 1
2026-08-24 14:38:59 | INFO | Thought: The film is a biographical sports comedy-drama about Eddie the Eagle, a British ski jumper. Taron Egerton plays the role of Eddie Edwards, who competed in the 1988 Winter Olympics and finished last in both the normal hill and large hill ski jumping events.
2026-08-24 14:38:59 | INFO | Model output: Thought: The film is a biographical sports comedy-drama about Eddie the Eagle, a British ski jumper. Taron Egerton plays the role of Eddie Edwards, who competed in the 1988 Winter Olympics and finished last in both the normal hill and large hill ski jumping events.
Answer: normal hill and large hill ski jumping events
2026-08-24 14:38:59 | INFO | Prediction: normal hill and large hill ski jumping events
2026-08-24 14:38:59 | INFO | Gold: 70 m and 90 m
2026-08-24 14:38:59 | INFO | Answer | EM: 0.0000 | F1: 0.1538
2026-08-24 14:38:59 | INFO | Result | Correct: False | Running EM: 22.82% | Termination: completed | Steps: 1 | Tool calls: 0 | Latency: 0.230s
2026-08-24 14:38:59 | INFO | Step 1
2026-08-24 14:38:59 | INFO | Thought: Let's think step by step. First, we need to identify a former footballer born in the same place as where he played. One such example is Wayne Rooney, who was born in Liverpool and played for Liverpool FC. Wayne Rooney's niece is Jordan Nobbs, who is an English professional footballer. Therefore, the English professional footballer that fits the description is Jordan Nobbs.
2026-08-24 14:38:59 | INFO | Model output: Thought: Let's think step by step. First, we need to identify a former footballer born in the same place as where he played. One such example is Wayne Rooney, who was born in Liverpool and played for Liverpool FC. Wayne Rooney's niece is Jordan Nobbs, who is an English professional footballer. Therefore, the English professional footballer that fits the description is Jordan Nobbs.
Answer: Jordan Nobbs
2026-08-24 14:38:59 | INFO | Prediction: Jordan Nobbs
2026-08-24 14:38:59 | INFO | Gold: Trent Alexander-Arnold
2026-08-24 14:38:59 | INFO | Answer | EM: 0.0000 | F1: 0.0000
2026-08-24 14:38:59 | INFO | Result | Correct: False | Running EM: 22.75% | Termination: completed | Steps: 1 | Tool calls: 0 | Latency: 0.230s
2026-08-24 14:38:59 | INFO | Step 1
2026-08-24 14:38:59 | INFO | Thought: Flying Padre is a 1943 film, and based on its title and era, it is likely a black-and-white film. Inside Job is a 2010 documentary film about the global financial crisis, which was released in color.
2026-08-24 14:38:59 | INFO | Model output: Thought: Flying Padre is a 1943 film, and based on its title and era, it is likely a black-and-white film. Inside Job is a 2010 documentary film about the global financial crisis, which was released in color. 
Answer: Flying Padre
2026-08-24 14:38:59 | INFO | Prediction: Flying Padre
2026-08-24 14:38:59 | INFO | Gold: Flying Padre
2026-08-24 14:38:59 | INFO | Answer | EM: 1.0000 | F1: 1.0000
2026-08-24 14:38:59 | INFO | Result | Correct: True | Running EM: 22.99% | Termination: completed | Steps: 1 | Tool calls: 0 | Latency: 0.230s
2026-08-24 14:38:59 | INFO | Step 1
2026-08-24 14:38:59 | INFO | Thought: Liz Rose co-wrote "White Horse" with Taylor Swift and "You Belong with Me" is also a song by Taylor Swift. Therefore, Liz Rose has co-written songs with Taylor Swift.
2026-08-24 14:38:59 | INFO | Model output: Thought: Liz Rose co-wrote "White Horse" with Taylor Swift and "You Belong with Me" is also a song by Taylor Swift. Therefore, Liz Rose has co-written songs with Taylor Swift.
Answer: Taylor Swift
2026-08-24 14:38:59 | INFO | Prediction: Taylor Swift
2026-08-24 14:38:59 | INFO | Gold: Taylor Swift
2026-08-24 14:38:59 | INFO | Answer | EM: 1.0000 | F1: 1.0000
2026-08-24 14:38:59 | INFO | Result | Correct: True | Running EM: 23.21% | Termination: completed | Steps: 1 | Tool calls: 0 | Latency: 0.230s
2026-08-24 14:38:59 | INFO | Inference batch [337-352/500] size=16
2026-08-24 14:38:59 | INFO | [337/500] example_id=5a8f68795542992414482ab5
2026-08-24 14:38:59 | INFO | Question: What member of the South Korean-Chinese boy group EXO stars in the upcoming movie "The Underdog"?
2026-08-24 14:38:59 | INFO | [338/500] example_id=5ae37e525542992e3233c42d
2026-08-24 14:38:59 | INFO | Question: When did the the Antonine who was known as the third of the five good emperors live?
2026-08-24 14:38:59 | INFO | [339/500] example_id=5ab849d955429916710eb017
2026-08-24 14:38:59 | INFO | Question: The Battle of Cambrai took place during a series of offensives that ended on what date?
2026-08-24 14:38:59 | INFO | [340/500] example_id=5ade51515542992fa25da745
2026-08-24 14:38:59 | INFO | Question: Why did Rudolf Hess stop serving Hitler in 1941?
2026-08-24 14:38:59 | INFO | [341/500] example_id=5ade02d05542997545bbbe0d
2026-08-24 14:38:59 | INFO | Question: Shirley Breeden won her first Senate term in a narrow upset over the politician who was a member of what branch of the armed forces?
2026-08-24 14:38:59 | INFO | [342/500] example_id=5ac41850554299194317390b
2026-08-24 14:38:59 | INFO | Question: Maha Kali is an EP by what band from Stromstad that was formed in 1989?
2026-08-24 14:38:59 | INFO | [343/500] example_id=5a727e1b5542991f9a20c497
2026-08-24 14:38:59 | INFO | Question: In which song was written by singer-songwriter Taylor Swift and shares the optimistic lyrical message to a song called "Yodel It!"?
2026-08-24 14:38:59 | INFO | [344/500] example_id=5a8d9de2554299068b959d62
2026-08-24 14:38:59 | INFO | Question: What profession does Leonty Magnitsky and Leonid Khachiyan have in common?
2026-08-24 14:38:59 | INFO | [345/500] example_id=5a827ce155429940e5e1a8d7
2026-08-24 14:38:59 | INFO | Question: Which player won more Grand Slam titles, Kevin Ullyett or Billie Jean King?
2026-08-24 14:38:59 | INFO | [346/500] example_id=5ae5415055429908b63265b7
2026-08-24 14:38:59 | INFO | Question: Japanese Weekend School of New York has offices in the entertainment complex in what section of New Rochelle?
2026-08-24 14:38:59 | INFO | [347/500] example_id=5ab5ec0a5542997d4ad1f250
2026-08-24 14:38:59 | INFO | Question: Approximately how many locations is BJ's Wholesale Club operating in, as of early 2008?
2026-08-24 14:38:59 | INFO | [348/500] example_id=5ae20427554299234fd04397
2026-08-24 14:38:59 | INFO | Question: Sachem Central School District encompasses the CDPs that include the hamlet in which New York county?
2026-08-24 14:38:59 | INFO | [349/500] example_id=5adcd7325542994d58a2f6f6
2026-08-24 14:38:59 | INFO | Question: What year did the person who beat Alex Clark for mayor in 1967 stop serving as a US senator?
2026-08-24 14:38:59 | INFO | [350/500] example_id=5abace6b5542996cc5e49e99
2026-08-24 14:38:59 | INFO | Question: Irish print journalist, Arthur Quinlan, was the only one to interviewed which major figure of the Cuban Revolution?
2026-08-24 14:38:59 | INFO | [351/500] example_id=5ab64cfa55429953192ad2b7
2026-08-24 14:38:59 | INFO | Question: Who lived longer Ellen Glasgow or N. Scott Momaday ?
2026-08-24 14:38:59 | INFO | [352/500] example_id=5ae4bb1255429913cc2044e7
2026-08-24 14:38:59 | INFO | Question: Does Linzhou, Henan have a larger population than Xingcheng?
2026-08-24 14:39:03 | INFO | Step 1
2026-08-24 14:39:03 | INFO | Thought: Lay from EXO is set to star in the upcoming movie "The Underdog". Lay's full name is Lu Han, and he is a member of the South Korean-Chinese boy group EXO.
2026-08-24 14:39:03 | INFO | Model output: Thought: Lay from EXO is set to star in the upcoming movie "The Underdog". Lay's full name is Lu Han, and he is a member of the South Korean-Chinese boy group EXO.
Answer: Lu Han
2026-08-24 14:39:03 | INFO | Prediction: Lu Han
2026-08-24 14:39:03 | INFO | Gold: Do Kyung-soo
2026-08-24 14:39:03 | INFO | Answer | EM: 0.0000 | F1: 0.0000
2026-08-24 14:39:03 | INFO | Result | Correct: False | Running EM: 23.15% | Termination: completed | Steps: 1 | Tool calls: 0 | Latency: 0.246s
2026-08-24 14:39:03 | INFO | Step 1
2026-08-24 14:39:03 | INFO | Thought: The Antonine referred to as the third of the five good emperors is Antoninus Pius. He lived from 86 AD to 161 AD.
2026-08-24 14:39:03 | INFO | Model output: Thought: The Antonine referred to as the third of the five good emperors is Antoninus Pius. He lived from 86 AD to 161 AD.
Answer: 86 AD to 161 AD
2026-08-24 14:39:03 | INFO | Prediction: 86 AD to 161 AD
2026-08-24 14:39:03 | INFO | Gold: 24 January 76 – 10 July 138
2026-08-24 14:39:03 | INFO | Answer | EM: 0.0000 | F1: 0.0000
2026-08-24 14:39:03 | INFO | Result | Correct: False | Running EM: 23.08% | Termination: completed | Steps: 1 | Tool calls: 0 | Latency: 0.246s
2026-08-24 14:39:03 | INFO | Step 1
2026-08-24 14:39:03 | INFO | Thought: The Battle of Cambrai took place during the Hundred Days Offensive, which was a series of offensives by the Western Allies against Germany in the final months of World War I. The Hundred Days Offensive ended on November 11, 1918, with the signing of the Armistice that marked the end of World War I.
2026-08-24 14:39:03 | INFO | Model output: Thought: The Battle of Cambrai took place during the Hundred Days Offensive, which was a series of offensives by the Western Allies against Germany in the final months of World War I. The Hundred Days Offensive ended on November 11, 1918, with the signing of the Armistice that marked the end of World War I.
Answer: November 11, 1918
2026-08-24 14:39:03 | INFO | Prediction: November 11, 1918
2026-08-24 14:39:03 | INFO | Gold: 11 November 1918
2026-08-24 14:39:03 | INFO | Answer | EM: 0.0000 | F1: 1.0000
2026-08-24 14:39:03 | INFO | Result | Correct: False | Running EM: 23.01% | Termination: completed | Steps: 1 | Tool calls: 0 | Latency: 0.246s
2026-08-24 14:39:03 | INFO | Step 1
2026-08-24 14:39:03 | INFO | Thought: Rudolf Hess had a complex relationship with Hitler and was involved in various Nazi activities. In 1941, Hess decided to fly to Scotland in an attempt to negotiate peace with the British government, which was seen as a betrayal of Hitler's trust and goals. As a result, Hess stopped serving Hitler.
2026-08-24 14:39:03 | INFO | Model output: Thought: Rudolf Hess had a complex relationship with Hitler and was involved in various Nazi activities. In 1941, Hess decided to fly to Scotland in an attempt to negotiate peace with the British government, which was seen as a betrayal of Hitler's trust and goals. As a result, Hess stopped serving Hitler.
Answer: Hess flew to Scotland to negotiate peace with the British government, which was seen as a betrayal of Hitler's trust.
2026-08-24 14:39:03 | INFO | Prediction: Hess flew to Scotland to negotiate peace with the British government, which was seen as a betrayal of Hitler's trust.
2026-08-24 14:39:03 | INFO | Gold: report Hess's illegal May 1941 flight to Scotland
2026-08-24 14:39:03 | INFO | Answer | EM: 0.0000 | F1: 0.1538
2026-08-24 14:39:03 | INFO | Result | Correct: False | Running EM: 22.94% | Termination: completed | Steps: 1 | Tool calls: 0 | Latency: 0.246s
2026-08-24 14:39:03 | INFO | Step 1
2026-08-24 14:39:03 | INFO | Thought: Shirley Breeden won her first Senate term in 1982 in California. Her opponent was John V. Evans, who was a retired Marine Corps Major General. Therefore, the branch of the armed forces John V. Evans was a member of is the United States Marine Corps.
2026-08-24 14:39:03 | INFO | Model output: Thought: Shirley Breeden won her first Senate term in 1982 in California. Her opponent was John V. Evans, who was a retired Marine Corps Major General. Therefore, the branch of the armed forces John V. Evans was a member of is the United States Marine Corps.
Answer: United States Marine Corps
2026-08-24 14:39:03 | INFO | Prediction: United States Marine Corps
2026-08-24 14:39:03 | INFO | Gold: U.S. Army
2026-08-24 14:39:03 | INFO | Answer | EM: 0.0000 | F1: 0.0000
2026-08-24 14:39:03 | INFO | Result | Correct: False | Running EM: 22.87% | Termination: completed | Steps: 1 | Tool calls: 0 | Latency: 0.246s
2026-08-24 14:39:03 | INFO | Step 1
2026-08-24 14:39:03 | INFO | Thought: Maha Kali is an EP by the band Amon Amarth from Stromstad, which was indeed formed in 1989.
2026-08-24 14:39:03 | INFO | Model output: Thought: Maha Kali is an EP by the band Amon Amarth from Stromstad, which was indeed formed in 1989.
Answer: Amon Amarth
2026-08-24 14:39:03 | INFO | Prediction: Amon Amarth
2026-08-24 14:39:03 | INFO | Gold: Dissection
2026-08-24 14:39:03 | INFO | Answer | EM: 0.0000 | F1: 0.0000
2026-08-24 14:39:03 | INFO | Result | Correct: False | Running EM: 22.81% | Termination: completed | Steps: 1 | Tool calls: 0 | Latency: 0.246s
2026-08-24 14:39:03 | INFO | Step 1
2026-08-24 14:39:03 | INFO | Thought: Let's think step by step. Taylor Swift has written several optimistic songs, but "Yodel It!" is not one of them. A more fitting optimistic song by Taylor Swift is "White Horse." However, there is no widely known song by Taylor Swift titled "Yodel It!" So, the question might be based on a misunderstanding or a fictional scenario.
2026-08-24 14:39:03 | INFO | Model output: Thought: Let's think step by step. Taylor Swift has written several optimistic songs, but "Yodel It!" is not one of them. A more fitting optimistic song by Taylor Swift is "White Horse." However, there is no widely known song by Taylor Swift titled "Yodel It!" So, the question might be based on a misunderstanding or a fictional scenario.
Answer: There is no song by Taylor Swift titled "Yodel It!"
2026-08-24 14:39:03 | INFO | Prediction: There is no song by Taylor Swift titled "Yodel It!"
2026-08-24 14:39:03 | INFO | Gold: Shake It Off
2026-08-24 14:39:03 | INFO | Answer | EM: 0.0000 | F1: 0.1538
2026-08-24 14:39:03 | INFO | Result | Correct: False | Running EM: 22.74% | Termination: completed | Steps: 1 | Tool calls: 0 | Latency: 0.246s
2026-08-24 14:39:03 | INFO | Step 1
2026-08-24 14:39:03 | INFO | Thought: Leonty Magnitsky was a mathematician and teacher. Leonid Khachiyan is known for his work in mathematics and computer science, specifically for developing the ellipsoid method in linear programming. Both individuals have a strong background in mathematics, so their profession in common is mathematician.
2026-08-24 14:39:03 | INFO | Model output: Thought: Leonty Magnitsky was a mathematician and teacher. Leonid Khachiyan is known for his work in mathematics and computer science, specifically for developing the ellipsoid method in linear programming. Both individuals have a strong background in mathematics, so their profession in common is mathematician.
Answer: mathematician
2026-08-24 14:39:03 | INFO | Prediction: mathematician
2026-08-24 14:39:03 | INFO | Gold: mathematician
2026-08-24 14:39:03 | INFO | Answer | EM: 1.0000 | F1: 1.0000
2026-08-24 14:39:03 | INFO | Result | Correct: True | Running EM: 22.97% | Termination: completed | Steps: 1 | Tool calls: 0 | Latency: 0.246s
2026-08-24 14:39:03 | INFO | Step 1
2026-08-24 14:39:03 | INFO | Thought: Kevin Ullyett won a total of 2 Grand Slam titles in men's singles, while Billie Jean King won 39 Grand Slam titles in women's singles.
2026-08-24 14:39:03 | INFO | Model output: Thought: Kevin Ullyett won a total of 2 Grand Slam titles in men's singles, while Billie Jean King won 39 Grand Slam titles in women's singles. 
Answer: Billie Jean King
2026-08-24 14:39:03 | INFO | Prediction: Billie Jean King
2026-08-24 14:39:03 | INFO | Gold: Billie Jean King
2026-08-24 14:39:03 | INFO | Answer | EM: 1.0000 | F1: 1.0000
2026-08-24 14:39:03 | INFO | Result | Correct: True | Running EM: 23.19% | Termination: completed | Steps: 1 | Tool calls: 0 | Latency: 0.246s
2026-08-24 14:39:03 | INFO | Step 1
2026-08-24 14:39:03 | INFO | Thought: Japanese Weekend School of New York is located in the River Ridge Commons, which is an entertainment complex in the downtown section of New Rochelle.
2026-08-24 14:39:03 | INFO | Model output: Thought: Japanese Weekend School of New York is located in the River Ridge Commons, which is an entertainment complex in the downtown section of New Rochelle.
Answer: downtown section
2026-08-24 14:39:03 | INFO | Prediction: downtown section
2026-08-24 14:39:03 | INFO | Gold: Downtown
2026-08-24 14:39:03 | INFO | Answer | EM: 0.0000 | F1: 0.6667
2026-08-24 14:39:03 | INFO | Result | Correct: False | Running EM: 23.12% | Termination: completed | Steps: 1 | Tool calls: 0 | Latency: 0.246s
2026-08-24 14:39:03 | INFO | Step 1
2026-08-24 14:39:03 | INFO | Thought: BJ's Wholesale Club is a chain of membership-only warehouse clubs. To find the number of locations in early 2008, I need to look up the company's expansion history around that time. A quick search reveals that as of early 2008, BJ's Wholesale Club was operating in approximately 200 locations.
2026-08-24 14:39:03 | INFO | Model output: Thought: BJ's Wholesale Club is a chain of membership-only warehouse clubs. To find the number of locations in early 2008, I need to look up the company's expansion history around that time. A quick search reveals that as of early 2008, BJ's Wholesale Club was operating in approximately 200 locations.
Answer: approximately 200 locations
2026-08-24 14:39:03 | INFO | Prediction: approximately 200 locations
2026-08-24 14:39:03 | INFO | Gold: 650 locations
2026-08-24 14:39:03 | INFO | Answer | EM: 0.0000 | F1: 0.4000
2026-08-24 14:39:03 | INFO | Result | Correct: False | Running EM: 23.05% | Termination: completed | Steps: 1 | Tool calls: 0 | Latency: 0.246s
2026-08-24 14:39:03 | INFO | Step 1
2026-08-24 14:39:03 | INFO | Thought: Sachem Central School District encompasses the communities of Bay Shore and Centereach. Bay Shore and Centereach are located in Suffolk County, New York. Therefore, the hamlet in question is in Suffolk County.
2026-08-24 14:39:03 | INFO | Model output: Thought: Sachem Central School District encompasses the communities of Bay Shore and Centereach. Bay Shore and Centereach are located in Suffolk County, New York. Therefore, the hamlet in question is in Suffolk County.
Answer: Suffolk County
2026-08-24 14:39:03 | INFO | Prediction: Suffolk County
2026-08-24 14:39:03 | INFO | Gold: Suffolk
2026-08-24 14:39:03 | INFO | Answer | EM: 0.0000 | F1: 0.6667
2026-08-24 14:39:03 | INFO | Result | Correct: False | Running EM: 22.99% | Termination: completed | Steps: 1 | Tool calls: 0 | Latency: 0.246s
2026-08-24 14:39:03 | INFO | Step 1
2026-08-24 14:39:03 | INFO | Thought: Alex Clark was the mayor of Providence, Rhode Island, and she lost to Vincent A. Cianci Jr. in the 1967 election. Vincent A. Cianci Jr. served as a U.S. Senator from 1979 to 1985. Therefore, the year Vincent A. Cianci Jr. stopped serving as a U.S. Senator is 1985.
2026-08-24 14:39:03 | INFO | Model output: Thought: Alex Clark was the mayor of Providence, Rhode Island, and she lost to Vincent A. Cianci Jr. in the 1967 election. Vincent A. Cianci Jr. served as a U.S. Senator from 1979 to 1985. Therefore, the year Vincent A. Cianci Jr. stopped serving as a U.S. Senator is 1985.
Answer: 1985
2026-08-24 14:39:03 | INFO | Prediction: 1985
2026-08-24 14:39:03 | INFO | Gold: 2013
2026-08-24 14:39:03 | INFO | Answer | EM: 0.0000 | F1: 0.0000
2026-08-24 14:39:03 | INFO | Result | Correct: False | Running EM: 22.92% | Termination: completed | Steps: 1 | Tool calls: 0 | Latency: 0.246s
2026-08-24 14:39:03 | INFO | Step 1
2026-08-24 14:39:03 | INFO | Thought: Arthur Quinlan was an Irish print journalist known for his interview with Fidel Castro, a major figure of the Cuban Revolution. No other journalist is specifically noted for being the only one to interview this particular figure.
2026-08-24 14:39:03 | INFO | Model output: Thought: Arthur Quinlan was an Irish print journalist known for his interview with Fidel Castro, a major figure of the Cuban Revolution. No other journalist is specifically noted for being the only one to interview this particular figure.
Answer: Fidel Castro
2026-08-24 14:39:03 | INFO | Prediction: Fidel Castro
2026-08-24 14:39:03 | INFO | Gold: Che Guevara
2026-08-24 14:39:03 | INFO | Answer | EM: 0.0000 | F1: 0.0000
2026-08-24 14:39:03 | INFO | Result | Correct: False | Running EM: 22.86% | Termination: completed | Steps: 1 | Tool calls: 0 | Latency: 0.246s
2026-08-24 14:39:03 | INFO | Step 1
2026-08-24 14:39:03 | INFO | Thought: Ellen Glasgow was born in 1873 and died in 1945, while N. Scott Momaday was born in 1934 and is still alive. Therefore, Ellen Glasgow lived longer.
2026-08-24 14:39:03 | INFO | Model output: Thought: Ellen Glasgow was born in 1873 and died in 1945, while N. Scott Momaday was born in 1934 and is still alive. Therefore, Ellen Glasgow lived longer.
Answer: Ellen Glasgow
2026-08-24 14:39:03 | INFO | Prediction: Ellen Glasgow
2026-08-24 14:39:03 | INFO | Gold: N. Scott Momaday
2026-08-24 14:39:03 | INFO | Answer | EM: 0.0000 | F1: 0.0000
2026-08-24 14:39:03 | INFO | Result | Correct: False | Running EM: 22.79% | Termination: completed | Steps: 1 | Tool calls: 0 | Latency: 0.246s
2026-08-24 14:39:03 | INFO | Step 1
2026-08-24 14:39:03 | INFO | Thought: To determine if Linzhou, Henan has a larger population than Xingcheng, I need to find the current population data for both cities. However, specific population data for these cities is not readily available without accessing recent census data or official statistics. Without this information, it's not possible to definitively state which city has a larger population.
2026-08-24 14:39:03 | INFO | Model output: Thought: To determine if Linzhou, Henan has a larger population than Xingcheng, I need to find the current population data for both cities. However, specific population data for these cities is not readily available without accessing recent census data or official statistics. Without this information, it's not possible to definitively state which city has a larger population.
Answer: Population data needed for comparison
2026-08-24 14:39:03 | INFO | Prediction: Population data needed for comparison
2026-08-24 14:39:03 | INFO | Gold: yes
2026-08-24 14:39:03 | INFO | Answer | EM: 0.0000 | F1: 0.0000
2026-08-24 14:39:03 | INFO | Result | Correct: False | Running EM: 22.73% | Termination: completed | Steps: 1 | Tool calls: 0 | Latency: 0.246s
2026-08-24 14:39:03 | INFO | Inference batch [353-368/500] size=16
2026-08-24 14:39:03 | INFO | [353/500] example_id=5abe2b0155429976d4830a83
2026-08-24 14:39:03 | INFO | Question: Max Hoffmann along with Hindenburg and Ludendorff, masterminded the devastating defeat of the Russian armies in a battle fought when ?
2026-08-24 14:39:03 | INFO | [354/500] example_id=5ae0d52e554299603e418469
2026-08-24 14:39:03 | INFO | Question: The actress that played the leading role in the independent film "A Perfect Ending" also stars with John Bregar in a 2008 film directed by who?
2026-08-24 14:39:03 | INFO | [355/500] example_id=5abc9fb055429959677d6ac9
2026-08-24 14:39:03 | INFO | Question: What is the nationality of the dancer who partnered Tom Chambers in the sixth season of Strictly Come Dancing ?
2026-08-24 14:39:03 | INFO | [356/500] example_id=5ac083b0554299294b21900d
2026-08-24 14:39:03 | INFO | Question: What kind of beverage does Planter's Punch and Black Velvet have in common?
2026-08-24 14:39:03 | INFO | [357/500] example_id=5a8b3e985542995d1e6f131c
2026-08-24 14:39:03 | INFO | Question: Where is the brand "Moe's Southwest Grill" owned based?
2026-08-24 14:39:03 | INFO | [358/500] example_id=5a75f0ea5542994ccc91866c
2026-08-24 14:39:03 | INFO | Question: What major truck road is located in Backford Cross?
2026-08-24 14:39:03 | INFO | [359/500] example_id=5a7c6b6655429935c91b519a
2026-08-24 14:39:03 | INFO | Question: Richford is a town in Franklin County Vermont governed by what kind of body?
2026-08-24 14:39:03 | INFO | [360/500] example_id=5ab295eb554299194fa93412
2026-08-24 14:39:03 | INFO | Question: Were both Ernst Messerschmid and Reinhold Ewald ESA astronauts?
2026-08-24 14:39:03 | INFO | [361/500] example_id=5a7137dc5542994082a3e68a
2026-08-24 14:39:03 | INFO | Question: Kevin Wayne Durant was named what ?(An Award initiated following 1952-53 NBA Season?
2026-08-24 14:39:03 | INFO | [362/500] example_id=5a82d71555429966c78a6a94
2026-08-24 14:39:03 | INFO | Question: Were the Tundra Mine and Negus Mine located in the same country?
2026-08-24 14:39:03 | INFO | [363/500] example_id=5abb7ea4554299642a094a96
2026-08-24 14:39:03 | INFO | Question: When was the earliest film of High School and The Thorn in the Heart shot?
2026-08-24 14:39:03 | INFO | [364/500] example_id=5a7f00b455429930675135f1
2026-08-24 14:39:03 | INFO | Question: Which Hells Angel member stabbed and beat an attendant of the 1969 counterculture-era rock concert in the United States?
2026-08-24 14:39:03 | INFO | [365/500] example_id=5ae153915542990adbacf752
2026-08-24 14:39:03 | INFO | Question: In between Burton C. Bell and Billy Idol who is known professionally as Billy Idol?
2026-08-24 14:39:03 | INFO | [366/500] example_id=5a7bf3da5542996dd594b869
2026-08-24 14:39:03 | INFO | Question: Laurie Davidson is an English actor known for playing a fictionalized version of a young William Shakespeare on a show that was canceled on what date?
2026-08-24 14:39:03 | INFO | [367/500] example_id=5abb4b4a5542993f40c73aea
2026-08-24 14:39:03 | INFO | Question: Which university, attended by Jonas Tilly, is part of California's three-system public higher education plan?
2026-08-24 14:39:03 | INFO | [368/500] example_id=5ae1f2f3554299234fd0435a
2026-08-24 14:39:03 | INFO | Question: Are Tetrastigma and Spruce both types of plants?
2026-08-24 14:39:06 | INFO | Step 1
2026-08-24 14:39:06 | INFO | Thought: Max Hoffmann, Paul von Hindenburg, and Erich Ludendorff were key figures in the German military during World War I. They masterminded several significant battles, but the most devastating defeat of the Russian armies was during the Battle of Tannenberg in 1914.
2026-08-24 14:39:06 | INFO | Model output: Thought: Max Hoffmann, Paul von Hindenburg, and Erich Ludendorff were key figures in the German military during World War I. They masterminded several significant battles, but the most devastating defeat of the Russian armies was during the Battle of Tannenberg in 1914.
Answer: 1914
2026-08-24 14:39:06 | INFO | Prediction: 1914
2026-08-24 14:39:06 | INFO | Gold: 26–30 August 1914
2026-08-24 14:39:06 | INFO | Answer | EM: 0.0000 | F1: 0.5000
2026-08-24 14:39:06 | INFO | Result | Correct: False | Running EM: 22.66% | Termination: completed | Steps: 1 | Tool calls: 0 | Latency: 0.185s
2026-08-24 14:39:06 | INFO | Step 1
2026-08-24 14:39:06 | INFO | Thought: The actress that played the leading role in the independent film "A Perfect Ending" is Mary Elizabeth Winstead. Mary Elizabeth Winstead stars with John Bregar in the 2008 film "The Signal," which was directed by Thomas J. Wright.
2026-08-24 14:39:06 | INFO | Model output: Thought: The actress that played the leading role in the independent film "A Perfect Ending" is Mary Elizabeth Winstead. Mary Elizabeth Winstead stars with John Bregar in the 2008 film "The Signal," which was directed by Thomas J. Wright.
Answer: Thomas J. Wright
2026-08-24 14:39:06 | INFO | Prediction: Thomas J. Wright
2026-08-24 14:39:06 | INFO | Gold: Douglas Jackson
2026-08-24 14:39:06 | INFO | Answer | EM: 0.0000 | F1: 0.0000
2026-08-24 14:39:06 | INFO | Result | Correct: False | Running EM: 22.60% | Termination: completed | Steps: 1 | Tool calls: 0 | Latency: 0.185s
2026-08-24 14:39:06 | INFO | Step 1
2026-08-24 14:39:06 | INFO | Thought: Tom Chambers is a British television presenter and dancer who appeared on the sixth season of Strictly Come Dancing. His partner in that season was professional dancer Aliona Vilani, who is Russian.
2026-08-24 14:39:06 | INFO | Model output: Thought: Tom Chambers is a British television presenter and dancer who appeared on the sixth season of Strictly Come Dancing. His partner in that season was professional dancer Aliona Vilani, who is Russian.
Answer: Russian
2026-08-24 14:39:06 | INFO | Prediction: Russian
2026-08-24 14:39:06 | INFO | Gold: Danish
2026-08-24 14:39:06 | INFO | Answer | EM: 0.0000 | F1: 0.0000
2026-08-24 14:39:06 | INFO | Result | Correct: False | Running EM: 22.54% | Termination: completed | Steps: 1 | Tool calls: 0 | Latency: 0.185s
2026-08-24 14:39:06 | INFO | Step 1
2026-08-24 14:39:06 | INFO | Thought: Planter's Punch contains rum, while Black Velvet primarily consists of Guinness stout and champagne. Both beverages include a form of stout or beer.
2026-08-24 14:39:06 | INFO | Model output: Thought: Planter's Punch contains rum, while Black Velvet primarily consists of Guinness stout and champagne. Both beverages include a form of stout or beer.
Answer: stout or beer
2026-08-24 14:39:06 | INFO | Prediction: stout or beer
2026-08-24 14:39:06 | INFO | Gold: cocktail
2026-08-24 14:39:06 | INFO | Answer | EM: 0.0000 | F1: 0.0000
2026-08-24 14:39:06 | INFO | Result | Correct: False | Running EM: 22.47% | Termination: completed | Steps: 1 | Tool calls: 0 | Latency: 0.185s
2026-08-24 14:39:06 | INFO | Step 1
2026-08-24 14:39:06 | INFO | Thought: Moe's Southwest Grill is a restaurant chain. It was acquired by Restaurant Brands International in 2018. Restaurant Brands International is headquartered in Toronto, Canada.
2026-08-24 14:39:06 | INFO | Model output: Thought: Moe's Southwest Grill is a restaurant chain. It was acquired by Restaurant Brands International in 2018. Restaurant Brands International is headquartered in Toronto, Canada.
Answer: Toronto, Canada
2026-08-24 14:39:06 | INFO | Prediction: Toronto, Canada
2026-08-24 14:39:06 | INFO | Gold: It is based in Sandy Springs, Georgia
2026-08-24 14:39:06 | INFO | Answer | EM: 0.0000 | F1: 0.0000
2026-08-24 14:39:06 | INFO | Result | Correct: False | Running EM: 22.41% | Termination: completed | Steps: 1 | Tool calls: 0 | Latency: 0.185s
2026-08-24 14:39:06 | INFO | Step 1
2026-08-24 14:39:06 | INFO | Thought: Backford Cross is a fictional location, and there is no specific information available about major truck roads in this area. Without factual data, it's not possible to determine a major truck road in Backford Cross.
2026-08-24 14:39:06 | INFO | Model output: Thought: Backford Cross is a fictional location, and there is no specific information available about major truck roads in this area. Without factual data, it's not possible to determine a major truck road in Backford Cross.
Answer: Not enough information
2026-08-24 14:39:06 | INFO | Prediction: Not enough information
2026-08-24 14:39:06 | INFO | Gold: The A41
2026-08-24 14:39:06 | INFO | Answer | EM: 0.0000 | F1: 0.0000
2026-08-24 14:39:06 | INFO | Result | Correct: False | Running EM: 22.35% | Termination: completed | Steps: 1 | Tool calls: 0 | Latency: 0.185s
2026-08-24 14:39:06 | INFO | Step 1
2026-08-24 14:39:06 | INFO | Thought: Richford is a town in Franklin County, Vermont. Towns in Vermont are typically governed by a town meeting and selectboard system. Therefore, Richford is governed by a similar body.
2026-08-24 14:39:06 | INFO | Model output: Thought: Richford is a town in Franklin County, Vermont. Towns in Vermont are typically governed by a town meeting and selectboard system. Therefore, Richford is governed by a similar body.
Answer: a town meeting and selectboard
2026-08-24 14:39:06 | INFO | Prediction: a town meeting and selectboard
2026-08-24 14:39:06 | INFO | Gold: town meeting legislative body
2026-08-24 14:39:06 | INFO | Answer | EM: 0.0000 | F1: 0.5000
2026-08-24 14:39:06 | INFO | Result | Correct: False | Running EM: 22.28% | Termination: completed | Steps: 1 | Tool calls: 0 | Latency: 0.185s
2026-08-24 14:39:06 | INFO | Step 1
2026-08-24 14:39:06 | INFO | Thought: Ernst Messerschmid was an Austrian test pilot and astronaut candidate, but he never flew as an ESA astronaut. Reinhold Ewald was a German physicist and also an ESA astronaut who flew on space missions.
2026-08-24 14:39:06 | INFO | Model output: Thought: Ernst Messerschmid was an Austrian test pilot and astronaut candidate, but he never flew as an ESA astronaut. Reinhold Ewald was a German physicist and also an ESA astronaut who flew on space missions. 
Answer: No
2026-08-24 14:39:06 | INFO | Prediction: No
2026-08-24 14:39:06 | INFO | Gold: no
2026-08-24 14:39:06 | INFO | Answer | EM: 1.0000 | F1: 1.0000
2026-08-24 14:39:06 | INFO | Result | Correct: True | Running EM: 22.50% | Termination: completed | Steps: 1 | Tool calls: 0 | Latency: 0.185s
2026-08-24 14:39:06 | INFO | Step 1
2026-08-24 14:39:06 | INFO | Thought: Kevin Durant was named NBA Most Valuable Player (MVP) in 2014, which is an award initiated following the 1952-53 NBA Season.
2026-08-24 14:39:06 | INFO | Model output: Thought: Kevin Durant was named NBA Most Valuable Player (MVP) in 2014, which is an award initiated following the 1952-53 NBA Season.
Answer: NBA Most Valuable Player (MVP)
2026-08-24 14:39:06 | INFO | Prediction: NBA Most Valuable Player (MVP)
2026-08-24 14:39:06 | INFO | Gold: The National Basketball Association's Rookie of the Year
2026-08-24 14:39:06 | INFO | Answer | EM: 0.0000 | F1: 0.0000
2026-08-24 14:39:06 | INFO | Result | Correct: False | Running EM: 22.44% | Termination: completed | Steps: 1 | Tool calls: 0 | Latency: 0.185s
2026-08-24 14:39:06 | INFO | Step 1
2026-08-24 14:39:06 | INFO | Thought: Tundra Mine is located in Canada, while Negus Mine is located in Ethiopia. Therefore, these mines are not in the same country.
2026-08-24 14:39:06 | INFO | Model output: Thought: Tundra Mine is located in Canada, while Negus Mine is located in Ethiopia. Therefore, these mines are not in the same country.
Answer: No
2026-08-24 14:39:06 | INFO | Prediction: No
2026-08-24 14:39:06 | INFO | Gold: yes
2026-08-24 14:39:06 | INFO | Answer | EM: 0.0000 | F1: 0.0000
2026-08-24 14:39:06 | INFO | Result | Correct: False | Running EM: 22.38% | Termination: completed | Steps: 1 | Tool calls: 0 | Latency: 0.185s
2026-08-24 14:39:06 | INFO | Step 1
2026-08-24 14:39:06 | INFO | Thought: High School is a 2006 American teen comedy film, while The Thorn in the Heart is a 1995 Hong Kong romantic drama film. Therefore, The Thorn in the Heart was shot earlier than High School.
2026-08-24 14:39:06 | INFO | Model output: Thought: High School is a 2006 American teen comedy film, while The Thorn in the Heart is a 1995 Hong Kong romantic drama film. Therefore, The Thorn in the Heart was shot earlier than High School.
Answer: 1995
2026-08-24 14:39:06 | INFO | Prediction: 1995
2026-08-24 14:39:06 | INFO | Gold: 1968
2026-08-24 14:39:06 | INFO | Answer | EM: 0.0000 | F1: 0.0000
2026-08-24 14:39:06 | INFO | Result | Correct: False | Running EM: 22.31% | Termination: completed | Steps: 1 | Tool calls: 0 | Latency: 0.185s
2026-08-24 14:39:06 | INFO | Step 1
2026-08-24 14:39:06 | INFO | Thought: The incident in question is the Altamont Free Concert, where a Hells Angel member named Alan Passaro stabbed and beat an attendant named Meredith Hunter. This event occurred in December 1969 in California, USA.
2026-08-24 14:39:06 | INFO | Model output: Thought: The incident in question is the Altamont Free Concert, where a Hells Angel member named Alan Passaro stabbed and beat an attendant named Meredith Hunter. This event occurred in December 1969 in California, USA.
Answer: Alan Passaro
2026-08-24 14:39:06 | INFO | Prediction: Alan Passaro
2026-08-24 14:39:06 | INFO | Gold: Alan Passaro
2026-08-24 14:39:06 | INFO | Answer | EM: 1.0000 | F1: 1.0000
2026-08-24 14:39:06 | INFO | Result | Correct: True | Running EM: 22.53% | Termination: completed | Steps: 1 | Tool calls: 0 | Latency: 0.185s
2026-08-24 14:39:06 | INFO | Step 1
2026-08-24 14:39:06 | INFO | Thought: Burton C. Bell is the lead singer of the band Mr. Bungle and has also worked with Faith No More. Billy Idol is a well-known British musician, singer, and songwriter famous for his punk rock and new wave music. Therefore, Billy Idol is known professionally as Billy Idol.
2026-08-24 14:39:06 | INFO | Model output: Thought: Burton C. Bell is the lead singer of the band Mr. Bungle and has also worked with Faith No More. Billy Idol is a well-known British musician, singer, and songwriter famous for his punk rock and new wave music. Therefore, Billy Idol is known professionally as Billy Idol.
Answer: Billy Idol
2026-08-24 14:39:06 | INFO | Prediction: Billy Idol
2026-08-24 14:39:06 | INFO | Gold: William Michael Albert Broad
2026-08-24 14:39:06 | INFO | Answer | EM: 0.0000 | F1: 0.0000
2026-08-24 14:39:06 | INFO | Result | Correct: False | Running EM: 22.47% | Termination: completed | Steps: 1 | Tool calls: 0 | Latency: 0.185s
2026-08-24 14:39:06 | INFO | Step 1
2026-08-24 14:39:06 | INFO | Thought: Laurie Davidson played the role of William Shakespeare Jr. in the Showtime series "The Hollow Crown," which had two seasons. The second season, which included episodes with Laurie Davidson as William Shakespeare Jr., concluded on April 12, 2015.
2026-08-24 14:39:06 | INFO | Model output: Thought: Laurie Davidson played the role of William Shakespeare Jr. in the Showtime series "The Hollow Crown," which had two seasons. The second season, which included episodes with Laurie Davidson as William Shakespeare Jr., concluded on April 12, 2015.
Answer: April 12, 2015
2026-08-24 14:39:06 | INFO | Prediction: April 12, 2015
2026-08-24 14:39:06 | INFO | Gold: September 5, 2017
2026-08-24 14:39:06 | INFO | Answer | EM: 0.0000 | F1: 0.0000
2026-08-24 14:39:06 | INFO | Result | Correct: False | Running EM: 22.40% | Termination: completed | Steps: 1 | Tool calls: 0 | Latency: 0.185s
2026-08-24 14:39:06 | INFO | Step 1
2026-08-24 14:39:06 | INFO | Thought: Jonas Tilly attended the University of California, Berkeley. California's three-system public higher education plan includes the California State University system, the University of California system, and the Community College system. The University of California, Berkeley is part of the University of California system.
2026-08-24 14:39:06 | INFO | Model output: Thought: Jonas Tilly attended the University of California, Berkeley. California's three-system public higher education plan includes the California State University system, the University of California system, and the Community College system. The University of California, Berkeley is part of the University of California system.
Answer: University of California, Berkeley
2026-08-24 14:39:06 | INFO | Prediction: University of California, Berkeley
2026-08-24 14:39:06 | INFO | Gold: University of California
2026-08-24 14:39:06 | INFO | Answer | EM: 0.0000 | F1: 0.8571
2026-08-24 14:39:06 | INFO | Result | Correct: False | Running EM: 22.34% | Termination: completed | Steps: 1 | Tool calls: 0 | Latency: 0.185s
2026-08-24 14:39:06 | INFO | Step 1
2026-08-24 14:39:06 | INFO | Thought: Tetrastigma is a genus of vines in the grape family, which are plants. Spruce is a genus of evergreen trees, which are also plants. Therefore, both Tetrastigma and Spruce are types of plants.
2026-08-24 14:39:06 | INFO | Model output: Thought: Tetrastigma is a genus of vines in the grape family, which are plants. Spruce is a genus of evergreen trees, which are also plants. Therefore, both Tetrastigma and Spruce are types of plants.
Answer: Yes
2026-08-24 14:39:06 | INFO | Prediction: Yes
2026-08-24 14:39:06 | INFO | Gold: yes
2026-08-24 14:39:06 | INFO | Answer | EM: 1.0000 | F1: 1.0000
2026-08-24 14:39:06 | INFO | Result | Correct: True | Running EM: 22.55% | Termination: completed | Steps: 1 | Tool calls: 0 | Latency: 0.185s
2026-08-24 14:39:06 | INFO | Inference batch [369-384/500] size=16
2026-08-24 14:39:06 | INFO | [369/500] example_id=5a8f0796554299458435d528
2026-08-24 14:39:06 | INFO | Question: what air force based named in honor of Carl Benjamin "Ben" Eielson is located 26 miles southeast of Fairbanks, Alaska?
2026-08-24 14:39:06 | INFO | [370/500] example_id=5ae81b895542997ec272770c
2026-08-24 14:39:06 | INFO | Question: The maternal grandmother of Princess Marie Cécile of Prussia was born in which year ?
2026-08-24 14:39:06 | INFO | [371/500] example_id=5ae0f6f5554299422ee99583
2026-08-24 14:39:06 | INFO | Question: Which record label released Van Morrison's "I've Been Working" on the album "His Band and the Street Choir"?
2026-08-24 14:39:06 | INFO | [372/500] example_id=5a7c6d98554299683c1c6304
2026-08-24 14:39:06 | INFO | Question: What ABC television series was inspired by a 2011 film and cast Dominic Cooper as young Howard Stark?
2026-08-24 14:39:06 | INFO | [373/500] example_id=5a83de04554299334474609f
2026-08-24 14:39:06 | INFO | Question: The second studio album by The D.O.C was named as a reference to Charles Manson's idea of a Beatles' song which was a product of McCartney's attempt to create what kind of sound?
2026-08-24 14:39:06 | INFO | [374/500] example_id=5ab29c24554299449642c932
2026-08-24 14:39:06 | INFO | Question: Are Giuseppe Verdi and Ambroise Thomas both Opera composers ?
2026-08-24 14:39:06 | INFO | [375/500] example_id=5ae20c245542997283cd2367
2026-08-24 14:39:06 | INFO | Question: Hina is derived from a dye prepared in what areas?
2026-08-24 14:39:06 | INFO | [376/500] example_id=5ac4efa85542991943173a04
2026-08-24 14:39:06 | INFO | Question: Which body of water flows through more states, Tamiami Canal or Genesee River?
2026-08-24 14:39:06 | INFO | [377/500] example_id=5ac385f8554299741d48a279
2026-08-24 14:39:06 | INFO | Question: The memorial commemorating a 1941 Japanese surprise attack was designed by whom?
2026-08-24 14:39:06 | INFO | [378/500] example_id=5ab4355555429942dd415ee3
2026-08-24 14:39:06 | INFO | Question: What novella was "Eyes Wide Shut," starring Vinessa Elizabeth Shaw, based on?
2026-08-24 14:39:06 | INFO | [379/500] example_id=5add23d05542994734353871
2026-08-24 14:39:06 | INFO | Question: What is the primary duty of the Austrian Pinscher and the Maremma Sheepdog?
2026-08-24 14:39:06 | INFO | [380/500] example_id=5ab99a215542996be202056a
2026-08-24 14:39:06 | INFO | Question: The castle where "Spook Squad" was filmed is in what part of Scotland?
2026-08-24 14:39:06 | INFO | [381/500] example_id=5add15d15542994ed6169c70
2026-08-24 14:39:06 | INFO | Question: Socialist conferences were held with what countries that opposed the Central Powers in the First World War?
2026-08-24 14:39:06 | INFO | [382/500] example_id=5ae5d82f554299546bf82f9a
2026-08-24 14:39:06 | INFO | Question: How many periods in office were held by the British Prime Minister who led the "Who? Who?" ministry?
2026-08-24 14:39:06 | INFO | [383/500] example_id=5ab29b07554299194fa93440
2026-08-24 14:39:06 | INFO | Question: Which city in the Baltimore metropolitan area includes a lake and surrounding park?
2026-08-24 14:39:06 | INFO | [384/500] example_id=5a88bedb554299206df2b35a
2026-08-24 14:39:06 | INFO | Question: What river does Waterloo Bridge and London Eye have in common?
2026-08-24 14:39:10 | INFO | Step 1
2026-08-24 14:39:10 | INFO | Thought: Carl Benjamin "Ben" Eielson was a pioneering aviator. The air force base named in his honor is located in Alaska. The base is known as Eielson Air Force Base, which is situated 26 miles southeast of Fairbanks, Alaska.
2026-08-24 14:39:10 | INFO | Model output: Thought: Carl Benjamin "Ben" Eielson was a pioneering aviator. The air force base named in his honor is located in Alaska. The base is known as Eielson Air Force Base, which is situated 26 miles southeast of Fairbanks, Alaska.
Answer: Eielson Air Force Base
2026-08-24 14:39:10 | INFO | Prediction: Eielson Air Force Base
2026-08-24 14:39:10 | INFO | Gold: Eielson Air Force Base
2026-08-24 14:39:10 | INFO | Answer | EM: 1.0000 | F1: 1.0000
2026-08-24 14:39:10 | INFO | Result | Correct: True | Running EM: 22.76% | Termination: completed | Steps: 1 | Tool calls: 0 | Latency: 0.220s
2026-08-24 14:39:10 | INFO | Step 1
2026-08-24 14:39:10 | INFO | Thought: To determine the birth year of Princess Marie Cécile of Prussia's maternal grandmother, we need to trace back the lineage. However, the specific name and birth year of her maternal grandmother are not directly provided in the question. Without additional context or specific historical data, it's not possible to accurately determine the birth year with the given information alone.
2026-08-24 14:39:10 | INFO | Model output: Thought: To determine the birth year of Princess Marie Cécile of Prussia's maternal grandmother, we need to trace back the lineage. However, the specific name and birth year of her maternal grandmother are not directly provided in the question. Without additional context or specific historical data, it's not possible to accurately determine the birth year with the given information alone.
Answer: Not enough information provided to determine the birth year.
2026-08-24 14:39:10 | INFO | Prediction: Not enough information provided to determine the birth year.
2026-08-24 14:39:10 | INFO | Gold: 1876
2026-08-24 14:39:10 | INFO | Answer | EM: 0.0000 | F1: 0.0000
2026-08-24 14:39:10 | INFO | Result | Correct: False | Running EM: 22.70% | Termination: completed | Steps: 1 | Tool calls: 0 | Latency: 0.220s
2026-08-24 14:39:10 | INFO | Step 1
2026-08-24 14:39:10 | INFO | Thought: Van Morrison is a well-known musician. "I've Been Working" is a track from his album "His Band and the Street Choir." This album was released under the Asylum Records label.
2026-08-24 14:39:10 | INFO | Model output: Thought: Van Morrison is a well-known musician. "I've Been Working" is a track from his album "His Band and the Street Choir." This album was released under the Asylum Records label.
Answer: Asylum Records
2026-08-24 14:39:10 | INFO | Prediction: Asylum Records
2026-08-24 14:39:10 | INFO | Gold: Warner Bros
2026-08-24 14:39:10 | INFO | Answer | EM: 0.0000 | F1: 0.0000
2026-08-24 14:39:10 | INFO | Result | Correct: False | Running EM: 22.64% | Termination: completed | Steps: 1 | Tool calls: 0 | Latency: 0.220s
2026-08-24 14:39:10 | INFO | Step 1
2026-08-24 14:39:10 | INFO | Thought: The 2011 film that inspired an ABC television series featuring Dominic Cooper as young Howard Stark is "Iron Man." This film led to the creation of the ABC series "Agents of S.H.I.E.L.D.," which began in 2013 and included Dominic Cooper's portrayal of Howard Stark during his youth.
2026-08-24 14:39:10 | INFO | Model output: Thought: The 2011 film that inspired an ABC television series featuring Dominic Cooper as young Howard Stark is "Iron Man." This film led to the creation of the ABC series "Agents of S.H.I.E.L.D.," which began in 2013 and included Dominic Cooper's portrayal of Howard Stark during his youth.
Answer: Agents of S.H.I.E.L.D.
2026-08-24 14:39:10 | INFO | Prediction: Agents of S.H.I.E.L.D.
2026-08-24 14:39:10 | INFO | Gold: Agent Carter
2026-08-24 14:39:10 | INFO | Answer | EM: 0.0000 | F1: 0.0000
2026-08-24 14:39:10 | INFO | Result | Correct: False | Running EM: 22.58% | Termination: completed | Steps: 1 | Tool calls: 0 | Latency: 0.220s
2026-08-24 14:39:10 | INFO | Step 1
2026-08-24 14:39:10 | INFO | Thought: The question refers to a Beatles song idea by Paul McCartney that was influenced by Charles Manson's idea. This song was meant to create a sound that would be so disturbing it would drive listeners mad. The D.O.C's second studio album was named "Mad City," referencing this concept.
2026-08-24 14:39:10 | INFO | Model output: Thought: The question refers to a Beatles song idea by Paul McCartney that was influenced by Charles Manson's idea. This song was meant to create a sound that would be so disturbing it would drive listeners mad. The D.O.C's second studio album was named "Mad City," referencing this concept.
Answer: psychedelic
2026-08-24 14:39:10 | INFO | Prediction: psychedelic
2026-08-24 14:39:10 | INFO | Gold: as loud and dirty as possible
2026-08-24 14:39:10 | INFO | Answer | EM: 0.0000 | F1: 0.0000
2026-08-24 14:39:10 | INFO | Result | Correct: False | Running EM: 22.52% | Termination: completed | Steps: 1 | Tool calls: 0 | Latency: 0.220s
2026-08-24 14:39:10 | INFO | Step 1
2026-08-24 14:39:10 | INFO | Thought: Giuseppe Verdi and Ambroise Thomas were both composers, and they are known for composing operas. Therefore, both Giuseppe Verdi and Ambroise Thomas are Opera composers.
2026-08-24 14:39:10 | INFO | Model output: Thought: Giuseppe Verdi and Ambroise Thomas were both composers, and they are known for composing operas. Therefore, both Giuseppe Verdi and Ambroise Thomas are Opera composers.
Answer: Yes
2026-08-24 14:39:10 | INFO | Prediction: Yes
2026-08-24 14:39:10 | INFO | Gold: yes
2026-08-24 14:39:10 | INFO | Answer | EM: 1.0000 | F1: 1.0000
2026-08-24 14:39:10 | INFO | Result | Correct: True | Running EM: 22.73% | Termination: completed | Steps: 1 | Tool calls: 0 | Latency: 0.220s
2026-08-24 14:39:10 | INFO | Step 1
2026-08-24 14:39:10 | INFO | Thought: Hina is a name that can be traced back to the Japanese word for woad, which is used to prepare a blue dye. Woad is primarily cultivated in Europe and Asia. Specifically, the plant from which the dye is derived is grown in areas such as China and India.
2026-08-24 14:39:10 | INFO | Model output: Thought: Hina is a name that can be traced back to the Japanese word for woad, which is used to prepare a blue dye. Woad is primarily cultivated in Europe and Asia. Specifically, the plant from which the dye is derived is grown in areas such as China and India.
Answer: China and India
2026-08-24 14:39:10 | INFO | Prediction: China and India
2026-08-24 14:39:10 | INFO | Gold: South Asia and the Middle East
2026-08-24 14:39:10 | INFO | Answer | EM: 0.0000 | F1: 0.2500
2026-08-24 14:39:10 | INFO | Result | Correct: False | Running EM: 22.67% | Termination: completed | Steps: 1 | Tool calls: 0 | Latency: 0.220s
2026-08-24 14:39:10 | INFO | Step 1
2026-08-24 14:39:10 | INFO | Thought: The Tamiami Canal is a man-made waterway in Florida that passes through three counties. The Genesee River flows through four counties in Michigan and New York. Therefore, the Genesee River flows through more states than the Tamiami Canal.
2026-08-24 14:39:10 | INFO | Model output: Thought: The Tamiami Canal is a man-made waterway in Florida that passes through three counties. The Genesee River flows through four counties in Michigan and New York. Therefore, the Genesee River flows through more states than the Tamiami Canal.
Answer: Genesee River
2026-08-24 14:39:10 | INFO | Prediction: Genesee River
2026-08-24 14:39:10 | INFO | Gold: Genesee River
2026-08-24 14:39:10 | INFO | Answer | EM: 1.0000 | F1: 1.0000
2026-08-24 14:39:10 | INFO | Result | Correct: True | Running EM: 22.87% | Termination: completed | Steps: 1 | Tool calls: 0 | Latency: 0.220s
2026-08-24 14:39:10 | INFO | Step 1
2026-08-24 14:39:10 | INFO | Thought: The memorial commemorating the 1941 Japanese surprise attack is likely referring to the Pearl Harbor Memorial. The Pearl Harbor Memorial was designed by architect Alfred Preis.
2026-08-24 14:39:10 | INFO | Model output: Thought: The memorial commemorating the 1941 Japanese surprise attack is likely referring to the Pearl Harbor Memorial. The Pearl Harbor Memorial was designed by architect Alfred Preis.
Answer: Alfred Preis
2026-08-24 14:39:10 | INFO | Prediction: Alfred Preis
2026-08-24 14:39:10 | INFO | Gold: Alfred Preis
2026-08-24 14:39:10 | INFO | Answer | EM: 1.0000 | F1: 1.0000
2026-08-24 14:39:10 | INFO | Result | Correct: True | Running EM: 23.08% | Termination: completed | Steps: 1 | Tool calls: 0 | Latency: 0.220s
2026-08-24 14:39:10 | INFO | Step 1
2026-08-24 14:39:10 | INFO | Thought: "Eyes Wide Shut" is a film directed by Stanley Kubrick. It is based on a novella titled "Das Traumnalische" by Stefan Zweig. However, the film does not directly use this title but is inspired by its themes and structure. The novella was later translated and published under the title "The Claim."
2026-08-24 14:39:10 | INFO | Model output: Thought: "Eyes Wide Shut" is a film directed by Stanley Kubrick. It is based on a novella titled "Das Traumnalische" by Stefan Zweig. However, the film does not directly use this title but is inspired by its themes and structure. The novella was later translated and published under the title "The Claim."
Answer: The novella "The Claim" by Stefan Zweig
2026-08-24 14:39:10 | INFO | Prediction: The novella "The Claim" by Stefan Zweig
2026-08-24 14:39:10 | INFO | Gold: "Traumnovelle" ("Dream Story")
2026-08-24 14:39:10 | INFO | Answer | EM: 0.0000 | F1: 0.0000
2026-08-24 14:39:10 | INFO | Result | Correct: False | Running EM: 23.02% | Termination: completed | Steps: 1 | Tool calls: 0 | Latency: 0.220s
2026-08-24 14:39:10 | INFO | Step 1
2026-08-24 14:39:10 | INFO | Thought: The Austrian Pinscher is a breed of dog known for its role as a watchdog and companion. The Maremma Sheepdog is a breed of herding dog used for guarding sheep. Both breeds primarily serve in roles related to protection and guarding.
2026-08-24 14:39:10 | INFO | Model output: Thought: The Austrian Pinscher is a breed of dog known for its role as a watchdog and companion. The Maremma Sheepdog is a breed of herding dog used for guarding sheep. Both breeds primarily serve in roles related to protection and guarding.
Answer: protection and guarding
2026-08-24 14:39:10 | INFO | Prediction: protection and guarding
2026-08-24 14:39:10 | INFO | Gold: to guard
2026-08-24 14:39:10 | INFO | Answer | EM: 0.0000 | F1: 0.0000
2026-08-24 14:39:10 | INFO | Result | Correct: False | Running EM: 22.96% | Termination: completed | Steps: 1 | Tool calls: 0 | Latency: 0.220s
2026-08-24 14:39:10 | INFO | Step 1
2026-08-24 14:39:10 | INFO | Thought: "Spook Squad" is a television series that was filmed at Urquhart Castle, which is located in the Scottish Highlands, near the town of Drumnadrochit on the shore of Loch Ness.
2026-08-24 14:39:10 | INFO | Model output: Thought: "Spook Squad" is a television series that was filmed at Urquhart Castle, which is located in the Scottish Highlands, near the town of Drumnadrochit on the shore of Loch Ness.
Answer: Scottish Highlands
2026-08-24 14:39:10 | INFO | Prediction: Scottish Highlands
2026-08-24 14:39:10 | INFO | Gold: Aberdeenshire, Scotland
2026-08-24 14:39:10 | INFO | Answer | EM: 0.0000 | F1: 0.0000
2026-08-24 14:39:10 | INFO | Result | Correct: False | Running EM: 22.89% | Termination: completed | Steps: 1 | Tool calls: 0 | Latency: 0.220s
2026-08-24 14:39:10 | INFO | Step 1
2026-08-24 14:39:10 | INFO | Thought: Socialist conferences during the First World War involved countries that opposed the Central Powers, which included the Allies such as the United Kingdom, France, Russia, Italy, and later the United States. These countries had socialist movements or governments that participated in international socialist conferences to discuss labor issues, peace, and post-war reconstruction.
2026-08-24 14:39:10 | INFO | Model output: Thought: Socialist conferences during the First World War involved countries that opposed the Central Powers, which included the Allies such as the United Kingdom, France, Russia, Italy, and later the United States. These countries had socialist movements or governments that participated in international socialist conferences to discuss labor issues, peace, and post-war reconstruction.
Answer: United Kingdom, France, Russia, Italy, and the United States
2026-08-24 14:39:10 | INFO | Prediction: United Kingdom, France, Russia, Italy, and the United States
2026-08-24 14:39:10 | INFO | Gold: The Allies of World War I
2026-08-24 14:39:10 | INFO | Answer | EM: 0.0000 | F1: 0.0000
2026-08-24 14:39:10 | INFO | Result | Correct: False | Running EM: 22.83% | Termination: completed | Steps: 1 | Tool calls: 0 | Latency: 0.220s
2026-08-24 14:39:10 | INFO | Step 1
2026-08-24 14:39:10 | INFO | Thought: Winston Churchill led the "Who? Who?" ministry during World War II. He served as Prime Minister twice, first from 1940 to 1945 and then from 1951 to 1955. Therefore, he held two periods in office for the "Who? Who?" ministry.
2026-08-24 14:39:10 | INFO | Model output: Thought: Winston Churchill led the "Who? Who?" ministry during World War II. He served as Prime Minister twice, first from 1940 to 1945 and then from 1951 to 1955. Therefore, he held two periods in office for the "Who? Who?" ministry.
Answer: Two
2026-08-24 14:39:10 | INFO | Prediction: Two
2026-08-24 14:39:10 | INFO | Gold: 3
2026-08-24 14:39:10 | INFO | Answer | EM: 0.0000 | F1: 0.0000
2026-08-24 14:39:10 | INFO | Result | Correct: False | Running EM: 22.77% | Termination: completed | Steps: 1 | Tool calls: 0 | Latency: 0.220s
2026-08-24 14:39:10 | INFO | Step 1
2026-08-24 14:39:10 | INFO | Thought: Let's think step by step. The Baltimore metropolitan area includes several cities with lakes and parks. One such city is Timonium, which features Timonium Lake and Timonium Creek Park. Therefore, the city in the Baltimore metropolitan area that includes a lake and surrounding park is Timonium.
2026-08-24 14:39:10 | INFO | Model output: Thought: Let's think step by step. The Baltimore metropolitan area includes several cities with lakes and parks. One such city is Timonium, which features Timonium Lake and Timonium Creek Park. Therefore, the city in the Baltimore metropolitan area that includes a lake and surrounding park is Timonium.
Answer: Timonium
2026-08-24 14:39:10 | INFO | Prediction: Timonium
2026-08-24 14:39:10 | INFO | Gold: Columbia, Maryland
2026-08-24 14:39:10 | INFO | Answer | EM: 0.0000 | F1: 0.0000
2026-08-24 14:39:10 | INFO | Result | Correct: False | Running EM: 22.72% | Termination: completed | Steps: 1 | Tool calls: 0 | Latency: 0.220s
2026-08-24 14:39:10 | INFO | Step 1
2026-08-24 14:39:10 | INFO | Thought: Waterloo Bridge is located on the River Thames in London, and the London Eye is also situated on the River Thames in London. Therefore, both landmarks share the River Thames as their common river.
2026-08-24 14:39:10 | INFO | Model output: Thought: Waterloo Bridge is located on the River Thames in London, and the London Eye is also situated on the River Thames in London. Therefore, both landmarks share the River Thames as their common river.
Answer: River Thames
2026-08-24 14:39:10 | INFO | Prediction: River Thames
2026-08-24 14:39:10 | INFO | Gold: Thames
2026-08-24 14:39:10 | INFO | Answer | EM: 0.0000 | F1: 0.6667
2026-08-24 14:39:10 | INFO | Result | Correct: False | Running EM: 22.66% | Termination: completed | Steps: 1 | Tool calls: 0 | Latency: 0.220s
2026-08-24 14:39:10 | INFO | Inference batch [385-400/500] size=16
2026-08-24 14:39:10 | INFO | [385/500] example_id=5abfd3ba5542994516f4550a
2026-08-24 14:39:10 | INFO | Question: Of the retired tennis players Ross Case and Slobodan Živojinović, which player reached a higher career-high singles ranking?
2026-08-24 14:39:10 | INFO | [386/500] example_id=5a728b1c5542992359bc30e0
2026-08-24 14:39:10 | INFO | Question: Which member of the boy group Shinee released their first studio album "She is"?
2026-08-24 14:39:10 | INFO | [387/500] example_id=5a806aca5542996402f6a503
2026-08-24 14:39:10 | INFO | Question: Which characters are akin to goblins and were added to a Tilted Mill Entertainment video game in 2009?
2026-08-24 14:39:10 | INFO | [388/500] example_id=5ae4bbf05542995ad6573e32
2026-08-24 14:39:10 | INFO | Question: Which criminal case filed in Santa Clara County Superior Court did judge Aaron Persky rendered the verdict in
2026-08-24 14:39:10 | INFO | [389/500] example_id=5a8638945542994775f6072d
2026-08-24 14:39:10 | INFO | Question: Are Sutera and Rhodotypos both types of shrub?
2026-08-24 14:39:10 | INFO | [390/500] example_id=5ab3bcc55542992ade7c6e66
2026-08-24 14:39:10 | INFO | Question: In which election did Norm Coleman won to become the last republican elected as of 2017?
2026-08-24 14:39:10 | INFO | [391/500] example_id=5ab7b0775542992aa3b8c83e
2026-08-24 14:39:10 | INFO | Question: SS Ionic was built by the industrial company based in what city?
2026-08-24 14:39:10 | INFO | [392/500] example_id=5abd68b45542993062266c77
2026-08-24 14:39:10 | INFO | Question: What did the main character in Unbroken do in the Olympics?
2026-08-24 14:39:10 | INFO | [393/500] example_id=5ac2a399554299218029dada
2026-08-24 14:39:10 | INFO | Question: Who programmed a cartridge-based development system made by a company noted for authoring Atari's BASIC?
2026-08-24 14:39:10 | INFO | [394/500] example_id=5a8f2fed55429918e830d1c7
2026-08-24 14:39:10 | INFO | Question: Both Bo Diddley and The Yardbirds played which common genre of music during their careers?
2026-08-24 14:39:10 | INFO | [395/500] example_id=5a80abb65542996402f6a5df
2026-08-24 14:39:10 | INFO | Question: What organization affiliated with the National Collegiate Athletic Association Division were the 2012 Hawaii Warriors football team first year members of?
2026-08-24 14:39:10 | INFO | [396/500] example_id=5a7fc8d05542992e7d278d86
2026-08-24 14:39:10 | INFO | Question: Which Air Force member was behind enemy lines for 11 1/2 days and had the largest,longest and most complex rescue mission?
2026-08-24 14:39:10 | INFO | [397/500] example_id=5a8f45ca5542997ba9cb320e
2026-08-24 14:39:10 | INFO | Question: What type of film are both "500 Years Later" and "Manson"?
2026-08-24 14:39:10 | INFO | [398/500] example_id=5a87aa135542996e4f3088b8
2026-08-24 14:39:10 | INFO | Question: Jolyon James performed the role of Moonshadow in a musical by a composer of what nationality?
2026-08-24 14:39:10 | INFO | [399/500] example_id=5ab29346554299545a2cf997
2026-08-24 14:39:10 | INFO | Question: What CBS-affiliated station serves Pontotoc County, Oklahoma?
2026-08-24 14:39:10 | INFO | [400/500] example_id=5ae789615542997ec2727695
2026-08-24 14:39:10 | INFO | Question: Kam Heskin plays Paige Morgan in a 2004 film directed by who?
2026-08-24 14:39:16 | INFO | Step 1
2026-08-24 14:39:16 | INFO | Thought: Ross Case's career-high singles ranking was 121, while Slobodan Živojinović's career-high singles ranking was 36. Therefore, Slobodan Živojinović reached a higher career-high singles ranking.
2026-08-24 14:39:16 | INFO | Model output: Thought: Ross Case's career-high singles ranking was 121, while Slobodan Živojinović's career-high singles ranking was 36. Therefore, Slobodan Živojinović reached a higher career-high singles ranking.
Answer: Slobodan Živojinović
2026-08-24 14:39:16 | INFO | Prediction: Slobodan Živojinović
2026-08-24 14:39:16 | INFO | Gold: Ross Case
2026-08-24 14:39:16 | INFO | Answer | EM: 0.0000 | F1: 0.0000
2026-08-24 14:39:16 | INFO | Result | Correct: False | Running EM: 22.60% | Termination: completed | Steps: 1 | Tool calls: 0 | Latency: 0.367s
2026-08-24 14:39:16 | INFO | Step 1
2026-08-24 14:39:16 | INFO | Thought: Donghae is a member of the boy group Shinee, and his first solo studio album was indeed "She is."
2026-08-24 14:39:16 | INFO | Model output: Thought: Donghae is a member of the boy group Shinee, and his first solo studio album was indeed "She is."
Answer: Donghae
2026-08-24 14:39:16 | INFO | Prediction: Donghae
2026-08-24 14:39:16 | INFO | Gold: Jonghyun
2026-08-24 14:39:16 | INFO | Answer | EM: 0.0000 | F1: 0.0000
2026-08-24 14:39:16 | INFO | Result | Correct: False | Running EM: 22.54% | Termination: completed | Steps: 1 | Tool calls: 0 | Latency: 0.367s
2026-08-24 14:39:16 | INFO | Step 1
2026-08-24 14:39:16 | INFO | Thought: Tilted Mill Entertainment developed the video game "Stronghold Kingdoms," which includes various fantasy creatures. Goblins are a common fantasy creature often found in games and literature. In "Stronghold Kingdoms," the character akin to goblins is the Grimgoblin.
2026-08-24 14:39:16 | INFO | Model output: Thought: Tilted Mill Entertainment developed the video game "Stronghold Kingdoms," which includes various fantasy creatures. Goblins are a common fantasy creature often found in games and literature. In "Stronghold Kingdoms," the character akin to goblins is the Grimgoblin.
Answer: Grimgoblin
2026-08-24 14:39:16 | INFO | Prediction: Grimgoblin
2026-08-24 14:39:16 | INFO | Gold: Orc characters
2026-08-24 14:39:16 | INFO | Answer | EM: 0.0000 | F1: 0.0000
2026-08-24 14:39:16 | INFO | Result | Correct: False | Running EM: 22.48% | Termination: completed | Steps: 1 | Tool calls: 0 | Latency: 0.367s
2026-08-24 14:39:16 | INFO | Step 1
2026-08-24 14:39:16 | INFO | Thought: Judge Aaron Persky is known for rendering the verdict in the criminal case of刑事案件涉及的是对Serena Williams的前教练Vernon Williams的指控，但更著名的是他对被告为Sexual Assault的案件，即对Serena Williams的前教练Vernon Williams的指控。然而，最著名的案例是2016年对演员Aaron Hernandez的谋杀案判决。但是，最广为人知的案例是2016年对前橄榄球运动员Stephanie Saldana的性侵案，她在2017年提出上诉后，Persky法官判处她6个月的县监狱监禁，外加三年的监督释放期。
2026-08-24 14:39:16 | INFO | Model output: Thought: Judge Aaron Persky is known for rendering the verdict in the criminal case of刑事案件涉及的是对Serena Williams的前教练Vernon Williams的指控，但更著名的是他对被告为Sexual Assault的案件，即对Serena Williams的前教练Vernon Williams的指控。然而，最著名的案例是2016年对演员Aaron Hernandez的谋杀案判决。但是，最广为人知的案例是2016年对前橄榄球运动员Stephanie Saldana的性侵案，她在2017年提出上诉后，Persky法官判处她6个月的县监狱监禁，外加三年的监督释放期。
Answer: Stephanie Saldana的性侵案
2026-08-24 14:39:16 | INFO | Prediction: Stephanie Saldana的性侵案
2026-08-24 14:39:16 | INFO | Gold: People v. Turner
2026-08-24 14:39:16 | INFO | Answer | EM: 0.0000 | F1: 0.0000
2026-08-24 14:39:16 | INFO | Result | Correct: False | Running EM: 22.42% | Termination: completed | Steps: 1 | Tool calls: 0 | Latency: 0.367s
2026-08-24 14:39:16 | INFO | Step 1
2026-08-24 14:39:16 | INFO | Thought: Sutera is a genus of flowering plants in the family Campanulaceae, commonly grown as ornamental shrubs. Rhodotypos is a genus of flowering plants in the family Rubiaceae, also commonly grown as ornamental shrubs. Both are types of shrubs.
2026-08-24 14:39:16 | INFO | Model output: Thought: Sutera is a genus of flowering plants in the family Campanulaceae, commonly grown as ornamental shrubs. Rhodotypos is a genus of flowering plants in the family Rubiaceae, also commonly grown as ornamental shrubs. Both are types of shrubs.
Answer: Yes
2026-08-24 14:39:16 | INFO | Prediction: Yes
2026-08-24 14:39:16 | INFO | Gold: no
2026-08-24 14:39:16 | INFO | Answer | EM: 0.0000 | F1: 0.0000
2026-08-24 14:39:16 | INFO | Result | Correct: False | Running EM: 22.37% | Termination: completed | Steps: 1 | Tool calls: 0 | Latency: 0.367s
2026-08-24 14:39:16 | INFO | Step 1
2026-08-24 14:39:16 | INFO | Thought: Norm Coleman won the 2008 Minnesota Senate election to become the last Republican elected to that position as of 2017.
2026-08-24 14:39:16 | INFO | Model output: Thought: Norm Coleman won the 2008 Minnesota Senate election to become the last Republican elected to that position as of 2017.
Answer: 2008 Minnesota Senate election
2026-08-24 14:39:16 | INFO | Prediction: 2008 Minnesota Senate election
2026-08-24 14:39:16 | INFO | Gold: 2002
2026-08-24 14:39:16 | INFO | Answer | EM: 0.0000 | F1: 0.0000
2026-08-24 14:39:16 | INFO | Result | Correct: False | Running EM: 22.31% | Termination: completed | Steps: 1 | Tool calls: 0 | Latency: 0.367s
2026-08-24 14:39:16 | INFO | Step 1
2026-08-24 14:39:16 | INFO | Thought: SS Ionic was built by Cammell Laird, a shipbuilding company. Cammell Laird is based in Birkenhead, a city in the Wirral, England.
2026-08-24 14:39:16 | INFO | Model output: Thought: SS Ionic was built by Cammell Laird, a shipbuilding company. Cammell Laird is based in Birkenhead, a city in the Wirral, England.
Answer: Birkenhead
2026-08-24 14:39:16 | INFO | Prediction: Birkenhead
2026-08-24 14:39:16 | INFO | Gold: Belfast, Northern Ireland
2026-08-24 14:39:16 | INFO | Answer | EM: 0.0000 | F1: 0.0000
2026-08-24 14:39:16 | INFO | Result | Correct: False | Running EM: 22.25% | Termination: completed | Steps: 1 | Tool calls: 0 | Latency: 0.367s
2026-08-24 14:39:16 | INFO | Step 1
2026-08-24 14:39:16 | INFO | Thought: Louis Zamperini was an American distance runner. In the 1936 Summer Olympics, he participated in the 5000 meters event. However, he did not win a medal; he finished in 8th place.
2026-08-24 14:39:16 | INFO | Model output: Thought: Louis Zamperini was an American distance runner. In the 1936 Summer Olympics, he participated in the 5000 meters event. However, he did not win a medal; he finished in 8th place.
Answer: He participated in the 5000 meters event but did not win a medal.
2026-08-24 14:39:16 | INFO | Prediction: He participated in the 5000 meters event but did not win a medal.
2026-08-24 14:39:16 | INFO | Gold: Olympic distance runner
2026-08-24 14:39:16 | INFO | Answer | EM: 0.0000 | F1: 0.0000
2026-08-24 14:39:16 | INFO | Result | Correct: False | Running EM: 22.19% | Termination: completed | Steps: 1 | Tool calls: 0 | Latency: 0.367s
2026-08-24 14:39:16 | INFO | Step 1
2026-08-24 14:39:16 | INFO | Thought: A cartridge-based development system made by a company noted for authorizing Atari's BASIC is likely referring to Atari 2600 VCS Development System. The company known for Atari's BASIC is Atari. Notable programmers for Atari include Warren Robinett, who programmed the game Adventure for the Atari 2600.
2026-08-24 14:39:16 | INFO | Model output: Thought: A cartridge-based development system made by a company noted for authorizing Atari's BASIC is likely referring to Atari 2600 VCS Development System. The company known for Atari's BASIC is Atari. Notable programmers for Atari include Warren Robinett, who programmed the game Adventure for the Atari 2600.
Answer: Warren Robinett
2026-08-24 14:39:16 | INFO | Prediction: Warren Robinett
2026-08-24 14:39:16 | INFO | Gold: Kathleen O'Brien
2026-08-24 14:39:16 | INFO | Answer | EM: 0.0000 | F1: 0.0000
2026-08-24 14:39:16 | INFO | Result | Correct: False | Running EM: 22.14% | Termination: completed | Steps: 1 | Tool calls: 0 | Latency: 0.367s
2026-08-24 14:39:16 | INFO | Step 1
2026-08-24 14:39:16 | INFO | Thought: Bo Diddley is known for playing rock and roll and rhythm and blues. The Yardbirds are also known for playing rock and roll and rhythm and blues. Therefore, both artists commonly played rock and roll and rhythm and blues during their careers.
2026-08-24 14:39:16 | INFO | Model output: Thought: Bo Diddley is known for playing rock and roll and rhythm and blues. The Yardbirds are also known for playing rock and roll and rhythm and blues. Therefore, both artists commonly played rock and roll and rhythm and blues during their careers.
Answer: rock and roll, rhythm and blues
2026-08-24 14:39:16 | INFO | Prediction: rock and roll, rhythm and blues
2026-08-24 14:39:16 | INFO | Gold: rock and roll
2026-08-24 14:39:16 | INFO | Answer | EM: 0.0000 | F1: 0.6667
2026-08-24 14:39:16 | INFO | Result | Correct: False | Running EM: 22.08% | Termination: completed | Steps: 1 | Tool calls: 0 | Latency: 0.367s
2026-08-24 14:39:16 | INFO | Step 1
2026-08-24 14:39:16 | INFO | Thought: The 2012 Hawaii Warriors football team played under the Division I Football Championship Subdivision (FCS) before moving to the Division I Football Bowl Subdivision (FBS) in 2013. Therefore, they were first year members of the FCS.
2026-08-24 14:39:16 | INFO | Model output: Thought: The 2012 Hawaii Warriors football team played under the Division I Football Championship Subdivision (FCS) before moving to the Division I Football Bowl Subdivision (FBS) in 2013. Therefore, they were first year members of the FCS.
Answer: Division I Football Championship Subdivision (FCS)
2026-08-24 14:39:16 | INFO | Prediction: Division I Football Championship Subdivision (FCS)
2026-08-24 14:39:16 | INFO | Gold: Mountain West Conference
2026-08-24 14:39:16 | INFO | Answer | EM: 0.0000 | F1: 0.0000
2026-08-24 14:39:16 | INFO | Result | Correct: False | Running EM: 22.03% | Termination: completed | Steps: 1 | Tool calls: 0 | Latency: 0.367s
2026-08-24 14:39:16 | INFO | Step 1
2026-08-24 14:39:16 | INFO | Thought: The individual in question is Air Force member Captain Richard R. Graham. He was behind enemy lines for 11 1/2 days during the Vietnam War and was involved in the largest, longest, and most complex rescue mission of the war, known as Operation Babylift.
2026-08-24 14:39:16 | INFO | Model output: Thought: The individual in question is Air Force member Captain Richard R. Graham. He was behind enemy lines for 11 1/2 days during the Vietnam War and was involved in the largest, longest, and most complex rescue mission of the war, known as Operation Babylift.
Answer: Captain Richard R. Graham
2026-08-24 14:39:16 | INFO | Prediction: Captain Richard R. Graham
2026-08-24 14:39:16 | INFO | Gold: Lieutenant Colonel Iceal E. "Gene" Hambleton
2026-08-24 14:39:16 | INFO | Answer | EM: 0.0000 | F1: 0.0000
2026-08-24 14:39:16 | INFO | Result | Correct: False | Running EM: 21.97% | Termination: completed | Steps: 1 | Tool calls: 0 | Latency: 0.367s
2026-08-24 14:39:16 | INFO | Step 1
2026-08-24 14:39:16 | INFO | Thought: "500 Years Later" is a documentary film, and "Manson" is also a documentary film. Both films explore historical and cultural topics in depth.
2026-08-24 14:39:16 | INFO | Model output: Thought: "500 Years Later" is a documentary film, and "Manson" is also a documentary film. Both films explore historical and cultural topics in depth.
Answer: documentary films
2026-08-24 14:39:16 | INFO | Prediction: documentary films
2026-08-24 14:39:16 | INFO | Gold: documentary
2026-08-24 14:39:16 | INFO | Answer | EM: 0.0000 | F1: 0.6667
2026-08-24 14:39:16 | INFO | Result | Correct: False | Running EM: 21.91% | Termination: completed | Steps: 1 | Tool calls: 0 | Latency: 0.367s
2026-08-24 14:39:16 | INFO | Step 1
2026-08-24 14:39:16 | INFO | Thought: Jolyon James played Moonshadow in the musical "The Wind in the Willows," which was adapted from the book by Kenneth Grahame. Kenneth Grahame was a British author. Therefore, the composer of the musical, although not explicitly mentioned, would likely be of British nationality given the source material.
2026-08-24 14:39:16 | INFO | Model output: Thought: Jolyon James played Moonshadow in the musical "The Wind in the Willows," which was adapted from the book by Kenneth Grahame. Kenneth Grahame was a British author. Therefore, the composer of the musical, although not explicitly mentioned, would likely be of British nationality given the source material.
Answer: British
2026-08-24 14:39:16 | INFO | Prediction: British
2026-08-24 14:39:16 | INFO | Gold: British
2026-08-24 14:39:16 | INFO | Answer | EM: 1.0000 | F1: 1.0000
2026-08-24 14:39:16 | INFO | Result | Correct: True | Running EM: 22.11% | Termination: completed | Steps: 1 | Tool calls: 0 | Latency: 0.367s
2026-08-24 14:39:16 | INFO | Step 1
2026-08-24 14:39:16 | INFO | Thought: To determine the CBS-affiliated station serving Pontotoc County, Oklahoma, I need to find the CBS affiliate for the nearest major city, which is Tulsa, Oklahoma. The CBS affiliate for Tulsa is KOTV (Channel 2). While it's possible that Pontotoc County might receive this signal, it's more accurate to state the CBS affiliate for the area.
2026-08-24 14:39:16 | INFO | Model output: Thought: To determine the CBS-affiliated station serving Pontotoc County, Oklahoma, I need to find the CBS affiliate for the nearest major city, which is Tulsa, Oklahoma. The CBS affiliate for Tulsa is KOTV (Channel 2). While it's possible that Pontotoc County might receive this signal, it's more accurate to state the CBS affiliate for the area. 
Answer: KOTV (Channel 2)
2026-08-24 14:39:16 | INFO | Prediction: KOTV (Channel 2)
2026-08-24 14:39:16 | INFO | Gold: KXII
2026-08-24 14:39:16 | INFO | Answer | EM: 0.0000 | F1: 0.0000
2026-08-24 14:39:16 | INFO | Result | Correct: False | Running EM: 22.06% | Termination: completed | Steps: 1 | Tool calls: 0 | Latency: 0.367s
2026-08-24 14:39:16 | INFO | Step 1
2026-08-24 14:39:16 | INFO | Thought: Kam Heskin plays Paige Morgan in the film "Mean Girls," which was directed by Mark Waters.
2026-08-24 14:39:16 | INFO | Model output: Thought: Kam Heskin plays Paige Morgan in the film "Mean Girls," which was directed by Mark Waters.
Answer: Mark Waters
2026-08-24 14:39:16 | INFO | Prediction: Mark Waters
2026-08-24 14:39:16 | INFO | Gold: Martha Coolidge
2026-08-24 14:39:16 | INFO | Answer | EM: 0.0000 | F1: 0.0000
2026-08-24 14:39:16 | INFO | Result | Correct: False | Running EM: 22.00% | Termination: completed | Steps: 1 | Tool calls: 0 | Latency: 0.367s
2026-08-24 14:39:16 | INFO | Inference batch [401-416/500] size=16
2026-08-24 14:39:16 | INFO | [401/500] example_id=5ac45b58554299076e296dad
2026-08-24 14:39:16 | INFO | Question: Which has the larger population, Shanghai or Hanggin Rear Banner?
2026-08-24 14:39:16 | INFO | [402/500] example_id=5ac43ddf5542995c82c4ad08
2026-08-24 14:39:16 | INFO | Question: What substance is always in a trap to prevent the passage of anything from either direction,  even sewer gases?
2026-08-24 14:39:16 | INFO | [403/500] example_id=5ae075455542993d6555eb59
2026-08-24 14:39:16 | INFO | Question: Are 111 Murray Street and 220 Central Park South both located in Manhattan?
2026-08-24 14:39:16 | INFO | [404/500] example_id=5a7350585542992359bc32f9
2026-08-24 14:39:16 | INFO | Question: Everybody's Crazy was produced by Michael Bolton, what genre of music does Everybody's Crazy fit into?
2026-08-24 14:39:16 | INFO | [405/500] example_id=5ae4b55455429913cc2044db
2026-08-24 14:39:16 | INFO | Question: Among the cast for "Suicide Squad", who has also appeared in "Flags of Our Fathers"?
2026-08-24 14:39:16 | INFO | [406/500] example_id=5a8494b15542991dd0999d35
2026-08-24 14:39:16 | INFO | Question: Which magazine was founded first, Allure or Genre?
2026-08-24 14:39:16 | INFO | [407/500] example_id=5abf16965542993fe9a41dd3
2026-08-24 14:39:16 | INFO | Question: Hamilton Evans "Tony" James is the COO and director of the largest alternative investment firm in what?
2026-08-24 14:39:16 | INFO | [408/500] example_id=5ae60426554299546bf83019
2026-08-24 14:39:16 | INFO | Question: Which American Space Western animated series did Celebrity Home Entertainment released
2026-08-24 14:39:16 | INFO | [409/500] example_id=5ae226755542996483e64906
2026-08-24 14:39:16 | INFO | Question: What computer was released earlier, Gradiente Expert or LNW-80?
2026-08-24 14:39:16 | INFO | [410/500] example_id=5a809b575542996402f6a59c
2026-08-24 14:39:16 | INFO | Question: What former nose tackle announced ESPN College Football Friday Primetime in 2017?
2026-08-24 14:39:16 | INFO | [411/500] example_id=5ae28058554299495565da90
2026-08-24 14:39:16 | INFO | Question: In what year was the fantasy and science fiction author of the short story "Recovery" born?
2026-08-24 14:39:16 | INFO | [412/500] example_id=5ae7ff745542994a481bbe6e
2026-08-24 14:39:16 | INFO | Question: When was the track from which a sample was featured in "Take Me to the Clouds Above" released?
2026-08-24 14:39:16 | INFO | [413/500] example_id=5a77c74155429967ab105291
2026-08-24 14:39:16 | INFO | Question: Which band formed in England, Of Montreal or Vib Gyor?
2026-08-24 14:39:16 | INFO | [414/500] example_id=5ab6c47e55429954757d3368
2026-08-24 14:39:16 | INFO | Question: Adam Fox was one of the first members of an informal literary discussion group associated with what University?
2026-08-24 14:39:16 | INFO | [415/500] example_id=5a8a7d2b55429930ff3c0dfc
2026-08-24 14:39:16 | INFO | Question: Are the flowering plants Ecballium and Elatostema in the same family?
2026-08-24 14:39:16 | INFO | [416/500] example_id=5a7bbc59554299294a54aaa9
2026-08-24 14:39:16 | INFO | Question: Steve Denton and Albert Costa are both tennis players, which one began playing at the age if five?
2026-08-24 14:39:20 | INFO | Step 1
2026-08-24 14:39:20 | INFO | Thought: Shanghai is a major city in China with a well-documented population. Hanggin Rear Banner is a smaller administrative division in China, likely a county-level municipality. Comparing the populations, Shanghai has significantly more people than Hanggin Rear Banner.
2026-08-24 14:39:20 | INFO | Model output: Thought: Shanghai is a major city in China with a well-documented population. Hanggin Rear Banner is a smaller administrative division in China, likely a county-level municipality. Comparing the populations, Shanghai has significantly more people than Hanggin Rear Banner.
Answer: Shanghai
2026-08-24 14:39:20 | INFO | Prediction: Shanghai
2026-08-24 14:39:20 | INFO | Gold: Shanghai
2026-08-24 14:39:20 | INFO | Answer | EM: 1.0000 | F1: 1.0000
2026-08-24 14:39:20 | INFO | Result | Correct: True | Running EM: 22.19% | Termination: completed | Steps: 1 | Tool calls: 0 | Latency: 0.237s
2026-08-24 14:39:20 | INFO | Step 1
2026-08-24 14:39:20 | INFO | Thought: A check valve is designed to allow fluid to flow in only one direction and prevent backflow. Common substances used in check valves include rubber, plastic, metal, or other flexible materials that can seal off the passage. Even sewer gases are prevented from passing in either direction by these materials.
2026-08-24 14:39:20 | INFO | Model output: Thought: A check valve is designed to allow fluid to flow in only one direction and prevent backflow. Common substances used in check valves include rubber, plastic, metal, or other flexible materials that can seal off the passage. Even sewer gases are prevented from passing in either direction by these materials.
Answer: rubber, plastic, metal
2026-08-24 14:39:20 | INFO | Prediction: rubber, plastic, metal
2026-08-24 14:39:20 | INFO | Gold: water
2026-08-24 14:39:20 | INFO | Answer | EM: 0.0000 | F1: 0.0000
2026-08-24 14:39:20 | INFO | Result | Correct: False | Running EM: 22.14% | Termination: completed | Steps: 1 | Tool calls: 0 | Latency: 0.237s
2026-08-24 14:39:20 | INFO | Step 1
2026-08-24 14:39:20 | INFO | Thought: 111 Murray Street and 220 Central Park South are both well-known addresses in New York City. To determine if they are both in Manhattan, we need to consider that Manhattan is one of the five boroughs of New York City and is home to many famous landmarks and buildings. Since both addresses are recognized as significant structures in their respective areas, it is reasonable to conclude that they are indeed both located in Manhattan.
2026-08-24 14:39:20 | INFO | Model output: Thought: 111 Murray Street and 220 Central Park South are both well-known addresses in New York City. To determine if they are both in Manhattan, we need to consider that Manhattan is one of the five boroughs of New York City and is home to many famous landmarks and buildings. Since both addresses are recognized as significant structures in their respective areas, it is reasonable to conclude that they are indeed both located in Manhattan.
Answer: Yes
2026-08-24 14:39:20 | INFO | Prediction: Yes
2026-08-24 14:39:20 | INFO | Gold: yes
2026-08-24 14:39:20 | INFO | Answer | EM: 1.0000 | F1: 1.0000
2026-08-24 14:39:20 | INFO | Result | Correct: True | Running EM: 22.33% | Termination: completed | Steps: 1 | Tool calls: 0 | Latency: 0.237s
2026-08-24 14:39:20 | INFO | Step 1
2026-08-24 14:39:20 | INFO | Thought: "Everybody's Crazy" is a song by Michael Bolton, and it is known for its pop rock style with elements of adult contemporary music. This song fits into the pop rock genre.
2026-08-24 14:39:20 | INFO | Model output: Thought: "Everybody's Crazy" is a song by Michael Bolton, and it is known for its pop rock style with elements of adult contemporary music. This song fits into the pop rock genre.
Answer: pop rock
2026-08-24 14:39:20 | INFO | Prediction: pop rock
2026-08-24 14:39:20 | INFO | Gold: melodic hard rock
2026-08-24 14:39:20 | INFO | Answer | EM: 0.0000 | F1: 0.4000
2026-08-24 14:39:20 | INFO | Result | Correct: False | Running EM: 22.28% | Termination: completed | Steps: 1 | Tool calls: 0 | Latency: 0.237s
2026-08-24 14:39:20 | INFO | Step 1
2026-08-24 14:39:20 | INFO | Thought: Let's think step by step. First, we need to identify actors from "Suicide Squad" who also appeared in "Flags of Our Fathers". Among the main cast of "Suicide Squad", John Cena, Will Smith, and Jared Leto have notable filmographies. John Cena and Will Smith do not appear in "Flags of Our Fathers", but Jared Leto did appear in "Flags of Our Fathers".
2026-08-24 14:39:20 | INFO | Model output: Thought: Let's think step by step. First, we need to identify actors from "Suicide Squad" who also appeared in "Flags of Our Fathers". Among the main cast of "Suicide Squad", John Cena, Will Smith, and Jared Leto have notable filmographies. John Cena and Will Smith do not appear in "Flags of Our Fathers", but Jared Leto did appear in "Flags of Our Fathers". 
Answer: Jared Leto
2026-08-24 14:39:20 | INFO | Prediction: Jared Leto
2026-08-24 14:39:20 | INFO | Gold: Scott Eastwood
2026-08-24 14:39:20 | INFO | Answer | EM: 0.0000 | F1: 0.0000
2026-08-24 14:39:20 | INFO | Result | Correct: False | Running EM: 22.22% | Termination: completed | Steps: 1 | Tool calls: 0 | Latency: 0.237s
2026-08-24 14:39:20 | INFO | Step 1
2026-08-24 14:39:20 | INFO | Thought: Allure magazine was founded in 1975, while Genre magazine, which focused on science fiction and fantasy literature, was founded in 1964. Therefore, Genre was founded first.
2026-08-24 14:39:20 | INFO | Model output: Thought: Allure magazine was founded in 1975, while Genre magazine, which focused on science fiction and fantasy literature, was founded in 1964. Therefore, Genre was founded first.
Answer: Genre
2026-08-24 14:39:20 | INFO | Prediction: Genre
2026-08-24 14:39:20 | INFO | Gold: Allure is an American women’s beauty magazine
2026-08-24 14:39:20 | INFO | Answer | EM: 0.0000 | F1: 0.0000
2026-08-24 14:39:20 | INFO | Result | Correct: False | Running EM: 22.17% | Termination: completed | Steps: 1 | Tool calls: 0 | Latency: 0.237s
2026-08-24 14:39:20 | INFO | Step 1
2026-08-24 14:39:20 | INFO | Thought: Hamilton Evans "Tony" James is the COO and director of Apollo Global Management, which is the largest alternative investment firm in the world.
2026-08-24 14:39:20 | INFO | Model output: Thought: Hamilton Evans "Tony" James is the COO and director of Apollo Global Management, which is the largest alternative investment firm in the world.
Answer: the world
2026-08-24 14:39:20 | INFO | Prediction: the world
2026-08-24 14:39:20 | INFO | Gold: the world
2026-08-24 14:39:20 | INFO | Answer | EM: 1.0000 | F1: 1.0000
2026-08-24 14:39:20 | INFO | Result | Correct: True | Running EM: 22.36% | Termination: completed | Steps: 1 | Tool calls: 0 | Latency: 0.237s
2026-08-24 14:39:20 | INFO | Step 1
2026-08-24 14:39:20 | INFO | Thought: Celebrity Home Entertainment is known for releasing reality TV shows and celebrity documentaries, not animated series. An American Space Western animated series that has been released includes "Scooby-Doo! And the Alien Invaders!".
2026-08-24 14:39:20 | INFO | Model output: Thought: Celebrity Home Entertainment is known for releasing reality TV shows and celebrity documentaries, not animated series. An American Space Western animated series that has been released includes "Scooby-Doo! And the Alien Invaders!".
Answer: Scooby-Doo! And the Alien Invaders!
2026-08-24 14:39:20 | INFO | Prediction: Scooby-Doo! And the Alien Invaders!
2026-08-24 14:39:20 | INFO | Gold: BraveStarr
2026-08-24 14:39:20 | INFO | Answer | EM: 0.0000 | F1: 0.0000
2026-08-24 14:39:20 | INFO | Result | Correct: False | Running EM: 22.30% | Termination: completed | Steps: 1 | Tool calls: 0 | Latency: 0.237s
2026-08-24 14:39:20 | INFO | Step 1
2026-08-24 14:39:20 | INFO | Thought: Gradiente Expert was released in 1985 and LNW-80 was released in 1982. Since 1982 < 1985, LNW-80 was released earlier.
2026-08-24 14:39:20 | INFO | Model output: Thought: Gradiente Expert was released in 1985 and LNW-80 was released in 1982. Since 1982 < 1985, LNW-80 was released earlier.
Answer: LNW-80
2026-08-24 14:39:20 | INFO | Prediction: LNW-80
2026-08-24 14:39:20 | INFO | Gold: LNW-80
2026-08-24 14:39:20 | INFO | Answer | EM: 1.0000 | F1: 1.0000
2026-08-24 14:39:20 | INFO | Result | Correct: True | Running EM: 22.49% | Termination: completed | Steps: 1 | Tool calls: 0 | Latency: 0.237s
2026-08-24 14:39:20 | INFO | Step 1
2026-08-24 14:39:20 | INFO | Thought: To determine the former nose tackle who announced ESPN College Football Friday Primetime in 2017, I need to recall the specific individual associated with that role during that time. The former nose tackle who filled this position was Kevin Greene.
2026-08-24 14:39:20 | INFO | Model output: Thought: To determine the former nose tackle who announced ESPN College Football Friday Primetime in 2017, I need to recall the specific individual associated with that role during that time. The former nose tackle who filled this position was Kevin Greene.
Answer: Kevin Greene
2026-08-24 14:39:20 | INFO | Prediction: Kevin Greene
2026-08-24 14:39:20 | INFO | Gold: Dusty Dvoracek
2026-08-24 14:39:20 | INFO | Answer | EM: 0.0000 | F1: 0.0000
2026-08-24 14:39:20 | INFO | Result | Correct: False | Running EM: 22.44% | Termination: completed | Steps: 1 | Tool calls: 0 | Latency: 0.237s
2026-08-24 14:39:20 | INFO | Step 1
2026-08-24 14:39:20 | INFO | Thought: To answer this question, I need to identify the author of the short story "Recovery" and then find their birth year. However, without specific information about the author of "Recovery," I cannot determine the exact birth year. More context or information about the author is required to provide an accurate answer.
2026-08-24 14:39:20 | INFO | Model output: Thought: To answer this question, I need to identify the author of the short story "Recovery" and then find their birth year. However, without specific information about the author of "Recovery," I cannot determine the exact birth year. More context or information about the author is required to provide an accurate answer.
Answer: Cannot determine without additional information
2026-08-24 14:39:20 | INFO | Prediction: Cannot determine without additional information
2026-08-24 14:39:20 | INFO | Gold: 1958
2026-08-24 14:39:20 | INFO | Answer | EM: 0.0000 | F1: 0.0000
2026-08-24 14:39:20 | INFO | Result | Correct: False | Running EM: 22.38% | Termination: completed | Steps: 1 | Tool calls: 0 | Latency: 0.237s
2026-08-24 14:39:20 | INFO | Step 1
2026-08-24 14:39:20 | INFO | Thought: "Take Me to the Clouds Above" is a sample from the track "One More Night" by The Time, which was released in 1988. Therefore, the track from which the sample was taken was released in 1988.
2026-08-24 14:39:20 | INFO | Model output: Thought: "Take Me to the Clouds Above" is a sample from the track "One More Night" by The Time, which was released in 1988. Therefore, the track from which the sample was taken was released in 1988.
Answer: 1988
2026-08-24 14:39:20 | INFO | Prediction: 1988
2026-08-24 14:39:20 | INFO | Gold: 16 March 1987
2026-08-24 14:39:20 | INFO | Answer | EM: 0.0000 | F1: 0.0000
2026-08-24 14:39:20 | INFO | Result | Correct: False | Running EM: 22.33% | Termination: completed | Steps: 1 | Tool calls: 0 | Latency: 0.237s
2026-08-24 14:39:20 | INFO | Step 1
2026-08-24 14:39:20 | INFO | Thought: Of Montreal formed in Atlanta, Georgia, while Vib Gyor formed in Budapest, Hungary. However, the question asks which band formed in England. Neither band formed in England.
2026-08-24 14:39:20 | INFO | Model output: Thought: Of Montreal formed in Atlanta, Georgia, while Vib Gyor formed in Budapest, Hungary. However, the question asks which band formed in England. Neither band formed in England.
Answer: Neither band formed in England
2026-08-24 14:39:20 | INFO | Prediction: Neither band formed in England
2026-08-24 14:39:20 | INFO | Gold: Vib Gyor was a band that was formed in Leeds, England.
2026-08-24 14:39:20 | INFO | Answer | EM: 0.0000 | F1: 0.5333
2026-08-24 14:39:20 | INFO | Result | Correct: False | Running EM: 22.28% | Termination: completed | Steps: 1 | Tool calls: 0 | Latency: 0.237s
2026-08-24 14:39:20 | INFO | Step 1
2026-08-24 14:39:20 | INFO | Thought: Adam Fox was a member of the Inklings, an informal literary discussion group. The Inklings were primarily associated with Oxford University.
2026-08-24 14:39:20 | INFO | Model output: Thought: Adam Fox was a member of the Inklings, an informal literary discussion group. The Inklings were primarily associated with Oxford University.
Answer: Oxford University
2026-08-24 14:39:20 | INFO | Prediction: Oxford University
2026-08-24 14:39:20 | INFO | Gold: University of Oxford, England
2026-08-24 14:39:20 | INFO | Answer | EM: 0.0000 | F1: 0.6667
2026-08-24 14:39:20 | INFO | Result | Correct: False | Running EM: 22.22% | Termination: completed | Steps: 1 | Tool calls: 0 | Latency: 0.237s
2026-08-24 14:39:20 | INFO | Step 1
2026-08-24 14:39:20 | INFO | Thought: Ecballium belongs to the Cucurbitaceae family, while Elatostema belongs to the Marcgraviaceae family. Therefore, they are not in the same family.
2026-08-24 14:39:20 | INFO | Model output: Thought: Ecballium belongs to the Cucurbitaceae family, while Elatostema belongs to the Marcgraviaceae family. Therefore, they are not in the same family.
Answer: No
2026-08-24 14:39:20 | INFO | Prediction: No
2026-08-24 14:39:20 | INFO | Gold: no
2026-08-24 14:39:20 | INFO | Answer | EM: 1.0000 | F1: 1.0000
2026-08-24 14:39:20 | INFO | Result | Correct: True | Running EM: 22.41% | Termination: completed | Steps: 1 | Tool calls: 0 | Latency: 0.237s
2026-08-24 14:39:20 | INFO | Step 1
2026-08-24 14:39:20 | INFO | Thought: Steve Denton and Albert Costa are both tennis players, but specific information about when they began playing tennis is not readily available in my knowledge base. However, Albert Costa is known to have started playing tennis at a very young age, specifically at the age of five. Steve Denton's age when he started playing tennis is not as widely publicized.
2026-08-24 14:39:20 | INFO | Model output: Thought: Steve Denton and Albert Costa are both tennis players, but specific information about when they began playing tennis is not readily available in my knowledge base. However, Albert Costa is known to have started playing tennis at a very young age, specifically at the age of five. Steve Denton's age when he started playing tennis is not as widely publicized.
Answer: Albert Costa
2026-08-24 14:39:20 | INFO | Prediction: Albert Costa
2026-08-24 14:39:20 | INFO | Gold: Costa
2026-08-24 14:39:20 | INFO | Answer | EM: 0.0000 | F1: 0.6667
2026-08-24 14:39:20 | INFO | Result | Correct: False | Running EM: 22.36% | Termination: completed | Steps: 1 | Tool calls: 0 | Latency: 0.237s
2026-08-24 14:39:20 | INFO | Inference batch [417-432/500] size=16
2026-08-24 14:39:20 | INFO | [417/500] example_id=5a89f58f5542992e4fca84af
2026-08-24 14:39:20 | INFO | Question: What station is 3 miles away from the railway station that was used in the film "Brief Encounter"?
2026-08-24 14:39:20 | INFO | [418/500] example_id=5ae5db98554299546bf82fa6
2026-08-24 14:39:20 | INFO | Question: Shane and Friends have interviewed an American YouTube personality who has two active YouTube channels, which have a combined total of how many views?
2026-08-24 14:39:20 | INFO | [419/500] example_id=5ac160bb5542994d76dccdfb
2026-08-24 14:39:20 | INFO | Question: What corporation does the company that publishes the monthly magazine that focuses almost exclusively on the Western United States and featured photograph by Julius Shulman of a home designed by Rodney Walker belong to?
2026-08-24 14:39:20 | INFO | [420/500] example_id=5a7a33205542996a35c1712f
2026-08-24 14:39:20 | INFO | Question: Out of two American colonies that had a series of skirmishes and raids between 1701 and 1765 at the disputed border, which British proprietary colony became a royal colony on the northeast coast of North America?
2026-08-24 14:39:20 | INFO | [421/500] example_id=5a89df265542992e4fca840d
2026-08-24 14:39:20 | INFO | Question: Which was developed first, Dick Smith Super-80 Computer or Pecom 32?
2026-08-24 14:39:20 | INFO | [422/500] example_id=5ae3dfb05542992e3233c490
2026-08-24 14:39:20 | INFO | Question: The 1991–92 NBA season included an Achilles tendon injury to which nine-time NBA All-Star?
2026-08-24 14:39:20 | INFO | [423/500] example_id=5a837121554299123d8c2128
2026-08-24 14:39:20 | INFO | Question: Q1: Which mountain is located in China, Kirat Chuli or Kangpenqing?
2026-08-24 14:39:20 | INFO | [424/500] example_id=5a77b1a75542992a6e59df8d
2026-08-24 14:39:20 | INFO | Question: Which American artist, who also illustrated works by Bill Nye and George W. Peck, illustrated an 1876 novel by Mark Twain about a young boy growing up along the Mississippi River?
2026-08-24 14:39:20 | INFO | [425/500] example_id=5a7c0dab5542997c3ec972d2
2026-08-24 14:39:20 | INFO | Question: Los Angeles Historic-Cultural Monument (No. 139) hosted an event by what organization on Oct 12, 1991?
2026-08-24 14:39:20 | INFO | [426/500] example_id=5ade15f35542997545bbbe47
2026-08-24 14:39:20 | INFO | Question: Katherine Waterston and Chrisann Brennan has what in common?
2026-08-24 14:39:20 | INFO | [427/500] example_id=5ac5632e5542993e66e823d9
2026-08-24 14:39:20 | INFO | Question: Is The Stuff of Legend and Babes in Toyland both entertainment?
2026-08-24 14:39:20 | INFO | [428/500] example_id=5ab72b5c5542993667793f63
2026-08-24 14:39:20 | INFO | Question: What country of origin does The Late Late Show and Craig Kilborn have in common?
2026-08-24 14:39:20 | INFO | [429/500] example_id=5ae4c35c55429913cc2044fb
2026-08-24 14:39:20 | INFO | Question: What year was the film starring Hugh Jackman, Jake Gyllenhaal, and an actress appearing in "The Cooler" and "The Jane Austen Book Club" released?
2026-08-24 14:39:20 | INFO | [430/500] example_id=5a8284b555429954d2e2eb5f
2026-08-24 14:39:20 | INFO | Question: How many rooms does the Tropicana Hotel have where the 7th annual Adult Video News awards ceremony were held in 1980?
2026-08-24 14:39:20 | INFO | [431/500] example_id=5a777ca855429949eeb29e6a
2026-08-24 14:39:20 | INFO | Question: What company produced both The Little Mermaid and The Strongest Man in the World?
2026-08-24 14:39:20 | INFO | [432/500] example_id=5ae1dac95542997283cd229b
2026-08-24 14:39:20 | INFO | Question: What group of participants that carried of Operation Neptune Spear is sometimes referred to in the U.S. media as a Special Mission Unit?
2026-08-24 14:39:24 | INFO | Step 1
2026-08-24 14:39:24 | INFO | Thought: The railway station used in the film "Brief Encounter" is Abbey Wood station in London. To find a station that is 3 miles away, we can consider nearby stations like Eltham or Crayford. Both Eltham and Crayford are approximately 3 miles away from Abbey Wood.
2026-08-24 14:39:24 | INFO | Model output: Thought: The railway station used in the film "Brief Encounter" is Abbey Wood station in London. To find a station that is 3 miles away, we can consider nearby stations like Eltham or Crayford. Both Eltham and Crayford are approximately 3 miles away from Abbey Wood. 
Answer: Eltham or Crayford
2026-08-24 14:39:24 | INFO | Prediction: Eltham or Crayford
2026-08-24 14:39:24 | INFO | Gold: Borwick railway station
2026-08-24 14:39:24 | INFO | Answer | EM: 0.0000 | F1: 0.0000
2026-08-24 14:39:24 | INFO | Result | Correct: False | Running EM: 22.30% | Termination: completed | Steps: 1 | Tool calls: 0 | Latency: 0.292s
2026-08-24 14:39:24 | INFO | Step 1
2026-08-24 14:39:24 | INFO | Thought: Shane and Friends is a podcast where they interview various personalities. One such interviewee is Marques Brownlee, also known as TechRax, who has two active YouTube channels: TechRax and Unbox Therapy. TechRax has a combined total of approximately 23 million views.
2026-08-24 14:39:24 | INFO | Model output: Thought: Shane and Friends is a podcast where they interview various personalities. One such interviewee is Marques Brownlee, also known as TechRax, who has two active YouTube channels: TechRax and Unbox Therapy. TechRax has a combined total of approximately 23 million views.
Answer: 23 million views
2026-08-24 14:39:24 | INFO | Prediction: 23 million views
2026-08-24 14:39:24 | INFO | Gold: 1.7 billion
2026-08-24 14:39:24 | INFO | Answer | EM: 0.0000 | F1: 0.0000
2026-08-24 14:39:24 | INFO | Result | Correct: False | Running EM: 22.25% | Termination: completed | Steps: 1 | Tool calls: 0 | Latency: 0.292s
2026-08-24 14:39:24 | INFO | Step 1
2026-08-24 14:39:24 | INFO | Thought: The magazine that focuses almost exclusively on the Western United States and features a photograph by Julius Shulman of a home designed by Rodney Walker is likely Architecture West. Architecture West is published by Rockport Publishers. Rockport Publishers is owned by F+W Media, which in turn is owned by Informa PLC.
2026-08-24 14:39:24 | INFO | Model output: Thought: The magazine that focuses almost exclusively on the Western United States and features a photograph by Julius Shulman of a home designed by Rodney Walker is likely Architecture West. Architecture West is published by Rockport Publishers. Rockport Publishers is owned by F+W Media, which in turn is owned by Informa PLC.
Answer: Informa PLC
2026-08-24 14:39:24 | INFO | Prediction: Informa PLC
2026-08-24 14:39:24 | INFO | Gold: Southern Progress Corporation
2026-08-24 14:39:24 | INFO | Answer | EM: 0.0000 | F1: 0.0000
2026-08-24 14:39:24 | INFO | Result | Correct: False | Running EM: 22.20% | Termination: completed | Steps: 1 | Tool calls: 0 | Latency: 0.292s
2026-08-24 14:39:24 | INFO | Step 1
2026-08-24 14:39:24 | INFO | Thought: The two American colonies with a series of skirmishes and raids between 1701 and 1765 at the disputed border were New York and New Hampshire. New York was a British proprietary colony and later became a royal colony on the northeast coast of North America.
2026-08-24 14:39:24 | INFO | Model output: Thought: The two American colonies with a series of skirmishes and raids between 1701 and 1765 at the disputed border were New York and New Hampshire. New York was a British proprietary colony and later became a royal colony on the northeast coast of North America.
Answer: New York
2026-08-24 14:39:24 | INFO | Prediction: New York
2026-08-24 14:39:24 | INFO | Gold: Province of New York
2026-08-24 14:39:24 | INFO | Answer | EM: 0.0000 | F1: 0.6667
2026-08-24 14:39:24 | INFO | Result | Correct: False | Running EM: 22.14% | Termination: completed | Steps: 1 | Tool calls: 0 | Latency: 0.292s
2026-08-24 14:39:24 | INFO | Step 1
2026-08-24 14:39:24 | INFO | Thought: Dick Smith Super-80 Computer was released in 1978, while Pecom 32 was released in 1983. Therefore, Dick Smith Super-80 Computer was developed first.
2026-08-24 14:39:24 | INFO | Model output: Thought: Dick Smith Super-80 Computer was released in 1978, while Pecom 32 was released in 1983. Therefore, Dick Smith Super-80 Computer was developed first.
Answer: Dick Smith Super-80 Computer
2026-08-24 14:39:24 | INFO | Prediction: Dick Smith Super-80 Computer
2026-08-24 14:39:24 | INFO | Gold: Dick Smith Super-80
2026-08-24 14:39:24 | INFO | Answer | EM: 0.0000 | F1: 0.8571
2026-08-24 14:39:24 | INFO | Result | Correct: False | Running EM: 22.09% | Termination: completed | Steps: 1 | Tool calls: 0 | Latency: 0.292s
2026-08-24 14:39:24 | INFO | Step 1
2026-08-24 14:39:24 | INFO | Thought: The 1991–92 NBA season featured several notable players, but to identify the specific nine-time NBA All-Star with an Achilles tendon injury, we need to consider the careers of prominent players from that era. One of the most likely candidates is Charles Barkley, who is a nine-time NBA All-Star and had multiple injuries throughout his career, including an Achilles tendon injury during the 1991–92 season.
2026-08-24 14:39:24 | INFO | Model output: Thought: The 1991–92 NBA season featured several notable players, but to identify the specific nine-time NBA All-Star with an Achilles tendon injury, we need to consider the careers of prominent players from that era. One of the most likely candidates is Charles Barkley, who is a nine-time NBA All-Star and had multiple injuries throughout his career, including an Achilles tendon injury during the 1991–92 season.
Answer: Charles Barkley
2026-08-24 14:39:24 | INFO | Prediction: Charles Barkley
2026-08-24 14:39:24 | INFO | Gold: Jacques Dominique Wilkins
2026-08-24 14:39:24 | INFO | Answer | EM: 0.0000 | F1: 0.0000
2026-08-24 14:39:24 | INFO | Result | Correct: False | Running EM: 22.04% | Termination: completed | Steps: 1 | Tool calls: 0 | Latency: 0.292s
2026-08-24 14:39:24 | INFO | Step 1
2026-08-24 14:39:24 | INFO | Thought: Kirat Chuli is located in Nepal, while Kangchenjunga, also known as Kangpenqing, is located in the Himalayas on the border between Nepal and India. Since the question asks which mountain is located in China, and neither mountain is specifically in China, the answer is that neither mountain is located in China.
2026-08-24 14:39:24 | INFO | Model output: Thought: Kirat Chuli is located in Nepal, while Kangchenjunga, also known as Kangpenqing, is located in the Himalayas on the border between Nepal and India. Since the question asks which mountain is located in China, and neither mountain is specifically in China, the answer is that neither mountain is located in China.
Answer: Neither mountain is located in China.
2026-08-24 14:39:24 | INFO | Prediction: Neither mountain is located in China.
2026-08-24 14:39:24 | INFO | Gold: Kangpenqing (also Gang Benchhen) is a mountain in the Baiku Himalayas of Tibet, China.
2026-08-24 14:39:24 | INFO | Answer | EM: 0.0000 | F1: 0.4444
2026-08-24 14:39:24 | INFO | Result | Correct: False | Running EM: 21.99% | Termination: completed | Steps: 1 | Tool calls: 0 | Latency: 0.292s
2026-08-24 14:39:24 | INFO | Step 1
2026-08-24 14:39:24 | INFO | Thought: The artist who illustrated works by Bill Nye and George W. Peck is Ron Schick. An 1876 novel by Mark Twain about a young boy growing up along the Mississippi River is "Adventures of Huckleberry Finn." The illustrator of "Adventures of Huckleberry Finn" is Frank Bellew.
2026-08-24 14:39:24 | INFO | Model output: Thought: The artist who illustrated works by Bill Nye and George W. Peck is Ron Schick. An 1876 novel by Mark Twain about a young boy growing up along the Mississippi River is "Adventures of Huckleberry Finn." The illustrator of "Adventures of Huckleberry Finn" is Frank Bellew.
Answer: Frank Bellew
2026-08-24 14:39:24 | INFO | Prediction: Frank Bellew
2026-08-24 14:39:24 | INFO | Gold: Truman W. "True" Williams
2026-08-24 14:39:24 | INFO | Answer | EM: 0.0000 | F1: 0.0000
2026-08-24 14:39:24 | INFO | Result | Correct: False | Running EM: 21.93% | Termination: completed | Steps: 1 | Tool calls: 0 | Latency: 0.292s
2026-08-24 14:39:24 | INFO | Step 1
2026-08-24 14:39:24 | INFO | Thought: Los Angeles Historic-Cultural Monument No. 139 refers to the Griffith Observatory. On October 12, 1991, the observatory hosted a celebration for its 50th anniversary.
2026-08-24 14:39:24 | INFO | Model output: Thought: Los Angeles Historic-Cultural Monument No. 139 refers to the Griffith Observatory. On October 12, 1991, the observatory hosted a celebration for its 50th anniversary.
Answer: Griffith Observatory
2026-08-24 14:39:24 | INFO | Prediction: Griffith Observatory
2026-08-24 14:39:24 | INFO | Gold: IFBB professional bodybuilding
2026-08-24 14:39:24 | INFO | Answer | EM: 0.0000 | F1: 0.0000
2026-08-24 14:39:24 | INFO | Result | Correct: False | Running EM: 21.88% | Termination: completed | Steps: 1 | Tool calls: 0 | Latency: 0.292s
2026-08-24 14:39:24 | INFO | Step 1
2026-08-24 14:39:24 | INFO | Thought: Katherine Waterston is an actress, while Chrisann Brennan was Steve Jobs' partner and had no significant professional role in acting or film. They do not share a common profession or notable work together. However, both individuals have connections to Steve Jobs, as Chrisann Brennan was his partner, and Katherine Waterston played the role of Joanna Hoffman, a character inspired by Brennan, in the Apple TV+ series "Steve Jobs."
2026-08-24 14:39:24 | INFO | Model output: Thought: Katherine Waterston is an actress, while Chrisann Brennan was Steve Jobs' partner and had no significant professional role in acting or film. They do not share a common profession or notable work together. However, both individuals have connections to Steve Jobs, as Chrisann Brennan was his partner, and Katherine Waterston played the role of Joanna Hoffman, a character inspired by Brennan, in the Apple TV+ series "Steve Jobs."
Answer: Both are associated with Steve Jobs, with Chrisann Brennan being his partner and Katherine Waterston playing a character inspired by her in a TV series.
2026-08-24 14:39:24 | INFO | Prediction: Both are associated with Steve Jobs, with Chrisann Brennan being his partner and Katherine Waterston playing a character inspired by her in a TV series.
2026-08-24 14:39:24 | INFO | Gold: Steve Jobs
2026-08-24 14:39:24 | INFO | Answer | EM: 0.0000 | F1: 0.1600
2026-08-24 14:39:24 | INFO | Result | Correct: False | Running EM: 21.83% | Termination: completed | Steps: 1 | Tool calls: 0 | Latency: 0.292s
2026-08-24 14:39:24 | INFO | Step 1
2026-08-24 14:39:24 | INFO | Thought: The Stuff of Legend is a television movie about the life of Marie Curie, which falls under the category of entertainment. Babes in Toyland is a musical comedy based on the play and story of the same name, also considered entertainment. Both works are forms of entertainment media.
2026-08-24 14:39:24 | INFO | Model output: Thought: The Stuff of Legend is a television movie about the life of Marie Curie, which falls under the category of entertainment. Babes in Toyland is a musical comedy based on the play and story of the same name, also considered entertainment. Both works are forms of entertainment media.
Answer: Yes
2026-08-24 14:39:24 | INFO | Prediction: Yes
2026-08-24 14:39:24 | INFO | Gold: by
2026-08-24 14:39:24 | INFO | Answer | EM: 0.0000 | F1: 0.0000
2026-08-24 14:39:24 | INFO | Result | Correct: False | Running EM: 21.78% | Termination: completed | Steps: 1 | Tool calls: 0 | Latency: 0.292s
2026-08-24 14:39:24 | INFO | Step 1
2026-08-24 14:39:24 | INFO | Thought: The Late Late Show is hosted by Stephen Colbert and was previously hosted by Craig Kilborn. Stephen Colbert and Craig Kilborn are both American. Therefore, the country of origin for both shows is the United States.
2026-08-24 14:39:24 | INFO | Model output: Thought: The Late Late Show is hosted by Stephen Colbert and was previously hosted by Craig Kilborn. Stephen Colbert and Craig Kilborn are both American. Therefore, the country of origin for both shows is the United States.
Answer: United States
2026-08-24 14:39:24 | INFO | Prediction: United States
2026-08-24 14:39:24 | INFO | Gold: American
2026-08-24 14:39:24 | INFO | Answer | EM: 0.0000 | F1: 0.0000
2026-08-24 14:39:24 | INFO | Result | Correct: False | Running EM: 21.73% | Termination: completed | Steps: 1 | Tool calls: 0 | Latency: 0.292s
2026-08-24 14:39:24 | INFO | Step 1
2026-08-24 14:39:24 | INFO | Thought: The film starring Hugh Jackman, Jake Gyllenhaal, and an actress who appeared in "The Cooler" and "The Jane Austen Book Club" is "Smokin' Aces." The actress who appeared in both "The Cooler" and "The Jane Austen Book Club" is Maggie Gyllenhaal. "Smokin' Aces" was released in 2007.
2026-08-24 14:39:24 | INFO | Model output: Thought: The film starring Hugh Jackman, Jake Gyllenhaal, and an actress who appeared in "The Cooler" and "The Jane Austen Book Club" is "Smokin' Aces." The actress who appeared in both "The Cooler" and "The Jane Austen Book Club" is Maggie Gyllenhaal. "Smokin' Aces" was released in 2007.
Answer: 2007
2026-08-24 14:39:24 | INFO | Prediction: 2007
2026-08-24 14:39:24 | INFO | Gold: 2013
2026-08-24 14:39:24 | INFO | Answer | EM: 0.0000 | F1: 0.0000
2026-08-24 14:39:24 | INFO | Result | Correct: False | Running EM: 21.68% | Termination: completed | Steps: 1 | Tool calls: 0 | Latency: 0.292s
2026-08-24 14:39:24 | INFO | Step 1
2026-08-24 14:39:24 | INFO | Thought: The 7th annual Adult Video News awards ceremony held at the Tropicana Hotel in 1980 does not provide specific information about the number of rooms in the hotel. Without additional details or sources, it's not possible to determine the exact number of rooms.
2026-08-24 14:39:24 | INFO | Model output: Thought: The 7th annual Adult Video News awards ceremony held at the Tropicana Hotel in 1980 does not provide specific information about the number of rooms in the hotel. Without additional details or sources, it's not possible to determine the exact number of rooms.
Answer: Not enough information provided to determine the number of rooms.
2026-08-24 14:39:24 | INFO | Prediction: Not enough information provided to determine the number of rooms.
2026-08-24 14:39:24 | INFO | Gold: 1,467 rooms
2026-08-24 14:39:24 | INFO | Answer | EM: 0.0000 | F1: 0.1818
2026-08-24 14:39:24 | INFO | Result | Correct: False | Running EM: 21.63% | Termination: completed | Steps: 1 | Tool calls: 0 | Latency: 0.292s
2026-08-24 14:39:24 | INFO | Step 1
2026-08-24 14:39:24 | INFO | Thought: The Little Mermaid is produced by Walt Disney Pictures. The Strongest Man in the World is produced by Walt Disney Productions. Both companies are under the Walt Disney Corporation.
2026-08-24 14:39:24 | INFO | Model output: Thought: The Little Mermaid is produced by Walt Disney Pictures. The Strongest Man in the World is produced by Walt Disney Productions. Both companies are under the Walt Disney Corporation.
Answer: Walt Disney Pictures/Walt Disney Productions
2026-08-24 14:39:24 | INFO | Prediction: Walt Disney Pictures/Walt Disney Productions
2026-08-24 14:39:24 | INFO | Gold: Walt Disney
2026-08-24 14:39:24 | INFO | Answer | EM: 0.0000 | F1: 0.5714
2026-08-24 14:39:24 | INFO | Result | Correct: False | Running EM: 21.58% | Termination: completed | Steps: 1 | Tool calls: 0 | Latency: 0.292s
2026-08-24 14:39:24 | INFO | Step 1
2026-08-24 14:39:24 | INFO | Thought: Operation Neptune Spear was the code name for the raid that resulted in the death of Osama bin Laden. The unit that carried out this operation is Task Force 20, which is sometimes referred to in the U.S. media as a Special Mission Unit.
2026-08-24 14:39:24 | INFO | Model output: Thought: Operation Neptune Spear was the code name for the raid that resulted in the death of Osama bin Laden. The unit that carried out this operation is Task Force 20, which is sometimes referred to in the U.S. media as a Special Mission Unit.
Answer: Task Force 20
2026-08-24 14:39:24 | INFO | Prediction: Task Force 20
2026-08-24 14:39:24 | INFO | Gold: SEAL Team Six
2026-08-24 14:39:24 | INFO | Answer | EM: 0.0000 | F1: 0.0000
2026-08-24 14:39:24 | INFO | Result | Correct: False | Running EM: 21.53% | Termination: completed | Steps: 1 | Tool calls: 0 | Latency: 0.292s
2026-08-24 14:39:24 | INFO | Inference batch [433-448/500] size=16
2026-08-24 14:39:24 | INFO | [433/500] example_id=5a808f3f5542992097ad2ffd
2026-08-24 14:39:24 | INFO | Question: "The Empire Builder"'s Columbia River Subdivision was part of which line?
2026-08-24 14:39:24 | INFO | [434/500] example_id=5ac009bf5542997d642959a7
2026-08-24 14:39:24 | INFO | Question: The University in Pullman, Washington is named after whom?
2026-08-24 14:39:24 | INFO | [435/500] example_id=5ae6a5d15542991bbc97615d
2026-08-24 14:39:24 | INFO | Question: Barranca de Yaco is a geographical feature along an ancient road that is approximately how many miles long?
2026-08-24 14:39:24 | INFO | [436/500] example_id=5ab8111c5542991d3222382b
2026-08-24 14:39:24 | INFO | Question: Bridget Cromwell is the eldest daughter of an English military and political leader and later Lord Protector of what commonwealths?
2026-08-24 14:39:24 | INFO | [437/500] example_id=5ab3c7df55429969a97a81be
2026-08-24 14:39:24 | INFO | Question: which is larger, Hunchun or Shijiazhuang?
2026-08-24 14:39:24 | INFO | [438/500] example_id=5ae682c45542995703ce8b6f
2026-08-24 14:39:24 | INFO | Question: Which Record Company reissued an Avenged Sevenfold Album that only sold 300 copies?
2026-08-24 14:39:24 | INFO | [439/500] example_id=5a7b542455429927d897bf92
2026-08-24 14:39:24 | INFO | Question: The Lewis and Clark Memorial Column is dedicated to Meriwether Lewis, best known for his role as the leader of which Lewis and Clark Expedition?
2026-08-24 14:39:24 | INFO | [440/500] example_id=5ade00855542997dc7907118
2026-08-24 14:39:24 | INFO | Question: What was the original name of the theatrical program that was founded by Joseph Papp?
2026-08-24 14:39:24 | INFO | [441/500] example_id=5adfd0d455429942ec259b4d
2026-08-24 14:39:24 | INFO | Question: What Andy Williams' album did a song written by Charles Wesley appear on?
2026-08-24 14:39:24 | INFO | [442/500] example_id=5a7615fb5542992db9473727
2026-08-24 14:39:24 | INFO | Question: Was the famous opera comique that was based on a Prosper Merimee novella a comedy or a tragedy?
2026-08-24 14:39:24 | INFO | [443/500] example_id=5a8747915542994775f607bb
2026-08-24 14:39:24 | INFO | Question: Which three-time Olivier Award winning English actress starred in the 1981 BBC television serial, Sons and Lovers?
2026-08-24 14:39:24 | INFO | [444/500] example_id=5a8b34705542995d1e6f130d
2026-08-24 14:39:24 | INFO | Question: From which country is the largest known example of European Iron Age silver work?
2026-08-24 14:39:24 | INFO | [445/500] example_id=5ae7eb43554299540e5a5695
2026-08-24 14:39:24 | INFO | Question: What Congressional district featured Republican nomiee Willie Vaden in 2004, 2006, and 2008?
2026-08-24 14:39:24 | INFO | [446/500] example_id=5abb8a9b5542996cc5e4a016
2026-08-24 14:39:24 | INFO | Question: Who lived longer- Bernard-Marie Koltès or Philip José Farmer?
2026-08-24 14:39:24 | INFO | [447/500] example_id=5ab5ac345542992aa134a37f
2026-08-24 14:39:24 | INFO | Question: Prominent Danish Tibetologist Per Kjeld Sørensen is a professor of Central Asian Studies at Leipzig University that was founded by who?
2026-08-24 14:39:24 | INFO | [448/500] example_id=5a80ddc555429938b6142224
2026-08-24 14:39:24 | INFO | Question: The American actor Chip Zien is best known for this Broadway production by which American composer and lyricist who received an Academy Award and Tony Awards?
2026-08-24 14:39:29 | INFO | Step 1
2026-08-24 14:39:29 | INFO | Thought: "The Empire Builder" is a passenger train route operated by Amtrak. It runs from Chicago, Illinois, to Seattle, Washington, with a portion of its route following the Columbia River. This portion of the route is known as the Columbia River Subdivision, which is part of the Spokane, Portland and Seattle Railway (SP&S) line. The SP&S was acquired by Burlington Northern Railroad in 1970, which later became BNSF Railway.
2026-08-24 14:39:29 | INFO | Model output: Thought: "The Empire Builder" is a passenger train route operated by Amtrak. It runs from Chicago, Illinois, to Seattle, Washington, with a portion of its route following the Columbia River. This portion of the route is known as the Columbia River Subdivision, which is part of the Spokane, Portland and Seattle Railway (SP&S) line. The SP&S was acquired by Burlington Northern Railroad in 1970, which later became BNSF Railway.
Answer: The Columbia River Subdivision was part of the Spokane, Portland and Seattle Railway (SP&S) line.
2026-08-24 14:39:29 | INFO | Prediction: The Columbia River Subdivision was part of the Spokane, Portland and Seattle Railway (SP&S) line.
2026-08-24 14:39:29 | INFO | Gold: Great Northern Railway
2026-08-24 14:39:29 | INFO | Answer | EM: 0.0000 | F1: 0.1250
2026-08-24 14:39:29 | INFO | Result | Correct: False | Running EM: 21.48% | Termination: completed | Steps: 1 | Tool calls: 0 | Latency: 0.293s
2026-08-24 14:39:29 | INFO | Step 1
2026-08-24 14:39:29 | INFO | Thought: The University of Washington is located in Seattle, not Pullman. Washington State University is located in Pullman. The university was named after Ezra Cornell and James G. Swan, but it specifically adopted the name "Washington" to honor the state it is situated in.
2026-08-24 14:39:29 | INFO | Model output: Thought: The University of Washington is located in Seattle, not Pullman. Washington State University is located in Pullman. The university was named after Ezra Cornell and James G. Swan, but it specifically adopted the name "Washington" to honor the state it is situated in.
Answer: Ezra Cornell and James G. Swan (for honoring the state)
2026-08-24 14:39:29 | INFO | Prediction: Ezra Cornell and James G. Swan (for honoring the state)
2026-08-24 14:39:29 | INFO | Gold: Edward R. Murrow
2026-08-24 14:39:29 | INFO | Answer | EM: 0.0000 | F1: 0.0000
2026-08-24 14:39:29 | INFO | Result | Correct: False | Running EM: 21.43% | Termination: completed | Steps: 1 | Tool calls: 0 | Latency: 0.293s
2026-08-24 14:39:29 | INFO | Step 1
2026-08-24 14:39:29 | INFO | Thought: Barranca de Yaco is a geographical feature along the Camino Real de Tierra Adentro, which is an ancient trade route connecting Mexico City to the silver mines in San Luis Potosí. The total length of this route is approximately 600 miles.
2026-08-24 14:39:29 | INFO | Model output: Thought: Barranca de Yaco is a geographical feature along the Camino Real de Tierra Adentro, which is an ancient trade route connecting Mexico City to the silver mines in San Luis Potosí. The total length of this route is approximately 600 miles.
Answer: 600 miles
2026-08-24 14:39:29 | INFO | Prediction: 600 miles
2026-08-24 14:39:29 | INFO | Gold: 24800 mi
2026-08-24 14:39:29 | INFO | Answer | EM: 0.0000 | F1: 0.0000
2026-08-24 14:39:29 | INFO | Result | Correct: False | Running EM: 21.38% | Termination: completed | Steps: 1 | Tool calls: 0 | Latency: 0.293s
2026-08-24 14:39:29 | INFO | Step 1
2026-08-24 14:39:29 | INFO | Thought: Bridget Cromwell is the daughter of Oliver Cromwell, who was the Lord Protector of the Commonwealth of England, the Commonwealth of Scotland, and the Commonwealth of Ireland.
2026-08-24 14:39:29 | INFO | Model output: Thought: Bridget Cromwell is the daughter of Oliver Cromwell, who was the Lord Protector of the Commonwealth of England, the Commonwealth of Scotland, and the Commonwealth of Ireland.
Answer: England, Scotland, and Ireland
2026-08-24 14:39:29 | INFO | Prediction: England, Scotland, and Ireland
2026-08-24 14:39:29 | INFO | Gold: England, Scotland, and Ireland
2026-08-24 14:39:29 | INFO | Answer | EM: 1.0000 | F1: 1.0000
2026-08-24 14:39:29 | INFO | Result | Correct: True | Running EM: 21.56% | Termination: completed | Steps: 1 | Tool calls: 0 | Latency: 0.293s
2026-08-24 14:39:29 | INFO | Step 1
2026-08-24 14:39:29 | INFO | Thought: Hunchun is a city in Jilin Province, China, while Shijiazhuang is the capital city of Hebei Province, China. To compare their sizes, we need to look at their urban areas or administrative regions. Hunchun's urban area is approximately 26 square kilometers, whereas Shijiazhuang's urban area is approximately 1,935 square kilometers.
2026-08-24 14:39:29 | INFO | Model output: Thought: Hunchun is a city in Jilin Province, China, while Shijiazhuang is the capital city of Hebei Province, China. To compare their sizes, we need to look at their urban areas or administrative regions. Hunchun's urban area is approximately 26 square kilometers, whereas Shijiazhuang's urban area is approximately 1,935 square kilometers. 
Answer: Shijiazhuang
2026-08-24 14:39:29 | INFO | Prediction: Shijiazhuang
2026-08-24 14:39:29 | INFO | Gold: Shijiazhuang
2026-08-24 14:39:29 | INFO | Answer | EM: 1.0000 | F1: 1.0000
2026-08-24 14:39:29 | INFO | Result | Correct: True | Running EM: 21.74% | Termination: completed | Steps: 1 | Tool calls: 0 | Latency: 0.293s
2026-08-24 14:39:29 | INFO | Step 1
2026-08-24 14:39:29 | INFO | Thought: Avenged Sevenfold's album "Waking the Fallen" was initially released and only sold 300 copies. This album was later reissued by the record company Roadrunner Records. Therefore, Roadrunner Records reissued an Avenged Sevenfold album that only sold 300 copies initially.
2026-08-24 14:39:29 | INFO | Model output: Thought: Avenged Sevenfold's album "Waking the Fallen" was initially released and only sold 300 copies. This album was later reissued by the record company Roadrunner Records. Therefore, Roadrunner Records reissued an Avenged Sevenfold album that only sold 300 copies initially.
Answer: Roadrunner Records
2026-08-24 14:39:29 | INFO | Prediction: Roadrunner Records
2026-08-24 14:39:29 | INFO | Gold: Hopeless Records
2026-08-24 14:39:29 | INFO | Answer | EM: 0.0000 | F1: 0.5000
2026-08-24 14:39:29 | INFO | Result | Correct: False | Running EM: 21.69% | Termination: completed | Steps: 1 | Tool calls: 0 | Latency: 0.293s
2026-08-24 14:39:29 | INFO | Step 1
2026-08-24 14:39:29 | INFO | Thought: The Lewis and Clark Memorial Column is dedicated to Meriwether Lewis, who served as the leader of the Lewis and Clark Expedition, also known as the Corps of Discovery Expedition, which explored the western territory of the United States after its acquisition from France.
2026-08-24 14:39:29 | INFO | Model output: Thought: The Lewis and Clark Memorial Column is dedicated to Meriwether Lewis, who served as the leader of the Lewis and Clark Expedition, also known as the Corps of Discovery Expedition, which explored the western territory of the United States after its acquisition from France.
Answer: the Lewis and Clark Expedition (or Corps of Discovery Expedition)
2026-08-24 14:39:29 | INFO | Prediction: the Lewis and Clark Expedition (or Corps of Discovery Expedition)
2026-08-24 14:39:29 | INFO | Gold: Corps of Discovery
2026-08-24 14:39:29 | INFO | Answer | EM: 0.0000 | F1: 0.5000
2026-08-24 14:39:29 | INFO | Result | Correct: False | Running EM: 21.64% | Termination: completed | Steps: 1 | Tool calls: 0 | Latency: 0.293s
2026-08-24 14:39:29 | INFO | Step 1
2026-08-24 14:39:29 | INFO | Thought: Joseph Papp founded the New York Shakespeare Festival in 1954, which later became known as the Public Theater. The original name of the theatrical program founded by Joseph Papp was the New York Shakespeare Festival.
2026-08-24 14:39:29 | INFO | Model output: Thought: Joseph Papp founded the New York Shakespeare Festival in 1954, which later became known as the Public Theater. The original name of the theatrical program founded by Joseph Papp was the New York Shakespeare Festival.
Answer: New York Shakespeare Festival
2026-08-24 14:39:29 | INFO | Prediction: New York Shakespeare Festival
2026-08-24 14:39:29 | INFO | Gold: New York Shakespeare Festival
2026-08-24 14:39:29 | INFO | Answer | EM: 1.0000 | F1: 1.0000
2026-08-24 14:39:29 | INFO | Result | Correct: True | Running EM: 21.82% | Termination: completed | Steps: 1 | Tool calls: 0 | Latency: 0.293s
2026-08-24 14:39:29 | INFO | Step 1
2026-08-24 14:39:29 | INFO | Thought: Andy Williams had a Christmas album titled "Andy Williams' Christmas Album." Charles Wesley is known for writing the hymn "Hark! The Herald Angels Sing," which is a popular Christmas song. Therefore, the album that contains a song written by Charles Wesley is Andy Williams' Christmas Album.
2026-08-24 14:39:29 | INFO | Model output: Thought: Andy Williams had a Christmas album titled "Andy Williams' Christmas Album." Charles Wesley is known for writing the hymn "Hark! The Herald Angels Sing," which is a popular Christmas song. Therefore, the album that contains a song written by Charles Wesley is Andy Williams' Christmas Album.
Answer: Andy Williams' Christmas Album
2026-08-24 14:39:29 | INFO | Prediction: Andy Williams' Christmas Album
2026-08-24 14:39:29 | INFO | Gold: The Andy Williams Christmas Album
2026-08-24 14:39:29 | INFO | Answer | EM: 1.0000 | F1: 1.0000
2026-08-24 14:39:29 | INFO | Result | Correct: True | Running EM: 22.00% | Termination: completed | Steps: 1 | Tool calls: 0 | Latency: 0.293s
2026-08-24 14:39:29 | INFO | Step 1
2026-08-24 14:39:29 | INFO | Thought: The famous opera comique based on a Prosper Mérimée novella is "Carmen," which is known for its tragic ending despite being classified as comic opera. Carmen tells the story of a gypsy woman who seduces a young soldier and leads him to his downfall.
2026-08-24 14:39:29 | INFO | Model output: Thought: The famous opera comique based on a Prosper Mérimée novella is "Carmen," which is known for its tragic ending despite being classified as comic opera. Carmen tells the story of a gypsy woman who seduces a young soldier and leads him to his downfall.
Answer: tragedy
2026-08-24 14:39:29 | INFO | Prediction: tragedy
2026-08-24 14:39:29 | INFO | Gold: "Carmen", perhaps the most famous "opéra comique", is a tragedy
2026-08-24 14:39:29 | INFO | Answer | EM: 0.0000 | F1: 0.2222
2026-08-24 14:39:29 | INFO | Result | Correct: False | Running EM: 21.95% | Termination: completed | Steps: 1 | Tool calls: 0 | Latency: 0.293s
2026-08-24 14:39:29 | INFO | Step 1
2026-08-24 14:39:29 | INFO | Thought: The three-time Olivier Award winning English actress who starred in the 1981 BBC television serial, Sons and Lovers, is Harriet Walter. She won Olivier Awards for her roles in "Equus," "A Streetcar Named Desire," and "The Crucible."
2026-08-24 14:39:29 | INFO | Model output: Thought: The three-time Olivier Award winning English actress who starred in the 1981 BBC television serial, Sons and Lovers, is Harriet Walter. She won Olivier Awards for her roles in "Equus," "A Streetcar Named Desire," and "The Crucible."
Answer: Harriet Walter
2026-08-24 14:39:29 | INFO | Prediction: Harriet Walter
2026-08-24 14:39:29 | INFO | Gold: Dame Eileen June Atkins
2026-08-24 14:39:29 | INFO | Answer | EM: 0.0000 | F1: 0.0000
2026-08-24 14:39:29 | INFO | Result | Correct: False | Running EM: 21.90% | Termination: completed | Steps: 1 | Tool calls: 0 | Latency: 0.293s
2026-08-24 14:39:29 | INFO | Step 1
2026-08-24 14:39:29 | INFO | Thought: The largest known example of European Iron Age silver work is the Mildenhall Treasure, which was discovered in England. Therefore, the country from which this treasure originates is England.
2026-08-24 14:39:29 | INFO | Model output: Thought: The largest known example of European Iron Age silver work is the Mildenhall Treasure, which was discovered in England. Therefore, the country from which this treasure originates is England.
Answer: England
2026-08-24 14:39:29 | INFO | Prediction: England
2026-08-24 14:39:29 | INFO | Gold: Switzerland
2026-08-24 14:39:29 | INFO | Answer | EM: 0.0000 | F1: 0.0000
2026-08-24 14:39:29 | INFO | Result | Correct: False | Running EM: 21.85% | Termination: completed | Steps: 1 | Tool calls: 0 | Latency: 0.293s
2026-08-24 14:39:29 | INFO | Step 1
2026-08-24 14:39:29 | INFO | Thought: Willie Vaden ran as a Republican nominee for Congress in Tennessee's 1st congressional district in 2004, 2006, and 2008. Therefore, the answer is Tennessee's 1st congressional district.
2026-08-24 14:39:29 | INFO | Model output: Thought: Willie Vaden ran as a Republican nominee for Congress in Tennessee's 1st congressional district in 2004, 2006, and 2008. Therefore, the answer is Tennessee's 1st congressional district.
Answer: Tennessee's 1st congressional district
2026-08-24 14:39:29 | INFO | Prediction: Tennessee's 1st congressional district
2026-08-24 14:39:29 | INFO | Gold: Texas's 27th congressional district
2026-08-24 14:39:29 | INFO | Answer | EM: 0.0000 | F1: 0.5000
2026-08-24 14:39:29 | INFO | Result | Correct: False | Running EM: 21.80% | Termination: completed | Steps: 1 | Tool calls: 0 | Latency: 0.293s
2026-08-24 14:39:29 | INFO | Step 1
2026-08-24 14:39:29 | INFO | Thought: Bernard-Marie Koltès died in 1993 at the age of 52, while Philip José Farmer died in 2009 at the age of 93. Therefore, Philip José Farmer lived longer.
2026-08-24 14:39:29 | INFO | Model output: Thought: Bernard-Marie Koltès died in 1993 at the age of 52, while Philip José Farmer died in 2009 at the age of 93. Therefore, Philip José Farmer lived longer.
Answer: Philip José Farmer
2026-08-24 14:39:29 | INFO | Prediction: Philip José Farmer
2026-08-24 14:39:29 | INFO | Gold: Philip José Farmer
2026-08-24 14:39:29 | INFO | Answer | EM: 1.0000 | F1: 1.0000
2026-08-24 14:39:29 | INFO | Result | Correct: True | Running EM: 21.97% | Termination: completed | Steps: 1 | Tool calls: 0 | Latency: 0.293s
2026-08-24 14:39:29 | INFO | Step 1
2026-08-24 14:39:29 | INFO | Thought: Per Kjeld Sørensen is a professor at Leipzig University. Leipzig University was founded in 1409 by Frederick I, Elector of Saxony.
2026-08-24 14:39:29 | INFO | Model output: Thought: Per Kjeld Sørensen is a professor at Leipzig University. Leipzig University was founded in 1409 by Frederick I, Elector of Saxony.
Answer: Frederick I, Elector of Saxony
2026-08-24 14:39:29 | INFO | Prediction: Frederick I, Elector of Saxony
2026-08-24 14:39:29 | INFO | Gold: Frederick I, Elector of Saxony
2026-08-24 14:39:29 | INFO | Answer | EM: 1.0000 | F1: 1.0000
2026-08-24 14:39:29 | INFO | Result | Correct: True | Running EM: 22.15% | Termination: completed | Steps: 1 | Tool calls: 0 | Latency: 0.293s
2026-08-24 14:39:29 | INFO | Step 1
2026-08-24 14:39:29 | INFO | Thought: Chip Zien is best known for his role in the Broadway production "Rent." "Rent" was composed by Jonathan Larson, who received an Academy Award and Tony Awards for his work. Jonathan Larson is both the American composer and lyricist for "Rent."
2026-08-24 14:39:29 | INFO | Model output: Thought: Chip Zien is best known for his role in the Broadway production "Rent." "Rent" was composed by Jonathan Larson, who received an Academy Award and Tony Awards for his work. Jonathan Larson is both the American composer and lyricist for "Rent."
Answer: Jonathan Larson
2026-08-24 14:39:29 | INFO | Prediction: Jonathan Larson
2026-08-24 14:39:29 | INFO | Gold: Stephen Sondheim
2026-08-24 14:39:29 | INFO | Answer | EM: 0.0000 | F1: 0.0000
2026-08-24 14:39:29 | INFO | Result | Correct: False | Running EM: 22.10% | Termination: completed | Steps: 1 | Tool calls: 0 | Latency: 0.293s
2026-08-24 14:39:29 | INFO | Inference batch [449-464/500] size=16
2026-08-24 14:39:29 | INFO | [449/500] example_id=5ab7f7465542993667794071
2026-08-24 14:39:29 | INFO | Question: What type of engine powered both the Saab 36 and the Avro Vulcan?
2026-08-24 14:39:29 | INFO | [450/500] example_id=5a8979f4554299669944a52e
2026-08-24 14:39:29 | INFO | Question: What is the middle name of the actress who plays Bobbi Bacha in Suburban Madness?
2026-08-24 14:39:29 | INFO | [451/500] example_id=5a8bd2965542997f31a41dd1
2026-08-24 14:39:29 | INFO | Question: Were both magazines Diva and Cleo founded in the same country?
2026-08-24 14:39:29 | INFO | [452/500] example_id=5a8da2b05542994ba4e3dcdc
2026-08-24 14:39:29 | INFO | Question: The Grieg crater is named for a Norwegian composer who composed during what era?
2026-08-24 14:39:29 | INFO | [453/500] example_id=5ac4f9db55429924173fb532
2026-08-24 14:39:29 | INFO | Question: Tritonia and Phyteuma are both names for a what of plants?
2026-08-24 14:39:29 | INFO | [454/500] example_id=5a8cee9b554299441c6b9f87
2026-08-24 14:39:29 | INFO | Question: Haier has North American rights to which appliance company headquartered in Louisville, Kentucky?
2026-08-24 14:39:29 | INFO | [455/500] example_id=5adfad2b554299603e41835c
2026-08-24 14:39:29 | INFO | Question: The song Arizona was recorded by Paul Revere and Mark Lindsay but who wrote the song?
2026-08-24 14:39:29 | INFO | [456/500] example_id=5a8220db5542995ce29dccc1
2026-08-24 14:39:29 | INFO | Question: Which was secretary to President Richard Nixon: Rose Mary Woods or H. R. Haldeman?
2026-08-24 14:39:29 | INFO | [457/500] example_id=5ab4774d5542991751b4d781
2026-08-24 14:39:29 | INFO | Question: Crash is similar to what 16th century British card game in the sense that there is no betting?
2026-08-24 14:39:29 | INFO | [458/500] example_id=5add56ad5542992200553abf
2026-08-24 14:39:29 | INFO | Question: What resort in Biloxi, Mississippi does the Chief Operating Officer of the largest single hotel in the United States oversee?
2026-08-24 14:39:29 | INFO | [459/500] example_id=5ab44ab25542991779162c58
2026-08-24 14:39:29 | INFO | Question: What are both Camel Up and Outrage!?
2026-08-24 14:39:29 | INFO | [460/500] example_id=5a8b057255429971feec4611
2026-08-24 14:39:29 | INFO | Question: David Lightfoot worked on what film loosely based on the murders of tourists by Ivan Milat in the 1990's?
2026-08-24 14:39:29 | INFO | [461/500] example_id=5ae4be5c5542995ad6573e3a
2026-08-24 14:39:29 | INFO | Question: Who recorded the song written by Johnny Russell
2026-08-24 14:39:29 | INFO | [462/500] example_id=5abaf4535542996cc5e49f35
2026-08-24 14:39:29 | INFO | Question: Where was the coach of the 1999 Oklahoma State Cowboys football team hired in 2013?
2026-08-24 14:39:29 | INFO | [463/500] example_id=5adefcf15542995ec70e8f4c
2026-08-24 14:39:29 | INFO | Question: What position does the First Vice Captain of Juventus play?
2026-08-24 14:39:29 | INFO | [464/500] example_id=5a883afc5542994846c1ce48
2026-08-24 14:39:29 | INFO | Question: What city is the band that recorded Renegade from?
2026-08-24 14:39:33 | INFO | Step 1
2026-08-24 14:39:33 | INFO | Thought: The Saab 36 was powered by Rolls-Royce Avon engines, while the Avro Vulcan was powered by Rolls-Royce Sapphire or Avon engines. Both types of engines are jet engines manufactured by Rolls-Royce.
2026-08-24 14:39:33 | INFO | Model output: Thought: The Saab 36 was powered by Rolls-Royce Avon engines, while the Avro Vulcan was powered by Rolls-Royce Sapphire or Avon engines. Both types of engines are jet engines manufactured by Rolls-Royce.
Answer: jet engines
2026-08-24 14:39:33 | INFO | Prediction: jet engines
2026-08-24 14:39:33 | INFO | Gold: British Bristol Olympus turbojet
2026-08-24 14:39:33 | INFO | Answer | EM: 0.0000 | F1: 0.0000
2026-08-24 14:39:33 | INFO | Result | Correct: False | Running EM: 22.05% | Termination: completed | Steps: 1 | Tool calls: 0 | Latency: 0.232s
2026-08-24 14:39:33 | INFO | Step 1
2026-08-24 14:39:33 | INFO | Thought: To determine the middle name of the actress who plays Bobbi Bacha in Suburban Madness, I would need to find out the full name of the actress who portrays this character. However, without specific information about the actress, I cannot provide her middle name. A search in a reliable database or the show's credits would be necessary to find this information.
2026-08-24 14:39:33 | INFO | Model output: Thought: To determine the middle name of the actress who plays Bobbi Bacha in Suburban Madness, I would need to find out the full name of the actress who portrays this character. However, without specific information about the actress, I cannot provide her middle name. A search in a reliable database or the show's credits would be necessary to find this information.
Answer: Not enough information provided to determine the middle name.
2026-08-24 14:39:33 | INFO | Prediction: Not enough information provided to determine the middle name.
2026-08-24 14:39:33 | INFO | Gold: Ann
2026-08-24 14:39:33 | INFO | Answer | EM: 0.0000 | F1: 0.0000
2026-08-24 14:39:33 | INFO | Result | Correct: False | Running EM: 22.00% | Termination: completed | Steps: 1 | Tool calls: 0 | Latency: 0.232s
2026-08-24 14:39:33 | INFO | Step 1
2026-08-24 14:39:33 | INFO | Thought: Diva magazine was founded in the United Kingdom in 1995. Cleo magazine was also founded in the United Kingdom in 1965. Both magazines were founded in the same country.
2026-08-24 14:39:33 | INFO | Model output: Thought: Diva magazine was founded in the United Kingdom in 1995. Cleo magazine was also founded in the United Kingdom in 1965. Both magazines were founded in the same country.
Answer: Yes
2026-08-24 14:39:33 | INFO | Prediction: Yes
2026-08-24 14:39:33 | INFO | Gold: no
2026-08-24 14:39:33 | INFO | Answer | EM: 0.0000 | F1: 0.0000
2026-08-24 14:39:33 | INFO | Result | Correct: False | Running EM: 21.95% | Termination: completed | Steps: 1 | Tool calls: 0 | Latency: 0.232s
2026-08-24 14:39:33 | INFO | Step 1
2026-08-24 14:39:33 | INFO | Thought: Edvard Grieg is a Norwegian composer, and the Grieg crater is named after him. Edvard Grieg composed during the Romantic era.
2026-08-24 14:39:33 | INFO | Model output: Thought: Edvard Grieg is a Norwegian composer, and the Grieg crater is named after him. Edvard Grieg composed during the Romantic era.
Answer: Romantic era
2026-08-24 14:39:33 | INFO | Prediction: Romantic era
2026-08-24 14:39:33 | INFO | Gold: Romantic
2026-08-24 14:39:33 | INFO | Answer | EM: 0.0000 | F1: 0.6667
2026-08-24 14:39:33 | INFO | Result | Correct: False | Running EM: 21.90% | Termination: completed | Steps: 1 | Tool calls: 0 | Latency: 0.232s
2026-08-24 14:39:33 | INFO | Step 1
2026-08-24 14:39:33 | INFO | Thought: Tritonia and Phyteuma are both genus names in plant taxonomy, referring to a genus of plants.
2026-08-24 14:39:33 | INFO | Model output: Thought: Tritonia and Phyteuma are both genus names in plant taxonomy, referring to a genus of plants.
Answer: genus
2026-08-24 14:39:33 | INFO | Prediction: genus
2026-08-24 14:39:33 | INFO | Gold: genus
2026-08-24 14:39:33 | INFO | Answer | EM: 1.0000 | F1: 1.0000
2026-08-24 14:39:33 | INFO | Result | Correct: True | Running EM: 22.08% | Termination: completed | Steps: 1 | Tool calls: 0 | Latency: 0.232s
2026-08-24 14:39:33 | INFO | Step 1
2026-08-24 14:39:33 | INFO | Thought: Haier acquired the North American rights to Frigidaire in 2015. Frigidaire is headquartered in Louisville, Kentucky.
2026-08-24 14:39:33 | INFO | Model output: Thought: Haier acquired the North American rights to Frigidaire in 2015. Frigidaire is headquartered in Louisville, Kentucky.
Answer: Frigidaire
2026-08-24 14:39:33 | INFO | Prediction: Frigidaire
2026-08-24 14:39:33 | INFO | Gold: GE Appliances
2026-08-24 14:39:33 | INFO | Answer | EM: 0.0000 | F1: 0.0000
2026-08-24 14:39:33 | INFO | Result | Correct: False | Running EM: 22.03% | Termination: completed | Steps: 1 | Tool calls: 0 | Latency: 0.232s
2026-08-24 14:39:33 | INFO | Step 1
2026-08-24 14:39:33 | INFO | Thought: Paul Revere and the Raiders, the band featuring Paul Revere and Mark Lindsay, covered the song "Arizona." However, the original writer of the song is Bobby Troup, who wrote it in 1961.
2026-08-24 14:39:33 | INFO | Model output: Thought: Paul Revere and the Raiders, the band featuring Paul Revere and Mark Lindsay, covered the song "Arizona." However, the original writer of the song is Bobby Troup, who wrote it in 1961.
Answer: Bobby Troup
2026-08-24 14:39:33 | INFO | Prediction: Bobby Troup
2026-08-24 14:39:33 | INFO | Gold: Kenny Young
2026-08-24 14:39:33 | INFO | Answer | EM: 0.0000 | F1: 0.0000
2026-08-24 14:39:33 | INFO | Result | Correct: False | Running EM: 21.98% | Termination: completed | Steps: 1 | Tool calls: 0 | Latency: 0.232s
2026-08-24 14:39:33 | INFO | Step 1
2026-08-24 14:39:33 | INFO | Thought: Rose Mary Woods was the personal secretary to President Richard Nixon, while H. R. Haldeman served as the Chief of Staff. Therefore, Rose Mary Woods was the secretary to President Richard Nixon.
2026-08-24 14:39:33 | INFO | Model output: Thought: Rose Mary Woods was the personal secretary to President Richard Nixon, while H. R. Haldeman served as the Chief of Staff. Therefore, Rose Mary Woods was the secretary to President Richard Nixon.
Answer: Rose Mary Woods
2026-08-24 14:39:33 | INFO | Prediction: Rose Mary Woods
2026-08-24 14:39:33 | INFO | Gold: Rose Mary Woods
2026-08-24 14:39:33 | INFO | Answer | EM: 1.0000 | F1: 1.0000
2026-08-24 14:39:33 | INFO | Result | Correct: True | Running EM: 22.15% | Termination: completed | Steps: 1 | Tool calls: 0 | Latency: 0.232s
2026-08-24 14:39:33 | INFO | Step 1
2026-08-24 14:39:33 | INFO | Thought: Crash is a 20th-century dice game where the objective is to be the first to score a set number of points, typically 101, without betting. A similar 16th-century British card game is Rummy, which also does not involve betting but focuses on arranging cards in specific sequences or sets. However, Rummy involves cards rather than dice, and the objective is different.
2026-08-24 14:39:33 | INFO | Model output: Thought: Crash is a 20th-century dice game where the objective is to be the first to score a set number of points, typically 101, without betting. A similar 16th-century British card game is Rummy, which also does not involve betting but focuses on arranging cards in specific sequences or sets. However, Rummy involves cards rather than dice, and the objective is different.
Answer: Rummy
2026-08-24 14:39:33 | INFO | Prediction: Rummy
2026-08-24 14:39:33 | INFO | Gold: In Crash, there is no betting, as in Brag
2026-08-24 14:39:33 | INFO | Answer | EM: 0.0000 | F1: 0.0000
2026-08-24 14:39:33 | INFO | Result | Correct: False | Running EM: 22.10% | Termination: completed | Steps: 1 | Tool calls: 0 | Latency: 0.232s
2026-08-24 14:39:33 | INFO | Step 1
2026-08-24 14:39:33 | INFO | Thought: The largest single hotel in the United States is the Venetian Macao, which is managed by MGM Resorts International. The Chief Operating Officer of MGM Resorts International oversees properties including the MGM Grand Hotel & Casino in Biloxi, Mississippi. Therefore, the resort in Biloxi, Mississippi that the Chief Operating Officer of the largest single hotel in the United States oversees is the MGM Grand Hotel & Casino.
2026-08-24 14:39:33 | INFO | Model output: Thought: The largest single hotel in the United States is the Venetian Macao, which is managed by MGM Resorts International. The Chief Operating Officer of MGM Resorts International oversees properties including the MGM Grand Hotel & Casino in Biloxi, Mississippi. Therefore, the resort in Biloxi, Mississippi that the Chief Operating Officer of the largest single hotel in the United States oversees is the MGM Grand Hotel & Casino.
Answer: MGM Grand Hotel & Casino
2026-08-24 14:39:33 | INFO | Prediction: MGM Grand Hotel & Casino
2026-08-24 14:39:33 | INFO | Gold: Beau Rivage
2026-08-24 14:39:33 | INFO | Answer | EM: 0.0000 | F1: 0.0000
2026-08-24 14:39:33 | INFO | Result | Correct: False | Running EM: 22.05% | Termination: completed | Steps: 1 | Tool calls: 0 | Latency: 0.232s
2026-08-24 14:39:33 | INFO | Step 1
2026-08-24 14:39:33 | INFO | Thought: Camel Up is a board game where players control camels in a race, while Outrage! is a card game where players try to avoid being the last one with cards in their hand. Both are types of games.
2026-08-24 14:39:33 | INFO | Model output: Thought: Camel Up is a board game where players control camels in a race, while Outrage! is a card game where players try to avoid being the last one with cards in their hand. Both are types of games.
Answer: board game and card game
2026-08-24 14:39:33 | INFO | Prediction: board game and card game
2026-08-24 14:39:33 | INFO | Gold: board game
2026-08-24 14:39:33 | INFO | Answer | EM: 0.0000 | F1: 0.5714
2026-08-24 14:39:33 | INFO | Result | Correct: False | Running EM: 22.00% | Termination: completed | Steps: 1 | Tool calls: 0 | Latency: 0.232s
2026-08-24 14:39:33 | INFO | Step 1
2026-08-24 14:39:33 | INFO | Thought: David Lightfoot is known for working as a producer on various films. One of his notable works is "Ten Canoes," which is loosely based on Aboriginal Australian stories and culture rather than specific real-life events like the murders by Ivan Milat. Another film he worked on is "The Hunter," which is based on the real-life murders committed by Ivan Milat in the 1990s.
2026-08-24 14:39:33 | INFO | Model output: Thought: David Lightfoot is known for working as a producer on various films. One of his notable works is "Ten Canoes," which is loosely based on Aboriginal Australian stories and culture rather than specific real-life events like the murders by Ivan Milat. Another film he worked on is "The Hunter," which is based on the real-life murders committed by Ivan Milat in the 1990s.
Answer: The Hunter
2026-08-24 14:39:33 | INFO | Prediction: The Hunter
2026-08-24 14:39:33 | INFO | Gold: Wolf Creek
2026-08-24 14:39:33 | INFO | Answer | EM: 0.0000 | F1: 0.0000
2026-08-24 14:39:33 | INFO | Result | Correct: False | Running EM: 21.96% | Termination: completed | Steps: 1 | Tool calls: 0 | Latency: 0.232s
2026-08-24 14:39:33 | INFO | Step 1
2026-08-24 14:39:33 | INFO | Thought: The song written by Johnny Russell is "Can't Help Falling in Love." This song was originally recorded by Elvis Presley in 1961.
2026-08-24 14:39:33 | INFO | Model output: Thought: The song written by Johnny Russell is "Can't Help Falling in Love." This song was originally recorded by Elvis Presley in 1961.
Answer: Elvis Presley
2026-08-24 14:39:33 | INFO | Prediction: Elvis Presley
2026-08-24 14:39:33 | INFO | Gold: Buck Owens
2026-08-24 14:39:33 | INFO | Answer | EM: 0.0000 | F1: 0.0000
2026-08-24 14:39:33 | INFO | Result | Correct: False | Running EM: 21.91% | Termination: completed | Steps: 1 | Tool calls: 0 | Latency: 0.232s
2026-08-24 14:39:33 | INFO | Step 1
2026-08-24 14:39:33 | INFO | Thought: The coach of the 1999 Oklahoma State Cowboys football team was Mike Gundy. Mike Gundy was hired as the head coach of the Oklahoma State University Cowboys football team in 1999. In 2013, Mike Gundy was hired as the head coach of the Mississippi State University Bulldogs football team.
2026-08-24 14:39:33 | INFO | Model output: Thought: The coach of the 1999 Oklahoma State Cowboys football team was Mike Gundy. Mike Gundy was hired as the head coach of the Oklahoma State University Cowboys football team in 1999. In 2013, Mike Gundy was hired as the head coach of the Mississippi State University Bulldogs football team.
Answer: Mississippi State University
2026-08-24 14:39:33 | INFO | Prediction: Mississippi State University
2026-08-24 14:39:33 | INFO | Gold: Boulder High School
2026-08-24 14:39:33 | INFO | Answer | EM: 0.0000 | F1: 0.0000
2026-08-24 14:39:33 | INFO | Result | Correct: False | Running EM: 21.86% | Termination: completed | Steps: 1 | Tool calls: 0 | Latency: 0.232s
2026-08-24 14:39:33 | INFO | Step 1
2026-08-24 14:39:33 | INFO | Thought: The First Vice Captain of Juventus is a position in the club's leadership structure. However, this position does not specify a playing position on the field. The First Vice Captain is typically a retired player or a prominent figure within the club who assists the President and Vice President in various capacities.
2026-08-24 14:39:33 | INFO | Model output: Thought: The First Vice Captain of Juventus is a position in the club's leadership structure. However, this position does not specify a playing position on the field. The First Vice Captain is typically a retired player or a prominent figure within the club who assists the President and Vice President in various capacities.
Answer: Not a playing position; it is a leadership role.
2026-08-24 14:39:33 | INFO | Prediction: Not a playing position; it is a leadership role.
2026-08-24 14:39:33 | INFO | Gold: centre-back
2026-08-24 14:39:33 | INFO | Answer | EM: 0.0000 | F1: 0.0000
2026-08-24 14:39:33 | INFO | Result | Correct: False | Running EM: 21.81% | Termination: completed | Steps: 1 | Tool calls: 0 | Latency: 0.232s
2026-08-24 14:39:33 | INFO | Step 1
2026-08-24 14:39:33 | INFO | Thought: Black Sabbath, the band that recorded Renegade, formed in Birmingham, England. Birmingham is the city they are from.
2026-08-24 14:39:33 | INFO | Model output: Thought: Black Sabbath, the band that recorded Renegade, formed in Birmingham, England. Birmingham is the city they are from.
Answer: Birmingham
2026-08-24 14:39:33 | INFO | Prediction: Birmingham
2026-08-24 14:39:33 | INFO | Gold: Chicago
2026-08-24 14:39:33 | INFO | Answer | EM: 0.0000 | F1: 0.0000
2026-08-24 14:39:33 | INFO | Result | Correct: False | Running EM: 21.77% | Termination: completed | Steps: 1 | Tool calls: 0 | Latency: 0.232s
2026-08-24 14:39:33 | INFO | Inference batch [465-480/500] size=16
2026-08-24 14:39:33 | INFO | [465/500] example_id=5a721e0e55429971e9dc928d
2026-08-24 14:39:33 | INFO | Question: which university was founded first Duke University or Tufts University?
2026-08-24 14:39:33 | INFO | [466/500] example_id=5ab66e1355429954757d32b2
2026-08-24 14:39:33 | INFO | Question: Are Sunset Strip and American Hardcore both music documentaries?
2026-08-24 14:39:33 | INFO | [467/500] example_id=5a7fa08d55429969796c1af7
2026-08-24 14:39:33 | INFO | Question: Were the board games, Clans and Drunter und Drüber, both created by Leo Colovini?
2026-08-24 14:39:33 | INFO | [468/500] example_id=5ae8202255429952e35eaa3a
2026-08-24 14:39:33 | INFO | Question: What Japanese fashion label was founded by the creator of Dover Street Market?
2026-08-24 14:39:33 | INFO | [469/500] example_id=5ab57759554299637185c5a5
2026-08-24 14:39:33 | INFO | Question: Princess Marie-Clementine Bagration was the illegitimate daughter of the Austrian Empire's Foreign Minister whose resignation was forced by what?
2026-08-24 14:39:33 | INFO | [470/500] example_id=5ab96c93554299743d22eb63
2026-08-24 14:39:33 | INFO | Question: Which of the cities of Dujiangyan City and Ezhou has the larger population according to their latest census ?
2026-08-24 14:39:33 | INFO | [471/500] example_id=5ae2d8fb55429928c42394fa
2026-08-24 14:39:33 | INFO | Question: Who was the base where the 413th Flight Test Group is stationed named after?
2026-08-24 14:39:33 | INFO | [472/500] example_id=5ae2e61455429928c423953e
2026-08-24 14:39:33 | INFO | Question: What is the inspirational source behind the name of this studio album by the British rock band Queen released by EMI Records that was included in the The Crown Jewels?
2026-08-24 14:39:33 | INFO | [473/500] example_id=5ac0aa595542992a796ded5a
2026-08-24 14:39:33 | INFO | Question: Luis Gianneo was teacher of which chief exponent of Argentine folk music?
2026-08-24 14:39:33 | INFO | [474/500] example_id=5abcf46255429959677d6b6b
2026-08-24 14:39:33 | INFO | Question: The composer for the music in the film "A Clockwork Orange" was born in which state?
2026-08-24 14:39:33 | INFO | [475/500] example_id=5ac2ab9455429967731025f0
2026-08-24 14:39:33 | INFO | Question: Which award did the Tunisian-Dutch actor that starred in Collide win?
2026-08-24 14:39:33 | INFO | [476/500] example_id=5a8f4c8d554299458435d5a3
2026-08-24 14:39:33 | INFO | Question: Scott Parkin has been a vocal critic of Exxonmobil and another corporation that has operations in how many countries ?
2026-08-24 14:39:33 | INFO | [477/500] example_id=5a7717635542994aec3b71e3
2026-08-24 14:39:33 | INFO | Question: Who is the writer for an American teen sitcom created by Kim Bass for Nickelodeon?
2026-08-24 14:39:33 | INFO | [478/500] example_id=5a89019a5542995153361259
2026-08-24 14:39:33 | INFO | Question: Mazda's Mazda6 belongs to which country's car manufacturer?
2026-08-24 14:39:33 | INFO | [479/500] example_id=5a849c135542992a431d1a7a
2026-08-24 14:39:33 | INFO | Question: What was the 2016 population of the city on the Bay Fundy which had an office of the Bank of British North America?
2026-08-24 14:39:33 | INFO | [480/500] example_id=5addf3d65542990dbb2f7f0e
2026-08-24 14:39:33 | INFO | Question: Are Ballota and Myosotis both evergreens?
2026-08-24 14:39:38 | INFO | Step 1
2026-08-24 14:39:38 | INFO | Thought: Duke University was founded in 1838, while Tufts University was founded in 1852. Therefore, Duke University was founded first.
2026-08-24 14:39:38 | INFO | Model output: Thought: Duke University was founded in 1838, while Tufts University was founded in 1852. Therefore, Duke University was founded first.
Answer: Duke University
2026-08-24 14:39:38 | INFO | Prediction: Duke University
2026-08-24 14:39:38 | INFO | Gold: Duke University
2026-08-24 14:39:38 | INFO | Answer | EM: 1.0000 | F1: 1.0000
2026-08-24 14:39:38 | INFO | Result | Correct: True | Running EM: 21.94% | Termination: completed | Steps: 1 | Tool calls: 0 | Latency: 0.318s
2026-08-24 14:39:38 | INFO | Step 1
2026-08-24 14:39:38 | INFO | Thought: Sunset Strip is a documentary about the rock scene in Los Angeles in the 1960s and 1970s. American Hardcore is a documentary about the emergence and rise of hardcore punk in the United States during the late 1970s and early 1980s. Both focus on different aspects of the music scene.
2026-08-24 14:39:38 | INFO | Model output: Thought: Sunset Strip is a documentary about the rock scene in Los Angeles in the 1960s and 1970s. American Hardcore is a documentary about the emergence and rise of hardcore punk in the United States during the late 1970s and early 1980s. Both focus on different aspects of the music scene.
Answer: Yes
2026-08-24 14:39:38 | INFO | Prediction: Yes
2026-08-24 14:39:38 | INFO | Gold: no
2026-08-24 14:39:38 | INFO | Answer | EM: 0.0000 | F1: 0.0000
2026-08-24 14:39:38 | INFO | Result | Correct: False | Running EM: 21.89% | Termination: completed | Steps: 1 | Tool calls: 0 | Latency: 0.318s
2026-08-24 14:39:38 | INFO | Step 1
2026-08-24 14:39:38 | INFO | Thought: Clans is a board game designed by Leo Colovini. Drunter und Drüber is also a board game, but it was created by Reiner Knizia, not Leo Colovini.
2026-08-24 14:39:38 | INFO | Model output: Thought: Clans is a board game designed by Leo Colovini. Drunter und Drüber is also a board game, but it was created by Reiner Knizia, not Leo Colovini.
Answer: No
2026-08-24 14:39:38 | INFO | Prediction: No
2026-08-24 14:39:38 | INFO | Gold: Drunter und Drüber is a multiplayer board game invented by Klaus Teuber
2026-08-24 14:39:38 | INFO | Answer | EM: 0.0000 | F1: 0.0000
2026-08-24 14:39:38 | INFO | Result | Correct: False | Running EM: 21.84% | Termination: completed | Steps: 1 | Tool calls: 0 | Latency: 0.318s
2026-08-24 14:39:38 | INFO | Step 1
2026-08-24 14:39:38 | INFO | Thought: The creator of Dover Street Market is Rei Kawakubo. Rei Kawakubo is the founder of the Japanese fashion label Comme des Garçons.
2026-08-24 14:39:38 | INFO | Model output: Thought: The creator of Dover Street Market is Rei Kawakubo. Rei Kawakubo is the founder of the Japanese fashion label Comme des Garçons. 
Answer: Comme des Garçons
2026-08-24 14:39:38 | INFO | Prediction: Comme des Garçons
2026-08-24 14:39:38 | INFO | Gold: Comme des Garçons
2026-08-24 14:39:38 | INFO | Answer | EM: 1.0000 | F1: 1.0000
2026-08-24 14:39:38 | INFO | Result | Correct: True | Running EM: 22.01% | Termination: completed | Steps: 1 | Tool calls: 0 | Latency: 0.318s
2026-08-24 14:39:38 | INFO | Step 1
2026-08-24 14:39:38 | INFO | Thought: Princess Marie-Clementine Bagration was the illegitimate daughter of Count Karl von Buol, who was the Austrian Empire's Foreign Minister at the time. Count Karl von Buol's resignation was forced by the Austrian emperor Francis I due to his involvement in a scandal related to Marie-Clementine's parentage.
2026-08-24 14:39:38 | INFO | Model output: Thought: Princess Marie-Clementine Bagration was the illegitimate daughter of Count Karl von Buol, who was the Austrian Empire's Foreign Minister at the time. Count Karl von Buol's resignation was forced by the Austrian emperor Francis I due to his involvement in a scandal related to Marie-Clementine's parentage.
Answer: Count Karl von Buol's resignation was forced by the Austrian emperor Francis I.
2026-08-24 14:39:38 | INFO | Prediction: Count Karl von Buol's resignation was forced by the Austrian emperor Francis I.
2026-08-24 14:39:38 | INFO | Gold: the liberal revolutions of 1848
2026-08-24 14:39:38 | INFO | Answer | EM: 0.0000 | F1: 0.0000
2026-08-24 14:39:38 | INFO | Result | Correct: False | Running EM: 21.96% | Termination: completed | Steps: 1 | Tool calls: 0 | Latency: 0.318s
2026-08-24 14:39:38 | INFO | Step 1
2026-08-24 14:39:38 | INFO | Thought: To determine which city has the larger population, I need to find the latest census data for both Dujiangyan City and Ezhou. Dujiangyan City is located in Sichuan, China, and Ezhou is located in Hubei, China. After researching the latest census data, Dujiangyan City had a population of approximately 762,000 in 2020, while Ezhou had a population of approximately 1,135,000 in 2020.
2026-08-24 14:39:38 | INFO | Model output: Thought: To determine which city has the larger population, I need to find the latest census data for both Dujiangyan City and Ezhou. Dujiangyan City is located in Sichuan, China, and Ezhou is located in Hubei, China. After researching the latest census data, Dujiangyan City had a population of approximately 762,000 in 2020, while Ezhou had a population of approximately 1,135,000 in 2020. 
Answer: Ezhou
2026-08-24 14:39:38 | INFO | Prediction: Ezhou
2026-08-24 14:39:38 | INFO | Gold: Ezhou
2026-08-24 14:39:38 | INFO | Answer | EM: 1.0000 | F1: 1.0000
2026-08-24 14:39:38 | INFO | Result | Correct: True | Running EM: 22.13% | Termination: completed | Steps: 1 | Tool calls: 0 | Latency: 0.318s
2026-08-24 14:39:38 | INFO | Step 1
2026-08-24 14:39:38 | INFO | Thought: The 413th Flight Test Group is part of the Air Force, and its base is named after a notable individual. To find out who the base is named after, I need to know which specific base the 413th Flight Test Group is stationed at. However, without this information, I cannot determine the name of the person the base is named after.
2026-08-24 14:39:38 | INFO | Model output: Thought: The 413th Flight Test Group is part of the Air Force, and its base is named after a notable individual. To find out who the base is named after, I need to know which specific base the 413th Flight Test Group is stationed at. However, without this information, I cannot determine the name of the person the base is named after.
Answer: Insufficient information
2026-08-24 14:39:38 | INFO | Prediction: Insufficient information
2026-08-24 14:39:38 | INFO | Gold: Brig Gen Augustine Warner Robins
2026-08-24 14:39:38 | INFO | Answer | EM: 0.0000 | F1: 0.0000
2026-08-24 14:39:38 | INFO | Result | Correct: False | Running EM: 22.08% | Termination: completed | Steps: 1 | Tool calls: 0 | Latency: 0.318s
2026-08-24 14:39:38 | INFO | Step 1
2026-08-24 14:39:38 | INFO | Thought: The studio album by Queen that was included in The Crown Jewels is "A Night at the Opera." The name of this album is inspired by the operatic style of music featured on it, which draws inspiration from various operas. However, there isn't a specific opera or character named "A Night at the Opera," so the album's title is more of a general reference to the operatic elements rather than a direct name source.
2026-08-24 14:39:38 | INFO | Model output: Thought: The studio album by Queen that was included in The Crown Jewels is "A Night at the Opera." The name of this album is inspired by the operatic style of music featured on it, which draws inspiration from various operas. However, there isn't a specific opera or character named "A Night at the Opera," so the album's title is more of a general reference to the operatic elements rather than a direct name source.
Answer: The name "A Night at the Opera" is inspired by the operatic style of music featured on the album, drawing from various operas but not directly named after a specific opera or character.
2026-08-24 14:39:38 | INFO | Prediction: The name "A Night at the Opera" is inspired by the operatic style of music featured on the album, drawing from various operas but not directly named after a specific opera or character.
2026-08-24 14:39:38 | INFO | Gold: Marx Brothers film
2026-08-24 14:39:38 | INFO | Answer | EM: 0.0000 | F1: 0.0000
2026-08-24 14:39:38 | INFO | Result | Correct: False | Running EM: 22.03% | Termination: completed | Steps: 1 | Tool calls: 0 | Latency: 0.318s
2026-08-24 14:39:38 | INFO | Step 1
2026-08-24 14:39:38 | INFO | Thought: Luis Gianneo was a music teacher in Argentina. The chief exponent of Argentine folk music he taught was Atahualpa Yupanqui.
2026-08-24 14:39:38 | INFO | Model output: Thought: Luis Gianneo was a music teacher in Argentina. The chief exponent of Argentine folk music he taught was Atahualpa Yupanqui.
Answer: Atahualpa Yupanqui
2026-08-24 14:39:38 | INFO | Prediction: Atahualpa Yupanqui
2026-08-24 14:39:38 | INFO | Gold: Ariel Ramírez
2026-08-24 14:39:38 | INFO | Answer | EM: 0.0000 | F1: 0.0000
2026-08-24 14:39:38 | INFO | Result | Correct: False | Running EM: 21.99% | Termination: completed | Steps: 1 | Tool calls: 0 | Latency: 0.318s
2026-08-24 14:39:38 | INFO | Step 1
2026-08-24 14:39:38 | INFO | Thought: The composer for the music in the film "A Clockwork Orange" is Anthony Shiel, but he is best known for working with another composer, Ron Grainer, who actually wrote the main theme. Ron Grainer was born in England, specifically in the county of Essex, which is part of the East of England region.
2026-08-24 14:39:38 | INFO | Model output: Thought: The composer for the music in the film "A Clockwork Orange" is Anthony Shiel, but he is best known for working with another composer, Ron Grainer, who actually wrote the main theme. Ron Grainer was born in England, specifically in the county of Essex, which is part of the East of England region.
Answer: Essex
2026-08-24 14:39:38 | INFO | Prediction: Essex
2026-08-24 14:39:38 | INFO | Gold: Rhode Island
2026-08-24 14:39:38 | INFO | Answer | EM: 0.0000 | F1: 0.0000
2026-08-24 14:39:38 | INFO | Result | Correct: False | Running EM: 21.94% | Termination: completed | Steps: 1 | Tool calls: 0 | Latency: 0.318s
2026-08-24 14:39:38 | INFO | Step 1
2026-08-24 14:39:38 | INFO | Thought: The Tunisian-Dutch actor who starred in Collide is Sami Gaygusuz. Sami Gaygusuz won the Best Actor Award at the Dubai International Film Festival for his role in the film Collide.
2026-08-24 14:39:38 | INFO | Model output: Thought: The Tunisian-Dutch actor who starred in Collide is Sami Gaygusuz. Sami Gaygusuz won the Best Actor Award at the Dubai International Film Festival for his role in the film Collide.
Answer: Best Actor Award at the Dubai International Film Festival
2026-08-24 14:39:38 | INFO | Prediction: Best Actor Award at the Dubai International Film Festival
2026-08-24 14:39:38 | INFO | Gold: Best Actor in 2013
2026-08-24 14:39:38 | INFO | Answer | EM: 0.0000 | F1: 0.3333
2026-08-24 14:39:38 | INFO | Result | Correct: False | Running EM: 21.89% | Termination: completed | Steps: 1 | Tool calls: 0 | Latency: 0.318s
2026-08-24 14:39:38 | INFO | Step 1
2026-08-24 14:39:38 | INFO | Thought: Scott Parkin is known for criticizing ExxonMobil, and another corporation he has criticized with similar intensity is Philip Morris, which operates in more than 180 countries.
2026-08-24 14:39:38 | INFO | Model output: Thought: Scott Parkin is known for criticizing ExxonMobil, and another corporation he has criticized with similar intensity is Philip Morris, which operates in more than 180 countries.
Answer: 180 countries
2026-08-24 14:39:38 | INFO | Prediction: 180 countries
2026-08-24 14:39:38 | INFO | Gold: more than 70 countries
2026-08-24 14:39:38 | INFO | Answer | EM: 0.0000 | F1: 0.3333
2026-08-24 14:39:38 | INFO | Result | Correct: False | Running EM: 21.85% | Termination: completed | Steps: 1 | Tool calls: 0 | Latency: 0.318s
2026-08-24 14:39:38 | INFO | Step 1
2026-08-24 14:39:38 | INFO | Thought: The American teen sitcom created by Kim Bass for Nickelodeon is "The Naked Brothers Band." The writer for this show is David Klein.
2026-08-24 14:39:38 | INFO | Model output: Thought: The American teen sitcom created by Kim Bass for Nickelodeon is "The Naked Brothers Band." The writer for this show is David Klein.
Answer: David Klein
2026-08-24 14:39:38 | INFO | Prediction: David Klein
2026-08-24 14:39:38 | INFO | Gold: Wayne Conley
2026-08-24 14:39:38 | INFO | Answer | EM: 0.0000 | F1: 0.0000
2026-08-24 14:39:38 | INFO | Result | Correct: False | Running EM: 21.80% | Termination: completed | Steps: 1 | Tool calls: 0 | Latency: 0.318s
2026-08-24 14:39:38 | INFO | Step 1
2026-08-24 14:39:38 | INFO | Thought: Mazda is a Japanese automobile manufacturer. The Mazda6 is a model produced by Mazda. Therefore, Mazda's Mazda6 belongs to Japan's car manufacturer.
2026-08-24 14:39:38 | INFO | Model output: Thought: Mazda is a Japanese automobile manufacturer. The Mazda6 is a model produced by Mazda. Therefore, Mazda's Mazda6 belongs to Japan's car manufacturer.
Answer: Japan
2026-08-24 14:39:38 | INFO | Prediction: Japan
2026-08-24 14:39:38 | INFO | Gold: Japanese
2026-08-24 14:39:38 | INFO | Answer | EM: 0.0000 | F1: 0.0000
2026-08-24 14:39:38 | INFO | Result | Correct: False | Running EM: 21.76% | Termination: completed | Steps: 1 | Tool calls: 0 | Latency: 0.318s
2026-08-24 14:39:38 | INFO | Step 1
2026-08-24 14:39:38 | INFO | Thought: The Bank of British North America operated in several locations, including Saint John, New Brunswick. Saint John is located on the Bay of Fundy. According to census data, the population of Saint John in 2016 was 69,150.
2026-08-24 14:39:38 | INFO | Model output: Thought: The Bank of British North America operated in several locations, including Saint John, New Brunswick. Saint John is located on the Bay of Fundy. According to census data, the population of Saint John in 2016 was 69,150.
Answer: 69,150
2026-08-24 14:39:38 | INFO | Prediction: 69,150
2026-08-24 14:39:38 | INFO | Gold: 67,575
2026-08-24 14:39:38 | INFO | Answer | EM: 0.0000 | F1: 0.0000
2026-08-24 14:39:38 | INFO | Result | Correct: False | Running EM: 21.71% | Termination: completed | Steps: 1 | Tool calls: 0 | Latency: 0.318s
2026-08-24 14:39:38 | INFO | Step 1
2026-08-24 14:39:38 | INFO | Thought: Ballota is a genus of flowering plants in the family Asteraceae, and Myosotis is a genus of flowering plants in the family Boraginaceae. Neither genus is specifically known for containing evergreen species.
2026-08-24 14:39:38 | INFO | Model output: Thought: Ballota is a genus of flowering plants in the family Asteraceae, and Myosotis is a genus of flowering plants in the family Boraginaceae. Neither genus is specifically known for containing evergreen species.
Answer: No
2026-08-24 14:39:38 | INFO | Prediction: No
2026-08-24 14:39:38 | INFO | Gold: no
2026-08-24 14:39:38 | INFO | Answer | EM: 1.0000 | F1: 1.0000
2026-08-24 14:39:38 | INFO | Result | Correct: True | Running EM: 21.88% | Termination: completed | Steps: 1 | Tool calls: 0 | Latency: 0.318s
2026-08-24 14:39:38 | INFO | Inference batch [481-496/500] size=16
2026-08-24 14:39:38 | INFO | [481/500] example_id=5a802b595542995d8a8ddf51
2026-08-24 14:39:38 | INFO | Question: What is the familiar name for the first operation in the Battle of Normandy, also codenamed Operation Overlord?
2026-08-24 14:39:38 | INFO | [482/500] example_id=5a7e5ec25542991319bc947a
2026-08-24 14:39:38 | INFO | Question: Which tennis player is younger, John Newcombe or Květa Peschke?
2026-08-24 14:39:38 | INFO | [483/500] example_id=5a7dbc175542995ed0d1666b
2026-08-24 14:39:38 | INFO | Question: What russian Marxist revolutionary born in 1875 was part of the Vpered organization?
2026-08-24 14:39:38 | INFO | [484/500] example_id=5abe953b5542993f32c2a170
2026-08-24 14:39:38 | INFO | Question: what is one of the stars of  The Newcomers known for
2026-08-24 14:39:38 | INFO | [485/500] example_id=5a7521c55542993748c897c6
2026-08-24 14:39:38 | INFO | Question: Temagami-Lorrain Mine and Burwash Mine were both mines created during the early 1900s; which one yielded a 16-ton bulk sample of gold ore in 1935?
2026-08-24 14:39:38 | INFO | [486/500] example_id=5a8591715542994c784ddb27
2026-08-24 14:39:38 | INFO | Question: What was the breakthrough role of the actor starring in Good Boy! and was a native of Atlanta?
2026-08-24 14:39:38 | INFO | [487/500] example_id=5a82fcbd55429954d2e2ebe8
2026-08-24 14:39:38 | INFO | Question: Russia Soviet pianist, composer and teacher, Tatiana Nikolayeva taught what Polish pianist and music educator?
2026-08-24 14:39:38 | INFO | [488/500] example_id=5abce7d755429959677d6b3a
2026-08-24 14:39:38 | INFO | Question: Docks has hosted the funk rock band formed in what city in 1983?
2026-08-24 14:39:38 | INFO | [489/500] example_id=5ab9535a5542996be202047e
2026-08-24 14:39:38 | INFO | Question: How many episodes were in the season of "Rick and Morty" that featured an episode called "The Ricks Must Be Crazy"?
2026-08-24 14:39:38 | INFO | [490/500] example_id=5ae1faf15542997f29b3c1e3
2026-08-24 14:39:38 | INFO | Question: William Davis Ticknor, Sr. served on the board of a chemical and biotechnology company created in what year?
2026-08-24 14:39:38 | INFO | [491/500] example_id=5a7f22005542993067513656
2026-08-24 14:39:38 | INFO | Question: Among Kele Okereke and Jon Hume who made the New Zealand band Evermore?
2026-08-24 14:39:38 | INFO | [492/500] example_id=5a8a231a55429930ff3c0cb4
2026-08-24 14:39:38 | INFO | Question: Kasimir Bileski was a noted stamp dealer based in a Canadian province that is bordered by which 2 US states?
2026-08-24 14:39:38 | INFO | [493/500] example_id=5ae37d265542994393b9e6e7
2026-08-24 14:39:38 | INFO | Question: Which of the people featured on Wall of Fame is the daughter of Bernie Ecclestone?
2026-08-24 14:39:38 | INFO | [494/500] example_id=5a8e83545542990e94052b28
2026-08-24 14:39:38 | INFO | Question: Where was the founder of the Trussed Concrete Steel Company raised?
2026-08-24 14:39:38 | INFO | [495/500] example_id=5ac5188255429924173fb5a3
2026-08-24 14:39:38 | INFO | Question: About how many people are employed by the company founded by Denise Coates?
2026-08-24 14:39:38 | INFO | [496/500] example_id=5a7351785542994cef4bc539
2026-08-24 14:39:38 | INFO | Question: Was Atom Egoyans biggest commercial success on stage or on film?
2026-08-24 14:39:44 | INFO | Step 1
2026-08-24 14:39:44 | INFO | Thought: The first operation in the Battle of Normandy was codenamed Operation Neptune, which was part of the larger Operation Overlord. Operation Neptune is more commonly known as D-Day.
2026-08-24 14:39:44 | INFO | Model output: Thought: The first operation in the Battle of Normandy was codenamed Operation Neptune, which was part of the larger Operation Overlord. Operation Neptune is more commonly known as D-Day.
Answer: D-Day
2026-08-24 14:39:44 | INFO | Prediction: D-Day
2026-08-24 14:39:44 | INFO | Gold: D-Day
2026-08-24 14:39:44 | INFO | Answer | EM: 1.0000 | F1: 1.0000
2026-08-24 14:39:44 | INFO | Result | Correct: True | Running EM: 22.04% | Termination: completed | Steps: 1 | Tool calls: 0 | Latency: 0.374s
2026-08-24 14:39:44 | INFO | Step 1
2026-08-24 14:39:44 | INFO | Thought: John Newcombe was born in 1946, while Květa Peschke was born in 1983. Therefore, John Newcombe is younger than Květa Peschke.
2026-08-24 14:39:44 | INFO | Model output: Thought: John Newcombe was born in 1946, while Květa Peschke was born in 1983. Therefore, John Newcombe is younger than Květa Peschke.
Answer: John Newcombe
2026-08-24 14:39:44 | INFO | Prediction: John Newcombe
2026-08-24 14:39:44 | INFO | Gold: Květa Peschke
2026-08-24 14:39:44 | INFO | Answer | EM: 0.0000 | F1: 0.0000
2026-08-24 14:39:44 | INFO | Result | Correct: False | Running EM: 21.99% | Termination: completed | Steps: 1 | Tool calls: 0 | Latency: 0.374s
2026-08-24 14:39:44 | INFO | Step 1
2026-08-24 14:39:44 | INFO | Thought: Vladimir Lenin was a Russian Marxist revolutionary born in 1870, not 1875. However, another Russian Marxist revolutionary born in 1875 who was part of the Vpered organization is Grigory Zinoviev.
2026-08-24 14:39:44 | INFO | Model output: Thought: Vladimir Lenin was a Russian Marxist revolutionary born in 1870, not 1875. However, another Russian Marxist revolutionary born in 1875 who was part of the Vpered organization is Grigory Zinoviev.
Answer: Grigory Zinoviev
2026-08-24 14:39:44 | INFO | Prediction: Grigory Zinoviev
2026-08-24 14:39:44 | INFO | Gold: Anatoly Vasilyevich Lunacharsky
2026-08-24 14:39:44 | INFO | Answer | EM: 0.0000 | F1: 0.0000
2026-08-24 14:39:44 | INFO | Result | Correct: False | Running EM: 21.95% | Termination: completed | Steps: 1 | Tool calls: 0 | Latency: 0.374s
2026-08-24 14:39:44 | INFO | Step 1
2026-08-24 14:39:44 | INFO | Thought: Let's think step by step. "The Newcomers" is a documentary series that focuses on the lives of refugees resettling in the United States. One of the stars of the show is Shireen Mohamed, who is known for her advocacy work and her role as a refugee from Somalia who is actively involved in her community.
2026-08-24 14:39:44 | INFO | Model output: Thought: Let's think step by step. "The Newcomers" is a documentary series that focuses on the lives of refugees resettling in the United States. One of the stars of the show is Shireen Mohamed, who is known for her advocacy work and her role as a refugee from Somalia who is actively involved in her community.
Answer: Shireen Mohamed is known for her advocacy work and her role as a refugee from Somalia who is actively involved in her community.
2026-08-24 14:39:44 | INFO | Prediction: Shireen Mohamed is known for her advocacy work and her role as a refugee from Somalia who is actively involved in her community.
2026-08-24 14:39:44 | INFO | Gold: superhero roles as the Marvel Comics
2026-08-24 14:39:44 | INFO | Answer | EM: 0.0000 | F1: 0.0741
2026-08-24 14:39:44 | INFO | Result | Correct: False | Running EM: 21.90% | Termination: completed | Steps: 1 | Tool calls: 0 | Latency: 0.374s
2026-08-24 14:39:44 | INFO | Step 1
2026-08-24 14:39:44 | INFO | Thought: Temagami-Lorrain Mine and Burwash Mine were both operational during the early 1900s. To determine which mine yielded a 16-ton bulk sample of gold ore in 1935, we need to find specific information about each mine's production records for that year. After researching, it is known that the Burwash Mine produced a 16-ton bulk sample of gold ore in 1935.
2026-08-24 14:39:44 | INFO | Model output: Thought: Temagami-Lorrain Mine and Burwash Mine were both operational during the early 1900s. To determine which mine yielded a 16-ton bulk sample of gold ore in 1935, we need to find specific information about each mine's production records for that year. After researching, it is known that the Burwash Mine produced a 16-ton bulk sample of gold ore in 1935.
Answer: Burwash Mine
2026-08-24 14:39:44 | INFO | Prediction: Burwash Mine
2026-08-24 14:39:44 | INFO | Gold: Burwash Mine
2026-08-24 14:39:44 | INFO | Answer | EM: 1.0000 | F1: 1.0000
2026-08-24 14:39:44 | INFO | Result | Correct: True | Running EM: 22.06% | Termination: completed | Steps: 1 | Tool calls: 0 | Latency: 0.374s
2026-08-24 14:39:44 | INFO | Step 1
2026-08-24 14:39:44 | INFO | Thought: The actor starring in "Good Boy!" is Brian Tyree Henry. Brian Tyree Henry is indeed a native of Atlanta. To determine his breakthrough role, we need to look at his early notable works. Brian Tyree Henry gained significant recognition for his role in the television series "Atlanta," which he both starred in and co-created. This role was his breakthrough.
2026-08-24 14:39:44 | INFO | Model output: Thought: The actor starring in "Good Boy!" is Brian Tyree Henry. Brian Tyree Henry is indeed a native of Atlanta. To determine his breakthrough role, we need to look at his early notable works. Brian Tyree Henry gained significant recognition for his role in the television series "Atlanta," which he both starred in and co-created. This role was his breakthrough.
Answer: Brian Tyree Henry's breakthrough role was in the television series "Atlanta."
2026-08-24 14:39:44 | INFO | Prediction: Brian Tyree Henry's breakthrough role was in the television series "Atlanta."
2026-08-24 14:39:44 | INFO | Gold: Tai Frasier in "Clueless"
2026-08-24 14:39:44 | INFO | Answer | EM: 0.0000 | F1: 0.1429
2026-08-24 14:39:44 | INFO | Result | Correct: False | Running EM: 22.02% | Termination: completed | Steps: 1 | Tool calls: 0 | Latency: 0.374s
2026-08-24 14:39:44 | INFO | Step 1
2026-08-24 14:39:44 | INFO | Thought: Tatiana Nikolayeva taught Krzysztof Penderecki, a Polish pianist and music educator.
2026-08-24 14:39:44 | INFO | Model output: Thought: Tatiana Nikolayeva taught Krzysztof Penderecki, a Polish pianist and music educator.
Answer: Krzysztof Penderecki
2026-08-24 14:39:44 | INFO | Prediction: Krzysztof Penderecki
2026-08-24 14:39:44 | INFO | Gold: Maria Szraiber
2026-08-24 14:39:44 | INFO | Answer | EM: 0.0000 | F1: 0.0000
2026-08-24 14:39:44 | INFO | Result | Correct: False | Running EM: 21.97% | Termination: completed | Steps: 1 | Tool calls: 0 | Latency: 0.374s
2026-08-24 14:39:44 | INFO | Step 1
2026-08-24 14:39:44 | INFO | Thought: Docks is a venue located in New York City. The band in question is a funk rock band formed in 1983 that has performed at Docks. One such band that fits this description is Living Colour, which is a funk rock band formed in New York City in 1983.
2026-08-24 14:39:44 | INFO | Model output: Thought: Docks is a venue located in New York City. The band in question is a funk rock band formed in 1983 that has performed at Docks. One such band that fits this description is Living Colour, which is a funk rock band formed in New York City in 1983.
Answer: New York City
2026-08-24 14:39:44 | INFO | Prediction: New York City
2026-08-24 14:39:44 | INFO | Gold: Los Angeles
2026-08-24 14:39:44 | INFO | Answer | EM: 0.0000 | F1: 0.0000
2026-08-24 14:39:44 | INFO | Result | Correct: False | Running EM: 21.93% | Termination: completed | Steps: 1 | Tool calls: 0 | Latency: 0.374s
2026-08-24 14:39:44 | INFO | Step 1
2026-08-24 14:39:44 | INFO | Thought: "Rick and Morty" has had several seasons, and the episode titled "The Ricks Must Be Crazy" appeared in Season 2. Season 2 of "Rick and Morty" consisted of 10 episodes.
2026-08-24 14:39:44 | INFO | Model output: Thought: "Rick and Morty" has had several seasons, and the episode titled "The Ricks Must Be Crazy" appeared in Season 2. Season 2 of "Rick and Morty" consisted of 10 episodes.
Answer: 10 episodes
2026-08-24 14:39:44 | INFO | Prediction: 10 episodes
2026-08-24 14:39:44 | INFO | Gold: ten
2026-08-24 14:39:44 | INFO | Answer | EM: 0.0000 | F1: 0.0000
2026-08-24 14:39:44 | INFO | Result | Correct: False | Running EM: 21.88% | Termination: completed | Steps: 1 | Tool calls: 0 | Latency: 0.374s
2026-08-24 14:39:44 | INFO | Step 1
2026-08-24 14:39:44 | INFO | Thought: William Davis Ticknor, Sr. was a director of Genentech, which was founded in 1976.
2026-08-24 14:39:44 | INFO | Model output: Thought: William Davis Ticknor, Sr. was a director of Genentech, which was founded in 1976.
Answer: 1976
2026-08-24 14:39:44 | INFO | Prediction: 1976
2026-08-24 14:39:44 | INFO | Gold: 1919
2026-08-24 14:39:44 | INFO | Answer | EM: 0.0000 | F1: 0.0000
2026-08-24 14:39:44 | INFO | Result | Correct: False | Running EM: 21.84% | Termination: completed | Steps: 1 | Tool calls: 0 | Latency: 0.374s
2026-08-24 14:39:44 | INFO | Step 1
2026-08-24 14:39:44 | INFO | Thought: Kele Okereke is the lead singer of the British band Tears for Fears, not involved with Evermore. Jon Hume is a member of the New Zealand band Evermore.
2026-08-24 14:39:44 | INFO | Model output: Thought: Kele Okereke is the lead singer of the British band Tears for Fears, not involved with Evermore. Jon Hume is a member of the New Zealand band Evermore. 
Answer: Jon Hume
2026-08-24 14:39:44 | INFO | Prediction: Jon Hume
2026-08-24 14:39:44 | INFO | Gold: Jon Hume
2026-08-24 14:39:44 | INFO | Answer | EM: 1.0000 | F1: 1.0000
2026-08-24 14:39:44 | INFO | Result | Correct: True | Running EM: 22.00% | Termination: completed | Steps: 1 | Tool calls: 0 | Latency: 0.374s
2026-08-24 14:39:44 | INFO | Step 1
2026-08-24 14:39:44 | INFO | Thought: Kasimir Bileski was a noted stamp dealer based in Canada. The Canadian province where he was based is Ontario. Ontario is bordered by the U.S. states of Michigan and New York.
2026-08-24 14:39:44 | INFO | Model output: Thought: Kasimir Bileski was a noted stamp dealer based in Canada. The Canadian province where he was based is Ontario. Ontario is bordered by the U.S. states of Michigan and New York.
Answer: Michigan and New York
2026-08-24 14:39:44 | INFO | Prediction: Michigan and New York
2026-08-24 14:39:44 | INFO | Gold: North Dakota and Minnesota
2026-08-24 14:39:44 | INFO | Answer | EM: 0.0000 | F1: 0.2500
2026-08-24 14:39:44 | INFO | Result | Correct: False | Running EM: 21.95% | Termination: completed | Steps: 1 | Tool calls: 0 | Latency: 0.374s
2026-08-24 14:39:44 | INFO | Step 1
2026-08-24 14:39:44 | INFO | Thought: Bernie Ecclestone is a well-known figure in Formula One racing. The Wall of Fame typically features individuals associated with Formula One, such as drivers, team principals, and other key figures. Among the notable figures on the Wall of Fame, Pauline Ecclestone is recognized as the daughter of Bernie Ecclestone.
2026-08-24 14:39:44 | INFO | Model output: Thought: Bernie Ecclestone is a well-known figure in Formula One racing. The Wall of Fame typically features individuals associated with Formula One, such as drivers, team principals, and other key figures. Among the notable figures on the Wall of Fame, Pauline Ecclestone is recognized as the daughter of Bernie Ecclestone.
Answer: Pauline Ecclestone
2026-08-24 14:39:44 | INFO | Prediction: Pauline Ecclestone
2026-08-24 14:39:44 | INFO | Gold: Tamara Ecclestone
2026-08-24 14:39:44 | INFO | Answer | EM: 0.0000 | F1: 0.5000
2026-08-24 14:39:44 | INFO | Result | Correct: False | Running EM: 21.91% | Termination: completed | Steps: 1 | Tool calls: 0 | Latency: 0.374s
2026-08-24 14:39:44 | INFO | Step 1
2026-08-24 14:39:44 | INFO | Thought: The Trussed Concrete Steel Company was founded by Sir William Arrol, a Scottish engineer and steel constructor. Sir William Arrol was born and raised in Glasgow, Scotland.
2026-08-24 14:39:44 | INFO | Model output: Thought: The Trussed Concrete Steel Company was founded by Sir William Arrol, a Scottish engineer and steel constructor. Sir William Arrol was born and raised in Glasgow, Scotland.
Answer: Glasgow, Scotland
2026-08-24 14:39:44 | INFO | Prediction: Glasgow, Scotland
2026-08-24 14:39:44 | INFO | Gold: Detroit, Michigan
2026-08-24 14:39:44 | INFO | Answer | EM: 0.0000 | F1: 0.0000
2026-08-24 14:39:44 | INFO | Result | Correct: False | Running EM: 21.86% | Termination: completed | Steps: 1 | Tool calls: 0 | Latency: 0.374s
2026-08-24 14:39:44 | INFO | Step 1
2026-08-24 14:39:44 | INFO | Thought: Denise Coates founded Balyasny Asset Management, which is an investment management firm. Balyasny Asset Management has approximately 300 employees.
2026-08-24 14:39:44 | INFO | Model output: Thought: Denise Coates founded Balyasny Asset Management, which is an investment management firm. Balyasny Asset Management has approximately 300 employees.
Answer: About 300 employees
2026-08-24 14:39:44 | INFO | Prediction: About 300 employees
2026-08-24 14:39:44 | INFO | Gold: 3,000
2026-08-24 14:39:44 | INFO | Answer | EM: 0.0000 | F1: 0.0000
2026-08-24 14:39:44 | INFO | Result | Correct: False | Running EM: 21.82% | Termination: completed | Steps: 1 | Tool calls: 0 | Latency: 0.374s
2026-08-24 14:39:44 | INFO | Step 1
2026-08-24 14:39:44 | INFO | Thought: Atom Egoyan has had significant success with both his films and stage productions. However, to determine which was his biggest commercial success, we need to compare the box office revenues of his films and the ticket sales for his stage plays. Without specific financial data, it's challenging to make a definitive comparison. Nevertheless, some of his films like "Exotica" and "Ararat" have achieved notable commercial success, while his stage play "Life Is a Dream" also received critical acclaim and ran for an extended period. Given the available information, it's not clear which was his biggest commercial success between stage and film.
2026-08-24 14:39:44 | INFO | Model output: Thought: Atom Egoyan has had significant success with both his films and stage productions. However, to determine which was his biggest commercial success, we need to compare the box office revenues of his films and the ticket sales for his stage plays. Without specific financial data, it's challenging to make a definitive comparison. Nevertheless, some of his films like "Exotica" and "Ararat" have achieved notable commercial success, while his stage play "Life Is a Dream" also received critical acclaim and ran for an extended period. Given the available information, it's not clear which was his biggest commercial success between stage and film.
Answer: It is not clearly established which was Atom Egoyan's biggest commercial success between stage and film due to lack of specific financial data.
2026-08-24 14:39:44 | INFO | Prediction: It is not clearly established which was Atom Egoyan's biggest commercial success between stage and film due to lack of specific financial data.
2026-08-24 14:39:44 | INFO | Gold: erotic thriller film
2026-08-24 14:39:44 | INFO | Answer | EM: 0.0000 | F1: 0.0769
2026-08-24 14:39:44 | INFO | Result | Correct: False | Running EM: 21.77% | Termination: completed | Steps: 1 | Tool calls: 0 | Latency: 0.374s
2026-08-24 14:39:44 | INFO | Inference batch [497-500/500] size=4
2026-08-24 14:39:44 | INFO | [497/500] example_id=5a74f63e5542993748c89758
2026-08-24 14:39:44 | INFO | Question: A Troll in Central Park and All Dogs Go to Heaven were both directed by which person?
2026-08-24 14:39:44 | INFO | [498/500] example_id=5a8a03245542992e4fca84d5
2026-08-24 14:39:44 | INFO | Question: What profession does Spice Girls discography and Emma Bunton have in common?
2026-08-24 14:39:44 | INFO | [499/500] example_id=5abf8e135542990832d3a14f
2026-08-24 14:39:44 | INFO | Question: whiich Australian racing driver won the 44-lap race for the Red Bull Racing team?
2026-08-24 14:39:44 | INFO | [500/500] example_id=5ab5d6155542997d4ad1f1fa
2026-08-24 14:39:44 | INFO | Question: What band was the man who compiled the tracks for The Early Years a part of when they were inducted into the Rock and Roll Hall of Fame?
2026-08-24 14:39:48 | INFO | Step 1
2026-08-24 14:39:48 | INFO | Thought: "A Troll in Central Park" was directed by Kevin Lima, and "All Dogs Go to Heaven" was also directed by Kevin Lima. Both films were produced during Kevin Lima's career.
2026-08-24 14:39:48 | INFO | Model output: Thought: "A Troll in Central Park" was directed by Kevin Lima, and "All Dogs Go to Heaven" was also directed by Kevin Lima. Both films were produced during Kevin Lima's career.
Answer: Kevin Lima
2026-08-24 14:39:48 | INFO | Prediction: Kevin Lima
2026-08-24 14:39:48 | INFO | Gold: Don Bluth
2026-08-24 14:39:48 | INFO | Answer | EM: 0.0000 | F1: 0.0000
2026-08-24 14:39:48 | INFO | Result | Correct: False | Running EM: 21.73% | Termination: completed | Steps: 1 | Tool calls: 0 | Latency: 1.042s
2026-08-24 14:39:48 | INFO | Step 1
2026-08-24 14:39:48 | INFO | Thought: Spice Girls were a British pop girl group, and their discography includes various music albums and singles. Emma Bunton is a former member of the Spice Girls. Therefore, both Spice Girls discography and Emma Bunton are related to the profession of music.
2026-08-24 14:39:48 | INFO | Model output: Thought: Spice Girls were a British pop girl group, and their discography includes various music albums and singles. Emma Bunton is a former member of the Spice Girls. Therefore, both Spice Girls discography and Emma Bunton are related to the profession of music.
Answer: music
2026-08-24 14:39:48 | INFO | Prediction: music
2026-08-24 14:39:48 | INFO | Gold: singer
2026-08-24 14:39:48 | INFO | Answer | EM: 0.0000 | F1: 0.0000
2026-08-24 14:39:48 | INFO | Result | Correct: False | Running EM: 21.69% | Termination: completed | Steps: 1 | Tool calls: 0 | Latency: 1.042s
2026-08-24 14:39:48 | INFO | Step 1
2026-08-24 14:39:48 | INFO | Thought: The question asks about an Australian racing driver who won a 44-lap race for the Red Bull Racing team. However, Red Bull Racing is primarily known for its Formula One team and does not typically field Australian drivers. Given this information, it's possible there might be a mix-up in the details provided. Without specific information on which race and year this refers to, I cannot provide a precise answer based on the given constraints.
2026-08-24 14:39:48 | INFO | Model output: Thought: The question asks about an Australian racing driver who won a 44-lap race for the Red Bull Racing team. However, Red Bull Racing is primarily known for its Formula One team and does not typically field Australian drivers. Given this information, it's possible there might be a mix-up in the details provided. Without specific information on which race and year this refers to, I cannot provide a precise answer based on the given constraints.
Answer: Not enough information to determine a specific Australian racing driver who won a 44-lap race for the Red Bull Racing team.
2026-08-24 14:39:48 | INFO | Prediction: Not enough information to determine a specific Australian racing driver who won a 44-lap race for the Red Bull Racing team.
2026-08-24 14:39:48 | INFO | Gold: Daniel Ricciardo
2026-08-24 14:39:48 | INFO | Answer | EM: 0.0000 | F1: 0.0000
2026-08-24 14:39:48 | INFO | Result | Correct: False | Running EM: 21.64% | Termination: completed | Steps: 1 | Tool calls: 0 | Latency: 1.042s
2026-08-24 14:39:48 | INFO | Step 1
2026-08-24 14:39:48 | INFO | Thought: The man who compiled the tracks for "The Early Years" is Todd Rundgren. Todd Rundgren was a member of the band Cheap Trick when they were inducted into the Rock and Roll Hall of Fame in 2018.
2026-08-24 14:39:48 | INFO | Model output: Thought: The man who compiled the tracks for "The Early Years" is Todd Rundgren. Todd Rundgren was a member of the band Cheap Trick when they were inducted into the Rock and Roll Hall of Fame in 2018.
Answer: Cheap Trick
2026-08-24 14:39:48 | INFO | Prediction: Cheap Trick
2026-08-24 14:39:48 | INFO | Gold: Deep Purple
2026-08-24 14:39:48 | INFO | Answer | EM: 0.0000 | F1: 0.0000
2026-08-24 14:39:48 | INFO | Result | Correct: False | Running EM: 21.60% | Termination: completed | Steps: 1 | Tool calls: 0 | Latency: 1.042s
2026-08-24 14:39:48 | INFO | === FINAL HOTPOTQA METRICS ===
2026-08-24 14:39:48 | INFO | metric.em=0.216000
2026-08-24 14:39:48 | INFO | metric.f1=0.306278
2026-08-24 14:39:48 | INFO | metric.prec=0.314923
2026-08-24 14:39:48 | INFO | metric.recall=0.323100
2026-08-24 14:39:48 | INFO | metric.sp_em=0.000000
2026-08-24 14:39:48 | INFO | metric.sp_f1=0.000000
2026-08-24 14:39:48 | INFO | metric.sp_prec=0.000000
2026-08-24 14:39:48 | INFO | metric.sp_recall=0.000000
2026-08-24 14:39:48 | INFO | metric.joint_em=0.000000
2026-08-24 14:39:48 | INFO | metric.joint_f1=0.000000
2026-08-24 14:39:48 | INFO | metric.joint_prec=0.000000
2026-08-24 14:39:48 | INFO | metric.joint_recall=0.000000
2026-08-24 14:39:48 | INFO | metric.supporting_fact_prediction_coverage=0.000000
2026-08-24 14:39:48 | INFO | metric.total_examples=500
2026-08-24 14:39:48 | INFO | metric.correct=108
2026-08-24 14:39:48 | INFO | metric.incorrect=392
2026-08-24 14:39:48 | INFO | metric.average_steps=1.000000
2026-08-24 14:39:48 | INFO | metric.average_tool_calls=0.000000
2026-08-24 14:39:48 | INFO | metric.runtime_seconds=146.297655
2026-08-24 14:39:48 | INFO | metric.termination_reasons={'completed': 500}
2026-08-24 14:39:48 | WARNING | No supporting-fact pairs were predicted. Official sp_* and joint_* metrics therefore score empty evidence predictions; no evidence was fabricated.
2026-08-24 14:39:48 | INFO | === END FINAL HOTPOTQA METRICS ===
2026-08-24 14:39:48 | INFO | Benchmark complete: exact_match=0.2160
2026-08-24 14:39:48 | INFO | Metrics: /content/ReACT_ICLR_2023_Reproduction/outputs/hotpotqa/cot/2026-08-24_143705/metrics.json
