2026-08-23 13:23:25 | INFO | Starting benchmark: task=hotpotqa method=react-cot-sc
2026-08-23 13:23:25 | INFO | Code version: 0.9.0
2026-08-23 13:23:25 | INFO | Run directory: /content/ReACT_ICLR_2023_Reproduction/outputs/hotpotqa/react-cot-sc/2026-08-23_132325
2026-08-23 13:23:25 | INFO | Inference batch size: 8
2026-08-23 13:23:25 | INFO | Loading 500 HotpotQA samples with seed=42
2026-08-23 13:23:57 | INFO | Loading tokenizer: Qwen/Qwen2.5-7B-Instruct
2026-08-23 13:24:00 | INFO | Loading model: Qwen/Qwen2.5-7B-Instruct device=cuda dtype=torch.bfloat16
2026-08-23 13:24:43 | INFO | Model ready: Qwen/Qwen2.5-7B-Instruct
2026-08-23 13:24:43 | INFO | Inference batch [1-8/500] size=8
2026-08-23 13:24:43 | INFO | [1/500] example_id=5ae143ed55429920d5234360
2026-08-23 13:24:43 | INFO | Question: In what year was the university where Sergei Aleksandrovich Tokarev was a professor founded?
2026-08-23 13:24:43 | INFO | [2/500] example_id=5abc19705542993a06baf86e
2026-08-23 13:24:43 | INFO | Question: Black Book starred the actress and writer of what heritage?
2026-08-23 13:24:43 | INFO | [3/500] example_id=5ac3e0f7554299194317388b
2026-08-23 13:24:43 | INFO | Question: Which actor does American Beauty and American Beauty have in common?
2026-08-23 13:24:43 | INFO | [4/500] example_id=5ae518655542993aec5ec139
2026-08-23 13:24:43 | INFO | Question: Ken Pruitt  was a Republican member of an upper house of the legislature with how many members ?
2026-08-23 13:24:43 | INFO | [5/500] example_id=5ab985eb554299131ca42360
2026-08-23 13:24:43 | INFO | Question: Between Greyia and Calibanus, which genus contains more species?
2026-08-23 13:24:43 | INFO | [6/500] example_id=5a8753d95542994846c1cd63
2026-08-23 13:24:43 | INFO | Question: Did John Updike and Tom Clancy both publish more than 15 bestselling novels?
2026-08-23 13:24:43 | INFO | [7/500] example_id=5ab97d0a5542996be202051e
2026-08-23 13:24:43 | INFO | Question: Who was hung for assisting the attempted surrender of a defector from the American Continental Army to the British Army?
2026-08-23 13:24:43 | INFO | [8/500] example_id=5adef1b35542993a75d263af
2026-08-23 13:24:43 | INFO | Question: which Mexican and American film actress is Ethel Houbiers  French voice of
2026-08-23 13:26:37 | INFO | Prediction: 1755
2026-08-23 13:26:37 | INFO | Gold: 1755
2026-08-23 13:26:37 | INFO | Agent metadata: {'selected_path': 'react', 'fallback_used': False, 'react_termination_reason': 'completed'}
2026-08-23 13:26:37 | INFO | Answer | EM: 1.0000 | F1: 1.0000
2026-08-23 13:26:37 | INFO | Result | Correct: True | Running EM: 100.00% | Termination: react_completed | Steps: 7 | Tool calls: 6 | Latency: 14.261s
2026-08-23 13:26:37 | INFO | Prediction: Italian
2026-08-23 13:26:37 | INFO | Gold: Dutch
2026-08-23 13:26:37 | INFO | Agent metadata: {'cot_sc_samples': 21, 'cot_sc_valid_answers': 21, 'cot_sc_winning_count': 4, 'cot_sc_confidence': 0.19047619047619047, 'cot_sc_winning_answer': 'Italian', 'cot_sc_vote_counts': {'italian': 4, 'italian and french': 2, 'italian and romanian': 1, 'italian and albanian': 1, 'italian heritage': 1, 'german and jewish': 1, 'english and italian': 1, 'africanamerican': 1, 'swedish italian and danish heritage': 1, 'swedish and italian': 1, 'scottishirish': 1, 'danish and norwegian': 1, 'dutch and jewish': 1, 'english and portuguese': 1, 'english and portuguese heritage': 1, 'italian and algerianfrench': 1, 'norwegian': 1}, 'selected_path': 'cot_sc', 'fallback_used': True, 'cot_sc_paper_threshold': 10.5, 'cot_sc_threshold_met': False, 'react_termination_reason': 'max_steps_exceeded'}
2026-08-23 13:26:37 | INFO | Answer | EM: 0.0000 | F1: 0.0000
2026-08-23 13:26:37 | INFO | Result | Correct: False | Running EM: 50.00% | Termination: fallback_cot_sc | Steps: 28 | Tool calls: 6 | Latency: 14.261s
2026-08-23 13:26:37 | INFO | Prediction: Kevin Spacey
2026-08-23 13:26:37 | INFO | Gold: Kevin Spacey
2026-08-23 13:26:37 | INFO | Agent metadata: {'selected_path': 'react', 'fallback_used': False, 'react_termination_reason': 'completed'}
2026-08-23 13:26:37 | INFO | Answer | EM: 1.0000 | F1: 1.0000
2026-08-23 13:26:37 | INFO | Result | Correct: True | Running EM: 66.67% | Termination: react_completed | Steps: 3 | Tool calls: 2 | Latency: 14.261s
2026-08-23 13:26:37 | INFO | Prediction: 40
2026-08-23 13:26:37 | INFO | Gold: 40 members
2026-08-23 13:26:37 | INFO | Agent metadata: {'selected_path': 'react', 'fallback_used': False, 'react_termination_reason': 'completed'}
2026-08-23 13:26:37 | INFO | Answer | EM: 0.0000 | F1: 0.6667
2026-08-23 13:26:37 | INFO | Result | Correct: False | Running EM: 50.00% | Termination: react_completed | Steps: 4 | Tool calls: 3 | Latency: 14.261s
2026-08-23 13:26:37 | INFO | Prediction: Beaucarnea
2026-08-23 13:26:37 | INFO | Gold: Greyia
2026-08-23 13:26:37 | INFO | Agent metadata: {'selected_path': 'react', 'fallback_used': False, 'react_termination_reason': 'completed'}
2026-08-23 13:26:37 | INFO | Answer | EM: 0.0000 | F1: 0.0000
2026-08-23 13:26:37 | INFO | Result | Correct: False | Running EM: 40.00% | Termination: react_completed | Steps: 4 | Tool calls: 3 | Latency: 14.261s
2026-08-23 13:26:37 | INFO | Prediction: Yes
2026-08-23 13:26:37 | INFO | Gold: yes
2026-08-23 13:26:37 | INFO | Agent metadata: {'cot_sc_samples': 21, 'cot_sc_valid_answers': 21, 'cot_sc_winning_count': 21, 'cot_sc_confidence': 1.0, 'cot_sc_winning_answer': 'Yes', 'cot_sc_vote_counts': {'yes': 21}, 'selected_path': 'cot_sc', 'fallback_used': True, 'cot_sc_paper_threshold': 10.5, 'cot_sc_threshold_met': True, 'react_termination_reason': 'action_loop'}
2026-08-23 13:26:37 | INFO | Answer | EM: 1.0000 | F1: 1.0000
2026-08-23 13:26:37 | INFO | Result | Correct: True | Running EM: 50.00% | Termination: fallback_cot_sc | Steps: 26 | Tool calls: 3 | Latency: 14.261s
2026-08-23 13:26:37 | INFO | Prediction: Joshua Hett Smith
2026-08-23 13:26:37 | INFO | Gold: John André
2026-08-23 13:26:37 | INFO | Agent metadata: {'cot_sc_samples': 21, 'cot_sc_valid_answers': 21, 'cot_sc_winning_count': 4, 'cot_sc_confidence': 0.19047619047619047, 'cot_sc_winning_answer': 'Joshua Hett Smith', 'cot_sc_vote_counts': {'joshua hett smith': 4, 'john andre': 2, 'nathan hale': 2, 'john andré': 2, 'joshua hime': 1, 'joshua hett smith was hung for assisting attempted surrender of john andré to british army': 1, 'johann de kalb': 1, 'henry knox': 1, 'henry light horse harry lee': 1, 'samuel shaw': 1, 'samuel thompson': 1, 'william balcom': 1, 'nathaniel sackett': 1, 'benjamin church jr': 1, 'nathan hale was executed for spying not for assisting in attempted surrender of defector': 1}, 'selected_path': 'cot_sc', 'fallback_used': True, 'cot_sc_paper_threshold': 10.5, 'cot_sc_threshold_met': False, 'react_termination_reason': 'action_loop'}
2026-08-23 13:26:37 | INFO | Answer | EM: 0.0000 | F1: 0.0000
2026-08-23 13:26:37 | INFO | Result | Correct: False | Running EM: 42.86% | Termination: fallback_cot_sc | Steps: 24 | Tool calls: 1 | Latency: 14.261s
2026-08-23 13:26:38 | INFO | Prediction: María Félix
2026-08-23 13:26:38 | INFO | Gold: Salma Hayek Pinault
2026-08-23 13:26:38 | INFO | Agent metadata: {'cot_sc_samples': 21, 'cot_sc_valid_answers': 21, 'cot_sc_winning_count': 5, 'cot_sc_confidence': 0.23809523809523808, 'cot_sc_winning_answer': 'María Félix', 'cot_sc_vote_counts': {'maría félix': 5, 'catherine deneuve': 3, 'salma hayek': 2, 'brigitte bardot': 2, 'audrey hepburn': 2, 'marilyn monroe': 1, 'marina in from her to eternity': 1, 'norma shearer': 1, 'cannot determine without additional context': 1, 'elizabeth taylor': 1, 'deborah kerr': 1, 'silvia pinal': 1}, 'selected_path': 'cot_sc', 'fallback_used': True, 'cot_sc_paper_threshold': 10.5, 'cot_sc_threshold_met': False, 'react_termination_reason': 'max_steps_exceeded'}
2026-08-23 13:26:38 | INFO | Answer | EM: 0.0000 | F1: 0.0000
2026-08-23 13:26:38 | INFO | Result | Correct: False | Running EM: 37.50% | Termination: fallback_cot_sc | Steps: 28 | Tool calls: 7 | Latency: 14.261s
2026-08-23 13:26:38 | INFO | Inference batch [9-16/500] size=8
2026-08-23 13:26:38 | INFO | [9/500] example_id=5a73b55855429978a71e9086
2026-08-23 13:26:38 | INFO | Question: Which major international airport in south-east England ranks as the 8th busiest airport in Europe and replaced Croydon Airport?
2026-08-23 13:26:38 | INFO | [10/500] example_id=5ae80919554299540e5a56f6
2026-08-23 13:26:38 | INFO | Question: Isabella Kelly was born at a ruined castle characterized as one of the most isolated fortifications in Britain by who?
2026-08-23 13:26:38 | INFO | [11/500] example_id=5ae361605542994393b9e69b
2026-08-23 13:26:38 | INFO | Question: The facility where Robert Croft worked as a navy instructor was also known as?
2026-08-23 13:26:38 | INFO | [12/500] example_id=5ac3a76e554299741d48a2be
2026-08-23 13:26:38 | INFO | Question: Who released the song "With or Without You" first, Jai McDowall or U2?
2026-08-23 13:26:38 | INFO | [13/500] example_id=5a7557d75542992d0ec05f68
2026-08-23 13:26:38 | INFO | Question: Which "Roseanne" star is in Scream 2?
2026-08-23 13:26:38 | INFO | [14/500] example_id=5a8d12ca5542994ba4e3dbe2
2026-08-23 13:26:38 | INFO | Question: In what city is the company that Fastjet Tanzania was originally founded as a part of prior to rebranding based?
2026-08-23 13:26:38 | INFO | [15/500] example_id=5ab7f6d35542993667794070
2026-08-23 13:26:38 | INFO | Question: What is the name of the Australian specialist electronic music magazine that features avant-rock, experimental sound art, and experimental hip hop?
2026-08-23 13:26:38 | INFO | [16/500] example_id=5ac3d9135542995c82c4ac4c
2026-08-23 13:26:38 | INFO | Question: What is the population of the city that Munsonville is in the northwest corner of?
2026-08-23 13:28:38 | INFO | Prediction: yes
2026-08-23 13:28:38 | INFO | Gold: Gatwick Airport
2026-08-23 13:28:38 | INFO | Agent metadata: {'selected_path': 'react', 'fallback_used': False, 'react_termination_reason': 'completed'}
2026-08-23 13:28:38 | INFO | Answer | EM: 0.0000 | F1: 0.0000
2026-08-23 13:28:38 | INFO | Result | Correct: False | Running EM: 33.33% | Termination: react_completed | Steps: 6 | Tool calls: 4 | Latency: 15.082s
2026-08-23 13:28:38 | INFO | Prediction: Sir Walter Scott
2026-08-23 13:28:38 | INFO | Gold: The Changing Scottish Landscape
2026-08-23 13:28:38 | INFO | Agent metadata: {'cot_sc_samples': 21, 'cot_sc_valid_answers': 21, 'cot_sc_winning_count': 3, 'cot_sc_confidence': 0.14285714285714285, 'cot_sc_winning_answer': 'Sir Walter Scott', 'cot_sc_vote_counts': {'sir walter scott': 3, 'charles thomas newton': 1, 'john betjeman': 1, 'edward hutton british landscape architect and historian is often cited for describing dunstaffnage castle as one of most isolated fortifications in britain': 1, 'john tradition and local lore': 1, 'dunstaffnage castle though characterized as one of most isolated fortifications in britain specific person who described it this way is not mentioned in question': 1, '9th duke of sutherland': 1, 'various historical accounts and sources': 1, 'w s richardson': 1, 'historians and sources discussing castles history': 1, 'historians and experts in scottish history characterize dunstaffnage castle as one of most isolated fortifications in britain': 1, 'historical records and descriptions': 1, 'historians characterize dunstaffnage castle as one of most isolated fortifications in britain': 1, 'dunnottar castle': 1, 'john marius wilson': 1, 'historians': 1, 'john l s ackerman': 1, 'dunstaffnage castle is one of most isolated fortifications in britain but specific person characterizing it this way is not mentioned in given information': 1, 'isabella kelly was born at dunadd ruined castle characterized as one of most isolated fortifications in britain by historians': 1}, 'selected_path': 'cot_sc', 'fallback_used': True, 'cot_sc_paper_threshold': 10.5, 'cot_sc_threshold_met': False, 'react_termination_reason': 'max_steps_exceeded'}
2026-08-23 13:28:38 | INFO | Answer | EM: 0.0000 | F1: 0.0000
2026-08-23 13:28:38 | INFO | Result | Correct: False | Running EM: 30.00% | Termination: fallback_cot_sc | Steps: 28 | Tool calls: 7 | Latency: 15.082s
2026-08-23 13:28:38 | INFO | Prediction: Home of the Submarine Force
2026-08-23 13:28:38 | INFO | Gold: "Home of the Submarine Force"
2026-08-23 13:28:38 | INFO | Agent metadata: {'selected_path': 'react', 'fallback_used': False, 'react_termination_reason': 'completed'}
2026-08-23 13:28:38 | INFO | Answer | EM: 1.0000 | F1: 1.0000
2026-08-23 13:28:38 | INFO | Result | Correct: True | Running EM: 36.36% | Termination: react_completed | Steps: 5 | Tool calls: 4 | Latency: 15.082s
2026-08-23 13:28:38 | INFO | Prediction: U2
2026-08-23 13:28:38 | INFO | Gold: U2
2026-08-23 13:28:38 | INFO | Agent metadata: {'selected_path': 'react', 'fallback_used': False, 'react_termination_reason': 'completed'}
2026-08-23 13:28:38 | INFO | Answer | EM: 1.0000 | F1: 1.0000
2026-08-23 13:28:38 | INFO | Result | Correct: True | Running EM: 41.67% | Termination: react_completed | Steps: 5 | Tool calls: 4 | Latency: 15.082s
2026-08-23 13:28:38 | INFO | Prediction: Roseanne Barr
2026-08-23 13:28:38 | INFO | Gold: Laurie Metcalf
2026-08-23 13:28:38 | INFO | Agent metadata: {'cot_sc_samples': 21, 'cot_sc_valid_answers': 21, 'cot_sc_winning_count': 7, 'cot_sc_confidence': 0.3333333333333333, 'cot_sc_winning_answer': 'Roseanne Barr', 'cot_sc_vote_counts': {'roseanne barr': 7, 'sara gilbert': 2, 'julia louisdreyfus': 2, 'sarah chalke': 2, 'nancy everhard': 1, 'sara chalke': 1, 'juliette lewis': 1, 'julia louisdreyfis': 1, 'linda hamilton': 1, 'rosie odonnell': 1, 'nancy mckeon': 1, 'john goodman': 1}, 'selected_path': 'cot_sc', 'fallback_used': True, 'cot_sc_paper_threshold': 10.5, 'cot_sc_threshold_met': False, 'react_termination_reason': 'max_steps_exceeded'}
2026-08-23 13:28:38 | INFO | Answer | EM: 0.0000 | F1: 0.0000
2026-08-23 13:28:38 | INFO | Result | Correct: False | Running EM: 38.46% | Termination: fallback_cot_sc | Steps: 28 | Tool calls: 6 | Latency: 15.082s
2026-08-23 13:28:38 | INFO | Prediction: Nairobi, Kenya
2026-08-23 13:28:38 | INFO | Gold: Nairobi, Kenya
2026-08-23 13:28:38 | INFO | Agent metadata: {'selected_path': 'react', 'fallback_used': False, 'react_termination_reason': 'completed'}
2026-08-23 13:28:38 | INFO | Answer | EM: 1.0000 | F1: 1.0000
2026-08-23 13:28:38 | INFO | Result | Correct: True | Running EM: 42.86% | Termination: react_completed | Steps: 4 | Tool calls: 3 | Latency: 15.082s
2026-08-23 13:28:38 | INFO | Prediction: Juke
2026-08-23 13:28:38 | INFO | Gold: Cyclic Defrost
2026-08-23 13:28:38 | INFO | Agent metadata: {'cot_sc_samples': 21, 'cot_sc_valid_answers': 21, 'cot_sc_winning_count': 4, 'cot_sc_confidence': 0.19047619047619047, 'cot_sc_winning_answer': 'Juke', 'cot_sc_vote_counts': {'juke': 4, 'junk shop quarterly': 2, 'junkhop': 2, 'junk': 2, 'juno reactor': 2, 'amnesia journal': 1, 'junkhouse': 1, 'junkyard': 1, 'madness': 1, 'omniphonia': 1, 'open sky': 1, 'junk communications': 1, 'junkbot': 1, 'fibre': 1}, 'selected_path': 'cot_sc', 'fallback_used': True, 'cot_sc_paper_threshold': 10.5, 'cot_sc_threshold_met': False, 'react_termination_reason': 'max_steps_exceeded'}
2026-08-23 13:28:38 | INFO | Answer | EM: 0.0000 | F1: 0.0000
2026-08-23 13:28:38 | INFO | Result | Correct: False | Running EM: 40.00% | Termination: fallback_cot_sc | Steps: 28 | Tool calls: 7 | Latency: 15.082s
2026-08-23 13:28:38 | INFO | Prediction: 629
2026-08-23 13:28:38 | INFO | Gold: 729 at the 2010 census
2026-08-23 13:28:38 | INFO | Agent metadata: {'selected_path': 'react', 'fallback_used': False, 'react_termination_reason': 'completed'}
2026-08-23 13:28:38 | INFO | Answer | EM: 0.0000 | F1: 0.0000
2026-08-23 13:28:38 | INFO | Result | Correct: False | Running EM: 37.50% | Termination: react_completed | Steps: 3 | Tool calls: 2 | Latency: 15.082s
2026-08-23 13:28:38 | INFO | Inference batch [17-24/500] size=8
2026-08-23 13:28:38 | INFO | [17/500] example_id=5ae129115542990adbacf722
2026-08-23 13:28:38 | INFO | Question: A Pair of Brown Eyes and Wild Mountain Thyme is based from what artists song?
2026-08-23 13:28:38 | INFO | [18/500] example_id=5a86769c5542994775f60776
2026-08-23 13:28:38 | INFO | Question: Armageddon in Retrospect was written by the author who was best known for what 1969 satire novel?
2026-08-23 13:28:38 | INFO | [19/500] example_id=5ab31864554299233954ff06
2026-08-23 13:28:38 | INFO | Question: What class of instrument does Apatim Majumdar play?
2026-08-23 13:28:38 | INFO | [20/500] example_id=5a7b1023554299042af8f6c2
2026-08-23 13:28:38 | INFO | Question: Which movie did Disney produce first,  The Many Adventures of Winnie the Pooh or Ride a Wild Pony?
2026-08-23 13:28:38 | INFO | [21/500] example_id=5ac19f405542991316484b5b
2026-08-23 13:28:38 | INFO | Question: Pandikona and Berger Blanc Suisse are both what kinds of animals?
2026-08-23 13:28:38 | INFO | [22/500] example_id=5ae382ee5542992e3233c430
2026-08-23 13:28:38 | INFO | Question: The Prussian General Carl von Clausewitz is associated with what type of realism?
2026-08-23 13:28:38 | INFO | [23/500] example_id=5adcdf455542994ed6169c11
2026-08-23 13:28:38 | INFO | Question: What where both Hawker Hurricane and No. 1455 Flight apart of?
2026-08-23 13:28:38 | INFO | [24/500] example_id=5ac35a7e554299741d48a257
2026-08-23 13:28:38 | INFO | Question: what language did the ethnic group which Torstein Ellingsen was its drumer  speaks
2026-08-23 13:30:29 | INFO | Prediction: no
2026-08-23 13:30:29 | INFO | Gold: Francis McPeake
2026-08-23 13:30:29 | INFO | Agent metadata: {'selected_path': 'react', 'fallback_used': False, 'react_termination_reason': 'completed'}
2026-08-23 13:30:29 | INFO | Answer | EM: 0.0000 | F1: 0.0000
2026-08-23 13:30:29 | INFO | Result | Correct: False | Running EM: 35.29% | Termination: react_completed | Steps: 3 | Tool calls: 2 | Latency: 13.913s
2026-08-23 13:30:29 | INFO | Prediction: The Colour of Magic
2026-08-23 13:30:29 | INFO | Gold: Slaughterhouse-Five
2026-08-23 13:30:29 | INFO | Agent metadata: {'cot_sc_samples': 21, 'cot_sc_valid_answers': 21, 'cot_sc_winning_count': 3, 'cot_sc_confidence': 0.14285714285714285, 'cot_sc_winning_answer': 'The Colour of Magic', 'cot_sc_vote_counts': {'colour of magic': 3, 'carpet people': 3, 'myra breckinridge': 2, 'terry pratchett best known for discworld series': 2, 'slaughter of innocents': 1, 'terry pratchett best known for strata 1981': 1, 'left hand of darkness': 1, 'reaper man': 1, 'red alert': 1, 'slaughterhousefive': 1, 'terry pratchett best known for discworld series beginning with colour of magic': 1, 'h g wells': 1, 'color of magic': 1, 'setting free bears': 1, 'terry pratchett known for his discworld series beginning with colour of magic in 1983': 1}, 'selected_path': 'cot_sc', 'fallback_used': True, 'cot_sc_paper_threshold': 10.5, 'cot_sc_threshold_met': False, 'react_termination_reason': 'max_steps_exceeded'}
2026-08-23 13:30:29 | INFO | Answer | EM: 0.0000 | F1: 0.0000
2026-08-23 13:30:29 | INFO | Result | Correct: False | Running EM: 33.33% | Termination: fallback_cot_sc | Steps: 28 | Tool calls: 7 | Latency: 13.913s
2026-08-23 13:30:29 | INFO | Prediction: percussion instrument
2026-08-23 13:30:29 | INFO | Gold: strings
2026-08-23 13:30:29 | INFO | Agent metadata: {'cot_sc_samples': 21, 'cot_sc_valid_answers': 21, 'cot_sc_winning_count': 2, 'cot_sc_confidence': 0.09523809523809523, 'cot_sc_winning_answer': 'percussion instrument', 'cot_sc_vote_counts': {'percussion instrument': 2, 'unable to determine': 2, 'percussion': 2, 'mridangam': 1, 'stringed instruments': 1, 'question contains incorrect information apatim majumdar is singer not instrumentalist': 1, 'drum': 1, 'singing and composing': 1, 'singers or vocalists': 1, 'dotara or ektara': 1, 'insufficient information': 1, 'not determinable with current information': 1, 'uncertain': 1, 'voice': 1, '无法确定': 1, 'lute': 1, 'unknown': 1, 'no specific class of instrument': 1}, 'selected_path': 'cot_sc', 'fallback_used': True, 'cot_sc_paper_threshold': 10.5, 'cot_sc_threshold_met': False, 'react_termination_reason': 'max_steps_exceeded'}
2026-08-23 13:30:29 | INFO | Answer | EM: 0.0000 | F1: 0.0000
2026-08-23 13:30:29 | INFO | Result | Correct: False | Running EM: 31.58% | Termination: fallback_cot_sc | Steps: 28 | Tool calls: 7 | Latency: 13.913s
2026-08-23 13:30:29 | INFO | Prediction: Ride a Wild Pony
2026-08-23 13:30:29 | INFO | Gold: Ride a Wild Pony
2026-08-23 13:30:29 | INFO | Agent metadata: {'selected_path': 'react', 'fallback_used': False, 'react_termination_reason': 'completed'}
2026-08-23 13:30:29 | INFO | Answer | EM: 1.0000 | F1: 1.0000
2026-08-23 13:30:29 | INFO | Result | Correct: True | Running EM: 35.00% | Termination: react_completed | Steps: 3 | Tool calls: 2 | Latency: 13.913s
2026-08-23 13:30:29 | INFO | Prediction: cattle and sheep
2026-08-23 13:30:29 | INFO | Gold: dogs
2026-08-23 13:30:29 | INFO | Agent metadata: {'cot_sc_samples': 21, 'cot_sc_valid_answers': 21, 'cot_sc_winning_count': 7, 'cot_sc_confidence': 0.3333333333333333, 'cot_sc_winning_answer': 'cattle and sheep', 'cot_sc_vote_counts': {'cattle and sheep': 7, 'dogs': 5, 'domesticated water buffalo and cattle': 1, 'domestic chicken and white goat': 1, 'domestic water buffalo and white swiss sheep': 1, 'domesticated cattle and white sheep': 1, 'ducks and goats': 1, 'horses and goats': 1, 'domestic buffalo and white swiss sheep': 1, 'domestic cattle and white sheep': 1, 'domesticated ox and dog': 1}, 'selected_path': 'cot_sc', 'fallback_used': True, 'cot_sc_paper_threshold': 10.5, 'cot_sc_threshold_met': False, 'react_termination_reason': 'max_steps_exceeded'}
2026-08-23 13:30:29 | INFO | Answer | EM: 0.0000 | F1: 0.0000
2026-08-23 13:30:29 | INFO | Result | Correct: False | Running EM: 33.33% | Termination: fallback_cot_sc | Steps: 28 | Tool calls: 6 | Latency: 13.913s
2026-08-23 13:30:29 | INFO | Prediction: political realism
2026-08-23 13:30:29 | INFO | Gold: Modern thinkers associated with classical realism are Carl von Clausewitz
2026-08-23 13:30:29 | INFO | Agent metadata: {'cot_sc_samples': 21, 'cot_sc_valid_answers': 21, 'cot_sc_winning_count': 21, 'cot_sc_confidence': 1.0, 'cot_sc_winning_answer': 'political realism', 'cot_sc_vote_counts': {'political realism': 21}, 'selected_path': 'cot_sc', 'fallback_used': True, 'cot_sc_paper_threshold': 10.5, 'cot_sc_threshold_met': True, 'react_termination_reason': 'parsing_error'}
2026-08-23 13:30:29 | INFO | Answer | EM: 0.0000 | F1: 0.1667
2026-08-23 13:30:29 | INFO | Result | Correct: False | Running EM: 31.82% | Termination: fallback_cot_sc | Steps: 28 | Tool calls: 6 | Latency: 13.913s
2026-08-23 13:30:29 | INFO | Prediction: Royal Air Force (RAF)
2026-08-23 13:30:29 | INFO | Gold: Royal Air Force
2026-08-23 13:30:29 | INFO | Agent metadata: {'selected_path': 'react', 'fallback_used': False, 'react_termination_reason': 'completed'}
2026-08-23 13:30:29 | INFO | Answer | EM: 0.0000 | F1: 0.8571
2026-08-23 13:30:29 | INFO | Result | Correct: False | Running EM: 30.43% | Termination: react_completed | Steps: 4 | Tool calls: 3 | Latency: 13.913s
2026-08-23 13:30:29 | INFO | Prediction: Norwegian
2026-08-23 13:30:29 | INFO | Gold: Norwegian language
2026-08-23 13:30:29 | INFO | Agent metadata: {'selected_path': 'react', 'fallback_used': False, 'react_termination_reason': 'completed'}
2026-08-23 13:30:29 | INFO | Answer | EM: 0.0000 | F1: 0.6667
2026-08-23 13:30:29 | INFO | Result | Correct: False | Running EM: 29.17% | Termination: react_completed | Steps: 3 | Tool calls: 2 | Latency: 13.913s
2026-08-23 13:30:29 | INFO | Inference batch [25-32/500] size=8
2026-08-23 13:30:29 | INFO | [25/500] example_id=5ab2659e554299340b5254b2
2026-08-23 13:30:29 | INFO | Question: From March 631 to April 631, Farrukhzad Khosrau V was the king of an empire that succeeded which empire?
2026-08-23 13:30:29 | INFO | [26/500] example_id=5adcbb815542994ed6169bde
2026-08-23 13:30:29 | INFO | Question: Beer Wars covers the differences between large corporate breweries, and small breweries, such as what brewery that is headquartered in Escondido, california?
2026-08-23 13:30:29 | INFO | [27/500] example_id=5a74f8bd5542993748c8976a
2026-08-23 13:30:29 | INFO | Question: Which head coach has led their team for a longer period of time, Tim Cluess or Steve Prohm?
2026-08-23 13:30:29 | INFO | [28/500] example_id=5ade25ed5542997c77aded70
2026-08-23 13:30:29 | INFO | Question: During what war were the Russia-United Kingdom relations in a state of rivalry after the abdication of Emperor Nicholas II?
2026-08-23 13:30:29 | INFO | [29/500] example_id=5a78ae8b5542990784727730
2026-08-23 13:30:29 | INFO | Question: How far from Sacramento is the flight school in Atwater?
2026-08-23 13:30:29 | INFO | [30/500] example_id=5ae12a4b55429920d52342df
2026-08-23 13:30:29 | INFO | Question: Baraki Barak District is situated in the western part of a province whose capital is what?
2026-08-23 13:30:29 | INFO | [31/500] example_id=5ae22eae554299495565da30
2026-08-23 13:30:29 | INFO | Question: What was the 2010 population of the town where Black Crescent Mountain was located?
2026-08-23 13:30:29 | INFO | [32/500] example_id=5ab6aa4c55429953192ad359
2026-08-23 13:30:29 | INFO | Question: In the NASA mission where Moon trees were taken into space, what was the nickname of the Command Module?
2026-08-23 13:33:08 | INFO | Prediction: Achaemenid Empire
2026-08-23 13:33:08 | INFO | Gold: the Parthian Empire
2026-08-23 13:33:08 | INFO | Agent metadata: {'selected_path': 'react', 'fallback_used': False, 'react_termination_reason': 'completed'}
2026-08-23 13:33:08 | INFO | Answer | EM: 0.0000 | F1: 0.5000
2026-08-23 13:33:08 | INFO | Result | Correct: False | Running EM: 28.00% | Termination: react_completed | Steps: 7 | Tool calls: 6 | Latency: 19.848s
2026-08-23 13:33:08 | INFO | Prediction: Stone Brewing
2026-08-23 13:33:08 | INFO | Gold: Stone Brewing
2026-08-23 13:33:08 | INFO | Agent metadata: {'cot_sc_samples': 21, 'cot_sc_valid_answers': 21, 'cot_sc_winning_count': 21, 'cot_sc_confidence': 1.0, 'cot_sc_winning_answer': 'Stone Brewing', 'cot_sc_vote_counts': {'stone brewing': 21}, 'selected_path': 'cot_sc', 'fallback_used': True, 'cot_sc_paper_threshold': 10.5, 'cot_sc_threshold_met': True, 'react_termination_reason': 'max_steps_exceeded'}
2026-08-23 13:33:08 | INFO | Answer | EM: 1.0000 | F1: 1.0000
2026-08-23 13:33:08 | INFO | Result | Correct: True | Running EM: 30.77% | Termination: fallback_cot_sc | Steps: 28 | Tool calls: 6 | Latency: 19.848s
2026-08-23 13:33:08 | INFO | Prediction: Tim Cluess
2026-08-23 13:33:08 | INFO | Gold: Tim Cluess
2026-08-23 13:33:08 | INFO | Agent metadata: {'cot_sc_samples': 21, 'cot_sc_valid_answers': 21, 'cot_sc_winning_count': 15, 'cot_sc_confidence': 0.7142857142857143, 'cot_sc_winning_answer': 'Tim Cluess', 'cot_sc_vote_counts': {'tim cluess': 15, 'steve prohm': 6}, 'selected_path': 'cot_sc', 'fallback_used': True, 'cot_sc_paper_threshold': 10.5, 'cot_sc_threshold_met': True, 'react_termination_reason': 'max_steps_exceeded'}
2026-08-23 13:33:08 | INFO | Answer | EM: 1.0000 | F1: 1.0000
2026-08-23 13:33:08 | INFO | Result | Correct: True | Running EM: 33.33% | Termination: fallback_cot_sc | Steps: 28 | Tool calls: 7 | Latency: 19.848s
2026-08-23 13:33:08 | INFO | Prediction: World War I
2026-08-23 13:33:08 | INFO | Gold: the Cold War (1947–91)
2026-08-23 13:33:08 | INFO | Agent metadata: {'cot_sc_samples': 21, 'cot_sc_valid_answers': 21, 'cot_sc_winning_count': 21, 'cot_sc_confidence': 1.0, 'cot_sc_winning_answer': 'World War I', 'cot_sc_vote_counts': {'world war i': 21}, 'selected_path': 'cot_sc', 'fallback_used': True, 'cot_sc_paper_threshold': 10.5, 'cot_sc_threshold_met': True, 'react_termination_reason': 'max_steps_exceeded'}
2026-08-23 13:33:08 | INFO | Answer | EM: 0.0000 | F1: 0.3333
2026-08-23 13:33:08 | INFO | Result | Correct: False | Running EM: 32.14% | Termination: fallback_cot_sc | Steps: 28 | Tool calls: 7 | Latency: 19.848s
2026-08-23 13:33:08 | INFO | Prediction: Cannot determine without knowing the specific flight school in Atwater.
2026-08-23 13:33:08 | INFO | Gold: about 115 miles (185 km)
2026-08-23 13:33:08 | INFO | Agent metadata: {'cot_sc_samples': 21, 'cot_sc_valid_answers': 21, 'cot_sc_winning_count': 1, 'cot_sc_confidence': 0.047619047619047616, 'cot_sc_winning_answer': 'Cannot determine without knowing the specific flight school in Atwater.', 'cot_sc_vote_counts': {'cannot determine without knowing specific flight school in atwater': 1, '25 miles approximate distance from sacramento to atwater': 1, 'distance cannot be determined without knowing specific flight school in atwater': 1, 'cannot determine without specific flight school information': 1, 'exact distance from sacramento to flight school in atwater is not specified': 1, 'distance cannot be determined without knowing specific location of flight school in atwater': 1, '1520 miles': 1, 'distance from sacramento to flight school in atwater cannot be determined without additional details': 1, 'not enough information provided': 1, '2030 miles estimated driving distance': 1, 'negligible distance flight school is likely within atwater': 1, 'exact distance cannot be determined without knowing specific flight school in atwater': 1, '10 miles this is example value actual distance may vary': 1, 'approximately 35 miles': 1, '35 miles': 1, 'cannot determine exact distance without knowing specific flight school in atwater': 1, 'between 25 and 40 miles': 1, 'distance cannot be determined without knowing specific flight school in atwater and its exact location': 1, 'distance cannot be determined without specifying flight school in atwater': 1, 'distance from sacramento to flight school in atwater is not specified in my knowledge base': 1, 'not enough information to provide exact distance but flight school in atwater is likely within 35 miles of sacramento': 1}, 'selected_path': 'cot_sc', 'fallback_used': True, 'cot_sc_paper_threshold': 10.5, 'cot_sc_threshold_met': False, 'react_termination_reason': 'max_steps_exceeded'}
2026-08-23 13:33:08 | INFO | Answer | EM: 0.0000 | F1: 0.0000
2026-08-23 13:33:08 | INFO | Result | Correct: False | Running EM: 31.03% | Termination: fallback_cot_sc | Steps: 28 | Tool calls: 7 | Latency: 19.848s
2026-08-23 13:33:08 | INFO | Prediction: Puli Alam
2026-08-23 13:33:08 | INFO | Gold: Puli Alam
2026-08-23 13:33:08 | INFO | Agent metadata: {'selected_path': 'react', 'fallback_used': False, 'react_termination_reason': 'completed'}
2026-08-23 13:33:08 | INFO | Answer | EM: 1.0000 | F1: 1.0000
2026-08-23 13:33:08 | INFO | Result | Correct: True | Running EM: 33.33% | Termination: react_completed | Steps: 3 | Tool calls: 2 | Latency: 19.848s
2026-08-23 13:33:08 | INFO | Prediction: 35,468
2026-08-23 13:33:08 | INFO | Gold: 310
2026-08-23 13:33:08 | INFO | Agent metadata: {'cot_sc_samples': 21, 'cot_sc_valid_answers': 21, 'cot_sc_winning_count': 2, 'cot_sc_confidence': 0.09523809523809523, 'cot_sc_winning_answer': '35,468', 'cot_sc_vote_counts': {'35468': 2, 'not enough information provided': 2, 'not enough information provided to determine 2010 population of town where black crescent mountain was located': 1, 'insufficient information to provide specific answer': 1, 'specific town and its 2010 population near black crescent mountain are not clearly documented in public records': 1, '1356': 1, '64537': 1, '2245': 1, 'insufficient information': 1, 'not enough information': 1, 'long lake had population of 1753 and saranac lake had population of 2678 in 2010': 1, '2836': 1, 'information required to determine 2010 population of town where black crescent mountain was located is not available with given context': 1, '1375': 1, '2568': 1, '639': 1, '3225': 1, '1534': 1, 'cannot determine based on given information': 1}, 'selected_path': 'cot_sc', 'fallback_used': True, 'cot_sc_paper_threshold': 10.5, 'cot_sc_threshold_met': False, 'react_termination_reason': 'max_steps_exceeded'}
2026-08-23 13:33:08 | INFO | Answer | EM: 0.0000 | F1: 0.0000
2026-08-23 13:33:08 | INFO | Result | Correct: False | Running EM: 32.26% | Termination: fallback_cot_sc | Steps: 28 | Tool calls: 6 | Latency: 19.848s
2026-08-23 13:33:08 | INFO | Prediction: Kitty Hawk
2026-08-23 13:33:08 | INFO | Gold: "Kitty Hawk"
2026-08-23 13:33:08 | INFO | Agent metadata: {'cot_sc_samples': 21, 'cot_sc_valid_answers': 21, 'cot_sc_winning_count': 16, 'cot_sc_confidence': 0.7619047619047619, 'cot_sc_winning_answer': 'Kitty Hawk', 'cot_sc_vote_counts': {'kitty hawk': 16, 'kittykat': 1, 'kitty忸 tail': 1, 'kitty hull': 1, 'kitty cockade': 1, 'kitty ko': 1}, 'selected_path': 'cot_sc', 'fallback_used': True, 'cot_sc_paper_threshold': 10.5, 'cot_sc_threshold_met': True, 'react_termination_reason': 'action_loop'}
2026-08-23 13:33:08 | INFO | Answer | EM: 1.0000 | F1: 1.0000
2026-08-23 13:33:08 | INFO | Result | Correct: True | Running EM: 34.38% | Termination: fallback_cot_sc | Steps: 28 | Tool calls: 5 | Latency: 19.848s
2026-08-23 13:33:08 | INFO | Inference batch [33-40/500] size=8
2026-08-23 13:33:08 | INFO | [33/500] example_id=5adf3e835542993a75d26442
2026-08-23 13:33:08 | INFO | Question: Which comic series involves characters such as Nick Fury and Baron von Strucker?
2026-08-23 13:33:08 | INFO | [34/500] example_id=5a8ee3a755429917b4a5be02
2026-08-23 13:33:08 | INFO | Question: College Humor is a 1933 American pre-Code musical comedy film that starred what American singer and actor who has a trademark warm bass-baritone voice?
2026-08-23 13:33:08 | INFO | [35/500] example_id=5ac0dcf25542996f0d89cc2c
2026-08-23 13:33:08 | INFO | Question: Who is writing a book about the Koch family who control the second-largest privately owned company in the United States?
2026-08-23 13:33:08 | INFO | [36/500] example_id=5a7e618155429949594199b0
2026-08-23 13:33:08 | INFO | Question: New York State Route 9R rejoins its parent in a hamlet located  in what New York County?
2026-08-23 13:33:08 | INFO | [37/500] example_id=5ab916e155429919ba4e23a4
2026-08-23 13:33:08 | INFO | Question: 12 Years a Slave starred what British actor born 10 July 1977)
2026-08-23 13:33:08 | INFO | [38/500] example_id=5a713b325542994082a3e6b5
2026-08-23 13:33:08 | INFO | Question: What was the capital of India when the Taj Mahal was commissioned?
2026-08-23 13:33:08 | INFO | [39/500] example_id=5a87c13f5542996e4f30890c
2026-08-23 13:33:08 | INFO | Question: In what city did the "Prince of tenors" star in a film based on an opera by Giacomo Puccini?
2026-08-23 13:33:08 | INFO | [40/500] example_id=5a8843cd5542994846c1ce75
2026-08-23 13:33:08 | INFO | Question: What river can a  large African bovine be seen bathing in in the Mwabvi Wildlife Reserve?
2026-08-23 13:35:26 | INFO | Prediction: Marvel Comics
2026-08-23 13:35:26 | INFO | Gold: Marvel
2026-08-23 13:35:26 | INFO | Agent metadata: {'cot_sc_samples': 21, 'cot_sc_valid_answers': 21, 'cot_sc_winning_count': 5, 'cot_sc_confidence': 0.23809523809523808, 'cot_sc_winning_answer': 'Marvel Comics', 'cot_sc_vote_counts': {'marvel comics': 5, 'captain america': 5, 'shield': 2, 'uncanny xmen shield': 2, 'avengers series and marvel universe comics': 1, 'marvel comics captain america': 1, 'shield agents': 1, 'captain america and uncanny avengers': 1, 'uncanny xmen captain america': 1, 'allnew invincible iron man': 1, 'marvel comics universe particularly avengers series': 1}, 'selected_path': 'cot_sc', 'fallback_used': True, 'cot_sc_paper_threshold': 10.5, 'cot_sc_threshold_met': False, 'react_termination_reason': 'max_steps_exceeded'}
2026-08-23 13:35:26 | INFO | Answer | EM: 0.0000 | F1: 0.6667
2026-08-23 13:35:26 | INFO | Result | Correct: False | Running EM: 33.33% | Termination: fallback_cot_sc | Steps: 28 | Tool calls: 7 | Latency: 17.266s
2026-08-23 13:35:26 | INFO | Prediction: Bing Crosby
2026-08-23 13:35:26 | INFO | Gold: Harry Lillis "Bing" Crosby Jr.
2026-08-23 13:35:26 | INFO | Agent metadata: {'cot_sc_samples': 21, 'cot_sc_valid_answers': 21, 'cot_sc_winning_count': 12, 'cot_sc_confidence': 0.5714285714285714, 'cot_sc_winning_answer': 'Bing Crosby', 'cot_sc_vote_counts': {'bing crosby': 12, 'al jolson': 5, 'jack oakie': 2, 'rudy vallee': 2}, 'selected_path': 'cot_sc', 'fallback_used': True, 'cot_sc_paper_threshold': 10.5, 'cot_sc_threshold_met': True, 'react_termination_reason': 'max_steps_exceeded'}
2026-08-23 13:35:26 | INFO | Answer | EM: 0.0000 | F1: 0.5714
2026-08-23 13:35:26 | INFO | Result | Correct: False | Running EM: 32.35% | Termination: fallback_cot_sc | Steps: 28 | Tool calls: 6 | Latency: 17.266s
2026-08-23 13:35:26 | INFO | Prediction: Jane Mayer
2026-08-23 13:35:26 | INFO | Gold: Jane Mayer
2026-08-23 13:35:26 | INFO | Agent metadata: {'selected_path': 'react', 'fallback_used': False, 'react_termination_reason': 'completed'}
2026-08-23 13:35:26 | INFO | Answer | EM: 1.0000 | F1: 1.0000
2026-08-23 13:35:26 | INFO | Result | Correct: True | Running EM: 34.29% | Termination: react_completed | Steps: 3 | Tool calls: 2 | Latency: 17.266s
2026-08-23 13:35:26 | INFO | Prediction: Ulster County
2026-08-23 13:35:26 | INFO | Gold: Albany
2026-08-23 13:35:26 | INFO | Agent metadata: {'cot_sc_samples': 21, 'cot_sc_valid_answers': 21, 'cot_sc_winning_count': 5, 'cot_sc_confidence': 0.23809523809523808, 'cot_sc_winning_answer': 'Ulster County', 'cot_sc_vote_counts': {'ulster county': 5, 'dutchess county': 3, 'rockland county': 3, 'none of new york counties': 2, 'orange county': 1, 'suffolk county': 1, 'greene county': 1, 'there seems to be misunderstanding as there is no new york county where new york state route 9r rejoins its parent': 1, 'ulster': 1, 'there is no new york county hamlet where new york state route 9r rejoins its parent route': 1, 'ulster county not new york county': 1, 'none as orange county is different from new york county': 1}, 'selected_path': 'cot_sc', 'fallback_used': True, 'cot_sc_paper_threshold': 10.5, 'cot_sc_threshold_met': False, 'react_termination_reason': 'action_loop'}
2026-08-23 13:35:26 | INFO | Answer | EM: 0.0000 | F1: 0.0000
2026-08-23 13:35:26 | INFO | Result | Correct: False | Running EM: 33.33% | Termination: fallback_cot_sc | Steps: 27 | Tool calls: 4 | Latency: 17.266s
2026-08-23 13:35:26 | INFO | Prediction: Chiwetel Ejiofor
2026-08-23 13:35:26 | INFO | Gold: Chiwetel Ejiofor
2026-08-23 13:35:26 | INFO | Agent metadata: {'cot_sc_samples': 21, 'cot_sc_valid_answers': 21, 'cot_sc_winning_count': 21, 'cot_sc_confidence': 1.0, 'cot_sc_winning_answer': 'Chiwetel Ejiofor', 'cot_sc_vote_counts': {'chiwetel ejiofor': 21}, 'selected_path': 'cot_sc', 'fallback_used': True, 'cot_sc_paper_threshold': 10.5, 'cot_sc_threshold_met': True, 'react_termination_reason': 'action_loop'}
2026-08-23 13:35:26 | INFO | Answer | EM: 1.0000 | F1: 1.0000
2026-08-23 13:35:26 | INFO | Result | Correct: True | Running EM: 35.14% | Termination: fallback_cot_sc | Steps: 27 | Tool calls: 4 | Latency: 17.266s
2026-08-23 13:35:26 | INFO | Prediction: Agra
2026-08-23 13:35:26 | INFO | Gold: Agra
2026-08-23 13:35:26 | INFO | Agent metadata: {'cot_sc_samples': 21, 'cot_sc_valid_answers': 21, 'cot_sc_winning_count': 17, 'cot_sc_confidence': 0.8095238095238095, 'cot_sc_winning_answer': 'Agra', 'cot_sc_vote_counts': {'agra': 17, 'delhi': 4}, 'selected_path': 'cot_sc', 'fallback_used': True, 'cot_sc_paper_threshold': 10.5, 'cot_sc_threshold_met': True, 'react_termination_reason': 'action_loop'}
2026-08-23 13:35:26 | INFO | Answer | EM: 1.0000 | F1: 1.0000
2026-08-23 13:35:26 | INFO | Result | Correct: True | Running EM: 36.84% | Termination: fallback_cot_sc | Steps: 26 | Tool calls: 3 | Latency: 17.266s
2026-08-23 13:35:26 | INFO | Prediction: Rome, Italy
2026-08-23 13:35:26 | INFO | Gold: Rome
2026-08-23 13:35:26 | INFO | Agent metadata: {'cot_sc_samples': 21, 'cot_sc_valid_answers': 21, 'cot_sc_winning_count': 11, 'cot_sc_confidence': 0.5238095238095238, 'cot_sc_winning_answer': 'Rome, Italy', 'cot_sc_vote_counts': {'rome italy': 11, 'new york city': 3, 'hollywood california': 2, 'rome': 2, 'turin': 1, 'rome and milan italy': 1, 'rome and turin': 1}, 'selected_path': 'cot_sc', 'fallback_used': True, 'cot_sc_paper_threshold': 10.5, 'cot_sc_threshold_met': True, 'react_termination_reason': 'max_steps_exceeded'}
2026-08-23 13:35:26 | INFO | Answer | EM: 0.0000 | F1: 0.6667
2026-08-23 13:35:26 | INFO | Result | Correct: False | Running EM: 35.90% | Termination: fallback_cot_sc | Steps: 28 | Tool calls: 7 | Latency: 17.266s
2026-08-23 13:35:26 | INFO | Prediction: Luangwa River
2026-08-23 13:35:26 | INFO | Gold: Buffalo
2026-08-23 13:35:26 | INFO | Agent metadata: {'cot_sc_samples': 21, 'cot_sc_valid_answers': 21, 'cot_sc_winning_count': 13, 'cot_sc_confidence': 0.6190476190476191, 'cot_sc_winning_answer': 'Luangwa River', 'cot_sc_vote_counts': {'luangwa river': 13, 'kafue river': 2, 'luapula river': 2, 'luena or lunga river': 1, 'zambezi river': 1, 'river in mwabvi wildlife reserve': 1, 'luanguinga river': 1}, 'selected_path': 'cot_sc', 'fallback_used': True, 'cot_sc_paper_threshold': 10.5, 'cot_sc_threshold_met': True, 'react_termination_reason': 'max_steps_exceeded'}
2026-08-23 13:35:26 | INFO | Answer | EM: 0.0000 | F1: 0.0000
2026-08-23 13:35:26 | INFO | Result | Correct: False | Running EM: 35.00% | Termination: fallback_cot_sc | Steps: 28 | Tool calls: 7 | Latency: 17.266s
2026-08-23 13:35:26 | INFO | Inference batch [41-48/500] size=8
2026-08-23 13:35:26 | INFO | [41/500] example_id=5ab90d8955429916710eb0f1
2026-08-23 13:35:26 | INFO | Question: Jalen Jones plays basketball for an NBA team that plays their home games in what arena?
2026-08-23 13:35:26 | INFO | [42/500] example_id=5ae788fa55429952e35ea964
2026-08-23 13:35:26 | INFO | Question: The On Tour Forever album gave Blues Traveler the opportunity to display what musical trademark?
2026-08-23 13:35:26 | INFO | [43/500] example_id=5ae1925a554299492dc91b48
2026-08-23 13:35:26 | INFO | Question: Which Victorian poet was born in a 15th-century castle home to the Earl of Southesk?
2026-08-23 13:35:26 | INFO | [44/500] example_id=5ae1443855429920d5234362
2026-08-23 13:35:26 | INFO | Question: Alexander Petrovich Nikolayev received the title Hero of the Soviet Union and the Order of Lenin for his actions during the   the final major offensive of the European theatre of what war?
2026-08-23 13:35:26 | INFO | [45/500] example_id=5ac54c435542993e66e822d1
2026-08-23 13:35:26 | INFO | Question: Where did Cale Gundy's brother play football in college?
2026-08-23 13:35:26 | INFO | [46/500] example_id=5a7a77425542995eb53be83e
2026-08-23 13:35:26 | INFO | Question: Who has released more solo albums, Nick Carter or Brady Seals?
2026-08-23 13:35:26 | INFO | [47/500] example_id=5a7153d05542994082a3e7dc
2026-08-23 13:35:26 | INFO | Question: Which Istanbul mosque is unique for retaining a Baroque style of architecture, the Bayezid II Mosque or the Nusretiye Mosque?
2026-08-23 13:35:26 | INFO | [48/500] example_id=5ae361805542992e3233c3c9
2026-08-23 13:35:26 | INFO | Question: What university did the last Detroit Pistons player to wear the number retired in honor of a player nicknamed "The Worm" attend?
2026-08-23 13:38:05 | INFO | Prediction: State Farm Arena
2026-08-23 13:38:05 | INFO | Gold: Smoothie King Center
2026-08-23 13:38:05 | INFO | Agent metadata: {'cot_sc_samples': 21, 'cot_sc_valid_answers': 21, 'cot_sc_winning_count': 14, 'cot_sc_confidence': 0.6666666666666666, 'cot_sc_winning_answer': 'State Farm Arena', 'cot_sc_vote_counts': {'state farm arena': 14, 'smoothie king center': 4, 'question cannot be answered as jalen jones does not currently play in nba': 1, 'chase center': 1, 'jalen jones does not play basketball for nba team': 1}, 'selected_path': 'cot_sc', 'fallback_used': True, 'cot_sc_paper_threshold': 10.5, 'cot_sc_threshold_met': True, 'react_termination_reason': 'action_loop'}
2026-08-23 13:38:05 | INFO | Answer | EM: 0.0000 | F1: 0.0000
2026-08-23 13:38:05 | INFO | Result | Correct: False | Running EM: 34.15% | Termination: fallback_cot_sc | Steps: 27 | Tool calls: 4 | Latency: 19.804s
2026-08-23 13:38:05 | INFO | Prediction: "Joy to the World" sample
2026-08-23 13:38:05 | INFO | Gold: extensive use of segues
2026-08-23 13:38:05 | INFO | Agent metadata: {'cot_sc_samples': 21, 'cot_sc_valid_answers': 21, 'cot_sc_winning_count': 1, 'cot_sc_confidence': 0.047619047619047616, 'cot_sc_winning_answer': '"Joy to the World" sample', 'cot_sc_vote_counts': {'joy to world sample': 1, 'their distinctive use of twelvebar blues progression and scott garretsons vocals': 1, 'twelvebar blues progression': 1, 'their use of abacab musical structure and prominent use of b sections memorable guitar riff': 1, 'b52 harp sound': 1, 'use of c major chord progression in run': 1, 'use of al greene sample in runrunrun': 1, 'use of e minor blues scale and phrase down south': 1, 'their signature blend of rock blues and folk influences along with slide guitar and harmonica usage': 1, 'use of hammond b3 organ': 1, 'distinctive use of twelvestring guitar and slide guitar solos': 1, 'their blend of rock blues and jam band styles': 1, 'use of e5 power chord progression': 1, 'blues rock and jam band style': 1, 'phrase time was traveler from runrunshoo': 1, 'use of c major chord progression': 1, 'twelvebar blues progression and modal interchange': 1, 'their use of aba song structure': 1, 'their blend of rock with blues folk and psychedelic music prominently featuring slide guitar': 1, 'travelin plain clothes': 1, 'down by river': 1}, 'selected_path': 'cot_sc', 'fallback_used': True, 'cot_sc_paper_threshold': 10.5, 'cot_sc_threshold_met': False, 'react_termination_reason': 'max_steps_exceeded'}
2026-08-23 13:38:05 | INFO | Answer | EM: 0.0000 | F1: 0.0000
2026-08-23 13:38:05 | INFO | Result | Correct: False | Running EM: 33.33% | Termination: fallback_cot_sc | Steps: 28 | Tool calls: 7 | Latency: 19.804s
2026-08-23 13:38:05 | INFO | Prediction: Robert Louis Stevenson
2026-08-23 13:38:05 | INFO | Gold: Charlotte Carnegie
2026-08-23 13:38:05 | INFO | Agent metadata: {'cot_sc_samples': 21, 'cot_sc_valid_answers': 21, 'cot_sc_winning_count': 5, 'cot_sc_confidence': 0.23809523809523808, 'cot_sc_winning_answer': 'Robert Louis Stevenson', 'cot_sc_vote_counts': {'robert louis stevenson': 5, 'thomas campbell': 3, 'william miller': 3, 'william mcgonagall': 2, 'no': 1, 'william alexander lord napier': 1, 'robert ayton with understanding that exact match may not exist in historical records': 1, 'william alexander matheson': 1, 'thomas taylor': 1, 'william alexander 1st earl of stair': 1, 'sir walter scott': 1, 'robert tannahill': 1}, 'selected_path': 'cot_sc', 'fallback_used': True, 'cot_sc_paper_threshold': 10.5, 'cot_sc_threshold_met': False, 'react_termination_reason': 'max_steps_exceeded'}
2026-08-23 13:38:05 | INFO | Answer | EM: 0.0000 | F1: 0.0000
2026-08-23 13:38:05 | INFO | Result | Correct: False | Running EM: 32.56% | Termination: fallback_cot_sc | Steps: 28 | Tool calls: 7 | Latency: 19.804s
2026-08-23 13:38:05 | INFO | Prediction: World War II
2026-08-23 13:38:05 | INFO | Gold: World War II
2026-08-23 13:38:05 | INFO | Agent metadata: {'selected_path': 'react', 'fallback_used': False, 'react_termination_reason': 'completed'}
2026-08-23 13:38:05 | INFO | Answer | EM: 1.0000 | F1: 1.0000
2026-08-23 13:38:05 | INFO | Result | Correct: True | Running EM: 34.09% | Termination: react_completed | Steps: 3 | Tool calls: 2 | Latency: 19.804s
2026-08-23 13:38:05 | INFO | Prediction: Utah State University
2026-08-23 13:38:05 | INFO | Gold: Oklahoma State University
2026-08-23 13:38:05 | INFO | Agent metadata: {'cot_sc_samples': 21, 'cot_sc_valid_answers': 21, 'cot_sc_winning_count': 2, 'cot_sc_confidence': 0.09523809523809523, 'cot_sc_winning_answer': 'Utah State University', 'cot_sc_vote_counts': {'utah state university': 2, 'oklahoma state university': 2, 'oregon state university': 2, 'university of north carolina at chapel hill': 1, 'mississippi valley state university': 1, 'information provided is insufficient to determine where cale gundys brother played football in college': 1, 'information about where cale gundys brother played football in college is not available': 1, 'information about where cale gundys brother played football in college is not provided': 1, 'university of central florida ucf': 1, 'university of oklahoma': 1, 'information not available': 1, 'louisiana tech university': 1, 'unfortunately i do not have information to determine where cale gundys brother played football in college': 1, 'university of mississippi': 1, 'information requested cannot be determined with given data': 1, 'unlv': 1, 'university of utah': 1, 'information not available in current knowledge base': 1}, 'selected_path': 'cot_sc', 'fallback_used': True, 'cot_sc_paper_threshold': 10.5, 'cot_sc_threshold_met': False, 'react_termination_reason': 'max_steps_exceeded'}
2026-08-23 13:38:05 | INFO | Answer | EM: 0.0000 | F1: 0.6667
2026-08-23 13:38:05 | INFO | Result | Correct: False | Running EM: 33.33% | Termination: fallback_cot_sc | Steps: 28 | Tool calls: 7 | Latency: 19.804s
2026-08-23 13:38:05 | INFO | Prediction: Brady Seals
2026-08-23 13:38:05 | INFO | Gold: Brady Seals
2026-08-23 13:38:05 | INFO | Agent metadata: {'cot_sc_samples': 21, 'cot_sc_valid_answers': 21, 'cot_sc_winning_count': 19, 'cot_sc_confidence': 0.9047619047619048, 'cot_sc_winning_answer': 'Brady Seals', 'cot_sc_vote_counts': {'brady seals': 19, 'nick carter': 2}, 'selected_path': 'cot_sc', 'fallback_used': True, 'cot_sc_paper_threshold': 10.5, 'cot_sc_threshold_met': True, 'react_termination_reason': 'max_steps_exceeded'}
2026-08-23 13:38:05 | INFO | Answer | EM: 1.0000 | F1: 1.0000
2026-08-23 13:38:05 | INFO | Result | Correct: True | Running EM: 34.78% | Termination: fallback_cot_sc | Steps: 28 | Tool calls: 7 | Latency: 19.804s
2026-08-23 13:38:05 | INFO | Prediction: Nusretiye Mosque
2026-08-23 13:38:05 | INFO | Gold: Nusretiye Mosque
2026-08-23 13:38:05 | INFO | Agent metadata: {'cot_sc_samples': 21, 'cot_sc_valid_answers': 21, 'cot_sc_winning_count': 21, 'cot_sc_confidence': 1.0, 'cot_sc_winning_answer': 'Nusretiye Mosque', 'cot_sc_vote_counts': {'nusretiye mosque': 21}, 'selected_path': 'cot_sc', 'fallback_used': True, 'cot_sc_paper_threshold': 10.5, 'cot_sc_threshold_met': True, 'react_termination_reason': 'max_steps_exceeded'}
2026-08-23 13:38:05 | INFO | Answer | EM: 1.0000 | F1: 1.0000
2026-08-23 13:38:05 | INFO | Result | Correct: True | Running EM: 36.17% | Termination: fallback_cot_sc | Steps: 28 | Tool calls: 6 | Latency: 19.804s
2026-08-23 13:38:05 | INFO | Prediction: Southeastern Oklahoma State University
2026-08-23 13:38:05 | INFO | Gold: Georgetown University
2026-08-23 13:38:05 | INFO | Agent metadata: {'selected_path': 'react', 'fallback_used': False, 'react_termination_reason': 'completed'}
2026-08-23 13:38:05 | INFO | Answer | EM: 0.0000 | F1: 0.3333
2026-08-23 13:38:05 | INFO | Result | Correct: False | Running EM: 35.42% | Termination: react_completed | Steps: 4 | Tool calls: 3 | Latency: 19.804s
2026-08-23 13:38:05 | INFO | Inference batch [49-56/500] size=8
2026-08-23 13:38:05 | INFO | [49/500] example_id=5a72688c5542997f827839b2
2026-08-23 13:38:05 | INFO | Question: The Atik Valide Mosque and Valens Aqueduct are found in what country?
2026-08-23 13:38:05 | INFO | [50/500] example_id=5a7ce0ce554299452d57ba92
2026-08-23 13:38:05 | INFO | Question: Which of the four US Presidents who have been assinated was shot on the grounds of the Pan-American Exposition at the Temple of Music in Buffalo, New York?
2026-08-23 13:38:05 | INFO | [51/500] example_id=5a83411655429966c78a6b5d
2026-08-23 13:38:05 | INFO | Question: Who created the NBC sitcom that Johnny Pemberton appears in as the character Bo Thompson?
2026-08-23 13:38:05 | INFO | [52/500] example_id=5a877dd65542993e715abf79
2026-08-23 13:38:05 | INFO | Question: Were Halldór Laxness and Timothy Leary from the same country?
2026-08-23 13:38:05 | INFO | [53/500] example_id=5ab6087a554299110f2199be
2026-08-23 13:38:05 | INFO | Question: Do both Korematsu v. United States and Chaplinsky v. New Hampshire cases regard the rights of U. S. citizens?
2026-08-23 13:38:05 | INFO | [54/500] example_id=5adbd70c55429947ff173843
2026-08-23 13:38:05 | INFO | Question: What is the title of the memoir written by the honoree of the Black and White Ball?
2026-08-23 13:38:05 | INFO | [55/500] example_id=5a7796e05542992a6e59df0f
2026-08-23 13:38:05 | INFO | Question: What country is the theme park served by the Huis Ten Bosch train service themed on?
2026-08-23 13:38:05 | INFO | [56/500] example_id=5abc030e554299642a094bdc
2026-08-23 13:38:05 | INFO | Question: The Distribution of Industry act was passed by a man who was prime minister when?
2026-08-23 13:40:09 | INFO | Prediction: Turkey
2026-08-23 13:40:09 | INFO | Gold: Turkey
2026-08-23 13:40:09 | INFO | Agent metadata: {'selected_path': 'react', 'fallback_used': False, 'react_termination_reason': 'completed'}
2026-08-23 13:40:09 | INFO | Answer | EM: 1.0000 | F1: 1.0000
2026-08-23 13:40:09 | INFO | Result | Correct: True | Running EM: 36.73% | Termination: react_completed | Steps: 3 | Tool calls: 2 | Latency: 15.517s
2026-08-23 13:40:09 | INFO | Prediction: William McKinley
2026-08-23 13:40:09 | INFO | Gold: William McKinley
2026-08-23 13:40:09 | INFO | Agent metadata: {'selected_path': 'react', 'fallback_used': False, 'react_termination_reason': 'completed'}
2026-08-23 13:40:09 | INFO | Answer | EM: 1.0000 | F1: 1.0000
2026-08-23 13:40:09 | INFO | Result | Correct: True | Running EM: 38.00% | Termination: react_completed | Steps: 2 | Tool calls: 1 | Latency: 15.517s
2026-08-23 13:40:09 | INFO | Prediction: Justin Spitzer
2026-08-23 13:40:09 | INFO | Gold: Justin Spitzer
2026-08-23 13:40:09 | INFO | Agent metadata: {'selected_path': 'react', 'fallback_used': False, 'react_termination_reason': 'completed'}
2026-08-23 13:40:09 | INFO | Answer | EM: 1.0000 | F1: 1.0000
2026-08-23 13:40:09 | INFO | Result | Correct: True | Running EM: 39.22% | Termination: react_completed | Steps: 3 | Tool calls: 2 | Latency: 15.517s
2026-08-23 13:40:09 | INFO | Prediction: No
2026-08-23 13:40:09 | INFO | Gold: no
2026-08-23 13:40:09 | INFO | Agent metadata: {'cot_sc_samples': 21, 'cot_sc_valid_answers': 21, 'cot_sc_winning_count': 21, 'cot_sc_confidence': 1.0, 'cot_sc_winning_answer': 'No', 'cot_sc_vote_counts': {'no': 21}, 'selected_path': 'cot_sc', 'fallback_used': True, 'cot_sc_paper_threshold': 10.5, 'cot_sc_threshold_met': True, 'react_termination_reason': 'action_loop'}
2026-08-23 13:40:09 | INFO | Answer | EM: 1.0000 | F1: 1.0000
2026-08-23 13:40:09 | INFO | Result | Correct: True | Running EM: 40.38% | Termination: fallback_cot_sc | Steps: 26 | Tool calls: 3 | Latency: 15.517s
2026-08-23 13:40:09 | INFO | Prediction: Yes
2026-08-23 13:40:09 | INFO | Gold: yes
2026-08-23 13:40:09 | INFO | Agent metadata: {'cot_sc_samples': 21, 'cot_sc_valid_answers': 21, 'cot_sc_winning_count': 15, 'cot_sc_confidence': 0.7142857142857143, 'cot_sc_winning_answer': 'Yes', 'cot_sc_vote_counts': {'yes': 15, 'no': 6}, 'selected_path': 'cot_sc', 'fallback_used': True, 'cot_sc_paper_threshold': 10.5, 'cot_sc_threshold_met': True, 'react_termination_reason': 'max_steps_exceeded'}
2026-08-23 13:40:09 | INFO | Answer | EM: 1.0000 | F1: 1.0000
2026-08-23 13:40:09 | INFO | Result | Correct: True | Running EM: 41.51% | Termination: fallback_cot_sc | Steps: 28 | Tool calls: 7 | Latency: 15.517s
2026-08-23 13:40:09 | INFO | Prediction: I Am Malala
2026-08-23 13:40:09 | INFO | Gold: Personal History
2026-08-23 13:40:09 | INFO | Agent metadata: {'cot_sc_samples': 21, 'cot_sc_valid_answers': 21, 'cot_sc_winning_count': 2, 'cot_sc_confidence': 0.09523809523809523, 'cot_sc_winning_answer': 'I Am Malala', 'cot_sc_vote_counts': {'i am malala': 2, 'flick of switch my life in two halves': 1, 'my story how i survived growing up von furstenberg': 1, 'i know why caged bird sings': 1, 'allure adventures in beauty business': 1, 'commodio varius ante vel augue': 1, 'glenn close singular life': 1, 'duty done diaries 19601997': 1, 'memories and memoirs meryl streeps memoir as example but not officially connected to black and white ball': 1, 'me lively autobiography': 1, 'i will be me life story': 1, 'title of memoir depends on honoree but example is hyperion by isabel allende': 1, 'na': 1, 'star is born memoir': 1, 'born leaders thinking our way into future': 1, 'i could be you penelope cruzs memoir for instance': 1, 'information not available with current details': 1, 'life work memoirs of betty ford': 1, 'i am malala girl who stood up for education and was shot by taliban': 1, 'my story': 1}, 'selected_path': 'cot_sc', 'fallback_used': True, 'cot_sc_paper_threshold': 10.5, 'cot_sc_threshold_met': False, 'react_termination_reason': 'max_steps_exceeded'}
2026-08-23 13:40:09 | INFO | Answer | EM: 0.0000 | F1: 0.0000
2026-08-23 13:40:09 | INFO | Result | Correct: False | Running EM: 40.74% | Termination: fallback_cot_sc | Steps: 28 | Tool calls: 7 | Latency: 15.517s
2026-08-23 13:40:09 | INFO | Prediction: Netherlands
2026-08-23 13:40:09 | INFO | Gold: Netherlands
2026-08-23 13:40:09 | INFO | Agent metadata: {'selected_path': 'react', 'fallback_used': False, 'react_termination_reason': 'completed'}
2026-08-23 13:40:09 | INFO | Answer | EM: 1.0000 | F1: 1.0000
2026-08-23 13:40:09 | INFO | Result | Correct: True | Running EM: 41.82% | Termination: react_completed | Steps: 4 | Tool calls: 3 | Latency: 15.517s
2026-08-23 13:40:09 | INFO | Prediction: Clement Attlee
2026-08-23 13:40:09 | INFO | Gold: 1945 to 1951
2026-08-23 13:40:09 | INFO | Agent metadata: {'cot_sc_samples': 21, 'cot_sc_valid_answers': 21, 'cot_sc_winning_count': 8, 'cot_sc_confidence': 0.38095238095238093, 'cot_sc_winning_answer': 'Clement Attlee', 'cot_sc_vote_counts': {'clement attlee': 8, '1945': 5, 'winston churchill': 3, '1946 between churchills terms as prime minister': 1, 'sir anthony eden': 1, 'ramsay macdonald': 1, '1908 to 1916': 1, '1957': 1}, 'selected_path': 'cot_sc', 'fallback_used': True, 'cot_sc_paper_threshold': 10.5, 'cot_sc_threshold_met': False, 'react_termination_reason': 'action_loop'}
2026-08-23 13:40:09 | INFO | Answer | EM: 0.0000 | F1: 0.0000
2026-08-23 13:40:09 | INFO | Result | Correct: False | Running EM: 41.07% | Termination: fallback_cot_sc | Steps: 27 | Tool calls: 4 | Latency: 15.517s
2026-08-23 13:40:09 | INFO | Inference batch [57-64/500] size=8
2026-08-23 13:40:09 | INFO | [57/500] example_id=5a7bb7f2554299042af8f7b6
2026-08-23 13:40:09 | INFO | Question: What Cantonese slang term can mean both "ghost man" and to refer to Westerners?
2026-08-23 13:40:09 | INFO | [58/500] example_id=5a8b3de95542997f31a41cc3
2026-08-23 13:40:09 | INFO | Question: In what year was the most famous statute at Po Lin Monastery built?
2026-08-23 13:40:09 | INFO | [59/500] example_id=5ab3bfd3554299233954ff99
2026-08-23 13:40:09 | INFO | Question: The Nike Hoop Summit has had many current NBA players as former participants, including what German player from the Dallas Mavericks?
2026-08-23 13:40:09 | INFO | [60/500] example_id=5ab9b7d555429970cfb8eb7a
2026-08-23 13:40:09 | INFO | Question: Which actor from the South Korean-Thai drama film Final Recipe debuted as a member of Super Junior-M in 2008?
2026-08-23 13:40:09 | INFO | [61/500] example_id=5ab6bf6d55429953192ad372
2026-08-23 13:40:09 | INFO | Question: Are Phlebodium and Pieris both species of ferns?
2026-08-23 13:40:09 | INFO | [62/500] example_id=5ae7cb9b5542994a481bbde2
2026-08-23 13:40:09 | INFO | Question: Who was the great grandfather of Franklin Seaver Pratt's wife?
2026-08-23 13:40:09 | INFO | [63/500] example_id=5ab1d6545542997061209588
2026-08-23 13:40:09 | INFO | Question: At what age did Cieli di Toscana's singer become blind?
2026-08-23 13:40:09 | INFO | [64/500] example_id=5addcb215542997dc7907033
2026-08-23 13:40:09 | INFO | Question: Which late 1980s and 1990s English super model was featured in the song nasty girl by The Notorious B.I.G.?
2026-08-23 13:42:20 | INFO | Prediction: Gweilo
2026-08-23 13:42:20 | INFO | Gold: Gweilo
2026-08-23 13:42:20 | INFO | Agent metadata: {'selected_path': 'react', 'fallback_used': False, 'react_termination_reason': 'completed'}
2026-08-23 13:42:20 | INFO | Answer | EM: 1.0000 | F1: 1.0000
2026-08-23 13:42:20 | INFO | Result | Correct: True | Running EM: 42.11% | Termination: react_completed | Steps: 3 | Tool calls: 2 | Latency: 16.381s
2026-08-23 13:42:20 | INFO | Prediction: 1993
2026-08-23 13:42:20 | INFO | Gold: Tian Tan Buddha
2026-08-23 13:42:20 | INFO | Agent metadata: {'cot_sc_samples': 21, 'cot_sc_valid_answers': 21, 'cot_sc_winning_count': 19, 'cot_sc_confidence': 0.9047619047619048, 'cot_sc_winning_answer': '1993', 'cot_sc_vote_counts': {'1993': 19, '1997': 1, '1999': 1}, 'selected_path': 'cot_sc', 'fallback_used': True, 'cot_sc_paper_threshold': 10.5, 'cot_sc_threshold_met': True, 'react_termination_reason': 'action_loop'}
2026-08-23 13:42:20 | INFO | Answer | EM: 0.0000 | F1: 0.0000
2026-08-23 13:42:20 | INFO | Result | Correct: False | Running EM: 41.38% | Termination: fallback_cot_sc | Steps: 28 | Tool calls: 4 | Latency: 16.381s
2026-08-23 13:42:20 | INFO | Prediction: Dirk Nowitzki
2026-08-23 13:42:20 | INFO | Gold: Dirk Werner Nowitzki
2026-08-23 13:42:20 | INFO | Agent metadata: {'cot_sc_samples': 21, 'cot_sc_valid_answers': 21, 'cot_sc_winning_count': 18, 'cot_sc_confidence': 0.8571428571428571, 'cot_sc_winning_answer': 'Dirk Nowitzki', 'cot_sc_vote_counts': {'dirk nowitzki': 18, 'luka dončić': 3}, 'selected_path': 'cot_sc', 'fallback_used': True, 'cot_sc_paper_threshold': 10.5, 'cot_sc_threshold_met': True, 'react_termination_reason': 'max_steps_exceeded'}
2026-08-23 13:42:20 | INFO | Answer | EM: 0.0000 | F1: 0.8000
2026-08-23 13:42:20 | INFO | Result | Correct: False | Running EM: 40.68% | Termination: fallback_cot_sc | Steps: 28 | Tool calls: 6 | Latency: 16.381s
2026-08-23 13:42:20 | INFO | Prediction: Lee Min-ho
2026-08-23 13:42:20 | INFO | Gold: Henry Lau
2026-08-23 13:42:20 | INFO | Agent metadata: {'cot_sc_samples': 21, 'cot_sc_valid_answers': 21, 'cot_sc_winning_count': 5, 'cot_sc_confidence': 0.23809523809523808, 'cot_sc_winning_answer': 'Lee Min-ho', 'cot_sc_vote_counts': {'lee minho': 5, 'lee donggun': 2, 'lee jonghyun': 2, 'lee jongsuk': 2, 'lee joongi': 2, 'kim jonghyun': 1, 'park yoochun': 1, 'lee junho': 1, 'information provided contains inconsistency lee minho debuted as member of super juniorm in 2008 but is not associated with south koreanthai drama film called final recipe': 1, 'no actor from south koreanthai drama film final recipe debuted as member of super juniorm in 2008 as kim jonghyun who fits description has passed away and was part of super junior not super juniorm': 1, 'gong yoo': 1, 'lee junhi': 1, 'nam joohyuk': 1}, 'selected_path': 'cot_sc', 'fallback_used': True, 'cot_sc_paper_threshold': 10.5, 'cot_sc_threshold_met': False, 'react_termination_reason': 'max_steps_exceeded'}
2026-08-23 13:42:20 | INFO | Answer | EM: 0.0000 | F1: 0.0000
2026-08-23 13:42:20 | INFO | Result | Correct: False | Running EM: 40.00% | Termination: fallback_cot_sc | Steps: 28 | Tool calls: 7 | Latency: 16.381s
2026-08-23 13:42:20 | INFO | Prediction: no
2026-08-23 13:42:20 | INFO | Gold: no
2026-08-23 13:42:20 | INFO | Agent metadata: {'selected_path': 'react', 'fallback_used': False, 'react_termination_reason': 'completed'}
2026-08-23 13:42:20 | INFO | Answer | EM: 1.0000 | F1: 1.0000
2026-08-23 13:42:20 | INFO | Result | Correct: True | Running EM: 40.98% | Termination: react_completed | Steps: 4 | Tool calls: 3 | Latency: 16.381s
2026-08-23 13:42:20 | INFO | Prediction: Not enough information provided
2026-08-23 13:42:20 | INFO | Gold: Kalokuokamaile
2026-08-23 13:42:20 | INFO | Agent metadata: {'cot_sc_samples': 21, 'cot_sc_valid_answers': 21, 'cot_sc_winning_count': 6, 'cot_sc_confidence': 0.2857142857142857, 'cot_sc_winning_answer': 'Not enough information provided', 'cot_sc_vote_counts': {'not enough information provided': 6, 'cannot determine': 5, 'not determinable with given information': 2, 'insufficient information provided': 1, 'cannot determine from given information': 1, 'information required to determine this is not available in general knowledge': 1, 'insufficient information': 1, 'information not available based on given context': 1, 'information required to answer this question is not available': 1, 'not enough information provided to determine': 1, 'amos morse': 1}, 'selected_path': 'cot_sc', 'fallback_used': True, 'cot_sc_paper_threshold': 10.5, 'cot_sc_threshold_met': False, 'react_termination_reason': 'max_steps_exceeded'}
2026-08-23 13:42:20 | INFO | Answer | EM: 0.0000 | F1: 0.0000
2026-08-23 13:42:20 | INFO | Result | Correct: False | Running EM: 40.32% | Termination: fallback_cot_sc | Steps: 28 | Tool calls: 6 | Latency: 16.381s
2026-08-23 13:42:20 | INFO | Prediction: 3
2026-08-23 13:42:20 | INFO | Gold: Bocelli became completely blind at the age of 12
2026-08-23 13:42:20 | INFO | Agent metadata: {'cot_sc_samples': 21, 'cot_sc_valid_answers': 21, 'cot_sc_winning_count': 3, 'cot_sc_confidence': 0.14285714285714285, 'cot_sc_winning_answer': '3', 'cot_sc_vote_counts': {'3': 3, 'cannot determine': 2, 'information is not available in my current knowledge': 1, 'not available in my current knowledge base': 1, 'exact age when fabio de lauro became blind is not clearly documented': 1, 'not enough information provided to determine age when singer became blind': 1, 'not enough information provided': 1, '10 years old': 1, 'not enough information': 1, 'information regarding singers blindness and age is not available in my current knowledge base': 1, 'cannot determine with given information': 1, 'not enough information available': 1, '1': 1, '12': 1, 'information about singer becoming blind and their age at that time is not available in my current knowledge base': 1, 'age at which cieli di toscanas singer became blind is not provided in my knowledge base': 1, '2 years old this is approximation based on common cases of blindness in children but exact age for sabrina caruso is not definitively known': 1, 'cannot determine without additional information about specific singer': 1}, 'selected_path': 'cot_sc', 'fallback_used': True, 'cot_sc_paper_threshold': 10.5, 'cot_sc_threshold_met': False, 'react_termination_reason': 'max_steps_exceeded'}
2026-08-23 13:42:20 | INFO | Answer | EM: 0.0000 | F1: 0.0000
2026-08-23 13:42:20 | INFO | Result | Correct: False | Running EM: 39.68% | Termination: fallback_cot_sc | Steps: 28 | Tool calls: 7 | Latency: 16.381s
2026-08-23 13:42:20 | INFO | Prediction: Naomi Campbell
2026-08-23 13:42:20 | INFO | Gold: Naomi Elaine Campbell
2026-08-23 13:42:20 | INFO | Agent metadata: {'selected_path': 'react', 'fallback_used': False, 'react_termination_reason': 'completed'}
2026-08-23 13:42:20 | INFO | Answer | EM: 0.0000 | F1: 0.8000
2026-08-23 13:42:20 | INFO | Result | Correct: False | Running EM: 39.06% | Termination: react_completed | Steps: 4 | Tool calls: 3 | Latency: 16.381s
2026-08-23 13:42:20 | INFO | Inference batch [65-72/500] size=8
2026-08-23 13:42:20 | INFO | [65/500] example_id=5ae528ed5542993aec5ec16e
2026-08-23 13:42:20 | INFO | Question: What is the name of the film directed by Alex Cox  adapted from a 1606 play starring Diana Quick as the Dutchess?
2026-08-23 13:42:20 | INFO | [66/500] example_id=5a8c7ced5542995e66a4761c
2026-08-23 13:42:20 | INFO | Question: Josh Trank and Mike Valerio both work in what industry?
2026-08-23 13:42:20 | INFO | [67/500] example_id=5a72f74a55429901807daf59
2026-08-23 13:42:20 | INFO | Question: Which American comedian born on March 21, 1962, appeared in the movie "Sleepless in Seattle?"
2026-08-23 13:42:20 | INFO | [68/500] example_id=5ae1d4e8554299234fd04312
2026-08-23 13:42:20 | INFO | Question: Any Questions for Ben? was directed by which Australian producer and actor?
2026-08-23 13:42:20 | INFO | [69/500] example_id=5a80aeef5542992097ad301a
2026-08-23 13:42:20 | INFO | Question: What American indie rock group first had Jesse Sandoval as the drummer and now has Jon Sortland on drums?
2026-08-23 13:42:20 | INFO | [70/500] example_id=5a7f66f155429969796c1a33
2026-08-23 13:42:20 | INFO | Question: What 3 countries are part of the legal name of the airline that merged with Braathens in 2004?
2026-08-23 13:42:20 | INFO | [71/500] example_id=5abbda84554299642a094b5b
2026-08-23 13:42:20 | INFO | Question: What is the ratio of flow velocity past a boundary to the local speed of sound for a Saab JAS 39 Gripen?
2026-08-23 13:42:20 | INFO | [72/500] example_id=5abe3dc65542993f32c2a0c4
2026-08-23 13:42:20 | INFO | Question: SWX Right Now airs on the station that broadcasts on what channel in Billings, Montana?
2026-08-23 13:44:36 | INFO | Prediction: Revengers Tragedy
2026-08-23 13:44:36 | INFO | Gold: Revengers Tragedy
2026-08-23 13:44:36 | INFO | Agent metadata: {'selected_path': 'react', 'fallback_used': False, 'react_termination_reason': 'completed'}
2026-08-23 13:44:36 | INFO | Answer | EM: 1.0000 | F1: 1.0000
2026-08-23 13:44:36 | INFO | Result | Correct: True | Running EM: 40.00% | Termination: react_completed | Steps: 4 | Tool calls: 3 | Latency: 16.997s
2026-08-23 13:44:36 | INFO | Prediction: film and television industry
2026-08-23 13:44:36 | INFO | Gold: entertainment
2026-08-23 13:44:36 | INFO | Agent metadata: {'selected_path': 'react', 'fallback_used': False, 'react_termination_reason': 'completed'}
2026-08-23 13:44:36 | INFO | Answer | EM: 0.0000 | F1: 0.0000
2026-08-23 13:44:36 | INFO | Result | Correct: False | Running EM: 39.39% | Termination: react_completed | Steps: 3 | Tool calls: 2 | Latency: 16.997s
2026-08-23 13:44:36 | INFO | Prediction: Rosie O'Donnell
2026-08-23 13:44:36 | INFO | Gold: Rosie O'Donnell
2026-08-23 13:44:36 | INFO | Agent metadata: {'selected_path': 'react', 'fallback_used': False, 'react_termination_reason': 'completed'}
2026-08-23 13:44:36 | INFO | Answer | EM: 1.0000 | F1: 1.0000
2026-08-23 13:44:36 | INFO | Result | Correct: True | Running EM: 40.30% | Termination: react_completed | Steps: 5 | Tool calls: 4 | Latency: 16.997s
2026-08-23 13:44:36 | INFO | Prediction: Rob Sitch
2026-08-23 13:44:36 | INFO | Gold: Robert Ian "Rob" Sitch
2026-08-23 13:44:36 | INFO | Agent metadata: {'selected_path': 'react', 'fallback_used': False, 'react_termination_reason': 'completed'}
2026-08-23 13:44:36 | INFO | Answer | EM: 0.0000 | F1: 0.6667
2026-08-23 13:44:36 | INFO | Result | Correct: False | Running EM: 39.71% | Termination: react_completed | Steps: 3 | Tool calls: 2 | Latency: 16.997s
2026-08-23 13:44:36 | INFO | Prediction: The Shins
2026-08-23 13:44:36 | INFO | Gold: The Shins
2026-08-23 13:44:36 | INFO | Agent metadata: {'selected_path': 'react', 'fallback_used': False, 'react_termination_reason': 'completed'}
2026-08-23 13:44:36 | INFO | Answer | EM: 1.0000 | F1: 1.0000
2026-08-23 13:44:36 | INFO | Result | Correct: True | Running EM: 40.58% | Termination: react_completed | Steps: 3 | Tool calls: 2 | Latency: 16.997s
2026-08-23 13:44:36 | INFO | Prediction: Sweden, Denmark, Norway
2026-08-23 13:44:36 | INFO | Gold: Denmark–Norway–Sweden
2026-08-23 13:44:36 | INFO | Agent metadata: {'cot_sc_samples': 21, 'cot_sc_valid_answers': 21, 'cot_sc_winning_count': 9, 'cot_sc_confidence': 0.42857142857142855, 'cot_sc_winning_answer': 'Sweden, Denmark, Norway', 'cot_sc_vote_counts': {'sweden denmark norway': 9, 'denmark sweden norway': 9, 'sweden norway denmark': 2, 'sweden denmark finland': 1}, 'selected_path': 'cot_sc', 'fallback_used': True, 'cot_sc_paper_threshold': 10.5, 'cot_sc_threshold_met': False, 'react_termination_reason': 'max_steps_exceeded'}
2026-08-23 13:44:36 | INFO | Answer | EM: 0.0000 | F1: 0.0000
2026-08-23 13:44:36 | INFO | Result | Correct: False | Running EM: 40.00% | Termination: fallback_cot_sc | Steps: 28 | Tool calls: 7 | Latency: 16.997s
2026-08-23 13:44:36 | INFO | Prediction: Not enough information provided to determine the exact ratio.
2026-08-23 13:44:36 | INFO | Gold: 2
2026-08-23 13:44:36 | INFO | Agent metadata: {'cot_sc_samples': 21, 'cot_sc_valid_answers': 21, 'cot_sc_winning_count': 2, 'cot_sc_confidence': 0.09523809523809523, 'cot_sc_winning_answer': 'Not enough information provided to determine the exact ratio.', 'cot_sc_vote_counts': {'not enough information provided to determine exact ratio': 2, '15 approximate based on supersonic flight conditions': 1, 'not enough specific data provided to determine exact ratio': 1, 'cannot determine without specific flight conditions and mach number': 1, '1 for supersonic flight or 1 for subsonic flight': 1, 'cannot determine precisely without specific data but likely greater than 1 for supersonic flight': 1, 'cannot determine precisely without specific flight conditions': 1, '无法确定确切的比率，但saab jas 39 gripen能够在超音速飞行，因此其局部流速超过音速。': 1, '无法确定': 1, 'not enough specific data available to determine exact ratio': 1, 'without specific flight data exact ratio cannot be determined but it is often referred to as mach number': 1, 'not enough information provided to determine specific ratio': 1, 'ratio is not commonly published': 1, 'cannot determine precisely without specific data': 1, 'cannot determine without specific flight conditions': 1, 'not available in my current knowledge base': 1, '20': 1, 'ratio is close to but less than 15': 1, 'not enough specific data provided to calculate exact ratio': 1, 'not determinable with certainty from public information': 1}, 'selected_path': 'cot_sc', 'fallback_used': True, 'cot_sc_paper_threshold': 10.5, 'cot_sc_threshold_met': False, 'react_termination_reason': 'max_steps_exceeded'}
2026-08-23 13:44:36 | INFO | Answer | EM: 0.0000 | F1: 0.0000
2026-08-23 13:44:36 | INFO | Result | Correct: False | Running EM: 39.44% | Termination: fallback_cot_sc | Steps: 28 | Tool calls: 6 | Latency: 16.997s
2026-08-23 13:44:36 | INFO | Prediction: channel 8
2026-08-23 13:44:36 | INFO | Gold: 8
2026-08-23 13:44:36 | INFO | Agent metadata: {'selected_path': 'react', 'fallback_used': False, 'react_termination_reason': 'completed'}
2026-08-23 13:44:36 | INFO | Answer | EM: 0.0000 | F1: 0.6667
2026-08-23 13:44:36 | INFO | Result | Correct: False | Running EM: 38.89% | Termination: react_completed | Steps: 4 | Tool calls: 3 | Latency: 16.997s
2026-08-23 13:44:36 | INFO | Inference batch [73-80/500] size=8
2026-08-23 13:44:36 | INFO | [73/500] example_id=5ae489ab5542995ad6573d62
2026-08-23 13:44:36 | INFO | Question: Which player, who also played for the New Jersey Nets and the Golden State Warriors, finished third in the league with 231 three-point field goals during the 1995-96 Atlanta Hawks season?
2026-08-23 13:44:36 | INFO | [74/500] example_id=5a7e1b7155429965cec5ea6c
2026-08-23 13:44:36 | INFO | Question: Saltillo Engine is an engine plant in Ramos Arizpe that belongs to the American subsidiary of what company?
2026-08-23 13:44:36 | INFO | [75/500] example_id=5a8fae205542997ba9cb32ec
2026-08-23 13:44:36 | INFO | Question: What type of television show did Dylan Everett star in, in 2015?
2026-08-23 13:44:36 | INFO | [76/500] example_id=5ae588cb55429960a22e0300
2026-08-23 13:44:36 | INFO | Question: Which plant, the Chaerophyllum or the Cryptanthus, can be found in various places across the world?
2026-08-23 13:44:36 | INFO | [77/500] example_id=5a75e62f5542992d0ec06013
2026-08-23 13:44:36 | INFO | Question: Johnny Mathis: Wonderful Wonderful aired at what luxury hotel, casino and spa resort located in Atlantic City, New Jersey?
2026-08-23 13:44:36 | INFO | [78/500] example_id=5ac113e2554299294b21909a
2026-08-23 13:44:36 | INFO | Question: Who wrote the lyrics for Linda Eder's Broadway debut?
2026-08-23 13:44:36 | INFO | [79/500] example_id=5a82fe5055429966c78a6ad3
2026-08-23 13:44:36 | INFO | Question: The Company They Keep is a book written by Diana Pavlac Glyer, who is a professor at a university in Azusa, California, that was founded in 1899, and is under the auspices of what religion?
2026-08-23 13:44:36 | INFO | [80/500] example_id=5a7e05ba5542995f4f402392
2026-08-23 13:44:36 | INFO | Question: For One Night Only was hosted by the man most well-known for hosting what show from 1962 until 1999?
2026-08-23 13:46:34 | INFO | Prediction: Michael Jordan
2026-08-23 13:46:34 | INFO | Gold: Mookie Blaylock
2026-08-23 13:46:34 | INFO | Agent metadata: {'cot_sc_samples': 21, 'cot_sc_valid_answers': 21, 'cot_sc_winning_count': 2, 'cot_sc_confidence': 0.09523809523809523, 'cot_sc_winning_answer': 'Michael Jordan', 'cot_sc_vote_counts': {'michael jordan': 2, 'steve smith': 2, 'milt palacio': 2, 'gary payton': 2, 'dell curry': 1, 'mario elias': 1, 'jeff hornacek': 1, 'muggsy bogues': 1, 'jerry stackhouse': 1, 'terry tyler': 1, 'mitch richmond': 1, 'no player matching all these criteria is found in given information': 1, 'mateen cleaves': 1, 'mario walthall': 1, 'mario elie': 1, 'bryon russell': 1, 'terry catledge': 1}, 'selected_path': 'cot_sc', 'fallback_used': True, 'cot_sc_paper_threshold': 10.5, 'cot_sc_threshold_met': False, 'react_termination_reason': 'max_steps_exceeded'}
2026-08-23 13:46:34 | INFO | Answer | EM: 0.0000 | F1: 0.0000
2026-08-23 13:46:34 | INFO | Result | Correct: False | Running EM: 38.36% | Termination: fallback_cot_sc | Steps: 28 | Tool calls: 6 | Latency: 14.782s
2026-08-23 13:46:34 | INFO | Prediction: Stellantis
2026-08-23 13:46:34 | INFO | Gold: Fiat Chrysler Automobiles N.V.
2026-08-23 13:46:34 | INFO | Agent metadata: {'selected_path': 'react', 'fallback_used': False, 'react_termination_reason': 'completed'}
2026-08-23 13:46:34 | INFO | Answer | EM: 0.0000 | F1: 0.0000
2026-08-23 13:46:34 | INFO | Result | Correct: False | Running EM: 37.84% | Termination: react_completed | Steps: 3 | Tool calls: 2 | Latency: 14.782s
2026-08-23 13:46:34 | INFO | Prediction: mystery-drama television series
2026-08-23 13:46:34 | INFO | Gold: American-Canadian mystery-drama
2026-08-23 13:46:34 | INFO | Agent metadata: {'selected_path': 'react', 'fallback_used': False, 'react_termination_reason': 'completed'}
2026-08-23 13:46:34 | INFO | Answer | EM: 0.0000 | F1: 0.4000
2026-08-23 13:46:34 | INFO | Result | Correct: False | Running EM: 37.33% | Termination: react_completed | Steps: 3 | Tool calls: 2 | Latency: 14.782s
2026-08-23 13:46:34 | INFO | Prediction: Chaerophyllum
2026-08-23 13:46:34 | INFO | Gold: Chaerophyllum
2026-08-23 13:46:34 | INFO | Agent metadata: {'selected_path': 'react', 'fallback_used': False, 'react_termination_reason': 'completed'}
2026-08-23 13:46:34 | INFO | Answer | EM: 1.0000 | F1: 1.0000
2026-08-23 13:46:34 | INFO | Result | Correct: True | Running EM: 38.16% | Termination: react_completed | Steps: 4 | Tool calls: 3 | Latency: 14.782s
2026-08-23 13:46:34 | INFO | Prediction: Caesars Palace
2026-08-23 13:46:34 | INFO | Gold: Tropicana Casino & Resort
2026-08-23 13:46:34 | INFO | Agent metadata: {'cot_sc_samples': 21, 'cot_sc_valid_answers': 21, 'cot_sc_winning_count': 4, 'cot_sc_confidence': 0.19047619047619047, 'cot_sc_winning_answer': 'Caesars Palace', 'cot_sc_vote_counts': {'caesars palace': 4, 'trump taj mahal': 4, 'venetian resort hotel casino': 3, 'golden nugget hotel casino': 1, 'caesars atlantic city': 1, 'caesars palace hotel and casino': 1, 'there is no known performance of johnny mathis wonderful wonderful at luxury hotel casino and spa resort in atlantic city new jersey': 1, 'borgata hotel casino spa': 1, 'taj mahal hotel and casino': 1, 'venetian casino resort': 1, 'hard rock hotel casino atlantic city': 1, 'no information found for airing of johnny mathis wonderful wonderful at luxury hotel casino and spa resort in atlantic city new jersey': 1, 'hard rock hotel casino': 1}, 'selected_path': 'cot_sc', 'fallback_used': True, 'cot_sc_paper_threshold': 10.5, 'cot_sc_threshold_met': False, 'react_termination_reason': 'max_steps_exceeded'}
2026-08-23 13:46:34 | INFO | Answer | EM: 0.0000 | F1: 0.0000
2026-08-23 13:46:34 | INFO | Result | Correct: False | Running EM: 37.66% | Termination: fallback_cot_sc | Steps: 28 | Tool calls: 7 | Latency: 14.782s
2026-08-23 13:46:34 | INFO | Prediction: Steve Cuden
2026-08-23 13:46:34 | INFO | Gold: Wildhorn, Bricusse and Cuden
2026-08-23 13:46:34 | INFO | Agent metadata: {'selected_path': 'react', 'fallback_used': False, 'react_termination_reason': 'completed'}
2026-08-23 13:46:34 | INFO | Answer | EM: 0.0000 | F1: 0.3333
2026-08-23 13:46:34 | INFO | Result | Correct: False | Running EM: 37.18% | Termination: react_completed | Steps: 4 | Tool calls: 3 | Latency: 14.782s
2026-08-23 13:46:34 | INFO | Prediction: Wesleyan-Arminian
2026-08-23 13:46:34 | INFO | Gold: evangelical Christian
2026-08-23 13:46:34 | INFO | Agent metadata: {'selected_path': 'react', 'fallback_used': False, 'react_termination_reason': 'completed'}
2026-08-23 13:46:34 | INFO | Answer | EM: 0.0000 | F1: 0.0000
2026-08-23 13:46:34 | INFO | Result | Correct: False | Running EM: 36.71% | Termination: react_completed | Steps: 2 | Tool calls: 1 | Latency: 14.782s
2026-08-23 13:46:34 | INFO | Prediction: The Tonight Show
2026-08-23 13:46:34 | INFO | Gold: The Late Late Show
2026-08-23 13:46:34 | INFO | Agent metadata: {'cot_sc_samples': 21, 'cot_sc_valid_answers': 21, 'cot_sc_winning_count': 9, 'cot_sc_confidence': 0.42857142857142855, 'cot_sc_winning_answer': 'The Tonight Show', 'cot_sc_vote_counts': {'tonight show': 9, 'johnny carson': 2, 'steve martin and chris rock': 1, 'academy awards': 1, 'no': 1, 'live with regis and kelly': 1, 'lawrence welk show': 1, 'electric company': 1, 'tom snyder program': 1, '《早晨秀》': 1, 'live with regis and kathie lee': 1, 'tonight show starring johnny carson': 1}, 'selected_path': 'cot_sc', 'fallback_used': True, 'cot_sc_paper_threshold': 10.5, 'cot_sc_threshold_met': False, 'react_termination_reason': 'max_steps_exceeded'}
2026-08-23 13:46:34 | INFO | Answer | EM: 0.0000 | F1: 0.4000
2026-08-23 13:46:34 | INFO | Result | Correct: False | Running EM: 36.25% | Termination: fallback_cot_sc | Steps: 28 | Tool calls: 7 | Latency: 14.782s
2026-08-23 13:46:34 | INFO | Inference batch [81-88/500] size=8
2026-08-23 13:46:34 | INFO | [81/500] example_id=5a7264ed5542990c210a411a
2026-08-23 13:46:34 | INFO | Question: What was the slogan  that came about from the idea of Lebensraum which had its most extreme form supported by the Nazi Party until the end of World War II?
2026-08-23 13:46:34 | INFO | [82/500] example_id=5a8ed10b5542995085b374a0
2026-08-23 13:46:34 | INFO | Question: Olivia DeJonge starred in an American horror film directed by Shyamalan called what
2026-08-23 13:46:34 | INFO | [83/500] example_id=5add8f055542990dbb2f7e6d
2026-08-23 13:46:34 | INFO | Question: Who conducted the negotiations  with the owners and the longest serving commandant of Auschwitz concentration and extermination camp?
2026-08-23 13:46:34 | INFO | [84/500] example_id=5a86ab7755429960ec39b6bf
2026-08-23 13:46:34 | INFO | Question: What genre is the novel from which the fast-food restaurant specializing in seafood derives its name?
2026-08-23 13:46:34 | INFO | [85/500] example_id=5a7a112a5542990783324e2b
2026-08-23 13:46:34 | INFO | Question: What kind of musicians are Mark Gaudet and Jan Axel Blomberg?
2026-08-23 13:46:34 | INFO | [86/500] example_id=5ab870ee5542990e739ec8f6
2026-08-23 13:46:34 | INFO | Question: A Wind in the Door is part of a series written by who?
2026-08-23 13:46:34 | INFO | [87/500] example_id=5a8810485542997e5c09a590
2026-08-23 13:46:34 | INFO | Question: The Airport located next to the A13 handled how many passengers in 2016 ?
2026-08-23 13:46:34 | INFO | [88/500] example_id=5a8208ee5542990a1d231f1e
2026-08-23 13:46:34 | INFO | Question: The town of Sinclair, West Virginia, is named after the founder of the local oil drilling company. What is on Sinclair Oil's famous logo?
2026-08-23 13:49:06 | INFO | Prediction: Lebensraum für das Deutsche Volk
2026-08-23 13:49:06 | INFO | Gold: Blood and soil
2026-08-23 13:49:06 | INFO | Agent metadata: {'cot_sc_samples': 21, 'cot_sc_valid_answers': 21, 'cot_sc_winning_count': 5, 'cot_sc_confidence': 0.23809523809523808, 'cot_sc_winning_answer': 'Lebensraum für das Deutsche Volk', 'cot_sc_vote_counts': {'lebensraum für das deutsche volk': 5, 'living space for german people': 5, 'lebensraum für die deutschen': 4, 'living space for germans': 2, 'lebewerer raum für das deutsche volk': 1, '为德意志民族争取生存空间': 1, 'ein volk ein reich ein führer': 1, 'living space for deputies': 1, 'living space for german nation': 1}, 'selected_path': 'cot_sc', 'fallback_used': True, 'cot_sc_paper_threshold': 10.5, 'cot_sc_threshold_met': False, 'react_termination_reason': 'max_steps_exceeded'}
2026-08-23 13:49:06 | INFO | Answer | EM: 0.0000 | F1: 0.0000
2026-08-23 13:49:06 | INFO | Result | Correct: False | Running EM: 35.80% | Termination: fallback_cot_sc | Steps: 28 | Tool calls: 7 | Latency: 19.002s
2026-08-23 13:49:06 | INFO | Prediction: The Visit
2026-08-23 13:49:06 | INFO | Gold: The Visit
2026-08-23 13:49:06 | INFO | Agent metadata: {'selected_path': 'react', 'fallback_used': False, 'react_termination_reason': 'completed'}
2026-08-23 13:49:06 | INFO | Answer | EM: 1.0000 | F1: 1.0000
2026-08-23 13:49:06 | INFO | Result | Correct: True | Running EM: 36.59% | Termination: react_completed | Steps: 5 | Tool calls: 4 | Latency: 19.002s
2026-08-23 13:49:06 | INFO | Prediction: Rudolf Höss
2026-08-23 13:49:06 | INFO | Gold: Rudolf Höss
2026-08-23 13:49:06 | INFO | Agent metadata: {'cot_sc_samples': 21, 'cot_sc_valid_answers': 21, 'cot_sc_winning_count': 12, 'cot_sc_confidence': 0.5714285714285714, 'cot_sc_winning_answer': 'Rudolf Höss', 'cot_sc_vote_counts': {'rudolf höss': 12, 'herbert lange commandant and no clear individual negotiations with owners': 1, 'rudolf höss and adolf hitler': 1, 'rudolf höss and adolf eichmann': 1, 'rudolf höss managed camp but was not directly involved in negotiations with owners': 1, 'rudolf höss longest serving commandant did not conduct negotiations with owners': 1, 'rudolf höss longestserving commandant of auschwitz concentration and extermination camp': 1, 'rudolf hoess': 1, 'rudolf höss negotiations with owners were not part of his responsibilities': 1, 'rudolf höss longest serving commandant did not conduct negotiations with owners camps usage was governed by nazi regime': 1}, 'selected_path': 'cot_sc', 'fallback_used': True, 'cot_sc_paper_threshold': 10.5, 'cot_sc_threshold_met': True, 'react_termination_reason': 'max_steps_exceeded'}
2026-08-23 13:49:06 | INFO | Answer | EM: 1.0000 | F1: 1.0000
2026-08-23 13:49:06 | INFO | Result | Correct: True | Running EM: 37.35% | Termination: fallback_cot_sc | Steps: 28 | Tool calls: 7 | Latency: 19.002s
2026-08-23 13:49:06 | INFO | Prediction: thriller
2026-08-23 13:49:06 | INFO | Gold: an adventure novel
2026-08-23 13:49:06 | INFO | Agent metadata: {'selected_path': 'react', 'fallback_used': False, 'react_termination_reason': 'completed'}
2026-08-23 13:49:06 | INFO | Answer | EM: 0.0000 | F1: 0.0000
2026-08-23 13:49:06 | INFO | Result | Correct: False | Running EM: 36.90% | Termination: react_completed | Steps: 5 | Tool calls: 4 | Latency: 19.002s
2026-08-23 13:49:06 | INFO | Prediction: no
2026-08-23 13:49:06 | INFO | Gold: drummer
2026-08-23 13:49:06 | INFO | Agent metadata: {'selected_path': 'react', 'fallback_used': False, 'react_termination_reason': 'completed'}
2026-08-23 13:49:06 | INFO | Answer | EM: 0.0000 | F1: 0.0000
2026-08-23 13:49:06 | INFO | Result | Correct: False | Running EM: 36.47% | Termination: react_completed | Steps: 3 | Tool calls: 2 | Latency: 19.002s
2026-08-23 13:49:06 | INFO | Prediction: Madeleine L'Engle
2026-08-23 13:49:06 | INFO | Gold: Madeleine L'Engle
2026-08-23 13:49:06 | INFO | Agent metadata: {'selected_path': 'react', 'fallback_used': False, 'react_termination_reason': 'completed'}
2026-08-23 13:49:06 | INFO | Answer | EM: 1.0000 | F1: 1.0000
2026-08-23 13:49:06 | INFO | Result | Correct: True | Running EM: 37.21% | Termination: react_completed | Steps: 3 | Tool calls: 2 | Latency: 19.002s
2026-08-23 13:49:06 | INFO | Prediction: London Stansted Airport handled approximately 21.5 million passengers in 2016.
2026-08-23 13:49:06 | INFO | Gold: 1.6 million passengers
2026-08-23 13:49:06 | INFO | Agent metadata: {'cot_sc_samples': 21, 'cot_sc_valid_answers': 21, 'cot_sc_winning_count': 1, 'cot_sc_confidence': 0.047619047619047616, 'cot_sc_winning_answer': 'London Stansted Airport handled approximately 21.5 million passengers in 2016.', 'cot_sc_vote_counts': {'london stansted airport handled approximately 215 million passengers in 2016': 1, 'cannot determine without additional context about location of a13': 1, 'schiphol airport handled approximately 55 million passengers in 2016': 1, '185 million passengers': 1, 'london city airport handled about 15 million passengers in 2016': 1, 'exact airport and its 2016 passenger count are not available in my current knowledge base': 1, 'approximately 52 million passengers': 1, '107 million passengers': 1, 'not enough information provided to determine exact airport and its passenger numbers in 2016': 1, 'not enough information provided to determine exact airport and its passenger count in 2016': 1, 'schiphol airport handled approximately 70 million passengers in 2016': 1, 'amsterdam schiphol airport handled approximately 707 million passengers in 2019 but exact number for 2016 is not specified in my data': 1, 'amsterdam lelystad airport handled approximately 15 million passengers in 2016': 1, 'schiphol airport handled approximately 583 million passengers in 2016': 1, '2000万乘客': 1, 'without specific information on which airport is located next to a13 its impossible to determine number of passengers handled in 2016': 1, 'milan malpensa airport handled approximately 35 million passengers in 2016': 1, 'approximately 105 million passengers in 2016 assuming airport in question is luton airport': 1, 'specific airport and its 2016 passenger count are not provided in given information': 1, 'london city airport handled approximately 19 million passengers in 2016': 1, 'without specific information about airport no definitive answer can be provided': 1}, 'selected_path': 'cot_sc', 'fallback_used': True, 'cot_sc_paper_threshold': 10.5, 'cot_sc_threshold_met': False, 'react_termination_reason': 'action_loop'}
2026-08-23 13:49:06 | INFO | Answer | EM: 0.0000 | F1: 0.3077
2026-08-23 13:49:06 | INFO | Result | Correct: False | Running EM: 36.78% | Termination: fallback_cot_sc | Steps: 28 | Tool calls: 5 | Latency: 19.002s
2026-08-23 13:49:06 | INFO | Prediction: A silhouette of an eagle and the word "Sinclair"
2026-08-23 13:49:06 | INFO | Gold: dinosaur
2026-08-23 13:49:06 | INFO | Agent metadata: {'cot_sc_samples': 21, 'cot_sc_valid_answers': 21, 'cot_sc_winning_count': 1, 'cot_sc_confidence': 0.047619047619047616, 'cot_sc_winning_answer': 'A silhouette of an eagle and the word "Sinclair"', 'cot_sc_vote_counts': {'silhouette of eagle and word sinclair': 1, 'red octagon with company name inside': 1, '一架飞机在给另一架飞机加油': 1, 'black cat and company name': 1, 'red circle with words sinclair oil inside it': 1, 'red and yellow jackrabbit': 1, 'deer drinking from stream': 1, 'gas pump with sun rising behind it': 1, 'large letter s and eagle painting': 1, 'red dog named red': 1, 'silhouette of prancing horse': 1, 'hand with eye': 1, 'large letter s and oil derrick': 1, 'red horse and rider': 1, '加油机形象': 1, '加油机（加油站）形象': 1, '加油机': 1, '加油工人，穿着工作服和安全帽。': 1, 'black dragon': 1, '加油狮子': 1, 'oil well pump jack and letter i': 1}, 'selected_path': 'cot_sc', 'fallback_used': True, 'cot_sc_paper_threshold': 10.5, 'cot_sc_threshold_met': False, 'react_termination_reason': 'action_loop'}
2026-08-23 13:49:06 | INFO | Answer | EM: 0.0000 | F1: 0.0000
2026-08-23 13:49:06 | INFO | Result | Correct: False | Running EM: 36.36% | Termination: fallback_cot_sc | Steps: 28 | Tool calls: 5 | Latency: 19.002s
2026-08-23 13:49:06 | INFO | Inference batch [89-96/500] size=8
2026-08-23 13:49:06 | INFO | [89/500] example_id=5a86399e5542994775f60733
2026-08-23 13:49:06 | INFO | Question: Jihad: A Story of the Others is a documentary by the director who is of what descent?
2026-08-23 13:49:06 | INFO | [90/500] example_id=5a78e9a2554299148911f995
2026-08-23 13:49:06 | INFO | Question: Minor league baseball games that were played between the rivalling teams of the Sooners and the Cowboys were played at the stadium formerly known as what?
2026-08-23 13:49:06 | INFO | [91/500] example_id=5a84995d5542997b5ce3fee4
2026-08-23 13:49:06 | INFO | Question: Cooperative Living Organization is located in a city that is the county seat of what county in Florida?
2026-08-23 13:49:06 | INFO | [92/500] example_id=5ab941c2554299743d22ea88
2026-08-23 13:49:06 | INFO | Question: What is the pen name of author Carolyn Janice Cherry, who wrote the Fortress Series?
2026-08-23 13:49:06 | INFO | [93/500] example_id=5a8e5f1f5542995a26add4d6
2026-08-23 13:49:06 | INFO | Question: Which dog is believed to dispel ghosts and evil spirits, Segugio Italiano or Sapsali?
2026-08-23 13:49:06 | INFO | [94/500] example_id=5abf1ad15542997ec76fd3c2
2026-08-23 13:49:06 | INFO | Question: Which French aristocrat and military officer who fought in the American Revolutionary War visited this historic home located at Enfield, Halifax County, North Carolina, known as The Cellar?
2026-08-23 13:49:06 | INFO | [95/500] example_id=5ae5cf625542996de7b71a22
2026-08-23 13:49:06 | INFO | Question: What sports team included both of the brothers Case McCoy and Colt McCoy during different years?
2026-08-23 13:49:06 | INFO | [96/500] example_id=5a7c8ae855429935c91b5207
2026-08-23 13:49:06 | INFO | Question: Which member of The New Russian School was both a doctor and a chemist besides being a composer?
2026-08-23 13:51:33 | INFO | Prediction: Punjabi/Pashtun descent
2026-08-23 13:51:33 | INFO | Gold: Punjabi/Pashtun
2026-08-23 13:51:33 | INFO | Agent metadata: {'selected_path': 'react', 'fallback_used': False, 'react_termination_reason': 'completed'}
2026-08-23 13:51:33 | INFO | Answer | EM: 0.0000 | F1: 0.6667
2026-08-23 13:51:33 | INFO | Result | Correct: False | Running EM: 35.96% | Termination: react_completed | Steps: 4 | Tool calls: 3 | Latency: 18.316s
2026-08-23 13:51:33 | INFO | Prediction: Harry W. Bouma Stadium
2026-08-23 13:51:33 | INFO | Gold: Drillers Stadium
2026-08-23 13:51:33 | INFO | Agent metadata: {'cot_sc_samples': 21, 'cot_sc_valid_answers': 21, 'cot_sc_winning_count': 2, 'cot_sc_confidence': 0.09523809523809523, 'cot_sc_winning_answer': 'Harry W. Bouma Stadium', 'cot_sc_vote_counts': {'harry w bouma stadium': 2, 'westheimer road ballpark': 1, 'based on provided information i cannot determine stadium name please provide more context or clarify teams involved': 1, 'kelly field': 1, 'mcauley stadium': 1, 'law park': 1, 'kelly miller stadium': 1, 'southwest field': 1, 'lewis field': 1, 'midamerican energy park': 1, 'rebel field': 1, 'glenn biggs field': 1, 'waco memorial stadium': 1, 'bricktown ballpark': 1, 'memorial stadium': 1, 'robertson stadium': 1, 'gaylord field': 1, 'taylor field': 1, 'buddy hackett park': 1, 'brayickes field': 1}, 'selected_path': 'cot_sc', 'fallback_used': True, 'cot_sc_paper_threshold': 10.5, 'cot_sc_threshold_met': False, 'react_termination_reason': 'max_steps_exceeded'}
2026-08-23 13:51:33 | INFO | Answer | EM: 0.0000 | F1: 0.3333
2026-08-23 13:51:33 | INFO | Result | Correct: False | Running EM: 35.56% | Termination: fallback_cot_sc | Steps: 28 | Tool calls: 7 | Latency: 18.316s
2026-08-23 13:51:33 | INFO | Prediction: Alachua County
2026-08-23 13:51:33 | INFO | Gold: Alachua
2026-08-23 13:51:33 | INFO | Agent metadata: {'selected_path': 'react', 'fallback_used': False, 'react_termination_reason': 'completed'}
2026-08-23 13:51:33 | INFO | Answer | EM: 0.0000 | F1: 0.6667
2026-08-23 13:51:33 | INFO | Result | Correct: False | Running EM: 35.16% | Termination: react_completed | Steps: 3 | Tool calls: 2 | Latency: 18.316s
2026-08-23 13:51:33 | INFO | Prediction: C. J. Cherryh
2026-08-23 13:51:33 | INFO | Gold: Carolyn Janice Cherry (born September 1, 1942), better known by the pen name C. J. Cherryh,
2026-08-23 13:51:33 | INFO | Agent metadata: {'selected_path': 'react', 'fallback_used': False, 'react_termination_reason': 'completed'}
2026-08-23 13:51:33 | INFO | Answer | EM: 0.0000 | F1: 0.3333
2026-08-23 13:51:33 | INFO | Result | Correct: False | Running EM: 34.78% | Termination: react_completed | Steps: 2 | Tool calls: 1 | Latency: 18.316s
2026-08-23 13:51:33 | INFO | Prediction: Sapsali
2026-08-23 13:51:33 | INFO | Gold: Sapsali
2026-08-23 13:51:33 | INFO | Agent metadata: {'selected_path': 'react', 'fallback_used': False, 'react_termination_reason': 'completed'}
2026-08-23 13:51:33 | INFO | Answer | EM: 1.0000 | F1: 1.0000
2026-08-23 13:51:33 | INFO | Result | Correct: True | Running EM: 35.48% | Termination: react_completed | Steps: 3 | Tool calls: 2 | Latency: 18.316s
2026-08-23 13:51:33 | INFO | Prediction: Comte de Rochambeau
2026-08-23 13:51:33 | INFO | Gold: Marquis de Lafayette
2026-08-23 13:51:33 | INFO | Agent metadata: {'cot_sc_samples': 21, 'cot_sc_valid_answers': 21, 'cot_sc_winning_count': 6, 'cot_sc_confidence': 0.2857142857142857, 'cot_sc_winning_answer': 'Comte de Rochambeau', 'cot_sc_vote_counts': {'comte de rochambeau': 6, 'marquis de lafayette': 2, 'comte de rochembeau': 2, 'william r caswell': 1, 'duke of lauzun': 1, 'comte de rocheblave': 1, 'louis philippe i duke of orléans': 1, 'count jean de kalb': 1, 'comte de rochechouart': 1, 'count jeancharles de lapérouse': 1, 'count jeanjoseph de gimat': 1, 'louisfrançoisalexandre lesueur': 1, 'count jeanantoine de liomier': 1, 'claudehenri de clermonttonnerre': 1}, 'selected_path': 'cot_sc', 'fallback_used': True, 'cot_sc_paper_threshold': 10.5, 'cot_sc_threshold_met': False, 'react_termination_reason': 'max_steps_exceeded'}
2026-08-23 13:51:33 | INFO | Answer | EM: 0.0000 | F1: 0.3333
2026-08-23 13:51:33 | INFO | Result | Correct: False | Running EM: 35.11% | Termination: fallback_cot_sc | Steps: 28 | Tool calls: 7 | Latency: 18.316s
2026-08-23 13:51:33 | INFO | Prediction: Texas Longhorns football team
2026-08-23 13:51:33 | INFO | Gold: University of Texas Longhorns
2026-08-23 13:51:33 | INFO | Agent metadata: {'cot_sc_samples': 21, 'cot_sc_valid_answers': 21, 'cot_sc_winning_count': 10, 'cot_sc_confidence': 0.47619047619047616, 'cot_sc_winning_answer': 'Texas Longhorns football team', 'cot_sc_vote_counts': {'texas longhorns football team': 10, 'university of texas longhorns football team': 9, 'university of texas longhorns': 2}, 'selected_path': 'cot_sc', 'fallback_used': True, 'cot_sc_paper_threshold': 10.5, 'cot_sc_threshold_met': False, 'react_termination_reason': 'max_steps_exceeded'}
2026-08-23 13:51:33 | INFO | Answer | EM: 0.0000 | F1: 0.5000
2026-08-23 13:51:33 | INFO | Result | Correct: False | Running EM: 34.74% | Termination: fallback_cot_sc | Steps: 28 | Tool calls: 7 | Latency: 18.316s
2026-08-23 13:51:33 | INFO | Prediction: Alexander Scriabin
2026-08-23 13:51:33 | INFO | Gold: Alexander Porfiryevich Borodin
2026-08-23 13:51:33 | INFO | Agent metadata: {'cot_sc_samples': 21, 'cot_sc_valid_answers': 21, 'cot_sc_winning_count': 12, 'cot_sc_confidence': 0.5714285714285714, 'cot_sc_winning_answer': 'Alexander Scriabin', 'cot_sc_vote_counts': {'alexander scriabin': 12, 'none': 1, 'nikolai kareev': 1, 'aleksandr glazunov': 1, 'nikolai rimskykorsakov': 1, 'nikolai tcherepnin': 1, 'none of prominent members of new russian school were known to be both doctors and chemists': 1, 'nikolai rimskykorsakov was composer and doctor but not chemist there isnt clear member known to be both composer doctor and chemist in new russian school': 1, 'none of members of new russian school are known to have been both doctor and chemist besides being composer': 1, 'aleksandr gretsky': 1}, 'selected_path': 'cot_sc', 'fallback_used': True, 'cot_sc_paper_threshold': 10.5, 'cot_sc_threshold_met': True, 'react_termination_reason': 'max_steps_exceeded'}
2026-08-23 13:51:33 | INFO | Answer | EM: 0.0000 | F1: 0.4000
2026-08-23 13:51:33 | INFO | Result | Correct: False | Running EM: 34.38% | Termination: fallback_cot_sc | Steps: 28 | Tool calls: 7 | Latency: 18.316s
2026-08-23 13:51:33 | INFO | Inference batch [97-104/500] size=8
2026-08-23 13:51:33 | INFO | [97/500] example_id=5a87106555429960ec39b71f
2026-08-23 13:51:33 | INFO | Question: Susanna Thompson appeared in the courtroom drama film Ghosts of Mississippi, directed by who?
2026-08-23 13:51:33 | INFO | [98/500] example_id=5a7f296f55429934daa2fd10
2026-08-23 13:51:33 | INFO | Question: Live Wire Radio will possibly be considered as a replacement for a variety show created in what year?
2026-08-23 13:51:33 | INFO | [99/500] example_id=5ae14b5c55429920d52343aa
2026-08-23 13:51:33 | INFO | Question: Luke Rockhold defeated the MMA fighter who was the first to earn a win against which champion in the UFC?
2026-08-23 13:51:33 | INFO | [100/500] example_id=5a88b3b4554299206df2b336
2026-08-23 13:51:33 | INFO | Question: What type of art does The Consul and Arlecchino have in common?
2026-08-23 13:51:33 | INFO | [101/500] example_id=5add67705542992ae4cec54f
2026-08-23 13:51:33 | INFO | Question: Who is a Brazilian mixed martial artist in the UFC who Namsaknoi Yudthagarngamtorn coached?
2026-08-23 13:51:33 | INFO | [102/500] example_id=5a875fee5542996e4f3087ab
2026-08-23 13:51:33 | INFO | Question: Which has more species, Lysiloma or Hydrocotyle umbellata?
2026-08-23 13:51:33 | INFO | [103/500] example_id=5ab2b630554299545a2cfa17
2026-08-23 13:51:33 | INFO | Question: Are the films Gasland from 2010 and Pumping Iron from 1977 both documentaries?
2026-08-23 13:51:33 | INFO | [104/500] example_id=5a851ba95542997175ce1f81
2026-08-23 13:51:33 | INFO | Question: Rosemary Willis was seen in the grass in what Texas town, where John F. Kennedy was assassinated?
2026-08-23 13:53:27 | INFO | Prediction: Rob Reiner
2026-08-23 13:53:27 | INFO | Gold: Rob Reiner
2026-08-23 13:53:27 | INFO | Agent metadata: {'selected_path': 'react', 'fallback_used': False, 'react_termination_reason': 'completed'}
2026-08-23 13:53:27 | INFO | Answer | EM: 1.0000 | F1: 1.0000
2026-08-23 13:53:27 | INFO | Result | Correct: True | Running EM: 35.05% | Termination: react_completed | Steps: 2 | Tool calls: 1 | Latency: 14.295s
2026-08-23 13:53:27 | INFO | Prediction: 1980
2026-08-23 13:53:27 | INFO | Gold: 1974
2026-08-23 13:53:27 | INFO | Agent metadata: {'selected_path': 'react', 'fallback_used': False, 'react_termination_reason': 'completed'}
2026-08-23 13:53:27 | INFO | Answer | EM: 0.0000 | F1: 0.0000
2026-08-23 13:53:27 | INFO | Result | Correct: False | Running EM: 34.69% | Termination: react_completed | Steps: 4 | Tool calls: 3 | Latency: 14.295s
2026-08-23 13:53:27 | INFO | Prediction: Henry Cejudo
2026-08-23 13:53:27 | INFO | Gold: Anderson Silva
2026-08-23 13:53:27 | INFO | Agent metadata: {'cot_sc_samples': 21, 'cot_sc_valid_answers': 21, 'cot_sc_winning_count': 7, 'cot_sc_confidence': 0.3333333333333333, 'cot_sc_winning_answer': 'Henry Cejudo', 'cot_sc_vote_counts': {'henry cejudo': 7, 'michael bisping': 3, 'lyoto machida': 2, 'luke rockhold defeated robert whittaker': 2, 'luke rockhold defeated robert whittaker who was first to earn win against ufc welterweight champion': 1, 'luke rockhold': 1, 'henry harrison': 1, 'luke rockhold defeated ufc light heavyweight champion': 1, 'luke rockhold defeated interim ufc middleweight champion who was first to win against him': 1, 'chris weidman': 1, 'joe riggs': 1}, 'selected_path': 'cot_sc', 'fallback_used': True, 'cot_sc_paper_threshold': 10.5, 'cot_sc_threshold_met': False, 'react_termination_reason': 'max_steps_exceeded'}
2026-08-23 13:53:27 | INFO | Answer | EM: 0.0000 | F1: 0.0000
2026-08-23 13:53:27 | INFO | Result | Correct: False | Running EM: 34.34% | Termination: fallback_cot_sc | Steps: 28 | Tool calls: 7 | Latency: 14.295s
2026-08-23 13:53:27 | INFO | Prediction: opera
2026-08-23 13:53:27 | INFO | Gold: music
2026-08-23 13:53:27 | INFO | Agent metadata: {'selected_path': 'react', 'fallback_used': False, 'react_termination_reason': 'completed'}
2026-08-23 13:53:27 | INFO | Answer | EM: 0.0000 | F1: 0.0000
2026-08-23 13:53:27 | INFO | Result | Correct: False | Running EM: 34.00% | Termination: react_completed | Steps: 5 | Tool calls: 4 | Latency: 14.295s
2026-08-23 13:53:27 | INFO | Prediction: Anderson Silva
2026-08-23 13:53:27 | INFO | Gold: Rafael Souza dos Anjos
2026-08-23 13:53:27 | INFO | Agent metadata: {'cot_sc_samples': 21, 'cot_sc_valid_answers': 21, 'cot_sc_winning_count': 3, 'cot_sc_confidence': 0.14285714285714285, 'cot_sc_winning_answer': 'Anderson Silva', 'cot_sc_vote_counts': {'anderson silva': 3, 'renan barão': 2, 'diego brandão': 2, 'there is no evidence that namsaknoi yudthagarngamtorn coached brazilian mixed martial artist in ufc': 1, 'joé jiujitsu': 1, 'breno santana': 1, 'breno santanna': 1, 'joé里卡多·德·利马': 1, 'josé aldo': 1, 'paulo costa': 1, 'renan barao': 1, 'alan belcher': 1, 'joao carvalho': 1, 'joaquin nieves': 1, 'andré souza': 1, 'rafael dos anjos': 1, 'allan xavier': 1}, 'selected_path': 'cot_sc', 'fallback_used': True, 'cot_sc_paper_threshold': 10.5, 'cot_sc_threshold_met': False, 'react_termination_reason': 'max_steps_exceeded'}
2026-08-23 13:53:27 | INFO | Answer | EM: 0.0000 | F1: 0.0000
2026-08-23 13:53:27 | INFO | Result | Correct: False | Running EM: 33.66% | Termination: fallback_cot_sc | Steps: 28 | Tool calls: 7 | Latency: 14.295s
2026-08-23 13:53:27 | INFO | Prediction: Lysiloma
2026-08-23 13:53:27 | INFO | Gold: Lysiloma
2026-08-23 13:53:27 | INFO | Agent metadata: {'selected_path': 'react', 'fallback_used': False, 'react_termination_reason': 'completed'}
2026-08-23 13:53:27 | INFO | Answer | EM: 1.0000 | F1: 1.0000
2026-08-23 13:53:27 | INFO | Result | Correct: True | Running EM: 34.31% | Termination: react_completed | Steps: 3 | Tool calls: 2 | Latency: 14.295s
2026-08-23 13:53:27 | INFO | Prediction: yes
2026-08-23 13:53:27 | INFO | Gold: yes
2026-08-23 13:53:27 | INFO | Agent metadata: {'selected_path': 'react', 'fallback_used': False, 'react_termination_reason': 'completed'}
2026-08-23 13:53:27 | INFO | Answer | EM: 1.0000 | F1: 1.0000
2026-08-23 13:53:27 | INFO | Result | Correct: True | Running EM: 34.95% | Termination: react_completed | Steps: 4 | Tool calls: 3 | Latency: 14.295s
2026-08-23 13:53:27 | INFO | Prediction: Dealey Plaza, Dallas, Texas
2026-08-23 13:53:27 | INFO | Gold: Dallas
2026-08-23 13:53:27 | INFO | Agent metadata: {'selected_path': 'react', 'fallback_used': False, 'react_termination_reason': 'completed'}
2026-08-23 13:53:27 | INFO | Answer | EM: 0.0000 | F1: 0.4000
2026-08-23 13:53:27 | INFO | Result | Correct: False | Running EM: 34.62% | Termination: react_completed | Steps: 3 | Tool calls: 2 | Latency: 14.295s
2026-08-23 13:53:27 | INFO | Inference batch [105-112/500] size=8
2026-08-23 13:53:27 | INFO | [105/500] example_id=5ae1d0e8554299234fd0430a
2026-08-23 13:53:27 | INFO | Question: Which king of Northumbria did The "Historia" gives the abbot central place in his election as king
2026-08-23 13:53:27 | INFO | [106/500] example_id=5ae1ebf95542997283cd22f2
2026-08-23 13:53:27 | INFO | Question: Mooreville, Mississippi is located on which Interstate highway that follows US Route 78?
2026-08-23 13:53:27 | INFO | [107/500] example_id=5a81d0515542990a1d231ed4
2026-08-23 13:53:27 | INFO | Question: Where is the casino that Summer Nights takes place in?
2026-08-23 13:53:27 | INFO | [108/500] example_id=5ae35e8c5542990afbd1e120
2026-08-23 13:53:27 | INFO | Question: who was the anthropologist who thought that the plaster casts that were discovered by Paul Freeman were a critical piece of evidence?
2026-08-23 13:53:27 | INFO | [109/500] example_id=5a87ed5b5542994846c1cdfc
2026-08-23 13:53:27 | INFO | Question: What type of license is the open source roguelike video game video released 2012, in which a subset of it's pricing model is a called free-to-play, licensed under?
2026-08-23 13:53:27 | INFO | [110/500] example_id=5abc41315542993a06baf8bb
2026-08-23 13:53:27 | INFO | Question: Mía Maestro had a role in the 2002 biopic directed by whom?
2026-08-23 13:53:27 | INFO | [111/500] example_id=5a7be1ab5542997c3ec972a9
2026-08-23 13:53:27 | INFO | Question: UFO Magazine covers what subject named for Charles Hoy Fort?
2026-08-23 13:53:27 | INFO | [112/500] example_id=5a840e395542992ef85e239d
2026-08-23 13:53:27 | INFO | Question: Are both The Straight Story and Frozen films of the same genre?
2026-08-23 13:55:39 | INFO | Prediction: Edwin of Northumbria
2026-08-23 13:55:39 | INFO | Gold: Guthred or Guthfrith
2026-08-23 13:55:39 | INFO | Agent metadata: {'cot_sc_samples': 21, 'cot_sc_valid_answers': 21, 'cot_sc_winning_count': 3, 'cot_sc_confidence': 0.14285714285714285, 'cot_sc_winning_answer': 'Edwin of Northumbria', 'cot_sc_vote_counts': {'edwin of northumbria': 3, 'cadwallon ap cadfan': 2, 'ecgfrith': 2, 'king cadwallader': 2, 'cadwallader': 2, 'oswald': 1, 'historia regum britanniae does not give abbot central place in election of any historical northumbrian king': 1, 'king ælla of deira and king oswald': 1, 'cadwallon ap cadwallon': 1, 'gerontius riotimus': 1, 'saint cuthbert ecgfrith of northumbria': 1, 'king edwin of northumbria': 1, 'egfrid': 1, 'historia ecclesiastica gentis anglorum does not give abbot central place in election of king as king of northumbria': 1, 'einion yrth': 1}, 'selected_path': 'cot_sc', 'fallback_used': True, 'cot_sc_paper_threshold': 10.5, 'cot_sc_threshold_met': False, 'react_termination_reason': 'max_steps_exceeded'}
2026-08-23 13:55:39 | INFO | Answer | EM: 0.0000 | F1: 0.0000
2026-08-23 13:55:39 | INFO | Result | Correct: False | Running EM: 34.29% | Termination: fallback_cot_sc | Steps: 28 | Tool calls: 7 | Latency: 16.508s
2026-08-23 13:55:39 | INFO | Prediction: Interstate 20
2026-08-23 13:55:39 | INFO | Gold: Interstate 22
2026-08-23 13:55:39 | INFO | Agent metadata: {'cot_sc_samples': 21, 'cot_sc_valid_answers': 21, 'cot_sc_winning_count': 16, 'cot_sc_confidence': 0.7619047619047619, 'cot_sc_winning_answer': 'Interstate 20', 'cot_sc_vote_counts': {'interstate 20': 16, 'interstate 59': 2, 'interstate 55': 2, 'interstate 22': 1}, 'selected_path': 'cot_sc', 'fallback_used': True, 'cot_sc_paper_threshold': 10.5, 'cot_sc_threshold_met': True, 'react_termination_reason': 'max_steps_exceeded'}
2026-08-23 13:55:39 | INFO | Answer | EM: 0.0000 | F1: 0.5000
2026-08-23 13:55:39 | INFO | Result | Correct: False | Running EM: 33.96% | Termination: fallback_cot_sc | Steps: 28 | Tool calls: 7 | Latency: 16.508s
2026-08-23 13:55:39 | INFO | Prediction: Las Vegas
2026-08-23 13:55:39 | INFO | Gold: Las Vegas Strip in Paradise, Nevada
2026-08-23 13:55:39 | INFO | Agent metadata: {'cot_sc_samples': 21, 'cot_sc_valid_answers': 21, 'cot_sc_winning_count': 3, 'cot_sc_confidence': 0.14285714285714285, 'cot_sc_winning_answer': 'Las Vegas', 'cot_sc_vote_counts': {'las vegas': 3, 'rydell high school gymnasium': 2, 'sands hotel and casino in atlantic city new jersey': 1, 'boardwalk hall and showboat in atlantic city new jersey': 1, 'flamingo las vegas': 1, 'el rancho vegas': 1, 'circus world casino': 1, 'stratosphere hotel and casino in las vegas': 1, 'riviera casino in las vegas': 1, 'sands casino in atlantic city new jersey': 1, 'fictional casino in las vegas': 1, 'casino in summer nights is tropicalthemed outdoor casino from beach blanket ballet': 1, 'venetian las vegas': 1, 'rydell high school dance not casino': 1, 'riviera hotel and casino in las vegas': 1, 'cobra': 1, 'gold dust twins': 1, 'luna park casino at coney island': 1}, 'selected_path': 'cot_sc', 'fallback_used': True, 'cot_sc_paper_threshold': 10.5, 'cot_sc_threshold_met': False, 'react_termination_reason': 'max_steps_exceeded'}
2026-08-23 13:55:39 | INFO | Answer | EM: 0.0000 | F1: 0.5000
2026-08-23 13:55:39 | INFO | Result | Correct: False | Running EM: 33.64% | Termination: fallback_cot_sc | Steps: 28 | Tool calls: 6 | Latency: 16.508s
2026-08-23 13:55:39 | INFO | Prediction: Jeff Meldrum, Grover Krantz
2026-08-23 13:55:39 | INFO | Gold: Don Jeffrey "Jeff" Meldrum (born May 24, 1958) is a Professor of Anatomy and Anthropology
2026-08-23 13:55:39 | INFO | Agent metadata: {'selected_path': 'react', 'fallback_used': False, 'react_termination_reason': 'completed'}
2026-08-23 13:55:39 | INFO | Answer | EM: 0.0000 | F1: 0.2222
2026-08-23 13:55:39 | INFO | Result | Correct: False | Running EM: 33.33% | Termination: react_completed | Steps: 4 | Tool calls: 3 | Latency: 16.508s
2026-08-23 13:55:39 | INFO | Prediction: GNU General Public License (GPL)
2026-08-23 13:55:39 | INFO | Gold: GNU GPLv3
2026-08-23 13:55:39 | INFO | Agent metadata: {'cot_sc_samples': 21, 'cot_sc_valid_answers': 21, 'cot_sc_winning_count': 11, 'cot_sc_confidence': 0.5238095238095238, 'cot_sc_winning_answer': 'GNU General Public License (GPL)', 'cot_sc_vote_counts': {'gnu general public license gpl': 11, 'mit license': 3, 'gnu general public license version 3 gplv3': 2, 'gnu general public license': 2, 'zliblibpng license': 2, 'zlib license': 1}, 'selected_path': 'cot_sc', 'fallback_used': True, 'cot_sc_paper_threshold': 10.5, 'cot_sc_threshold_met': True, 'react_termination_reason': 'max_steps_exceeded'}
2026-08-23 13:55:39 | INFO | Answer | EM: 0.0000 | F1: 0.2857
2026-08-23 13:55:39 | INFO | Result | Correct: False | Running EM: 33.03% | Termination: fallback_cot_sc | Steps: 28 | Tool calls: 6 | Latency: 16.508s
2026-08-23 13:55:39 | INFO | Prediction: Julie Taymor
2026-08-23 13:55:39 | INFO | Gold: Julie Taymor
2026-08-23 13:55:39 | INFO | Agent metadata: {'selected_path': 'react', 'fallback_used': False, 'react_termination_reason': 'completed'}
2026-08-23 13:55:39 | INFO | Answer | EM: 1.0000 | F1: 1.0000
2026-08-23 13:55:39 | INFO | Result | Correct: True | Running EM: 33.64% | Termination: react_completed | Steps: 3 | Tool calls: 2 | Latency: 16.508s
2026-08-23 13:55:39 | INFO | Prediction: anomalous phenomena
2026-08-23 13:55:39 | INFO | Gold: Fortean
2026-08-23 13:55:39 | INFO | Agent metadata: {'selected_path': 'react', 'fallback_used': False, 'react_termination_reason': 'completed'}
2026-08-23 13:55:39 | INFO | Answer | EM: 0.0000 | F1: 0.0000
2026-08-23 13:55:39 | INFO | Result | Correct: False | Running EM: 33.33% | Termination: react_completed | Steps: 5 | Tool calls: 4 | Latency: 16.508s
2026-08-23 13:55:39 | INFO | Prediction: No
2026-08-23 13:55:39 | INFO | Gold: no
2026-08-23 13:55:39 | INFO | Agent metadata: {'cot_sc_samples': 21, 'cot_sc_valid_answers': 21, 'cot_sc_winning_count': 21, 'cot_sc_confidence': 1.0, 'cot_sc_winning_answer': 'No', 'cot_sc_vote_counts': {'no': 21}, 'selected_path': 'cot_sc', 'fallback_used': True, 'cot_sc_paper_threshold': 10.5, 'cot_sc_threshold_met': True, 'react_termination_reason': 'max_steps_exceeded'}
2026-08-23 13:55:39 | INFO | Answer | EM: 1.0000 | F1: 1.0000
2026-08-23 13:55:39 | INFO | Result | Correct: True | Running EM: 33.93% | Termination: fallback_cot_sc | Steps: 28 | Tool calls: 7 | Latency: 16.508s
2026-08-23 13:55:39 | INFO | Inference batch [113-120/500] size=8
2026-08-23 13:55:39 | INFO | [113/500] example_id=5ae8167b55429952e35eaa06
2026-08-23 13:55:39 | INFO | Question: What 1876 battle featured the Other Magpie?
2026-08-23 13:55:39 | INFO | [114/500] example_id=5a776a805542993735360269
2026-08-23 13:55:39 | INFO | Question: What Disney movie was the wrestler with the real name of John William Minton in?
2026-08-23 13:55:39 | INFO | [115/500] example_id=5ab4b9f75542990594ba9ca4
2026-08-23 13:55:39 | INFO | Question: Who covered the song I Love You by Chris Write?
2026-08-23 13:55:39 | INFO | [116/500] example_id=5a78e3b955429974737f78f1
2026-08-23 13:55:39 | INFO | Question: Who was born first, Javier Frana or Sherwood Stewart?
2026-08-23 13:55:39 | INFO | [117/500] example_id=5a851b0d5542997175ce1f7f
2026-08-23 13:55:39 | INFO | Question: Are Dogo Cubano and the Dutch Shepherd both breeds of dog?
2026-08-23 13:55:39 | INFO | [118/500] example_id=5a78b5f7554299148911f95b
2026-08-23 13:55:39 | INFO | Question: Spawn, a fictional character who Mustafa Shakir has expressed interest in playing, was created by?
2026-08-23 13:55:39 | INFO | [119/500] example_id=5ab4304a55429942dd415ec5
2026-08-23 13:55:39 | INFO | Question: To where did the war criminal who is the fictional defendant in the film After the Truth flee in real life ?
2026-08-23 13:55:39 | INFO | [120/500] example_id=5a72dcb45542992359bc31af
2026-08-23 13:55:39 | INFO | Question: What company did Rex Maughan aquire?
2026-08-23 13:57:26 | INFO | Prediction: Battle of the Rosebud
2026-08-23 13:57:26 | INFO | Gold: Battle of the Rosebud
2026-08-23 13:57:26 | INFO | Agent metadata: {'selected_path': 'react', 'fallback_used': False, 'react_termination_reason': 'completed'}
2026-08-23 13:57:26 | INFO | Answer | EM: 1.0000 | F1: 1.0000
2026-08-23 13:57:26 | INFO | Result | Correct: True | Running EM: 34.51% | Termination: react_completed | Steps: 3 | Tool calls: 2 | Latency: 13.376s
2026-08-23 13:57:26 | INFO | Prediction: So Dear to My Heart
2026-08-23 13:57:26 | INFO | Gold: Double Agent
2026-08-23 13:57:26 | INFO | Agent metadata: {'cot_sc_samples': 21, 'cot_sc_valid_answers': 21, 'cot_sc_winning_count': 1, 'cot_sc_confidence': 0.047619047619047616, 'cot_sc_winning_answer': 'So Dear to My Heart', 'cot_sc_vote_counts': {'so dear to my heart': 1, 'iron giant': 1, 'bunnicula and legend of paul bunion': 1, 'kiss kiss bang bang': 1, 'rock star': 1, 'phineas and ferb across second dimension': 1, 'bambi': 1, 'parent trap': 1, 'zorro': 1, 'rescuers down under': 1, 'rescuers': 1, 'night at museum battle of smithsonian': 1, 'kid from newberry township how i got rich tossing coins at plaza hotel other adventures of my wilder years': 1, 'dumbo': 1, 'moana': 1, 'rocketeer': 1, 'cool runnings': 1, 'hercules': 1, 'brave little toaster': 1, 'ranch rats': 1, 'kong skull island': 1}, 'selected_path': 'cot_sc', 'fallback_used': True, 'cot_sc_paper_threshold': 10.5, 'cot_sc_threshold_met': False, 'react_termination_reason': 'max_steps_exceeded'}
2026-08-23 13:57:26 | INFO | Answer | EM: 0.0000 | F1: 0.0000
2026-08-23 13:57:26 | INFO | Result | Correct: False | Running EM: 34.21% | Termination: fallback_cot_sc | Steps: 28 | Tool calls: 7 | Latency: 13.376s
2026-08-23 13:57:26 | INFO | Prediction: New Order
2026-08-23 13:57:26 | INFO | Gold: People! and The Carnabeats
2026-08-23 13:57:26 | INFO | Agent metadata: {'cot_sc_samples': 21, 'cot_sc_valid_answers': 21, 'cot_sc_winning_count': 1, 'cot_sc_confidence': 0.047619047619047616, 'cot_sc_winning_answer': 'New Order', 'cot_sc_vote_counts': {'new order': 1, 'chris write original artist': 1, 'mel tillis': 1, 'not specified in existing knowledge': 1, 'song i love you by chris write has not been covered by any other notable artists': 1, 'lee greenwood': 1, 'not enough information provided': 1, 'bellamy brothers': 1, 'beach boys': 1, 'spinanes': 1, 'barenaked ladies': 1, 'swing out sister': 1, 'george michael': 1, 'george benson': 1, 'bangles': 1, 'sugarland covered song i love you by chris write': 1, 'tony bennett and imogen heap': 1, 'aha': 1, 'dolly parton and emmylou harris': 1, 'hinder covered song i love you originally by chris write': 1, 'black eyed peas': 1}, 'selected_path': 'cot_sc', 'fallback_used': True, 'cot_sc_paper_threshold': 10.5, 'cot_sc_threshold_met': False, 'react_termination_reason': 'max_steps_exceeded'}
2026-08-23 13:57:26 | INFO | Answer | EM: 0.0000 | F1: 0.0000
2026-08-23 13:57:26 | INFO | Result | Correct: False | Running EM: 33.91% | Termination: fallback_cot_sc | Steps: 28 | Tool calls: 7 | Latency: 13.376s
2026-08-23 13:57:26 | INFO | Prediction: Sherwood Stewart
2026-08-23 13:57:26 | INFO | Gold: Sherwood Stewart
2026-08-23 13:57:26 | INFO | Agent metadata: {'selected_path': 'react', 'fallback_used': False, 'react_termination_reason': 'completed'}
2026-08-23 13:57:26 | INFO | Answer | EM: 1.0000 | F1: 1.0000
2026-08-23 13:57:26 | INFO | Result | Correct: True | Running EM: 34.48% | Termination: react_completed | Steps: 3 | Tool calls: 2 | Latency: 13.376s
2026-08-23 13:57:26 | INFO | Prediction: yes
2026-08-23 13:57:26 | INFO | Gold: yes
2026-08-23 13:57:26 | INFO | Agent metadata: {'selected_path': 'react', 'fallback_used': False, 'react_termination_reason': 'completed'}
2026-08-23 13:57:26 | INFO | Answer | EM: 1.0000 | F1: 1.0000
2026-08-23 13:57:26 | INFO | Result | Correct: True | Running EM: 35.04% | Termination: react_completed | Steps: 3 | Tool calls: 2 | Latency: 13.376s
2026-08-23 13:57:26 | INFO | Prediction: Todd McFarlane
2026-08-23 13:57:26 | INFO | Gold: Todd McFarlane
2026-08-23 13:57:26 | INFO | Agent metadata: {'selected_path': 'react', 'fallback_used': False, 'react_termination_reason': 'completed'}
2026-08-23 13:57:26 | INFO | Answer | EM: 1.0000 | F1: 1.0000
2026-08-23 13:57:26 | INFO | Result | Correct: True | Running EM: 35.59% | Termination: react_completed | Steps: 2 | Tool calls: 1 | Latency: 13.376s
2026-08-23 13:57:26 | INFO | Prediction: Argentina
2026-08-23 13:57:26 | INFO | Gold: South America
2026-08-23 13:57:26 | INFO | Agent metadata: {'cot_sc_samples': 21, 'cot_sc_valid_answers': 21, 'cot_sc_winning_count': 10, 'cot_sc_confidence': 0.47619047619047616, 'cot_sc_winning_answer': 'Argentina', 'cot_sc_vote_counts': {'argentina': 10, 'united states': 3, 'brazil': 1, 'chile': 1, 'germany': 1, 'cannot determine with certainty without additional context linking adam lang to specific historical figure': 1, 'russia': 1, 'serbia and bosnia': 1, 'austria': 1, 'iran and then brazil': 1}, 'selected_path': 'cot_sc', 'fallback_used': True, 'cot_sc_paper_threshold': 10.5, 'cot_sc_threshold_met': False, 'react_termination_reason': 'max_steps_exceeded'}
2026-08-23 13:57:26 | INFO | Answer | EM: 0.0000 | F1: 0.0000
2026-08-23 13:57:26 | INFO | Result | Correct: False | Running EM: 35.29% | Termination: fallback_cot_sc | Steps: 28 | Tool calls: 7 | Latency: 13.376s
2026-08-23 13:57:26 | INFO | Prediction: Forever Living Products
2026-08-23 13:57:26 | INFO | Gold: Aloe Vera of America
2026-08-23 13:57:26 | INFO | Agent metadata: {'selected_path': 'react', 'fallback_used': False, 'react_termination_reason': 'completed'}
2026-08-23 13:57:26 | INFO | Answer | EM: 0.0000 | F1: 0.0000
2026-08-23 13:57:26 | INFO | Result | Correct: False | Running EM: 35.00% | Termination: react_completed | Steps: 2 | Tool calls: 1 | Latency: 13.376s
2026-08-23 13:57:26 | INFO | Inference batch [121-128/500] size=8
2026-08-23 13:57:26 | INFO | [121/500] example_id=5a7e0ed25542991319bc9424
2026-08-23 13:57:26 | INFO | Question: The 249th episode of "The Simpsons" was aired on what date?
2026-08-23 13:57:26 | INFO | [122/500] example_id=5ab9e477554299232ef4a25d
2026-08-23 13:57:26 | INFO | Question: Which was built first Woolworth Building or 1 New York Plaza?
2026-08-23 13:57:26 | INFO | [123/500] example_id=5ab900045542991b5579f0c0
2026-08-23 13:57:26 | INFO | Question: Where is the concert venue which hosted the first US performance of "Libuše" located?
2026-08-23 13:57:26 | INFO | [124/500] example_id=5ab6e848554299710c8d1faa
2026-08-23 13:57:26 | INFO | Question: When was the advisor of Alpher–Bethe–Gamow paper died?
2026-08-23 13:57:26 | INFO | [125/500] example_id=5a7dc2495542997cc2c4749a
2026-08-23 13:57:26 | INFO | Question: What competition held in Kathmandu, Nepal did Julian Bolling compete in 1984?
2026-08-23 13:57:26 | INFO | [126/500] example_id=5a84e9d35542994c784dda84
2026-08-23 13:57:26 | INFO | Question: The Nike Mercurial Vapor is endorsed by a Stoke City football player who also plays for what national team?
2026-08-23 13:57:26 | INFO | [127/500] example_id=5a7cfea2554299452d57babe
2026-08-23 13:57:26 | INFO | Question: Which aired first, Life After People or Werner Herzog Eats His Shoe?
2026-08-23 13:57:26 | INFO | [128/500] example_id=5ae497f15542995ad6573db8
2026-08-23 13:57:26 | INFO | Question: What NIFL Premier Intermediate League team did Sean Connor play for?
2026-08-23 13:59:57 | INFO | Prediction: April 14, 1991
2026-08-23 13:59:57 | INFO | Gold: November 1, 2000
2026-08-23 13:59:57 | INFO | Agent metadata: {'cot_sc_samples': 21, 'cot_sc_valid_answers': 21, 'cot_sc_winning_count': 2, 'cot_sc_confidence': 0.09523809523809523, 'cot_sc_winning_answer': 'April 14, 1991', 'cot_sc_vote_counts': {'april 14 1991': 2, 'april 1 1995': 2, 'december 16 2009': 1, 'star is burns renumbered to 250th episode aired on february 28 1993': 1, 'april 23 1995': 1, 'april 14 1996': 1, 'april 19 1992': 1, 'april 16 2002': 1, 'april 25 1999': 1, 'exact air date for 249th episode of simpsons is not provided in my current knowledge base': 1, 'april 15 2001': 1, 'april 1 2001': 1, 'november 5 2000': 1, 'february 25 2001': 1, 'april 22 1995': 1, 'october 25 1998': 1, 'april 14 2002': 1, 'november 5 1995': 1, 'november 19 1993': 1}, 'selected_path': 'cot_sc', 'fallback_used': True, 'cot_sc_paper_threshold': 10.5, 'cot_sc_threshold_met': False, 'react_termination_reason': 'max_steps_exceeded'}
2026-08-23 13:59:57 | INFO | Answer | EM: 0.0000 | F1: 0.0000
2026-08-23 13:59:57 | INFO | Result | Correct: False | Running EM: 34.71% | Termination: fallback_cot_sc | Steps: 28 | Tool calls: 6 | Latency: 18.807s
2026-08-23 13:59:57 | INFO | Prediction: Woolworth Building
2026-08-23 13:59:57 | INFO | Gold: Woolworth Building
2026-08-23 13:59:57 | INFO | Agent metadata: {'cot_sc_samples': 21, 'cot_sc_valid_answers': 21, 'cot_sc_winning_count': 21, 'cot_sc_confidence': 1.0, 'cot_sc_winning_answer': 'Woolworth Building', 'cot_sc_vote_counts': {'woolworth building': 21}, 'selected_path': 'cot_sc', 'fallback_used': True, 'cot_sc_paper_threshold': 10.5, 'cot_sc_threshold_met': True, 'react_termination_reason': 'max_steps_exceeded'}
2026-08-23 13:59:57 | INFO | Answer | EM: 1.0000 | F1: 1.0000
2026-08-23 13:59:57 | INFO | Result | Correct: True | Running EM: 35.25% | Termination: fallback_cot_sc | Steps: 28 | Tool calls: 7 | Latency: 18.807s
2026-08-23 13:59:57 | INFO | Prediction: Midtown Manhattan, New York City
2026-08-23 13:59:57 | INFO | Gold: Midtown Manhattan in New York City,
2026-08-23 13:59:57 | INFO | Agent metadata: {'selected_path': 'react', 'fallback_used': False, 'react_termination_reason': 'completed'}
2026-08-23 13:59:57 | INFO | Answer | EM: 0.0000 | F1: 0.9091
2026-08-23 13:59:57 | INFO | Result | Correct: False | Running EM: 34.96% | Termination: react_completed | Steps: 6 | Tool calls: 5 | Latency: 18.807s
2026-08-23 13:59:57 | INFO | Prediction: August 19, 1968
2026-08-23 13:59:57 | INFO | Gold: August 19, 1968
2026-08-23 13:59:57 | INFO | Agent metadata: {'selected_path': 'react', 'fallback_used': False, 'react_termination_reason': 'completed'}
2026-08-23 13:59:57 | INFO | Answer | EM: 1.0000 | F1: 1.0000
2026-08-23 13:59:57 | INFO | Result | Correct: True | Running EM: 35.48% | Termination: react_completed | Steps: 3 | Tool calls: 2 | Latency: 18.807s
2026-08-23 13:59:57 | INFO | Prediction: World High Diving Championships
2026-08-23 13:59:57 | INFO | Gold: 1984 South Asian Games
2026-08-23 13:59:57 | INFO | Agent metadata: {'cot_sc_samples': 21, 'cot_sc_valid_answers': 21, 'cot_sc_winning_count': 3, 'cot_sc_confidence': 0.14285714285714285, 'cot_sc_winning_answer': 'World High Diving Championships', 'cot_sc_vote_counts': {'world high diving championships': 3, 'himalayan mountaineering championship': 2, '1984 asian athletics championships': 1, 'uiaa alpine world championships': 1, 'mount everest base camp marathon': 1, '2nd asian diving championships': 1, 'lake phewa ice swimming competition': 1, 'no specific competition in kathmandu is known for julian bolling in 1984': 1, 'kathmandu international climb': 1, 'world high diving championship': 1, 'kathmandu open squash championships': 1, 'world high diving federation championship': 1, '无法确定 julian bolling 在 1984 年参加的是哪个具体比赛。': 1, 'insufficient information to determine specific competition in 1984': 1, '1984 kathmandu chess tournament': 1, 'himalayan mountaineering festival': 1, 'no competition held in kathmandu nepal in 1984 that julian bolling competed in': 1, 'no competition in kathmandu nepal in 1984 for julian bolling': 1}, 'selected_path': 'cot_sc', 'fallback_used': True, 'cot_sc_paper_threshold': 10.5, 'cot_sc_threshold_met': False, 'react_termination_reason': 'max_steps_exceeded'}
2026-08-23 13:59:57 | INFO | Answer | EM: 0.0000 | F1: 0.0000
2026-08-23 13:59:57 | INFO | Result | Correct: False | Running EM: 35.20% | Termination: fallback_cot_sc | Steps: 28 | Tool calls: 7 | Latency: 18.807s
2026-08-23 13:59:57 | INFO | Prediction: England national team
2026-08-23 13:59:57 | INFO | Gold: the Switzerland national team
2026-08-23 13:59:57 | INFO | Agent metadata: {'cot_sc_samples': 21, 'cot_sc_valid_answers': 21, 'cot_sc_winning_count': 8, 'cot_sc_confidence': 0.38095238095238093, 'cot_sc_winning_answer': 'England national team', 'cot_sc_vote_counts': {'england national team': 8, 'england national football team': 2, 'not applicable based on current information': 1, 'switzerland national team': 1, '荷兰国家队': 1, 'nigeria': 1, 'morocco national team': 1, 'wales national team': 1, '英格兰国家团队': 1, 'morocco': 1, 'senegal national team': 1, 'nigeria national team': 1, 'german national team': 1}, 'selected_path': 'cot_sc', 'fallback_used': True, 'cot_sc_paper_threshold': 10.5, 'cot_sc_threshold_met': False, 'react_termination_reason': 'action_loop'}
2026-08-23 13:59:57 | INFO | Answer | EM: 0.0000 | F1: 0.6667
2026-08-23 13:59:57 | INFO | Result | Correct: False | Running EM: 34.92% | Termination: fallback_cot_sc | Steps: 28 | Tool calls: 5 | Latency: 18.807s
2026-08-23 13:59:57 | INFO | Prediction: Werner Herzog Eats His Shoe
2026-08-23 13:59:57 | INFO | Gold: Werner Herzog Eats His Shoe
2026-08-23 13:59:57 | INFO | Agent metadata: {'selected_path': 'react', 'fallback_used': False, 'react_termination_reason': 'completed'}
2026-08-23 13:59:57 | INFO | Answer | EM: 1.0000 | F1: 1.0000
2026-08-23 13:59:57 | INFO | Result | Correct: True | Running EM: 35.43% | Termination: react_completed | Steps: 3 | Tool calls: 2 | Latency: 18.807s
2026-08-23 13:59:57 | INFO | Prediction: Information not available
2026-08-23 13:59:57 | INFO | Gold: Distillery
2026-08-23 13:59:57 | INFO | Agent metadata: {'cot_sc_samples': 21, 'cot_sc_valid_answers': 21, 'cot_sc_winning_count': 3, 'cot_sc_confidence': 0.14285714285714285, 'cot_sc_winning_answer': 'Information not available', 'cot_sc_vote_counts': {'information not available': 3, 'not applicable': 2, 'no information available': 2, 'not enough information': 1, 'sean connor did not play for any nifl premier intermediate league team as he is fictional character': 1, 'cannot determine': 1, 'information not available in current knowledge base': 1, 'there is no information available': 1, 'no information available on any nifl premier intermediate league team sean connor played for': 1, 'not applicable as sean connor is fictional character and there is no record of him playing for any nifl premier intermediate league team': 1, 'there is no nifl premier intermediate league team that sean connor played for': 1, 'unable to determine': 1, 'rochester knightriders': 1, 'there is no information available about sean connor playing for any nifl premier intermediate league team': 1, 'not available in records': 1, 'unfortunately specific team sean connor played for in nifl premier intermediate league is not known to me': 1, 'birmingham barracudas': 1}, 'selected_path': 'cot_sc', 'fallback_used': True, 'cot_sc_paper_threshold': 10.5, 'cot_sc_threshold_met': False, 'react_termination_reason': 'max_steps_exceeded'}
2026-08-23 13:59:57 | INFO | Answer | EM: 0.0000 | F1: 0.0000
2026-08-23 13:59:57 | INFO | Result | Correct: False | Running EM: 35.16% | Termination: fallback_cot_sc | Steps: 28 | Tool calls: 7 | Latency: 18.807s
2026-08-23 13:59:57 | INFO | Inference batch [129-136/500] size=8
2026-08-23 13:59:57 | INFO | [129/500] example_id=5ae2133e554299495565d9e3
2026-08-23 13:59:57 | INFO | Question: The first female correspondent for Inside the NFL was replaced by who on the show American Ninja Warrior?
2026-08-23 13:59:57 | INFO | [130/500] example_id=5abfe1115542997d64295909
2026-08-23 13:59:57 | INFO | Question: Bridgewater Triangle is an area where the phenomenon associated with what type of tradition has been seen?
2026-08-23 13:59:57 | INFO | [131/500] example_id=5a8ce55f554299441c6b9f62
2026-08-23 13:59:57 | INFO | Question: The band who released the debut album "Tinted Windows" had their first performance in what city?
2026-08-23 13:59:57 | INFO | [132/500] example_id=5a7c47c35542990527d55481
2026-08-23 13:59:57 | INFO | Question: In the 1970s, which group acquired this department store group in the United Kingdom whose co-founding director is the father of Lieutenant Colonel Donald Swain Lewis?
2026-08-23 13:59:57 | INFO | [133/500] example_id=5ab4107a554299753aec5a2f
2026-08-23 13:59:57 | INFO | Question: The Dogwoman telemovies were created by an actress born in what year?
2026-08-23 13:59:57 | INFO | [134/500] example_id=5a774e415542994aec3b7280
2026-08-23 13:59:57 | INFO | Question: Who fills in occasionally for the meteorologist who replaced  Ginger Zee ?
2026-08-23 13:59:57 | INFO | [135/500] example_id=5abdf06355429976d4830a2d
2026-08-23 13:59:57 | INFO | Question: In Ancient Egyptian religion how would a citizen be weighted to decide if they where worthy of damnation and would face the torment in the lake of fire ?
2026-08-23 13:59:57 | INFO | [136/500] example_id=5a8ac4dd5542992d82986f76
2026-08-23 13:59:57 | INFO | Question: Which town near the county border with North Yorkshire was this Lancashire mill (closed in 1979 and demolished) located?
2026-08-23 14:02:32 | INFO | Prediction: Cannot be determined
2026-08-23 14:02:32 | INFO | Gold: Kristine Leahy
2026-08-23 14:02:32 | INFO | Agent metadata: {'cot_sc_samples': 21, 'cot_sc_valid_answers': 21, 'cot_sc_winning_count': 2, 'cot_sc_confidence': 0.09523809523809523, 'cot_sc_winning_answer': 'Cannot be determined', 'cot_sc_vote_counts': {'cannot be determined': 2, 'kristine phillips kim charles replacement on inside nfl has no known connection to american ninja warrior': 1, 'information provided does not allow determining who replaced first female correspondent for inside nfl nor does it provide details about american ninja warriors casting decisions these are separate events with no direct correlation': 1, 'question as posed contains inconsistency as these are two separate shows with different correspondents': 1, 'no relevant information can be determined about this question based on given context': 1, 'lisa salters was replaced by tisha schuller on inside nfl but there is no information linking this to american ninja warrior': 1, 'there is no relation between replacement of first female correspondent for inside nfl and cast of american ninja warrior': 1, 'lisa salters american ninja warrior has no relevance to this information': 1, 'no': 1, 'question cannot be answered as two shows are unrelated': 1, 'lisa salters kim kardashian west': 1, 'tracy morgan': 1, 'lisa davis was replaced by kristine crane on inside nfl american ninja warrior has its own separate team of correspondents': 1, 'no transition occurred between inside nfl and american ninja warrior': 1, 'no transition occurred between these two shows': 1, 'question as posed contains inconsistency as two shows are unrelated': 1, 'deshawn martin was replaced by kari wegerchuk on american ninja warrior': 1, 'question cannot be answered with given information': 1, 'kristine stewart': 1, 'cannot determine': 1}, 'selected_path': 'cot_sc', 'fallback_used': True, 'cot_sc_paper_threshold': 10.5, 'cot_sc_threshold_met': False, 'react_termination_reason': 'max_steps_exceeded'}
2026-08-23 14:02:32 | INFO | Answer | EM: 0.0000 | F1: 0.0000
2026-08-23 14:02:32 | INFO | Result | Correct: False | Running EM: 34.88% | Termination: fallback_cot_sc | Steps: 28 | Tool calls: 6 | Latency: 19.437s
2026-08-23 14:02:32 | INFO | Prediction: cryptozoology
2026-08-23 14:02:32 | INFO | Gold: Native American
2026-08-23 14:02:32 | INFO | Agent metadata: {'selected_path': 'react', 'fallback_used': False, 'react_termination_reason': 'completed'}
2026-08-23 14:02:32 | INFO | Answer | EM: 0.0000 | F1: 0.0000
2026-08-23 14:02:32 | INFO | Result | Correct: False | Running EM: 34.62% | Termination: react_completed | Steps: 5 | Tool calls: 4 | Latency: 19.437s
2026-08-23 14:02:32 | INFO | Prediction: New York City
2026-08-23 14:02:32 | INFO | Gold: Tulsa
2026-08-23 14:02:32 | INFO | Agent metadata: {'selected_path': 'react', 'fallback_used': False, 'react_termination_reason': 'completed'}
2026-08-23 14:02:32 | INFO | Answer | EM: 0.0000 | F1: 0.0000
2026-08-23 14:02:32 | INFO | Result | Correct: False | Running EM: 34.35% | Termination: react_completed | Steps: 6 | Tool calls: 5 | Latency: 19.437s
2026-08-23 14:02:32 | INFO | Prediction: John Lewis Partnership
2026-08-23 14:02:32 | INFO | Gold: Army & Navy Stores
2026-08-23 14:02:32 | INFO | Agent metadata: {'cot_sc_samples': 21, 'cot_sc_valid_answers': 21, 'cot_sc_winning_count': 10, 'cot_sc_confidence': 0.47619047619047616, 'cot_sc_winning_answer': 'John Lewis Partnership', 'cot_sc_vote_counts': {'john lewis partnership': 10, 'marks spencer': 2, 'f w woolworth company ap': 1, 'walmart': 1, 'whsmith group': 1, 'rank': 1, 'waitrose limited': 1, 'selfridges group': 1, 'f w woolworth': 1, 'tesco': 1, 'john lewis group': 1}, 'selected_path': 'cot_sc', 'fallback_used': True, 'cot_sc_paper_threshold': 10.5, 'cot_sc_threshold_met': False, 'react_termination_reason': 'action_loop'}
2026-08-23 14:02:32 | INFO | Answer | EM: 0.0000 | F1: 0.0000
2026-08-23 14:02:32 | INFO | Result | Correct: False | Running EM: 34.09% | Termination: fallback_cot_sc | Steps: 25 | Tool calls: 2 | Latency: 19.437s
2026-08-23 14:02:32 | INFO | Prediction: 1949
2026-08-23 14:02:32 | INFO | Gold: 1961
2026-08-23 14:02:32 | INFO | Agent metadata: {'cot_sc_samples': 21, 'cot_sc_valid_answers': 21, 'cot_sc_winning_count': 2, 'cot_sc_confidence': 0.09523809523809523, 'cot_sc_winning_answer': '1949', 'cot_sc_vote_counts': {'1949': 2, '1951': 2, '1935': 2, '1953': 2, '1943': 2, '1960': 1, '1937': 1, '1959': 1, '1938': 1, '1948': 1, '1932': 1, '1926': 1, '1941': 1, '1946': 1, '1936': 1, '1955': 1}, 'selected_path': 'cot_sc', 'fallback_used': True, 'cot_sc_paper_threshold': 10.5, 'cot_sc_threshold_met': False, 'react_termination_reason': 'action_loop'}
2026-08-23 14:02:32 | INFO | Answer | EM: 0.0000 | F1: 0.0000
2026-08-23 14:02:32 | INFO | Result | Correct: False | Running EM: 33.83% | Termination: fallback_cot_sc | Steps: 24 | Tool calls: 1 | Latency: 19.437s
2026-08-23 14:02:32 | INFO | Prediction: Sam Champion
2026-08-23 14:02:32 | INFO | Gold: Kait Parker
2026-08-23 14:02:32 | INFO | Agent metadata: {'cot_sc_samples': 21, 'cot_sc_valid_answers': 21, 'cot_sc_winning_count': 2, 'cot_sc_confidence': 0.09523809523809523, 'cot_sc_winning_answer': 'Sam Champion', 'cot_sc_vote_counts': {'sam champion': 2, 'information on who fills in occasionally for anthony nocumbinio is not readily available': 1, 'it is not specified who fills in occasionally for meteorologist who replaced ginger zee as specific names are not publicly documented for every instance': 1, 'dorian woodard replaced ginger zee but its unclear who fills in occasionally for him': 1, 'other rotating meteorologists and weather specialists within good morning america team fill in occasionally for meteorologist who replaced ginger zee': 1, 'jennifer mettewilson': 1, 'backup meteorologists fill in occasionally for meteorologist who replaced ginger zee': 1, 'chrisaamarron': 1, 'based on available information it is not clear who fills in occasionally for meteorologist who replaced ginger zee': 1, 'amy davis': 1, 'various meteorologists may fill in occasionally depending on scheduling needs': 1, 'samara freemark': 1, 'no one': 1, 'no one is specifically known to fill in occasionally for meteorologist who replaced ginger zee': 1, 'weather producers other meteorologists or guest meteorologists might fill in occasionally': 1, 'team of meteorologists at respective news station likely fills in occasionally for meteorologist who replaced ginger zee': 1, 'michael nester': 1, 'sam champion followed by various guest meteorologists': 1, 'jennifer crampton': 1, 'other meteorologists from abc news team or guest meteorologists': 1}, 'selected_path': 'cot_sc', 'fallback_used': True, 'cot_sc_paper_threshold': 10.5, 'cot_sc_threshold_met': False, 'react_termination_reason': 'max_steps_exceeded'}
2026-08-23 14:02:32 | INFO | Answer | EM: 0.0000 | F1: 0.0000
2026-08-23 14:02:32 | INFO | Result | Correct: False | Running EM: 33.58% | Termination: fallback_cot_sc | Steps: 28 | Tool calls: 6 | Latency: 19.437s
2026-08-23 14:02:32 | INFO | Prediction: Not applicable, as the concept of the Lake of Fire and damnation does not exist in Ancient Egyptian religion.
2026-08-23 14:02:32 | INFO | Gold: against the feather of truth
2026-08-23 14:02:32 | INFO | Agent metadata: {'cot_sc_samples': 21, 'cot_sc_valid_answers': 21, 'cot_sc_winning_count': 2, 'cot_sc_confidence': 0.09523809523809523, 'cot_sc_winning_answer': 'Not applicable, as the concept of the Lake of Fire and damnation does not exist in Ancient Egyptian religion.', 'cot_sc_vote_counts': {'not applicable as concept of lake of fire and damnation does not exist in ancient egyptian religion': 2, 'not applicable process was weighing of heart not related to lake of fire': 1, 'ancient egyptians used weighing of heart ceremony to judge worthiness not lake of fire': 1, 'process involved weighing heart against feather of maat in hall of two truths': 1, 'there was no lake of fire in ancient egyptian religion instead dead were judged by osiris and their hearts were compared to feather of maat': 1, 'citizen would be weighted through weighing of heart ceremony against feather of maat if heart was lighter they were considered worthy there was no lake of fire': 1, 'dead were weighted through weighing of heart ceremony not by being placed on physical scale': 1, 'there was no concept of damnation or lake of fire in ancient egyptian religion instead citizens worthiness for eternal life was determined through heart weighing ceremony before osiris': 1, 'citizen would be weighted during weighing of heart ceremony to decide if they were worthy of entering afterlife not lake of fire': 1, 'not applicable process involved weighing heart against feather of maat in hall of two truths not lake of fire': 1, 'deceaseds heart was weighed against feather of maat in hall of two truths': 1, 'heart was weighed against feather of maat on balance': 1, 'there was no concept of lake of fire or damnation in ancient egyptian religion instead dead were judged by osiris in hall of justice based on their heart being weighed against feather of maat': 1, 'process involved weighing of heart ritual not lake of fire': 1, 'heart would be weighed against feather of maat in hall of two truths': 1, 'citizen would be weighted in weighing of heart ceremony to decide if they were worthy of entering afterlife in paradise': 1, 'there was no weighing to decide worthiness of damnation or lake of fire in ancient egyptian religion': 1, 'there was no lake of fire in ancient egyptian religion instead dead were judged by their hearts being weighed against feather of maat': 1, 'heart was weighed against feather of maat and if it was heavier person was devoured by ammit': 1, 'process involved weighing of heart ceremony not lake of fire': 1}, 'selected_path': 'cot_sc', 'fallback_used': True, 'cot_sc_paper_threshold': 10.5, 'cot_sc_threshold_met': False, 'react_termination_reason': 'max_steps_exceeded'}
2026-08-23 14:02:32 | INFO | Answer | EM: 0.0000 | F1: 0.0952
2026-08-23 14:02:32 | INFO | Result | Correct: False | Running EM: 33.33% | Termination: fallback_cot_sc | Steps: 28 | Tool calls: 7 | Latency: 19.437s
2026-08-23 14:02:32 | INFO | Prediction: Clitheroe
2026-08-23 14:02:32 | INFO | Gold: Barnoldswick
2026-08-23 14:02:32 | INFO | Agent metadata: {'cot_sc_samples': 21, 'cot_sc_valid_answers': 21, 'cot_sc_winning_count': 8, 'cot_sc_confidence': 0.38095238095238093, 'cot_sc_winning_answer': 'Clitheroe', 'cot_sc_vote_counts': {'clitheroe': 8, 'rishton': 2, 'haslingden': 2, 'colne': 1, 'rawfolds mill in brierfield': 1, 'brierfield': 1, 'bleasdale': 1, 'styal': 1, 'todmorden': 1, 'chorley': 1, 'shuttle mill in hindley': 1, 'briercliffe': 1}, 'selected_path': 'cot_sc', 'fallback_used': True, 'cot_sc_paper_threshold': 10.5, 'cot_sc_threshold_met': False, 'react_termination_reason': 'max_steps_exceeded'}
2026-08-23 14:02:32 | INFO | Answer | EM: 0.0000 | F1: 0.0000
2026-08-23 14:02:32 | INFO | Result | Correct: False | Running EM: 33.09% | Termination: fallback_cot_sc | Steps: 28 | Tool calls: 7 | Latency: 19.437s
2026-08-23 14:02:32 | INFO | Inference batch [137-144/500] size=8
2026-08-23 14:02:32 | INFO | [137/500] example_id=5a8f503c5542992414482a34
2026-08-23 14:02:32 | INFO | Question: The Prodigal Daughter, though a book about an American, is by a novelist of what nationality?
2026-08-23 14:02:32 | INFO | [138/500] example_id=5a8ec55f5542995a26add50c
2026-08-23 14:02:32 | INFO | Question: At what height does State Route 160 start?
2026-08-23 14:02:32 | INFO | [139/500] example_id=5ae1338d55429901ffe4ade1
2026-08-23 14:02:32 | INFO | Question: The alcoholic drink that shares a name with Quintessentially Unreal's 1996 album is commonly reffered to in historical literature as what?
2026-08-23 14:02:32 | INFO | [140/500] example_id=5a7bea3d5542996dd594b847
2026-08-23 14:02:32 | INFO | Question: What actor replaced the Welch actor born in 1978 who played Robin Hood in the first season of "Once upon a Time"?
2026-08-23 14:02:32 | INFO | [141/500] example_id=5a7f567e5542992097ad2f22
2026-08-23 14:02:32 | INFO | Question: Which year was the more recent engine series, the Honda K or Honda H, introduced?
2026-08-23 14:02:32 | INFO | [142/500] example_id=5ac26ac15542992f1f2b38bc
2026-08-23 14:02:32 | INFO | Question: Who is the film dedicated to that Paramount Classics and MTV Films co-purchased the rights to?
2026-08-23 14:02:32 | INFO | [143/500] example_id=5adbcc085542996e6852523c
2026-08-23 14:02:32 | INFO | Question: What are some foods that may have been served at the Hawaiin Cottage?
2026-08-23 14:02:32 | INFO | [144/500] example_id=5ae531695542990ba0bbb1fb
2026-08-23 14:02:32 | INFO | Question: In what year was the coach who led the 2007 South Carolina Gamecocks football team in his third season as USC head coach born?
2026-08-23 14:04:55 | INFO | Prediction: English
2026-08-23 14:04:55 | INFO | Gold: English
2026-08-23 14:04:55 | INFO | Agent metadata: {'selected_path': 'react', 'fallback_used': False, 'react_termination_reason': 'completed'}
2026-08-23 14:04:55 | INFO | Answer | EM: 1.0000 | F1: 1.0000
2026-08-23 14:04:55 | INFO | Result | Correct: True | Running EM: 33.58% | Termination: react_completed | Steps: 2 | Tool calls: 1 | Latency: 17.878s
2026-08-23 14:04:55 | INFO | Prediction: Around 5,000 feet above sea level
2026-08-23 14:04:55 | INFO | Gold: 4145 ft
2026-08-23 14:04:55 | INFO | Agent metadata: {'cot_sc_samples': 21, 'cot_sc_valid_answers': 21, 'cot_sc_winning_count': 3, 'cot_sc_confidence': 0.14285714285714285, 'cot_sc_winning_answer': 'Around 5,000 feet above sea level', 'cot_sc_vote_counts': {'around 5000 feet above sea level': 3, '5600 feet 1700 m': 2, '6100 feet 1860 m': 2, '5350 feet 1630 m': 1, '5364 feet': 1, '6100 feet': 1, '6522 feet 1987 m': 1, '6000 feet above sea level': 1, '5326 feet 1623 m': 1, 'around 5183 feet above sea level': 1, '5350 feet above sea level': 1, '5326 feet': 1, '5800 feet': 1, '6100 feet above sea level': 1, '6100 feet 1860 meters': 1, 'approximately 5800 feet 1768 meters': 1, '6524 feet': 1}, 'selected_path': 'cot_sc', 'fallback_used': True, 'cot_sc_paper_threshold': 10.5, 'cot_sc_threshold_met': False, 'react_termination_reason': 'max_steps_exceeded'}
2026-08-23 14:04:55 | INFO | Answer | EM: 0.0000 | F1: 0.0000
2026-08-23 14:04:55 | INFO | Result | Correct: False | Running EM: 33.33% | Termination: fallback_cot_sc | Steps: 28 | Tool calls: 7 | Latency: 17.878s
2026-08-23 14:04:55 | INFO | Prediction: the green fairy
2026-08-23 14:04:55 | INFO | Gold: the green fairy
2026-08-23 14:04:55 | INFO | Agent metadata: {'cot_sc_samples': 21, 'cot_sc_valid_answers': 21, 'cot_sc_winning_count': 3, 'cot_sc_confidence': 0.14285714285714285, 'cot_sc_winning_answer': 'the green fairy', 'cot_sc_vote_counts': {'green fairy': 3, 'absinthe green fairy': 2, 'rye whiskey': 2, 'old fashioned': 2, 'manhattan': 2, 'sweet vermouth martini': 1, 'honey whiskey': 1, 'shōchū': 1, 'whiskey cocktail': 1, 'classic cocktail': 1, 'rhum overproof or overproof rum': 1, 'absinthe': 1, 'martini variation': 1, 'black label': 1, 'best whiskey': 1}, 'selected_path': 'cot_sc', 'fallback_used': True, 'cot_sc_paper_threshold': 10.5, 'cot_sc_threshold_met': False, 'react_termination_reason': 'max_steps_exceeded'}
2026-08-23 14:04:55 | INFO | Answer | EM: 1.0000 | F1: 1.0000
2026-08-23 14:04:55 | INFO | Result | Correct: True | Running EM: 33.81% | Termination: fallback_cot_sc | Steps: 28 | Tool calls: 7 | Latency: 17.878s
2026-08-23 14:04:55 | INFO | Prediction: Colin O'Donoghue
2026-08-23 14:04:55 | INFO | Gold: Sean Maguire
2026-08-23 14:04:55 | INFO | Agent metadata: {'cot_sc_samples': 21, 'cot_sc_valid_answers': 21, 'cot_sc_winning_count': 3, 'cot_sc_confidence': 0.14285714285714285, 'cot_sc_winning_answer': "Colin O'Donoghue", 'cot_sc_vote_counts': {'colin odonoghue': 3, 'richard armitage': 2, 'thomas brodiesangster': 2, 'richard madden': 2, 'charles malik thompson': 1, 'craig russell': 1, 'robert pine': 1, 'richard woodbury': 1, 'charles dance': 1, 'no actor replaced christopher lee for role of robin hood as he was never in show': 1, 'robert condrey': 1, 'richard martin': 1, 'russell tovey': 1, 'craig headley': 1, 'jared s gilmore': 1, 'gregory smith': 1}, 'selected_path': 'cot_sc', 'fallback_used': True, 'cot_sc_paper_threshold': 10.5, 'cot_sc_threshold_met': False, 'react_termination_reason': 'max_steps_exceeded'}
2026-08-23 14:04:55 | INFO | Answer | EM: 0.0000 | F1: 0.0000
2026-08-23 14:04:55 | INFO | Result | Correct: False | Running EM: 33.57% | Termination: fallback_cot_sc | Steps: 28 | Tool calls: 7 | Latency: 17.878s
2026-08-23 14:04:55 | INFO | Prediction: 1986
2026-08-23 14:04:55 | INFO | Gold: 2001
2026-08-23 14:04:55 | INFO | Agent metadata: {'cot_sc_samples': 21, 'cot_sc_valid_answers': 21, 'cot_sc_winning_count': 7, 'cot_sc_confidence': 0.3333333333333333, 'cot_sc_winning_answer': '1986', 'cot_sc_vote_counts': {'1986': 7, '1975': 2, '1991': 2, '1987': 1, '1997': 1, '1996': 1, '1993': 1, '1972': 1, '1978': 1, '1995': 1, '1984': 1, '1979': 1, '1992': 1}, 'selected_path': 'cot_sc', 'fallback_used': True, 'cot_sc_paper_threshold': 10.5, 'cot_sc_threshold_met': False, 'react_termination_reason': 'max_steps_exceeded'}
2026-08-23 14:04:55 | INFO | Answer | EM: 0.0000 | F1: 0.0000
2026-08-23 14:04:55 | INFO | Result | Correct: False | Running EM: 33.33% | Termination: fallback_cot_sc | Steps: 28 | Tool calls: 6 | Latency: 17.878s
2026-08-23 14:04:55 | INFO | Prediction: Jim Carroll
2026-08-23 14:04:55 | INFO | Gold: Sam Phillips
2026-08-23 14:04:55 | INFO | Agent metadata: {'cot_sc_samples': 21, 'cot_sc_valid_answers': 21, 'cot_sc_winning_count': 2, 'cot_sc_confidence': 0.09523809523809523, 'cot_sc_winning_answer': 'Jim Carroll', 'cot_sc_vote_counts': {'jim carroll': 2, 'cannot determine without knowing specific film': 2, 'information provided is insufficient to determine specific film or person it is dedicated to': 1, 'without knowing specific film it is not possible to determine who dedication is to': 1, 'cannot determine without specific film reference': 1, 'ellie goulding': 1, 'josh blue': 1, 'princess diana': 1, 'without specific information about film its impossible to determine who it is dedicated to': 1, 'jeffrey katzenberg as example actual person may vary': 1, 'information not available due to lack of context': 1, 'michael douglas': 1, 'cannot determine without specific film details': 1, 'notorious big': 1, 'cannot determine without specific film context': 1, 'requires specific film title for accurate answer': 1, 'moonwalker': 1, 'unable to determine without additional information about specific film': 1, 'sean penn': 1}, 'selected_path': 'cot_sc', 'fallback_used': True, 'cot_sc_paper_threshold': 10.5, 'cot_sc_threshold_met': False, 'react_termination_reason': 'max_steps_exceeded'}
2026-08-23 14:04:55 | INFO | Answer | EM: 0.0000 | F1: 0.0000
2026-08-23 14:04:55 | INFO | Result | Correct: False | Running EM: 33.10% | Termination: fallback_cot_sc | Steps: 28 | Tool calls: 5 | Latency: 17.878s
2026-08-23 14:04:55 | INFO | Prediction: poke, kalua pig
2026-08-23 14:04:55 | INFO | Gold: poi, Kalua pig, poke, lomi salmon, opihi, haupia
2026-08-23 14:04:55 | INFO | Agent metadata: {'cot_sc_samples': 21, 'cot_sc_valid_answers': 21, 'cot_sc_winning_count': 4, 'cot_sc_confidence': 0.19047619047619047, 'cot_sc_winning_answer': 'poke, kalua pig', 'cot_sc_vote_counts': {'poke kalua pig': 4, 'poke loco moco': 3, 'poi kalua pig poke': 2, 'poi and kalua pig': 2, 'poi and poke': 1, 'poi kalua pig': 1, 'fish tropical fruits poi': 1, 'poi and kalua pig burgers and fries': 1, 'poke lomi lomi salmon': 1, 'poi and lomi lomi salmon': 1, 'poke poi': 1, 'poke and haupia': 1, 'poi kalua pig lomi lomi salmon': 1, 'poi and luau meat opihi': 1}, 'selected_path': 'cot_sc', 'fallback_used': True, 'cot_sc_paper_threshold': 10.5, 'cot_sc_threshold_met': False, 'react_termination_reason': 'max_steps_exceeded'}
2026-08-23 14:04:55 | INFO | Answer | EM: 0.0000 | F1: 0.5455
2026-08-23 14:04:55 | INFO | Result | Correct: False | Running EM: 32.87% | Termination: fallback_cot_sc | Steps: 28 | Tool calls: 7 | Latency: 17.878s
2026-08-23 14:04:55 | INFO | Prediction: 1961
2026-08-23 14:04:55 | INFO | Gold: 1945
2026-08-23 14:04:55 | INFO | Agent metadata: {'cot_sc_samples': 21, 'cot_sc_valid_answers': 21, 'cot_sc_winning_count': 5, 'cot_sc_confidence': 0.23809523809523808, 'cot_sc_winning_answer': '1961', 'cot_sc_vote_counts': {'1961': 5, '1963': 4, '1962': 2, '1935': 1, '1964': 1, '1968': 1, '1944': 1, '1941': 1, '1965': 1, '1933': 1, '1957': 1, '1936': 1, '1956': 1}, 'selected_path': 'cot_sc', 'fallback_used': True, 'cot_sc_paper_threshold': 10.5, 'cot_sc_threshold_met': False, 'react_termination_reason': 'action_loop'}
2026-08-23 14:04:55 | INFO | Answer | EM: 0.0000 | F1: 0.0000
2026-08-23 14:04:55 | INFO | Result | Correct: False | Running EM: 32.64% | Termination: fallback_cot_sc | Steps: 28 | Tool calls: 5 | Latency: 17.878s
2026-08-23 14:04:55 | INFO | Inference batch [145-152/500] size=8
2026-08-23 14:04:55 | INFO | [145/500] example_id=5ac2cb09554299657fa29066
2026-08-23 14:04:55 | INFO | Question: What team did Travis Cortez Mays play on which currently compete in the Big 12 Conference.?
2026-08-23 14:04:55 | INFO | [146/500] example_id=5a82817555429954d2e2eb5a
2026-08-23 14:04:55 | INFO | Question: Which film does "Naked Weapon" follow in the "Naked" series?
2026-08-23 14:04:55 | INFO | [147/500] example_id=5ae34b275542992e3233c371
2026-08-23 14:04:55 | INFO | Question: Which award David Hersey had got for Equus a play by Peter Shaffer ?
2026-08-23 14:04:55 | INFO | [148/500] example_id=5a74f5155542993748c89750
2026-08-23 14:04:55 | INFO | Question: What mine was operated by Royal Oak Mines at at earlier date, Kemess Mine or Colomac Mine?
2026-08-23 14:04:55 | INFO | [149/500] example_id=5add0f635542994ed6169c56
2026-08-23 14:04:55 | INFO | Question: Are The Man from Snowy River II and Miracle of the White Stallions filmed in different countries?
2026-08-23 14:04:55 | INFO | [150/500] example_id=5ab4428c5542990594ba9bda
2026-08-23 14:04:55 | INFO | Question: Do Lush and P.O.D. both consist of four band members?
2026-08-23 14:04:55 | INFO | [151/500] example_id=5a721a7655429971e9dc9271
2026-08-23 14:04:55 | INFO | Question: What actor from the show Murphy Brown also had a role in a show with fellow actor Steve Howey?
2026-08-23 14:04:55 | INFO | [152/500] example_id=5ae532365542992663a4f150
2026-08-23 14:04:55 | INFO | Question: What year was Playford B Power Station permanently closed in by its Australian operator?
2026-08-23 14:06:36 | INFO | Prediction: Oklahoma State University
2026-08-23 14:06:36 | INFO | Gold: Texas Longhorns men's basketball team
2026-08-23 14:06:36 | INFO | Agent metadata: {'cot_sc_samples': 21, 'cot_sc_valid_answers': 21, 'cot_sc_winning_count': 6, 'cot_sc_confidence': 0.2857142857142857, 'cot_sc_winning_answer': 'Oklahoma State University', 'cot_sc_vote_counts': {'oklahoma state university': 6, 'oklahoma sooners': 4, 'university of oklahoma': 4, 'university of texas at austin': 2, 'texas longhorns': 1, 'baylor university': 1, 'university of texas longhorns': 1, 'texas am aggies': 1, 'baylor bears': 1}, 'selected_path': 'cot_sc', 'fallback_used': True, 'cot_sc_paper_threshold': 10.5, 'cot_sc_threshold_met': False, 'react_termination_reason': 'max_steps_exceeded'}
2026-08-23 14:06:36 | INFO | Answer | EM: 0.0000 | F1: 0.0000
2026-08-23 14:06:36 | INFO | Result | Correct: False | Running EM: 32.41% | Termination: fallback_cot_sc | Steps: 28 | Tool calls: 7 | Latency: 12.544s
2026-08-23 14:06:36 | INFO | Prediction: Naked Lunch
2026-08-23 14:06:36 | INFO | Gold: "Naked Killer"
2026-08-23 14:06:36 | INFO | Agent metadata: {'cot_sc_samples': 21, 'cot_sc_valid_answers': 21, 'cot_sc_winning_count': 9, 'cot_sc_confidence': 0.42857142857142855, 'cot_sc_winning_answer': 'Naked Lunch', 'cot_sc_vote_counts': {'naked lunch': 9, 'naked city': 5, 'naked prey': 2, 'naked soldier': 1, 'naked gun': 1, 'naked soldier or naked soldiers': 1, 'naked mile': 1, 'naked': 1}, 'selected_path': 'cot_sc', 'fallback_used': True, 'cot_sc_paper_threshold': 10.5, 'cot_sc_threshold_met': False, 'react_termination_reason': 'max_steps_exceeded'}
2026-08-23 14:06:36 | INFO | Answer | EM: 0.0000 | F1: 0.5000
2026-08-23 14:06:36 | INFO | Result | Correct: False | Running EM: 32.19% | Termination: fallback_cot_sc | Steps: 28 | Tool calls: 6 | Latency: 12.544s
2026-08-23 14:06:36 | INFO | Prediction: Drama Desk Award for Outstanding Lighting Design
2026-08-23 14:06:36 | INFO | Gold: Outstanding Lighting Design
2026-08-23 14:06:36 | INFO | Agent metadata: {'selected_path': 'react', 'fallback_used': False, 'react_termination_reason': 'completed'}
2026-08-23 14:06:36 | INFO | Answer | EM: 0.0000 | F1: 0.6000
2026-08-23 14:06:36 | INFO | Result | Correct: False | Running EM: 31.97% | Termination: react_completed | Steps: 6 | Tool calls: 5 | Latency: 12.544s
2026-08-23 14:06:36 | INFO | Prediction: Colomac Mine
2026-08-23 14:06:36 | INFO | Gold: The Colomac Mine
2026-08-23 14:06:36 | INFO | Agent metadata: {'selected_path': 'react', 'fallback_used': False, 'react_termination_reason': 'completed'}
2026-08-23 14:06:36 | INFO | Answer | EM: 1.0000 | F1: 1.0000
2026-08-23 14:06:36 | INFO | Result | Correct: True | Running EM: 32.43% | Termination: react_completed | Steps: 3 | Tool calls: 2 | Latency: 12.544s
2026-08-23 14:06:36 | INFO | Prediction: Yes
2026-08-23 14:06:36 | INFO | Gold: yes
2026-08-23 14:06:36 | INFO | Agent metadata: {'cot_sc_samples': 21, 'cot_sc_valid_answers': 21, 'cot_sc_winning_count': 21, 'cot_sc_confidence': 1.0, 'cot_sc_winning_answer': 'Yes', 'cot_sc_vote_counts': {'yes': 21}, 'selected_path': 'cot_sc', 'fallback_used': True, 'cot_sc_paper_threshold': 10.5, 'cot_sc_threshold_met': True, 'react_termination_reason': 'action_loop'}
2026-08-23 14:06:36 | INFO | Answer | EM: 1.0000 | F1: 1.0000
2026-08-23 14:06:36 | INFO | Result | Correct: True | Running EM: 32.89% | Termination: fallback_cot_sc | Steps: 28 | Tool calls: 5 | Latency: 12.544s
2026-08-23 14:06:36 | INFO | Prediction: yes
2026-08-23 14:06:36 | INFO | Gold: yes
2026-08-23 14:06:36 | INFO | Agent metadata: {'selected_path': 'react', 'fallback_used': False, 'react_termination_reason': 'completed'}
2026-08-23 14:06:36 | INFO | Answer | EM: 1.0000 | F1: 1.0000
2026-08-23 14:06:36 | INFO | Result | Correct: True | Running EM: 33.33% | Termination: react_completed | Steps: 3 | Tool calls: 2 | Latency: 12.544s
2026-08-23 14:06:36 | INFO | Prediction: Candice Bergen
2026-08-23 14:06:36 | INFO | Gold: Christopher Rich
2026-08-23 14:06:36 | INFO | Agent metadata: {'selected_path': 'react', 'fallback_used': False, 'react_termination_reason': 'completed'}
2026-08-23 14:06:36 | INFO | Answer | EM: 0.0000 | F1: 0.0000
2026-08-23 14:06:36 | INFO | Result | Correct: False | Running EM: 33.11% | Termination: react_completed | Steps: 3 | Tool calls: 2 | Latency: 12.544s
2026-08-23 14:06:36 | INFO | Prediction: 2016
2026-08-23 14:06:36 | INFO | Gold: 2015
2026-08-23 14:06:36 | INFO | Agent metadata: {'cot_sc_samples': 21, 'cot_sc_valid_answers': 21, 'cot_sc_winning_count': 19, 'cot_sc_confidence': 0.9047619047619048, 'cot_sc_winning_answer': '2016', 'cot_sc_vote_counts': {'2016': 19, '2017': 2}, 'selected_path': 'cot_sc', 'fallback_used': True, 'cot_sc_paper_threshold': 10.5, 'cot_sc_threshold_met': True, 'react_termination_reason': 'max_steps_exceeded'}
2026-08-23 14:06:36 | INFO | Answer | EM: 0.0000 | F1: 0.0000
2026-08-23 14:06:36 | INFO | Result | Correct: False | Running EM: 32.89% | Termination: fallback_cot_sc | Steps: 28 | Tool calls: 7 | Latency: 12.544s
2026-08-23 14:06:36 | INFO | Inference batch [153-160/500] size=8
2026-08-23 14:06:36 | INFO | [153/500] example_id=5a72f1cf5542994cef4bc414
2026-08-23 14:06:36 | INFO | Question: Which English actor starred in the 1995 american romantic drama film The Scarlet Letter alongside Demi Moore and Robert Duvall?
2026-08-23 14:06:36 | INFO | [154/500] example_id=5a749e1855429979e28829c3
2026-08-23 14:06:36 | INFO | Question: Which tennis player is older, Emilio Sánchez or Andrei Olhovskiy?
2026-08-23 14:06:36 | INFO | [155/500] example_id=5a8b051255429971feec460e
2026-08-23 14:06:36 | INFO | Question: Henderson Executive Airport got its name in 1996 when it was purchased by Clark County to be used as a reliever airport for an airport named after what politican?
2026-08-23 14:06:36 | INFO | [156/500] example_id=5a7616755542992d0ec06028
2026-08-23 14:06:36 | INFO | Question: Where is the county seat for people living in Henderson Point, Mississippi?
2026-08-23 14:06:36 | INFO | [157/500] example_id=5ac0fd56554299012d1db679
2026-08-23 14:06:36 | INFO | Question: Carrie Coon plays Margo Dunne in a 2014 film set in what state?
2026-08-23 14:06:36 | INFO | [158/500] example_id=5adde73f5542992200553b94
2026-08-23 14:06:36 | INFO | Question: What do both Spider-Man and Spider-Man in film have in comman
2026-08-23 14:06:36 | INFO | [159/500] example_id=5ab506a05542990594ba9cd6
2026-08-23 14:06:36 | INFO | Question: Which has more species, Sonerila or Scaevola?
2026-08-23 14:06:36 | INFO | [160/500] example_id=5a7f57a45542992097ad2f29
2026-08-23 14:06:36 | INFO | Question: What party was Johan Henrik Deuntzer a part of before the party that translates to the "Radical Left?"
2026-08-23 14:08:01 | INFO | Prediction: Gary Oldman
2026-08-23 14:08:01 | INFO | Gold: Gary Oldman
2026-08-23 14:08:01 | INFO | Agent metadata: {'selected_path': 'react', 'fallback_used': False, 'react_termination_reason': 'completed'}
2026-08-23 14:08:01 | INFO | Answer | EM: 1.0000 | F1: 1.0000
2026-08-23 14:08:01 | INFO | Result | Correct: True | Running EM: 33.33% | Termination: react_completed | Steps: 4 | Tool calls: 3 | Latency: 10.628s
2026-08-23 14:08:01 | INFO | Prediction: no
2026-08-23 14:08:01 | INFO | Gold: Emilio Ángel Sánchez Vicario
2026-08-23 14:08:01 | INFO | Agent metadata: {'selected_path': 'react', 'fallback_used': False, 'react_termination_reason': 'completed'}
2026-08-23 14:08:01 | INFO | Answer | EM: 0.0000 | F1: 0.0000
2026-08-23 14:08:01 | INFO | Result | Correct: False | Running EM: 33.12% | Termination: react_completed | Steps: 3 | Tool calls: 2 | Latency: 10.628s
2026-08-23 14:08:01 | INFO | Prediction: Senator Pat McCarran
2026-08-23 14:08:01 | INFO | Gold: U.S. Senator Pat McCarran
2026-08-23 14:08:01 | INFO | Agent metadata: {'cot_sc_samples': 21, 'cot_sc_valid_answers': 21, 'cot_sc_winning_count': 2, 'cot_sc_confidence': 0.09523809523809523, 'cot_sc_winning_answer': 'Senator Pat McCarran', 'cot_sc_vote_counts': {'senator pat mccarran': 2, 'pat mccarran': 1, 'robert c webb': 1, 'charles lindbergh': 1, 'robert c henderson': 1, 'alan k simpson': 1, 'senator henry m hank reagor': 1, 'henry hank g beck': 1, 'bob henderson former mayor of las vegas': 1, 'john e henderson': 1, '胡安·佩雷斯（juan p pérez）': 1, 'al smith': 1, 'senator hugh l mccarran': 1, 'john d dingell': 1, 'charles gib henderson': 1, 'robert c smith': 1, 'john c hernández': 1, 'chuck yeager': 1, 'senator steve laxalt': 1, 'robert c moore': 1}, 'selected_path': 'cot_sc', 'fallback_used': True, 'cot_sc_paper_threshold': 10.5, 'cot_sc_threshold_met': False, 'react_termination_reason': 'max_steps_exceeded'}
2026-08-23 14:08:01 | INFO | Answer | EM: 0.0000 | F1: 0.8571
2026-08-23 14:08:01 | INFO | Result | Correct: False | Running EM: 32.90% | Termination: fallback_cot_sc | Steps: 28 | Tool calls: 7 | Latency: 10.628s
2026-08-23 14:08:01 | INFO | Prediction: Biloxi or Gulfport
2026-08-23 14:08:01 | INFO | Gold: Gulfport, Biloxi
2026-08-23 14:08:01 | INFO | Agent metadata: {'selected_path': 'react', 'fallback_used': False, 'react_termination_reason': 'completed'}
2026-08-23 14:08:01 | INFO | Answer | EM: 0.0000 | F1: 0.8000
2026-08-23 14:08:01 | INFO | Result | Correct: False | Running EM: 32.69% | Termination: react_completed | Steps: 4 | Tool calls: 3 | Latency: 10.628s
2026-08-23 14:08:01 | INFO | Prediction: Missouri
2026-08-23 14:08:01 | INFO | Gold: Missouri
2026-08-23 14:08:01 | INFO | Agent metadata: {'selected_path': 'react', 'fallback_used': False, 'react_termination_reason': 'completed'}
2026-08-23 14:08:01 | INFO | Answer | EM: 1.0000 | F1: 1.0000
2026-08-23 14:08:01 | INFO | Result | Correct: True | Running EM: 33.12% | Termination: react_completed | Steps: 2 | Tool calls: 1 | Latency: 10.628s
2026-08-23 14:08:01 | INFO | Prediction: the character himself
2026-08-23 14:08:01 | INFO | Gold: comic
2026-08-23 14:08:01 | INFO | Agent metadata: {'selected_path': 'react', 'fallback_used': False, 'react_termination_reason': 'completed'}
2026-08-23 14:08:01 | INFO | Answer | EM: 0.0000 | F1: 0.0000
2026-08-23 14:08:01 | INFO | Result | Correct: False | Running EM: 32.91% | Termination: react_completed | Steps: 5 | Tool calls: 4 | Latency: 10.628s
2026-08-23 14:08:01 | INFO | Prediction: Scaevola
2026-08-23 14:08:01 | INFO | Gold: Sonerila
2026-08-23 14:08:01 | INFO | Agent metadata: {'selected_path': 'react', 'fallback_used': False, 'react_termination_reason': 'completed'}
2026-08-23 14:08:01 | INFO | Answer | EM: 0.0000 | F1: 0.0000
2026-08-23 14:08:01 | INFO | Result | Correct: False | Running EM: 32.70% | Termination: react_completed | Steps: 4 | Tool calls: 3 | Latency: 10.628s
2026-08-23 14:08:01 | INFO | Prediction: Liberal Venstre party
2026-08-23 14:08:01 | INFO | Gold: Liberal "Venstre" party
2026-08-23 14:08:01 | INFO | Agent metadata: {'selected_path': 'react', 'fallback_used': False, 'react_termination_reason': 'completed'}
2026-08-23 14:08:01 | INFO | Answer | EM: 1.0000 | F1: 1.0000
2026-08-23 14:08:01 | INFO | Result | Correct: True | Running EM: 33.12% | Termination: react_completed | Steps: 3 | Tool calls: 2 | Latency: 10.628s
2026-08-23 14:08:01 | INFO | Inference batch [161-168/500] size=8
2026-08-23 14:08:01 | INFO | [161/500] example_id=5a8dee2455429917b4a5bce1
2026-08-23 14:08:01 | INFO | Question: What other film did the star of 127 Hours act in?
2026-08-23 14:08:01 | INFO | [162/500] example_id=5a7cd7f055429909bec7683e
2026-08-23 14:08:01 | INFO | Question: What school was the actress who appeared with Michelle Williams in the last play by Russian playwright Anton Chekhov attending when she was signed on for a talent holding deal?
2026-08-23 14:08:01 | INFO | [163/500] example_id=5a7cb8bc554299452d57b9be
2026-08-23 14:08:01 | INFO | Question: What is the capacity of the stadium that is the home ground of the Lahore Eagles?
2026-08-23 14:08:01 | INFO | [164/500] example_id=5ab9547755429970cfb8ea6c
2026-08-23 14:08:01 | INFO | Question: St Dionis Backchurch was rebuilt after a major conflagration that consumed how many parish churches?
2026-08-23 14:08:01 | INFO | [165/500] example_id=5a8cfa2e554299585d9e378b
2026-08-23 14:08:01 | INFO | Question: What career did the British actor born in 1965  and star of Lock, Stock and Two Smoking Barrels have before acting?
2026-08-23 14:08:01 | INFO | [166/500] example_id=5ab67bd355429954757d32f2
2026-08-23 14:08:01 | INFO | Question: Curt Menefee is the host of the Fox network's NFL show with co-host Michael Anthony Strahan who spent his entire 15-year career with what team?
2026-08-23 14:08:01 | INFO | [167/500] example_id=5abecdf45542997719eab5d4
2026-08-23 14:08:01 | INFO | Question: Lake Wales Ridge National Wildlife Refuge is on the US route that runs between a city in what Florida county?
2026-08-23 14:08:01 | INFO | [168/500] example_id=5a7e37095542995ed0d166d5
2026-08-23 14:08:01 | INFO | Question: Which film director is younger, Robert Z. Leonard or Sinclair Hill?
2026-08-23 14:10:25 | INFO | Prediction: The Da Vinci Code
2026-08-23 14:10:25 | INFO | Gold: Pineapple Express
2026-08-23 14:10:25 | INFO | Agent metadata: {'cot_sc_samples': 21, 'cot_sc_valid_answers': 21, 'cot_sc_winning_count': 8, 'cot_sc_confidence': 0.38095238095238093, 'cot_sc_winning_answer': 'The Da Vinci Code', 'cot_sc_vote_counts': {'da vinci code': 8, 'spiderman 3 da vinci code': 2, 'pineapple express': 2, 'spiderman 2002': 2, 'spiderman 3 pineapple express': 2, 'da vinci code spiderman 3': 1, 'spiderman series da vinci code pineapple express': 1, 'spiderman 3 fractured': 1, 'spiderman 3': 1, 'spiderman 2002 da vinci code 2006 pineapple express 2008': 1}, 'selected_path': 'cot_sc', 'fallback_used': True, 'cot_sc_paper_threshold': 10.5, 'cot_sc_threshold_met': False, 'react_termination_reason': 'max_steps_exceeded'}
2026-08-23 14:10:25 | INFO | Answer | EM: 0.0000 | F1: 0.0000
2026-08-23 14:10:25 | INFO | Result | Correct: False | Running EM: 32.92% | Termination: fallback_cot_sc | Steps: 28 | Tool calls: 6 | Latency: 18.007s
2026-08-23 14:10:25 | INFO | Prediction: Harvard University
2026-08-23 14:10:25 | INFO | Gold: Juilliard School
2026-08-23 14:10:25 | INFO | Agent metadata: {'cot_sc_samples': 21, 'cot_sc_valid_answers': 21, 'cot_sc_winning_count': 3, 'cot_sc_confidence': 0.14285714285714285, 'cot_sc_winning_answer': 'Harvard University', 'cot_sc_vote_counts': {'harvard university': 3, 'brown university': 2, 'new york universitys tisch school of arts': 2, 'actors studio': 1, 'howard university': 1, 'moscow art theatre school': 1, 'unable to determine based on given information': 1, 'sarah lawrence college': 1, 'insufficient information to determine actress and her school': 1, 'university of california los angeles ucla': 1, 'école nationale supérieure des beauxarts': 1, 'royal academy of dramatic art rada': 1, 'royal scottish academy of music and drama': 1, 'columbia university': 1, 'yale university': 1, 'university of east anglia': 1, 'nyu tisch school of arts': 1}, 'selected_path': 'cot_sc', 'fallback_used': True, 'cot_sc_paper_threshold': 10.5, 'cot_sc_threshold_met': False, 'react_termination_reason': 'max_steps_exceeded'}
2026-08-23 14:10:25 | INFO | Answer | EM: 0.0000 | F1: 0.0000
2026-08-23 14:10:25 | INFO | Result | Correct: False | Running EM: 32.72% | Termination: fallback_cot_sc | Steps: 28 | Tool calls: 7 | Latency: 18.007s
2026-08-23 14:10:25 | INFO | Prediction: 34,000
2026-08-23 14:10:25 | INFO | Gold: 27,000
2026-08-23 14:10:25 | INFO | Agent metadata: {'selected_path': 'react', 'fallback_used': False, 'react_termination_reason': 'completed'}
2026-08-23 14:10:25 | INFO | Answer | EM: 0.0000 | F1: 0.0000
2026-08-23 14:10:25 | INFO | Result | Correct: False | Running EM: 32.52% | Termination: react_completed | Steps: 3 | Tool calls: 2 | Latency: 18.007s
2026-08-23 14:10:25 | INFO | Prediction: 87 parish churches
2026-08-23 14:10:25 | INFO | Gold: 87
2026-08-23 14:10:25 | INFO | Agent metadata: {'cot_sc_samples': 21, 'cot_sc_valid_answers': 21, 'cot_sc_winning_count': 10, 'cot_sc_confidence': 0.47619047619047616, 'cot_sc_winning_answer': '87 parish churches', 'cot_sc_vote_counts': {'87 parish churches': 10, '87': 3, '13 parish churches': 2, '87 churches': 1, '80 parish churches': 1, '40 parish churches': 1, 'large number': 1, '45 parish churches': 1, '13': 1}, 'selected_path': 'cot_sc', 'fallback_used': True, 'cot_sc_paper_threshold': 10.5, 'cot_sc_threshold_met': False, 'react_termination_reason': 'max_steps_exceeded'}
2026-08-23 14:10:25 | INFO | Answer | EM: 0.0000 | F1: 0.5000
2026-08-23 14:10:25 | INFO | Result | Correct: False | Running EM: 32.32% | Termination: fallback_cot_sc | Steps: 28 | Tool calls: 7 | Latency: 18.007s
2026-08-23 14:10:25 | INFO | Prediction: professional boxer
2026-08-23 14:10:25 | INFO | Gold: professional footballer
2026-08-23 14:10:25 | INFO | Agent metadata: {'cot_sc_samples': 21, 'cot_sc_valid_answers': 21, 'cot_sc_winning_count': 7, 'cot_sc_confidence': 0.3333333333333333, 'cot_sc_winning_answer': 'professional boxer', 'cot_sc_vote_counts': {'professional boxer': 7, 'professional wrestler': 2, 'standup comedian': 2, 'teacher': 2, 'tour guide and barman': 1, 'standup comedian and writer': 1, 'professional rugby player': 1, 'journalist': 1, 'chef': 1, 'banker': 1, 'stagehand and lighting technician': 1, 'window cleaner': 1}, 'selected_path': 'cot_sc', 'fallback_used': True, 'cot_sc_paper_threshold': 10.5, 'cot_sc_threshold_met': False, 'react_termination_reason': 'max_steps_exceeded'}
2026-08-23 14:10:25 | INFO | Answer | EM: 0.0000 | F1: 0.5000
2026-08-23 14:10:25 | INFO | Result | Correct: False | Running EM: 32.12% | Termination: fallback_cot_sc | Steps: 28 | Tool calls: 7 | Latency: 18.007s
2026-08-23 14:10:25 | INFO | Prediction: New York Giants
2026-08-23 14:10:25 | INFO | Gold: New York Giants
2026-08-23 14:10:25 | INFO | Agent metadata: {'selected_path': 'react', 'fallback_used': False, 'react_termination_reason': 'completed'}
2026-08-23 14:10:25 | INFO | Answer | EM: 1.0000 | F1: 1.0000
2026-08-23 14:10:25 | INFO | Result | Correct: True | Running EM: 32.53% | Termination: react_completed | Steps: 2 | Tool calls: 1 | Latency: 18.007s
2026-08-23 14:10:25 | INFO | Prediction: U.S. Route 27
2026-08-23 14:10:25 | INFO | Gold: Polk
2026-08-23 14:10:25 | INFO | Agent metadata: {'selected_path': 'react', 'fallback_used': False, 'react_termination_reason': 'completed'}
2026-08-23 14:10:25 | INFO | Answer | EM: 0.0000 | F1: 0.0000
2026-08-23 14:10:25 | INFO | Result | Correct: False | Running EM: 32.34% | Termination: react_completed | Steps: 6 | Tool calls: 5 | Latency: 18.007s
2026-08-23 14:10:25 | INFO | Prediction: Robert Z. Leonard
2026-08-23 14:10:25 | INFO | Gold: Sinclair Hill
2026-08-23 14:10:25 | INFO | Agent metadata: {'selected_path': 'react', 'fallback_used': False, 'react_termination_reason': 'completed'}
2026-08-23 14:10:25 | INFO | Answer | EM: 0.0000 | F1: 0.0000
2026-08-23 14:10:25 | INFO | Result | Correct: False | Running EM: 32.14% | Termination: react_completed | Steps: 3 | Tool calls: 2 | Latency: 18.007s
2026-08-23 14:10:25 | INFO | Inference batch [169-176/500] size=8
2026-08-23 14:10:25 | INFO | [169/500] example_id=5a8f18d555429918e830d189
2026-08-23 14:10:25 | INFO | Question: What city is between Normanby le Wold and the A46 Junction between Lincoln and Grimsby?
2026-08-23 14:10:25 | INFO | [170/500] example_id=5a7b85ac5542997c3ec971ef
2026-08-23 14:10:25 | INFO | Question: Milo Parker starred in which 2014 movie alongside Gillian Anderson?
2026-08-23 14:10:25 | INFO | [171/500] example_id=5ae617285542996de7b71b4c
2026-08-23 14:10:25 | INFO | Question: The Lady Craved Excitement was a film that featured the British character actor originally of what nationality?
2026-08-23 14:10:25 | INFO | [172/500] example_id=5ae7247b5542992ae0d163c1
2026-08-23 14:10:25 | INFO | Question: ...Ready for It? is a Taylor Swift song from the album scheduled to be released on what date?
2026-08-23 14:10:25 | INFO | [173/500] example_id=5ae0ae4555429945ae959419
2026-08-23 14:10:25 | INFO | Question: Jal Pari, which translated in another language refers to which legendary creature which are sometimes associated with perilous events such as floods, storm,s shipwrecks, and drownings?
2026-08-23 14:10:25 | INFO | [174/500] example_id=5ae306115542992decbdcdc4
2026-08-23 14:10:25 | INFO | Question: What is the brand who makes canned meats that had its own cook off in Austin until 2007?
2026-08-23 14:10:25 | INFO | [175/500] example_id=5ade4fcc5542997c77adeded
2026-08-23 14:10:25 | INFO | Question: Multiculturalism in the Netherlands reached new heights following the murder in 2002, in part, with what Dutch politician, civil servant, socialogist and professor who formed his own party?
2026-08-23 14:10:25 | INFO | [176/500] example_id=5abdd08d5542991f6610604c
2026-08-23 14:10:25 | INFO | Question: Which movie directed by James Gunn portrayed the fictional character, Ego the Living Planet?
2026-08-23 14:11:09 | INFO | Prediction: Market Rasen
2026-08-23 14:11:09 | INFO | Gold: Caistor is a town
2026-08-23 14:11:09 | INFO | Agent metadata: {'selected_path': 'react', 'fallback_used': False, 'react_termination_reason': 'completed'}
2026-08-23 14:11:09 | INFO | Answer | EM: 0.0000 | F1: 0.0000
2026-08-23 14:11:09 | INFO | Result | Correct: False | Running EM: 31.95% | Termination: react_completed | Steps: 4 | Tool calls: 3 | Latency: 5.535s
2026-08-23 14:11:09 | INFO | Prediction: Robot Overlords
2026-08-23 14:11:09 | INFO | Gold: Robot Overlords
2026-08-23 14:11:09 | INFO | Agent metadata: {'selected_path': 'react', 'fallback_used': False, 'react_termination_reason': 'completed'}
2026-08-23 14:11:09 | INFO | Answer | EM: 1.0000 | F1: 1.0000
2026-08-23 14:11:09 | INFO | Result | Correct: True | Running EM: 32.35% | Termination: react_completed | Steps: 5 | Tool calls: 4 | Latency: 5.535s
2026-08-23 14:11:09 | INFO | Prediction: British
2026-08-23 14:11:09 | INFO | Gold: South African-born
2026-08-23 14:11:09 | INFO | Agent metadata: {'selected_path': 'react', 'fallback_used': False, 'react_termination_reason': 'completed'}
2026-08-23 14:11:09 | INFO | Answer | EM: 0.0000 | F1: 0.0000
2026-08-23 14:11:09 | INFO | Result | Correct: False | Running EM: 32.16% | Termination: react_completed | Steps: 6 | Tool calls: 5 | Latency: 5.535s
2026-08-23 14:11:09 | INFO | Prediction: November 10, 2017
2026-08-23 14:11:09 | INFO | Gold: November 10, 2017
2026-08-23 14:11:09 | INFO | Agent metadata: {'selected_path': 'react', 'fallback_used': False, 'react_termination_reason': 'completed'}
2026-08-23 14:11:09 | INFO | Answer | EM: 1.0000 | F1: 1.0000
2026-08-23 14:11:09 | INFO | Result | Correct: True | Running EM: 32.56% | Termination: react_completed | Steps: 3 | Tool calls: 2 | Latency: 5.535s
2026-08-23 14:11:09 | INFO | Prediction: mermaid
2026-08-23 14:11:09 | INFO | Gold: A mermaid
2026-08-23 14:11:09 | INFO | Agent metadata: {'selected_path': 'react', 'fallback_used': False, 'react_termination_reason': 'completed'}
2026-08-23 14:11:09 | INFO | Answer | EM: 1.0000 | F1: 1.0000
2026-08-23 14:11:09 | INFO | Result | Correct: True | Running EM: 32.95% | Termination: react_completed | Steps: 3 | Tool calls: 2 | Latency: 5.535s
2026-08-23 14:11:09 | INFO | Prediction: Spam
2026-08-23 14:11:09 | INFO | Gold: Hormel Foods Corporation
2026-08-23 14:11:09 | INFO | Agent metadata: {'selected_path': 'react', 'fallback_used': False, 'react_termination_reason': 'completed'}
2026-08-23 14:11:09 | INFO | Answer | EM: 0.0000 | F1: 0.0000
2026-08-23 14:11:09 | INFO | Result | Correct: False | Running EM: 32.76% | Termination: react_completed | Steps: 6 | Tool calls: 4 | Latency: 5.535s
2026-08-23 14:11:09 | INFO | Prediction: Pim Fortuyn
2026-08-23 14:11:09 | INFO | Gold: Wilhelmus Simon Petrus Fortuijn, known as Pim Fortuyn
2026-08-23 14:11:09 | INFO | Agent metadata: {'selected_path': 'react', 'fallback_used': False, 'react_termination_reason': 'completed'}
2026-08-23 14:11:09 | INFO | Answer | EM: 0.0000 | F1: 0.4000
2026-08-23 14:11:09 | INFO | Result | Correct: False | Running EM: 32.57% | Termination: react_completed | Steps: 3 | Tool calls: 2 | Latency: 5.535s
2026-08-23 14:11:09 | INFO | Prediction: Guardians of the Galaxy Vol. 2
2026-08-23 14:11:09 | INFO | Gold: Guardians of the Galaxy Vol. 2
2026-08-23 14:11:09 | INFO | Agent metadata: {'selected_path': 'react', 'fallback_used': False, 'react_termination_reason': 'completed'}
2026-08-23 14:11:09 | INFO | Answer | EM: 1.0000 | F1: 1.0000
2026-08-23 14:11:09 | INFO | Result | Correct: True | Running EM: 32.95% | Termination: react_completed | Steps: 4 | Tool calls: 3 | Latency: 5.535s
2026-08-23 14:11:09 | INFO | Inference batch [177-184/500] size=8
2026-08-23 14:11:09 | INFO | [177/500] example_id=5a72abb95542992359bc3162
2026-08-23 14:11:09 | INFO | Question: Which film was not a 3D computer-animation Cars 3 or Smith!?
2026-08-23 14:11:09 | INFO | [178/500] example_id=5a7f54665542992097ad2f1a
2026-08-23 14:11:09 | INFO | Question: The city that hosted the Olympics where Taiwan competed as Chinese Taipei is situated at the confluence of what two rivers?
2026-08-23 14:11:09 | INFO | [179/500] example_id=5ae0bc185542993d6555ec29
2026-08-23 14:11:09 | INFO | Question: Penny Rae Bridges starred in a television sitcom with what other actor?
2026-08-23 14:11:09 | INFO | [180/500] example_id=5a864d9e5542994775f6073d
2026-08-23 14:11:09 | INFO | Question: Were Ulrich Walter and Léopold Eyharts both from Germany?
2026-08-23 14:11:09 | INFO | [181/500] example_id=5ae5b25d5542990ba0bbb2bb
2026-08-23 14:11:09 | INFO | Question: Who has a wider scope of profession, Christopher Guest or  Roman Karmen?
2026-08-23 14:11:09 | INFO | [182/500] example_id=5ae5e62455429929b0807a07
2026-08-23 14:11:09 | INFO | Question: Giovanna d'Arco is an opera that was created by the composer of what nationality?
2026-08-23 14:11:09 | INFO | [183/500] example_id=5ae0120155429925eb1afbfb
2026-08-23 14:11:09 | INFO | Question: Kim Dong-won's directorial debut film was a sequal to what 2001 film?
2026-08-23 14:11:09 | INFO | [184/500] example_id=5abe87cb5542993f32c2a156
2026-08-23 14:11:09 | INFO | Question: Millennium Greens were funded in part by a what type of lottery?
2026-08-23 14:12:36 | INFO | Prediction: Smith!
2026-08-23 14:12:36 | INFO | Gold: Smith!
2026-08-23 14:12:36 | INFO | Agent metadata: {'selected_path': 'react', 'fallback_used': False, 'react_termination_reason': 'completed'}
2026-08-23 14:12:36 | INFO | Answer | EM: 1.0000 | F1: 1.0000
2026-08-23 14:12:36 | INFO | Result | Correct: True | Running EM: 33.33% | Termination: react_completed | Steps: 3 | Tool calls: 2 | Latency: 10.921s
2026-08-23 14:12:36 | INFO | Prediction: Ilissos and Cephissus rivers
2026-08-23 14:12:36 | INFO | Gold: Bow River and the Elbow River
2026-08-23 14:12:36 | INFO | Agent metadata: {'cot_sc_samples': 21, 'cot_sc_valid_answers': 21, 'cot_sc_winning_count': 10, 'cot_sc_confidence': 0.47619047619047616, 'cot_sc_winning_answer': 'Ilissos and Cephissus rivers', 'cot_sc_vote_counts': {'ilissos and cephissus rivers': 10, 'ilissos and cephissus': 5, 'keelung river and taipei river': 2, 'haihe river and yongding river': 1, 'keelung river and xindian river': 1, 'ilissos and cephissus河流': 1, 'yongding river and ji river': 1}, 'selected_path': 'cot_sc', 'fallback_used': True, 'cot_sc_paper_threshold': 10.5, 'cot_sc_threshold_met': False, 'react_termination_reason': 'action_loop'}
2026-08-23 14:12:36 | INFO | Answer | EM: 0.0000 | F1: 0.2222
2026-08-23 14:12:36 | INFO | Result | Correct: False | Running EM: 33.15% | Termination: fallback_cot_sc | Steps: 27 | Tool calls: 3 | Latency: 10.921s
2026-08-23 14:12:36 | INFO | Prediction: Gary Coleman
2026-08-23 14:12:36 | INFO | Gold: Ben Savage
2026-08-23 14:12:36 | INFO | Agent metadata: {'selected_path': 'react', 'fallback_used': False, 'react_termination_reason': 'completed'}
2026-08-23 14:12:36 | INFO | Answer | EM: 0.0000 | F1: 0.0000
2026-08-23 14:12:36 | INFO | Result | Correct: False | Running EM: 32.96% | Termination: react_completed | Steps: 4 | Tool calls: 3 | Latency: 10.921s
2026-08-23 14:12:36 | INFO | Prediction: no
2026-08-23 14:12:36 | INFO | Gold: no
2026-08-23 14:12:36 | INFO | Agent metadata: {'selected_path': 'react', 'fallback_used': False, 'react_termination_reason': 'completed'}
2026-08-23 14:12:36 | INFO | Answer | EM: 1.0000 | F1: 1.0000
2026-08-23 14:12:36 | INFO | Result | Correct: True | Running EM: 33.33% | Termination: react_completed | Steps: 3 | Tool calls: 2 | Latency: 10.921s
2026-08-23 14:12:36 | INFO | Prediction: Roman Karmen
2026-08-23 14:12:36 | INFO | Gold: Christopher Haden-Guest
2026-08-23 14:12:36 | INFO | Agent metadata: {'selected_path': 'react', 'fallback_used': False, 'react_termination_reason': 'completed'}
2026-08-23 14:12:36 | INFO | Answer | EM: 0.0000 | F1: 0.0000
2026-08-23 14:12:36 | INFO | Result | Correct: False | Running EM: 33.15% | Termination: react_completed | Steps: 3 | Tool calls: 2 | Latency: 10.921s
2026-08-23 14:12:36 | INFO | Prediction: Italian
2026-08-23 14:12:36 | INFO | Gold: Italian
2026-08-23 14:12:36 | INFO | Agent metadata: {'selected_path': 'react', 'fallback_used': False, 'react_termination_reason': 'completed'}
2026-08-23 14:12:36 | INFO | Answer | EM: 1.0000 | F1: 1.0000
2026-08-23 14:12:36 | INFO | Result | Correct: True | Running EM: 33.52% | Termination: react_completed | Steps: 3 | Tool calls: 2 | Latency: 10.921s
2026-08-23 14:12:36 | INFO | Prediction: Taxi
2026-08-23 14:12:36 | INFO | Gold: My Boss, My Hero
2026-08-23 14:12:36 | INFO | Agent metadata: {'cot_sc_samples': 21, 'cot_sc_valid_answers': 21, 'cot_sc_winning_count': 4, 'cot_sc_confidence': 0.19047619047619047, 'cot_sc_winning_answer': 'Taxi', 'cot_sc_vote_counts': {'taxi': 4, 'bittersweet life': 3, 'tale of two sisters': 3, 'oldboy': 1, 'jsa joint security area': 1, 'sopyong god of rice fields': 1, 'momentary lapse of reason': 1, 'i saw devil': 1, 'love song': 1, 'moment with you': 1, 'spring summer fall winter and spring': 1, 'taxi driver': 1, 'i can hear your voice': 1, 'i am sex addict': 1}, 'selected_path': 'cot_sc', 'fallback_used': True, 'cot_sc_paper_threshold': 10.5, 'cot_sc_threshold_met': False, 'react_termination_reason': 'max_steps_exceeded'}
2026-08-23 14:12:36 | INFO | Answer | EM: 0.0000 | F1: 0.0000
2026-08-23 14:12:36 | INFO | Result | Correct: False | Running EM: 33.33% | Termination: fallback_cot_sc | Steps: 28 | Tool calls: 7 | Latency: 10.921s
2026-08-23 14:12:36 | INFO | Prediction: New York State Lottery
2026-08-23 14:12:36 | INFO | Gold: state-franchised
2026-08-23 14:12:36 | INFO | Agent metadata: {'cot_sc_samples': 21, 'cot_sc_valid_answers': 21, 'cot_sc_winning_count': 4, 'cot_sc_confidence': 0.19047619047619047, 'cot_sc_winning_answer': 'New York State Lottery', 'cot_sc_vote_counts': {'new york state lottery': 4, 'staterun lottery': 4, 'massachusetts lottery': 3, 'florida lottery': 2, 'michigan lottery': 1, 'maryland lottery': 1, 'information not available in general knowledge sources': 1, 'affordable housing program': 1, 'texas lottery': 1, 'information not available': 1, 'florida established communities improvement act ecia lottery': 1, 'state lottery': 1}, 'selected_path': 'cot_sc', 'fallback_used': True, 'cot_sc_paper_threshold': 10.5, 'cot_sc_threshold_met': False, 'react_termination_reason': 'max_steps_exceeded'}
2026-08-23 14:12:36 | INFO | Answer | EM: 0.0000 | F1: 0.0000
2026-08-23 14:12:36 | INFO | Result | Correct: False | Running EM: 33.15% | Termination: fallback_cot_sc | Steps: 28 | Tool calls: 6 | Latency: 10.921s
2026-08-23 14:12:36 | INFO | Inference batch [185-192/500] size=8
2026-08-23 14:12:36 | INFO | [185/500] example_id=5ae2b770554299495565db0f
2026-08-23 14:12:36 | INFO | Question: In what month is the annual documentary film festival, that is presented by the fortnightly published British journal of literary essays, held?
2026-08-23 14:12:36 | INFO | [186/500] example_id=5a7af2a455429931da12c998
2026-08-23 14:12:36 | INFO | Question: Palm Springs lies in Palm Beach County, the third most populated county in its state. Which major U.S. city is it near?
2026-08-23 14:12:36 | INFO | [187/500] example_id=5a7af23a55429931da12c994
2026-08-23 14:12:36 | INFO | Question: Candace Flynn was voiced by the actress who achieved mainstream success on what show?
2026-08-23 14:12:36 | INFO | [188/500] example_id=5ab8634e5542990e739ec8de
2026-08-23 14:12:36 | INFO | Question: In regards to Value premium an expert argued that no value premium exisits, what did this expert found?
2026-08-23 14:12:36 | INFO | [189/500] example_id=5a8836445542997e5c09a5a5
2026-08-23 14:12:36 | INFO | Question: Professor A. Selvanathan is a professor at a university that is public or private ?
2026-08-23 14:12:36 | INFO | [190/500] example_id=5ae127c9554299422ee99612
2026-08-23 14:12:36 | INFO | Question: Fighting Cock is produced in what Kentucky county?
2026-08-23 14:12:36 | INFO | [191/500] example_id=5ac194db55429964131be23a
2026-08-23 14:12:36 | INFO | Question: What was the official religion of the lands of the husband of Dorothea of Denmark, Duchess of Prussia?
2026-08-23 14:12:36 | INFO | [192/500] example_id=5ab8eabb5542991b5579f03d
2026-08-23 14:12:36 | INFO | Question: Frank Blake's longtime protégé was also the chairman and CEO of what company in addition to The Home Depot?
2026-08-23 14:14:58 | INFO | Prediction: October
2026-08-23 14:14:58 | INFO | Gold: March and April
2026-08-23 14:14:58 | INFO | Agent metadata: {'cot_sc_samples': 21, 'cot_sc_valid_answers': 21, 'cot_sc_winning_count': 13, 'cot_sc_confidence': 0.6190476190476191, 'cot_sc_winning_answer': 'October', 'cot_sc_vote_counts': {'october': 13, 'may': 2, 'february': 2, 'june': 2, 'march': 1, 'september': 1}, 'selected_path': 'cot_sc', 'fallback_used': True, 'cot_sc_paper_threshold': 10.5, 'cot_sc_threshold_met': True, 'react_termination_reason': 'max_steps_exceeded'}
2026-08-23 14:14:58 | INFO | Answer | EM: 0.0000 | F1: 0.0000
2026-08-23 14:14:58 | INFO | Result | Correct: False | Running EM: 32.97% | Termination: fallback_cot_sc | Steps: 28 | Tool calls: 7 | Latency: 17.751s
2026-08-23 14:14:58 | INFO | Prediction: Los Angeles
2026-08-23 14:14:58 | INFO | Gold: Miami
2026-08-23 14:14:58 | INFO | Agent metadata: {'cot_sc_samples': 21, 'cot_sc_valid_answers': 21, 'cot_sc_winning_count': 14, 'cot_sc_confidence': 0.6666666666666666, 'cot_sc_winning_answer': 'Los Angeles', 'cot_sc_vote_counts': {'los angeles': 14, 'san diego': 4, 'los angeles san diego las vegas': 1, 'los angeles and san diego': 1, 'los angeles and las vegas': 1}, 'selected_path': 'cot_sc', 'fallback_used': True, 'cot_sc_paper_threshold': 10.5, 'cot_sc_threshold_met': True, 'react_termination_reason': 'max_steps_exceeded'}
2026-08-23 14:14:58 | INFO | Answer | EM: 0.0000 | F1: 0.0000
2026-08-23 14:14:58 | INFO | Result | Correct: False | Running EM: 32.80% | Termination: fallback_cot_sc | Steps: 28 | Tool calls: 6 | Latency: 17.751s
2026-08-23 14:14:58 | INFO | Prediction: The Suite Life of Zack & Cody
2026-08-23 14:14:58 | INFO | Gold: The Suite Life of Zack & Cody
2026-08-23 14:14:58 | INFO | Agent metadata: {'selected_path': 'react', 'fallback_used': False, 'react_termination_reason': 'completed'}
2026-08-23 14:14:58 | INFO | Answer | EM: 1.0000 | F1: 1.0000
2026-08-23 14:14:58 | INFO | Result | Correct: True | Running EM: 33.16% | Termination: react_completed | Steps: 4 | Tool calls: 3 | Latency: 17.751s
2026-08-23 14:14:58 | INFO | Prediction: Their research likely showed that value stocks do not consistently outperform market indices.
2026-08-23 14:14:58 | INFO | Gold: The Vanguard Group
2026-08-23 14:14:58 | INFO | Agent metadata: {'cot_sc_samples': 21, 'cot_sc_valid_answers': 21, 'cot_sc_winning_count': 1, 'cot_sc_confidence': 0.047619047619047616, 'cot_sc_winning_answer': 'Their research likely showed that value stocks do not consistently outperform market indices.', 'cot_sc_vote_counts': {'their research likely showed that value stocks do not consistently outperform market indices': 1, 'expert found no evidence supporting value premium': 1, 'study or analysis demonstrating that historical outperformance of value stocks over growth stocks is not statistically significant': 1, 'expert likely found empirical evidence showing that value stocks do not consistently outperform growth stocks over time': 1, 'historical trend of value stocks outperforming market averages may not be consistent or has disappeared in recent years': 1, 'specific findings of expert are not provided in given context': 1, 'their findings likely indicated no significant or consistent evidence of value stocks outperforming market averages': 1, 'no consistent or significant return differential between value and growth stocks over time': 1, 'expert likely found evidence or conducted analysis that contradicts existence of value premium although specifics of their findings are not provided here': 1, 'their research did not find evidence supporting existence of value premium': 1, 'empirical evidence suggests that historical outperformance of value stocks has diminished and expert concluded that there is no consistent value premium': 1, 'expert likely found evidence contradicting existence of value premium': 1, 'they found no evidence supporting existence of value premium': 1, 'after controlling for various factors there is no significant outperformance by value stocks': 1, 'empirical studies showing no consistent outperformance of value stocks over time': 1, 'expert likely found that value premium is not consistently present when other market factors are controlled for': 1, 'expert likely found that historical outperformance of value stocks has not been consistently replicable in recent years': 1, 'research or analysis concluding value premium does not exist': 1, 'expert likely found that historical data and current market conditions did not support existence of consistent value premium': 1, 'expert likely found that historical data does not consistently support existence of value premium': 1, 'expert likely found that value stocks do not consistently outperform growth stocks disputing existence of value premium': 1}, 'selected_path': 'cot_sc', 'fallback_used': True, 'cot_sc_paper_threshold': 10.5, 'cot_sc_threshold_met': False, 'react_termination_reason': 'max_steps_exceeded'}
2026-08-23 14:14:58 | INFO | Answer | EM: 0.0000 | F1: 0.0000
2026-08-23 14:14:58 | INFO | Result | Correct: False | Running EM: 32.98% | Termination: fallback_cot_sc | Steps: 28 | Tool calls: 7 | Latency: 17.751s
2026-08-23 14:14:58 | INFO | Prediction: public
2026-08-23 14:14:58 | INFO | Gold: public
2026-08-23 14:14:58 | INFO | Agent metadata: {'cot_sc_samples': 21, 'cot_sc_valid_answers': 21, 'cot_sc_winning_count': 19, 'cot_sc_confidence': 0.9047619047619048, 'cot_sc_winning_answer': 'public', 'cot_sc_vote_counts': {'public': 19, 'public or private status unknown': 1, 'private': 1}, 'selected_path': 'cot_sc', 'fallback_used': True, 'cot_sc_paper_threshold': 10.5, 'cot_sc_threshold_met': True, 'react_termination_reason': 'max_steps_exceeded'}
2026-08-23 14:14:58 | INFO | Answer | EM: 1.0000 | F1: 1.0000
2026-08-23 14:14:58 | INFO | Result | Correct: True | Running EM: 33.33% | Termination: fallback_cot_sc | Steps: 28 | Tool calls: 7 | Latency: 17.751s
2026-08-23 14:14:58 | INFO | Prediction: Bardstown
2026-08-23 14:14:58 | INFO | Gold: Nelson County
2026-08-23 14:14:58 | INFO | Agent metadata: {'selected_path': 'react', 'fallback_used': False, 'react_termination_reason': 'completed'}
2026-08-23 14:14:58 | INFO | Answer | EM: 0.0000 | F1: 0.0000
2026-08-23 14:14:58 | INFO | Result | Correct: False | Running EM: 33.16% | Termination: react_completed | Steps: 3 | Tool calls: 2 | Latency: 17.751s
2026-08-23 14:14:58 | INFO | Prediction: Lutheranism
2026-08-23 14:14:58 | INFO | Gold: Protestantism
2026-08-23 14:14:58 | INFO | Agent metadata: {'selected_path': 'react', 'fallback_used': False, 'react_termination_reason': 'completed'}
2026-08-23 14:14:58 | INFO | Answer | EM: 0.0000 | F1: 0.0000
2026-08-23 14:14:58 | INFO | Result | Correct: False | Running EM: 32.98% | Termination: react_completed | Steps: 3 | Tool calls: 2 | Latency: 17.751s
2026-08-23 14:14:58 | INFO | Prediction: The Home Depot
2026-08-23 14:14:58 | INFO | Gold: Chrysler
2026-08-23 14:14:58 | INFO | Agent metadata: {'cot_sc_samples': 21, 'cot_sc_valid_answers': 21, 'cot_sc_winning_count': 16, 'cot_sc_confidence': 0.7619047619047619, 'cot_sc_winning_answer': 'The Home Depot', 'cot_sc_vote_counts': {'home depot': 16, 'craig j le clair': 1, 'bernard j shaw': 1, 'target corporation': 1, 'bernard j m schwartz': 1, 'bernard j delta': 1}, 'selected_path': 'cot_sc', 'fallback_used': True, 'cot_sc_paper_threshold': 10.5, 'cot_sc_threshold_met': True, 'react_termination_reason': 'max_steps_exceeded'}
2026-08-23 14:14:58 | INFO | Answer | EM: 0.0000 | F1: 0.0000
2026-08-23 14:14:58 | INFO | Result | Correct: False | Running EM: 32.81% | Termination: fallback_cot_sc | Steps: 28 | Tool calls: 7 | Latency: 17.751s
2026-08-23 14:14:58 | INFO | Inference batch [193-200/500] size=8
2026-08-23 14:14:58 | INFO | [193/500] example_id=5ab234c65542993be8fa98c6
2026-08-23 14:14:58 | INFO | Question: Armie Hammer stars as Oliver in a film directed by who ?
2026-08-23 14:14:58 | INFO | [194/500] example_id=5ae524415542992663a4f121
2026-08-23 14:14:58 | INFO | Question: In what city did the 23rd overall pick of the 2015 NHL Entry Draft helped the United States national junior team win a bronze medal?
2026-08-23 14:14:58 | INFO | [195/500] example_id=5a7e42df5542994959419954
2026-08-23 14:14:58 | INFO | Question: Mariana Kovacevic used horse placenta treatment to heal the captian of what team?
2026-08-23 14:14:58 | INFO | [196/500] example_id=5abffc0d5542990832d3a1e2
2026-08-23 14:14:58 | INFO | Question: What instrument of war was only used by the President of the United States who was born in Lamar, Missouri?
2026-08-23 14:14:58 | INFO | [197/500] example_id=5ae6914755429908198fa627
2026-08-23 14:14:58 | INFO | Question: Brian Olsen was the lst WEC heavyweight champion before the promotion company founded in what month purchased the organization?
2026-08-23 14:14:58 | INFO | [198/500] example_id=5ae78f3b554299540e5a5608
2026-08-23 14:14:58 | INFO | Question: Mr. & Mrs. Mxyzptlk is an episode of the superhero TV series that originally aired on what network?
2026-08-23 14:14:58 | INFO | [199/500] example_id=5a8b46925542995d1e6f133c
2026-08-23 14:14:58 | INFO | Question: When was the singer of Miss Emily's Picture born?
2026-08-23 14:14:58 | INFO | [200/500] example_id=5ab4f7fc5542991779162d43
2026-08-23 14:14:58 | INFO | Question: Kete Krachi is a town in what region?
2026-08-23 14:16:53 | INFO | Prediction: Luca Guadagnino
2026-08-23 14:16:53 | INFO | Gold: Luca Guadagnino
2026-08-23 14:16:53 | INFO | Agent metadata: {'cot_sc_samples': 21, 'cot_sc_valid_answers': 20, 'cot_sc_winning_count': 17, 'cot_sc_confidence': 0.8095238095238095, 'cot_sc_winning_answer': 'Luca Guadagnino', 'cot_sc_vote_counts': {'luca guadagnino': 17, 'steve rash': 1, 'wai kafai': 1, 'peter chan': 1}, 'selected_path': 'cot_sc', 'fallback_used': True, 'cot_sc_paper_threshold': 10.5, 'cot_sc_threshold_met': True, 'react_termination_reason': 'max_steps_exceeded'}
2026-08-23 14:16:53 | INFO | Answer | EM: 1.0000 | F1: 1.0000
2026-08-23 14:16:53 | INFO | Result | Correct: True | Running EM: 33.16% | Termination: fallback_cot_sc | Steps: 28 | Tool calls: 7 | Latency: 14.292s
2026-08-23 14:16:53 | INFO | Prediction: Montreal
2026-08-23 14:16:53 | INFO | Gold: Helsinki, Finland
2026-08-23 14:16:53 | INFO | Agent metadata: {'cot_sc_samples': 21, 'cot_sc_valid_answers': 21, 'cot_sc_winning_count': 17, 'cot_sc_confidence': 0.8095238095238095, 'cot_sc_winning_answer': 'Montreal', 'cot_sc_vote_counts': {'montreal': 17, 'montreal quebec': 3, 'montreal quebec canada': 1}, 'selected_path': 'cot_sc', 'fallback_used': True, 'cot_sc_paper_threshold': 10.5, 'cot_sc_threshold_met': True, 'react_termination_reason': 'max_steps_exceeded'}
2026-08-23 14:16:53 | INFO | Answer | EM: 0.0000 | F1: 0.0000
2026-08-23 14:16:53 | INFO | Result | Correct: False | Running EM: 32.99% | Termination: fallback_cot_sc | Steps: 28 | Tool calls: 7 | Latency: 14.292s
2026-08-23 14:16:53 | INFO | Prediction: Real Madrid
2026-08-23 14:16:53 | INFO | Gold: Ghanaian national team
2026-08-23 14:16:53 | INFO | Agent metadata: {'cot_sc_samples': 21, 'cot_sc_valid_answers': 21, 'cot_sc_winning_count': 4, 'cot_sc_confidence': 0.19047619047619047, 'cot_sc_winning_answer': 'Real Madrid', 'cot_sc_vote_counts': {'real madrid': 4, 'toronto maple leafs': 4, 'us mens national soccer team': 1, 'manchester city': 1, 'san jose earthquakes': 1, 'new york red bulls': 1, 'dion phaneuf': 1, 'liverpool fc': 1, 'real madrid football club': 1, 'fc barcelona': 1, 'croatian national football team': 1, 'la galaxy': 1, 'argentina national football team': 1, 'uruguay national soccer team': 1, 'cleveland browns': 1}, 'selected_path': 'cot_sc', 'fallback_used': True, 'cot_sc_paper_threshold': 10.5, 'cot_sc_threshold_met': False, 'react_termination_reason': 'max_steps_exceeded'}
2026-08-23 14:16:53 | INFO | Answer | EM: 0.0000 | F1: 0.0000
2026-08-23 14:16:53 | INFO | Result | Correct: False | Running EM: 32.82% | Termination: fallback_cot_sc | Steps: 28 | Tool calls: 7 | Latency: 14.292s
2026-08-23 14:16:53 | INFO | Prediction: atomic bomb
2026-08-23 14:16:53 | INFO | Gold: nuclear weapons
2026-08-23 14:16:53 | INFO | Agent metadata: {'cot_sc_samples': 21, 'cot_sc_valid_answers': 21, 'cot_sc_winning_count': 15, 'cot_sc_confidence': 0.7142857142857143, 'cot_sc_winning_answer': 'atomic bomb', 'cot_sc_vote_counts': {'atomic bomb': 15, 'pen': 3, 'no unique instrument of war was used solely by president born in lamar missouri': 1, 'nuclear bomb': 1, 'none': 1}, 'selected_path': 'cot_sc', 'fallback_used': True, 'cot_sc_paper_threshold': 10.5, 'cot_sc_threshold_met': True, 'react_termination_reason': 'max_steps_exceeded'}
2026-08-23 14:16:53 | INFO | Answer | EM: 0.0000 | F1: 0.0000
2026-08-23 14:16:53 | INFO | Result | Correct: False | Running EM: 32.65% | Termination: fallback_cot_sc | Steps: 28 | Tool calls: 6 | Latency: 14.292s
2026-08-23 14:16:53 | INFO | Prediction: 2001
2026-08-23 14:16:53 | INFO | Gold: January 2001
2026-08-23 14:16:53 | INFO | Agent metadata: {'selected_path': 'react', 'fallback_used': False, 'react_termination_reason': 'completed'}
2026-08-23 14:16:53 | INFO | Answer | EM: 0.0000 | F1: 0.6667
2026-08-23 14:16:53 | INFO | Result | Correct: False | Running EM: 32.49% | Termination: react_completed | Steps: 3 | Tool calls: 2 | Latency: 14.292s
2026-08-23 14:16:53 | INFO | Prediction: The CW
2026-08-23 14:16:53 | INFO | Gold: CBS
2026-08-23 14:16:53 | INFO | Agent metadata: {'selected_path': 'react', 'fallback_used': False, 'react_termination_reason': 'completed'}
2026-08-23 14:16:53 | INFO | Answer | EM: 0.0000 | F1: 0.0000
2026-08-23 14:16:53 | INFO | Result | Correct: False | Running EM: 32.32% | Termination: react_completed | Steps: 2 | Tool calls: 1 | Latency: 14.292s
2026-08-23 14:16:53 | INFO | Prediction: 1946
2026-08-23 14:16:53 | INFO | Gold: August 11, 1946
2026-08-23 14:16:53 | INFO | Agent metadata: {'selected_path': 'react', 'fallback_used': False, 'react_termination_reason': 'completed'}
2026-08-23 14:16:53 | INFO | Answer | EM: 0.0000 | F1: 0.5000
2026-08-23 14:16:53 | INFO | Result | Correct: False | Running EM: 32.16% | Termination: react_completed | Steps: 3 | Tool calls: 2 | Latency: 14.292s
2026-08-23 14:16:53 | INFO | Prediction: Oti Region
2026-08-23 14:16:53 | INFO | Gold: Volta
2026-08-23 14:16:53 | INFO | Agent metadata: {'selected_path': 'react', 'fallback_used': False, 'react_termination_reason': 'completed'}
2026-08-23 14:16:53 | INFO | Answer | EM: 0.0000 | F1: 0.0000
2026-08-23 14:16:53 | INFO | Result | Correct: False | Running EM: 32.00% | Termination: react_completed | Steps: 2 | Tool calls: 1 | Latency: 14.292s
2026-08-23 14:16:53 | INFO | Inference batch [201-208/500] size=8
2026-08-23 14:16:53 | INFO | [201/500] example_id=5abd13b655429924427fceea
2026-08-23 14:16:53 | INFO | Question: Which singer, who released his debut solo album in 2012, served as producer for the EP Live at the Third Man by White Denim in 2011?
2026-08-23 14:16:53 | INFO | [202/500] example_id=5adf37a95542995ec70e8f97
2026-08-23 14:16:53 | INFO | Question: The 2011–12 VCU Rams men's basketball team, led by third year head coach Shaka Smart, represented Virginia Commonwealth University which was founded in what year?
2026-08-23 14:16:53 | INFO | [203/500] example_id=5a78e86f55429974737f78fb
2026-08-23 14:16:53 | INFO | Question: What does the unique calendar system in Japan, who the first Emperor of Japan created, emphasize?
2026-08-23 14:16:53 | INFO | [204/500] example_id=5a807ceb554299485f598616
2026-08-23 14:16:53 | INFO | Question: What "Splitting Image" voice artist provided testimony in Evidently... John Cooper Clarke?
2026-08-23 14:16:53 | INFO | [205/500] example_id=5a8c493e554299653c1aa020
2026-08-23 14:16:53 | INFO | Question: John ruskin named his album due to a removal of what?
2026-08-23 14:16:53 | INFO | [206/500] example_id=5a75404a55429916b01642be
2026-08-23 14:16:53 | INFO | Question: At what university can the building that served as the fictional household that includes Gomez and Morticia be found?
2026-08-23 14:16:53 | INFO | [207/500] example_id=5a81108855429926c1cdace2
2026-08-23 14:16:53 | INFO | Question: What is the global rank by population of the city that Daewoong Pharmaceutical Co., Ltd is based in?
2026-08-23 14:16:53 | INFO | [208/500] example_id=5ae340a85542994393b9e668
2026-08-23 14:16:53 | INFO | Question: In which city is a football club that uses Gabriel Barbosa?
2026-08-23 14:19:16 | INFO | Prediction: Jack White
2026-08-23 14:19:16 | INFO | Gold: Jack White
2026-08-23 14:19:16 | INFO | Agent metadata: {'cot_sc_samples': 21, 'cot_sc_valid_answers': 21, 'cot_sc_winning_count': 21, 'cot_sc_confidence': 1.0, 'cot_sc_winning_answer': 'Jack White', 'cot_sc_vote_counts': {'jack white': 21}, 'selected_path': 'cot_sc', 'fallback_used': True, 'cot_sc_paper_threshold': 10.5, 'cot_sc_threshold_met': True, 'react_termination_reason': 'max_steps_exceeded'}
2026-08-23 14:19:16 | INFO | Answer | EM: 1.0000 | F1: 1.0000
2026-08-23 14:19:16 | INFO | Result | Correct: True | Running EM: 32.34% | Termination: fallback_cot_sc | Steps: 28 | Tool calls: 7 | Latency: 17.930s
2026-08-23 14:19:16 | INFO | Prediction: 1838
2026-08-23 14:19:16 | INFO | Gold: 1838
2026-08-23 14:19:16 | INFO | Agent metadata: {'selected_path': 'react', 'fallback_used': False, 'react_termination_reason': 'completed'}
2026-08-23 14:19:16 | INFO | Answer | EM: 1.0000 | F1: 1.0000
2026-08-23 14:19:16 | INFO | Result | Correct: True | Running EM: 32.67% | Termination: react_completed | Steps: 2 | Tool calls: 1 | Latency: 17.930s
2026-08-23 14:19:16 | INFO | Prediction: emphasizes the long history of Japan and the Imperial dynasty
2026-08-23 14:19:16 | INFO | Gold: the long history of Japan
2026-08-23 14:19:16 | INFO | Agent metadata: {'selected_path': 'react', 'fallback_used': False, 'react_termination_reason': 'completed'}
2026-08-23 14:19:16 | INFO | Answer | EM: 0.0000 | F1: 0.6667
2026-08-23 14:19:16 | INFO | Result | Correct: False | Running EM: 32.51% | Termination: react_completed | Steps: 4 | Tool calls: 3 | Latency: 17.930s
2026-08-23 14:19:16 | INFO | Prediction: Clive Anderson
2026-08-23 14:19:16 | INFO | Gold: Stephen John Coogan
2026-08-23 14:19:16 | INFO | Agent metadata: {'cot_sc_samples': 21, 'cot_sc_valid_answers': 21, 'cot_sc_winning_count': 2, 'cot_sc_confidence': 0.09523809523809523, 'cot_sc_winning_answer': 'Clive Anderson', 'cot_sc_vote_counts': {'clive anderson': 2, 'tricia tuttle': 1, 'not enough information to determine': 1, 'peter sallis': 1, 'susan george': 1, 'frank thornton': 1, 'impersonator of john cooper clarke': 1, 'derek fowlds': 1, 'frank skinner': 1, 'tim brooketaylor regular cast member of splitting image provided voices for show but did not provide testimony in evidently john cooper clarke': 1, 'sarah alexander': 1, 'martin jarvis': 1, 'malcolm clarke': 1, 'mike mcshane': 1, 'david jason': 1, 'rob grant': 1, 'tim brooketaylor': 1, 'carol cleveland': 1, 'barry cryer': 1, 'bernadette oneale': 1}, 'selected_path': 'cot_sc', 'fallback_used': True, 'cot_sc_paper_threshold': 10.5, 'cot_sc_threshold_met': False, 'react_termination_reason': 'max_steps_exceeded'}
2026-08-23 14:19:16 | INFO | Answer | EM: 0.0000 | F1: 0.0000
2026-08-23 14:19:16 | INFO | Result | Correct: False | Running EM: 32.35% | Termination: fallback_cot_sc | Steps: 28 | Tool calls: 7 | Latency: 17.930s
2026-08-23 14:19:16 | INFO | Prediction: No
2026-08-23 14:19:16 | INFO | Gold: marker pen
2026-08-23 14:19:16 | INFO | Agent metadata: {'cot_sc_samples': 21, 'cot_sc_valid_answers': 21, 'cot_sc_winning_count': 4, 'cot_sc_confidence': 0.19047619047619047, 'cot_sc_winning_answer': 'No', 'cot_sc_vote_counts': {'no': 4, 'not applicable': 3, 'no album is associated with john ruskin': 2, 'na': 2, 'question contains inaccuracies and cannot be answered as stated': 1, 'please provide correct artists name for accurate information': 1, 'planned release': 1, 'question contains incorrect information': 1, 'not enough information provided to determine removal related to album name': 1, 'not applicable due to lack of relevant information': 1, 'more context is needed': 1, 'not enough information to determine reason': 1, 'not applicable as question contains incorrect information': 1, 'no known connection found': 1}, 'selected_path': 'cot_sc', 'fallback_used': True, 'cot_sc_paper_threshold': 10.5, 'cot_sc_threshold_met': False, 'react_termination_reason': 'max_steps_exceeded'}
2026-08-23 14:19:16 | INFO | Answer | EM: 0.0000 | F1: 0.0000
2026-08-23 14:19:16 | INFO | Result | Correct: False | Running EM: 32.20% | Termination: fallback_cot_sc | Steps: 28 | Tool calls: 7 | Latency: 17.930s
2026-08-23 14:19:16 | INFO | Prediction: University of California, Berkeley
2026-08-23 14:19:16 | INFO | Gold: Syracuse University
2026-08-23 14:19:16 | INFO | Agent metadata: {'cot_sc_samples': 21, 'cot_sc_valid_answers': 21, 'cot_sc_winning_count': 4, 'cot_sc_confidence': 0.19047619047619047, 'cot_sc_winning_answer': 'University of California, Berkeley', 'cot_sc_vote_counts': {'university of california berkeley': 4, 'harvard university': 3, 'university of california santa cruz': 2, 'trinity college hartford connecticut': 1, 'university of california santa barbara': 1, 'university of southern california': 1, 'pomona college thorne hall': 1, 'university of california los angeles ucla': 1, 'columbia university for film addams family values': 1, 'wellesley college': 1, 'ucla': 1, 'new york university': 1, 'bowdoin college': 1, 'pomona college': 1, 'dartmouth college': 1}, 'selected_path': 'cot_sc', 'fallback_used': True, 'cot_sc_paper_threshold': 10.5, 'cot_sc_threshold_met': False, 'react_termination_reason': 'action_loop'}
2026-08-23 14:19:16 | INFO | Answer | EM: 0.0000 | F1: 0.3333
2026-08-23 14:19:16 | INFO | Result | Correct: False | Running EM: 32.04% | Termination: fallback_cot_sc | Steps: 27 | Tool calls: 4 | Latency: 17.930s
2026-08-23 14:19:16 | INFO | Prediction: 6th
2026-08-23 14:19:16 | INFO | Gold: world's 16th largest city
2026-08-23 14:19:16 | INFO | Agent metadata: {'selected_path': 'react', 'fallback_used': False, 'react_termination_reason': 'completed'}
2026-08-23 14:19:16 | INFO | Answer | EM: 0.0000 | F1: 0.0000
2026-08-23 14:19:16 | INFO | Result | Correct: False | Running EM: 31.88% | Termination: react_completed | Steps: 3 | Tool calls: 2 | Latency: 17.930s
2026-08-23 14:19:16 | INFO | Prediction: Rio de Janeiro
2026-08-23 14:19:16 | INFO | Gold: Milan
2026-08-23 14:19:16 | INFO | Agent metadata: {'selected_path': 'react', 'fallback_used': False, 'react_termination_reason': 'completed'}
2026-08-23 14:19:16 | INFO | Answer | EM: 0.0000 | F1: 0.0000
2026-08-23 14:19:16 | INFO | Result | Correct: False | Running EM: 31.73% | Termination: react_completed | Steps: 3 | Tool calls: 2 | Latency: 17.930s
2026-08-23 14:19:16 | INFO | Inference batch [209-216/500] size=8
2026-08-23 14:19:16 | INFO | [209/500] example_id=5a8d0be85542994ba4e3dbb2
2026-08-23 14:19:16 | INFO | Question: Maryland Jockey Club operates a race track in the largest municipality in which Maryland county?
2026-08-23 14:19:16 | INFO | [210/500] example_id=5add43335542995b365faae1
2026-08-23 14:19:16 | INFO | Question: What term was used in the North-West Derby  to disparge their rivals?
2026-08-23 14:19:16 | INFO | [211/500] example_id=5ae4d8475542993aec5ec0e0
2026-08-23 14:19:16 | INFO | Question: Repertoire of Plácido Domingo appeared in an opera written by whom which was based on a play by William Shakespeare?
2026-08-23 14:19:16 | INFO | [212/500] example_id=5ab5c263554299488d4d9a18
2026-08-23 14:19:16 | INFO | Question: Which country refrained from participating in the 1991 Baltic Cup though it had participated in previous Baltic Cup competitions?
2026-08-23 14:19:16 | INFO | [213/500] example_id=5a74a26a55429979e28829d6
2026-08-23 14:19:16 | INFO | Question: Which composer was born earlier, Paul Hindemith or Béla Bartók?
2026-08-23 14:19:16 | INFO | [214/500] example_id=5a8d841955429941ae14dfe6
2026-08-23 14:19:16 | INFO | Question: Who plays in both The True Adventures of Wolfboy and "The Knick"?
2026-08-23 14:19:16 | INFO | [215/500] example_id=5a809e9f5542996402f6a5b1
2026-08-23 14:19:16 | INFO | Question: Ricky Martin's concert tour in 1999 featured an American heavy metal band formed in what year?
2026-08-23 14:19:16 | INFO | [216/500] example_id=5ac2d85e55429921a00ab06b
2026-08-23 14:19:16 | INFO | Question: Where did the hijacked plane rammed by Heather Penney crash?
2026-08-23 14:21:46 | INFO | Prediction: Baltimore County
2026-08-23 14:21:46 | INFO | Gold: Prince George's County
2026-08-23 14:21:46 | INFO | Agent metadata: {'cot_sc_samples': 21, 'cot_sc_valid_answers': 21, 'cot_sc_winning_count': 20, 'cot_sc_confidence': 0.9523809523809523, 'cot_sc_winning_answer': 'Baltimore County', 'cot_sc_vote_counts': {'baltimore county': 20, 'baltimore': 1}, 'selected_path': 'cot_sc', 'fallback_used': True, 'cot_sc_paper_threshold': 10.5, 'cot_sc_threshold_met': True, 'react_termination_reason': 'action_loop'}
2026-08-23 14:21:46 | INFO | Answer | EM: 0.0000 | F1: 0.4000
2026-08-23 14:21:46 | INFO | Result | Correct: False | Running EM: 31.58% | Termination: fallback_cot_sc | Steps: 26 | Tool calls: 3 | Latency: 18.748s
2026-08-23 14:21:46 | INFO | Prediction: chase
2026-08-23 14:21:46 | INFO | Gold: Mickey Mouse Cup
2026-08-23 14:21:46 | INFO | Agent metadata: {'cot_sc_samples': 21, 'cot_sc_valid_answers': 21, 'cot_sc_winning_count': 1, 'cot_sc_confidence': 0.047619047619047616, 'cot_sc_winning_answer': 'chase', 'cot_sc_vote_counts': {'chase': 1, 'rummers': 1, 'cheltenham brushers': 1, 'mullers': 1, 'liverpool stable': 1, 'flatmen': 1, 'cheltenham chopsticks': 1, 'mudlarks': 1, 'scallywags': 1, 'merseysiders': 1, 'chalkies': 1, 'boltons bastards': 1, 'backyarders': 1, 'citizens': 1, 'useless': 1, 'scullery': 1, 'chocolate soldiers': 1, 'cheltenham': 1, 'inferior field': 1, 'brolly brigade': 1, 'toon': 1}, 'selected_path': 'cot_sc', 'fallback_used': True, 'cot_sc_paper_threshold': 10.5, 'cot_sc_threshold_met': False, 'react_termination_reason': 'action_loop'}
2026-08-23 14:21:46 | INFO | Answer | EM: 0.0000 | F1: 0.0000
2026-08-23 14:21:46 | INFO | Result | Correct: False | Running EM: 31.43% | Termination: fallback_cot_sc | Steps: 26 | Tool calls: 3 | Latency: 18.748s
2026-08-23 14:21:46 | INFO | Prediction: Giuseppe Verdi
2026-08-23 14:21:46 | INFO | Gold: Giuseppe Verdi
2026-08-23 14:21:46 | INFO | Agent metadata: {'selected_path': 'react', 'fallback_used': False, 'react_termination_reason': 'completed'}
2026-08-23 14:21:46 | INFO | Answer | EM: 1.0000 | F1: 1.0000
2026-08-23 14:21:46 | INFO | Result | Correct: True | Running EM: 31.75% | Termination: react_completed | Steps: 5 | Tool calls: 4 | Latency: 18.748s
2026-08-23 14:21:46 | INFO | Prediction: Soviet Union
2026-08-23 14:21:46 | INFO | Gold: Belarus
2026-08-23 14:21:46 | INFO | Agent metadata: {'cot_sc_samples': 21, 'cot_sc_valid_answers': 21, 'cot_sc_winning_count': 6, 'cot_sc_confidence': 0.2857142857142857, 'cot_sc_winning_answer': 'Soviet Union', 'cot_sc_vote_counts': {'soviet union': 6, 'lithuania': 3, 'belarus': 2, 'russia': 2, 'poland': 2, 'lithuania latvia and estonia': 1, 'latvia': 1, 'finland': 1, 'west germany': 1, 'denmark': 1, 'estonia latvia or lithuania': 1}, 'selected_path': 'cot_sc', 'fallback_used': True, 'cot_sc_paper_threshold': 10.5, 'cot_sc_threshold_met': False, 'react_termination_reason': 'max_steps_exceeded'}
2026-08-23 14:21:46 | INFO | Answer | EM: 0.0000 | F1: 0.0000
2026-08-23 14:21:46 | INFO | Result | Correct: False | Running EM: 31.60% | Termination: fallback_cot_sc | Steps: 28 | Tool calls: 7 | Latency: 18.748s
2026-08-23 14:21:46 | INFO | Prediction: Béla Bartók
2026-08-23 14:21:46 | INFO | Gold: Béla Viktor János Bartók
2026-08-23 14:21:46 | INFO | Agent metadata: {'selected_path': 'react', 'fallback_used': False, 'react_termination_reason': 'completed'}
2026-08-23 14:21:46 | INFO | Answer | EM: 0.0000 | F1: 0.6667
2026-08-23 14:21:46 | INFO | Result | Correct: False | Running EM: 31.46% | Termination: react_completed | Steps: 3 | Tool calls: 2 | Latency: 18.748s
2026-08-23 14:21:46 | INFO | Prediction: Jamie Chung
2026-08-23 14:21:46 | INFO | Gold: Eve Hewson
2026-08-23 14:21:46 | INFO | Agent metadata: {'cot_sc_samples': 21, 'cot_sc_valid_answers': 21, 'cot_sc_winning_count': 2, 'cot_sc_confidence': 0.09523809523809523, 'cot_sc_winning_answer': 'Jamie Chung', 'cot_sc_vote_counts': {'jamie chung': 2, 'none': 2, 'lance reddick': 1, 'no': 1, 'jonny lee miller': 1, 'anna camp': 1, 'elijah wood': 1, 'jeremy davies': 1, 'amanda bynes': 1, 'kadeem hardison': 1, 'justin theroux': 1, 'eric christian olsen': 1, 'jordan hudgins': 1, 'daniel daylewis': 1, 'dylan minnette': 1, 'david mcilwraith': 1, 'clive owen': 1, 'ben feldman': 1, 'will forte': 1}, 'selected_path': 'cot_sc', 'fallback_used': True, 'cot_sc_paper_threshold': 10.5, 'cot_sc_threshold_met': False, 'react_termination_reason': 'max_steps_exceeded'}
2026-08-23 14:21:46 | INFO | Answer | EM: 0.0000 | F1: 0.0000
2026-08-23 14:21:46 | INFO | Result | Correct: False | Running EM: 31.31% | Termination: fallback_cot_sc | Steps: 28 | Tool calls: 7 | Latency: 18.748s
2026-08-23 14:21:46 | INFO | Prediction: 1995
2026-08-23 14:21:46 | INFO | Gold: 1991
2026-08-23 14:21:46 | INFO | Agent metadata: {'selected_path': 'react', 'fallback_used': False, 'react_termination_reason': 'completed'}
2026-08-23 14:21:46 | INFO | Answer | EM: 0.0000 | F1: 0.0000
2026-08-23 14:21:46 | INFO | Result | Correct: False | Running EM: 31.16% | Termination: react_completed | Steps: 7 | Tool calls: 5 | Latency: 18.748s
2026-08-23 14:21:46 | INFO | Prediction: Shanksville, Somerset County, Pennsylvania
2026-08-23 14:21:46 | INFO | Gold: Pennsylvania
2026-08-23 14:21:46 | INFO | Agent metadata: {'selected_path': 'react', 'fallback_used': False, 'react_termination_reason': 'completed'}
2026-08-23 14:21:46 | INFO | Answer | EM: 0.0000 | F1: 0.4000
2026-08-23 14:21:46 | INFO | Result | Correct: False | Running EM: 31.02% | Termination: react_completed | Steps: 5 | Tool calls: 4 | Latency: 18.748s
2026-08-23 14:21:46 | INFO | Inference batch [217-224/500] size=8
2026-08-23 14:21:46 | INFO | [217/500] example_id=5a8319b255429940e5e1a960
2026-08-23 14:21:46 | INFO | Question: Who composed the theme music in 1989 of an animated television series which has the current arrangement by a person who  has scored or orchestrated music for more than 30 films and television shows?
2026-08-23 14:21:46 | INFO | [218/500] example_id=5a7aa0a55542990198eaf165
2026-08-23 14:21:46 | INFO | Question: Who was born first, Sathish Kalathil or Jacques Feyder?
2026-08-23 14:21:46 | INFO | [219/500] example_id=5ab9ddef5542994dbf019875
2026-08-23 14:21:46 | INFO | Question: Are Eve Beglarian and Zach Bogosian both of Armenian descent?
2026-08-23 14:21:46 | INFO | [220/500] example_id=5ae157ed5542990adbacf75d
2026-08-23 14:21:46 | INFO | Question: When was the English writer and screenwriter,died who was creator and writer of "Are You Being Served?" with David Croft?
2026-08-23 14:21:46 | INFO | [221/500] example_id=5a8555ea5542992a431d1b07
2026-08-23 14:21:46 | INFO | Question: The movie that was the directorial debut of Jonathan Glazer included the musical piece Lujon. Which other movie that has the letter "B" in it also includes this piece?
2026-08-23 14:21:46 | INFO | [222/500] example_id=5ae141a65542997b2ef7d18a
2026-08-23 14:21:46 | INFO | Question: Pak Sao is a technique in the martial art specializing in what type of fighting?
2026-08-23 14:21:46 | INFO | [223/500] example_id=5ae4a1ef55429970de88d9e7
2026-08-23 14:21:46 | INFO | Question: When was the  Argentine former footballer which  Dutch manager Ronald Koeman replaced in  2014–15 Southampton F.C. season born
2026-08-23 14:21:46 | INFO | [224/500] example_id=5ab90e9755429934fafe6e51
2026-08-23 14:21:46 | INFO | Question: Are John le Carré and Tim Winton both novelists?
2026-08-23 14:24:14 | INFO | Prediction: Alf Clausen
2026-08-23 14:24:14 | INFO | Gold: Danny Elfman
2026-08-23 14:24:14 | INFO | Agent metadata: {'cot_sc_samples': 21, 'cot_sc_valid_answers': 21, 'cot_sc_winning_count': 3, 'cot_sc_confidence': 0.14285714285714285, 'cot_sc_winning_answer': 'Alf Clausen', 'cot_sc_vote_counts': {'alf clausen': 3, 'matt groening': 2, 'john williams': 2, 'danny elfman': 1, 'george winston': 1, 'jacques brel': 1, 'hans zimmer': 1, 'scott nelson': 1, 'murray gold': 1, 'no': 1, 'jerry goldsmith and david newman': 1, 'michael giacchino': 1, 'al jean': 1, 'joseph bishara and eric boucher': 1, 'david newman': 1, 'marc shaiman and scott shaw': 1, 'yip harburg and harold arlen': 1}, 'selected_path': 'cot_sc', 'fallback_used': True, 'cot_sc_paper_threshold': 10.5, 'cot_sc_threshold_met': False, 'react_termination_reason': 'action_loop'}
2026-08-23 14:24:14 | INFO | Answer | EM: 0.0000 | F1: 0.0000
2026-08-23 14:24:14 | INFO | Result | Correct: False | Running EM: 30.88% | Termination: fallback_cot_sc | Steps: 27 | Tool calls: 4 | Latency: 18.535s
2026-08-23 14:24:14 | INFO | Prediction: Jacques Feyder
2026-08-23 14:24:14 | INFO | Gold: Jacques Feyder
2026-08-23 14:24:14 | INFO | Agent metadata: {'cot_sc_samples': 21, 'cot_sc_valid_answers': 21, 'cot_sc_winning_count': 21, 'cot_sc_confidence': 1.0, 'cot_sc_winning_answer': 'Jacques Feyder', 'cot_sc_vote_counts': {'jacques feyder': 21}, 'selected_path': 'cot_sc', 'fallback_used': True, 'cot_sc_paper_threshold': 10.5, 'cot_sc_threshold_met': True, 'react_termination_reason': 'max_steps_exceeded'}
2026-08-23 14:24:14 | INFO | Answer | EM: 1.0000 | F1: 1.0000
2026-08-23 14:24:14 | INFO | Result | Correct: True | Running EM: 31.19% | Termination: fallback_cot_sc | Steps: 28 | Tool calls: 6 | Latency: 18.535s
2026-08-23 14:24:14 | INFO | Prediction: yes
2026-08-23 14:24:14 | INFO | Gold: yes
2026-08-23 14:24:14 | INFO | Agent metadata: {'selected_path': 'react', 'fallback_used': False, 'react_termination_reason': 'completed'}
2026-08-23 14:24:14 | INFO | Answer | EM: 1.0000 | F1: 1.0000
2026-08-23 14:24:14 | INFO | Result | Correct: True | Running EM: 31.51% | Termination: react_completed | Steps: 5 | Tool calls: 4 | Latency: 18.535s
2026-08-23 14:24:14 | INFO | Prediction: December 23, 2014
2026-08-23 14:24:14 | INFO | Gold: 23 December 2014
2026-08-23 14:24:14 | INFO | Agent metadata: {'selected_path': 'react', 'fallback_used': False, 'react_termination_reason': 'completed'}
2026-08-23 14:24:14 | INFO | Answer | EM: 0.0000 | F1: 1.0000
2026-08-23 14:24:14 | INFO | Result | Correct: False | Running EM: 31.36% | Termination: react_completed | Steps: 3 | Tool calls: 2 | Latency: 18.535s
2026-08-23 14:24:14 | INFO | Prediction: Before Night Falls
2026-08-23 14:24:14 | INFO | Gold: The Big Lebowski
2026-08-23 14:24:14 | INFO | Agent metadata: {'cot_sc_samples': 21, 'cot_sc_valid_answers': 21, 'cot_sc_winning_count': 14, 'cot_sc_confidence': 0.6666666666666666, 'cot_sc_winning_answer': 'Before Night Falls', 'cot_sc_vote_counts': {'before night falls': 14, 'beasts of southern wild': 2, 'before sunset': 1, 'blade runner': 1, 'before sunrise': 1, 'blade runner 2049': 1, 'bronx burning': 1}, 'selected_path': 'cot_sc', 'fallback_used': True, 'cot_sc_paper_threshold': 10.5, 'cot_sc_threshold_met': True, 'react_termination_reason': 'max_steps_exceeded'}
2026-08-23 14:24:14 | INFO | Answer | EM: 0.0000 | F1: 0.0000
2026-08-23 14:24:14 | INFO | Result | Correct: False | Running EM: 31.22% | Termination: fallback_cot_sc | Steps: 28 | Tool calls: 5 | Latency: 18.535s
2026-08-23 14:24:14 | INFO | Prediction: close-quarters fighting
2026-08-23 14:24:14 | INFO | Gold: close range combat
2026-08-23 14:24:14 | INFO | Agent metadata: {'selected_path': 'react', 'fallback_used': False, 'react_termination_reason': 'completed'}
2026-08-23 14:24:14 | INFO | Answer | EM: 0.0000 | F1: 0.0000
2026-08-23 14:24:14 | INFO | Result | Correct: False | Running EM: 31.08% | Termination: react_completed | Steps: 5 | Tool calls: 4 | Latency: 18.535s
2026-08-23 14:24:14 | INFO | Prediction: October 11, 1983
2026-08-23 14:24:14 | INFO | Gold: 2 March 1972
2026-08-23 14:24:14 | INFO | Agent metadata: {'cot_sc_samples': 21, 'cot_sc_valid_answers': 21, 'cot_sc_winning_count': 1, 'cot_sc_confidence': 0.047619047619047616, 'cot_sc_winning_answer': 'October 11, 1983', 'cot_sc_vote_counts': {'october 11 1983': 1, 'july 16 1962': 1, 'june 23 1980': 1, 'july 16 1979': 1, 'may 16 1977': 1, '24 april 1987': 1, 'march 30 1986': 1, 'october 21 1988': 1, 'september 13 1976': 1, 'april 16 1978': 1, 'april 26 1978': 1, 'july 29 1986': 1, 'january 21 1985': 1, 'july 23 1972': 1, 'december 15 1963': 1, 'october 16 1976': 1, 'july 23 1986': 1, '1968': 1, 'june 15 1972': 1, 'march 14 1983': 1, 'may 30 1986': 1}, 'selected_path': 'cot_sc', 'fallback_used': True, 'cot_sc_paper_threshold': 10.5, 'cot_sc_threshold_met': False, 'react_termination_reason': 'max_steps_exceeded'}
2026-08-23 14:24:14 | INFO | Answer | EM: 0.0000 | F1: 0.0000
2026-08-23 14:24:14 | INFO | Result | Correct: False | Running EM: 30.94% | Termination: fallback_cot_sc | Steps: 28 | Tool calls: 7 | Latency: 18.535s
2026-08-23 14:24:14 | INFO | Prediction: yes
2026-08-23 14:24:14 | INFO | Gold: yes
2026-08-23 14:24:14 | INFO | Agent metadata: {'selected_path': 'react', 'fallback_used': False, 'react_termination_reason': 'completed'}
2026-08-23 14:24:14 | INFO | Answer | EM: 1.0000 | F1: 1.0000
2026-08-23 14:24:14 | INFO | Result | Correct: True | Running EM: 31.25% | Termination: react_completed | Steps: 7 | Tool calls: 6 | Latency: 18.535s
2026-08-23 14:24:14 | INFO | Inference batch [225-232/500] size=8
2026-08-23 14:24:14 | INFO | [225/500] example_id=5a8e3ea95542995a26add48d
2026-08-23 14:24:14 | INFO | Question: The director of the romantic comedy "Big Stone Gap" is based in what New York city?
2026-08-23 14:24:14 | INFO | [226/500] example_id=5ac2f34455429921a00ab0b6
2026-08-23 14:24:14 | INFO | Question: What university did Bill Daly graduate that Gary Bettman also graduated from?
2026-08-23 14:24:14 | INFO | [227/500] example_id=5a7344e95542991f9a20c6ce
2026-08-23 14:24:14 | INFO | Question: What song was number 4 on the charts when a song from FutureSex/LoveSounds was number 1?
2026-08-23 14:24:14 | INFO | [228/500] example_id=5a7b1c6b55429931da12c9ca
2026-08-23 14:24:14 | INFO | Question: Johnny Edwards and Ian Anderson are singers, who had joined the greater number of bands?
2026-08-23 14:24:14 | INFO | [229/500] example_id=5ab341f755429969a97a8114
2026-08-23 14:24:14 | INFO | Question: The song "Chim Chim Cher-ee" can be heard  in the "Mary Poppins" scene of a Disney ride that debuted in what year?
2026-08-23 14:24:14 | INFO | [230/500] example_id=5a8b50475542997f31a41cd4
2026-08-23 14:24:14 | INFO | Question: Wing Chun starred Michelle Yeoh and a Hong Kong actor, martial artist, and film director who won what tournament multiple times?
2026-08-23 14:24:14 | INFO | [231/500] example_id=5a8cddd1554299441c6b9f3a
2026-08-23 14:24:14 | INFO | Question: In what 2 countries did both X-Large and A Bathing Ape have stores?
2026-08-23 14:24:14 | INFO | [232/500] example_id=5a88f7855542993b751ca8da
2026-08-23 14:24:14 | INFO | Question: In what year did a movie that starred both Nicholas Cage and Cher come out?
2026-08-23 14:27:10 | INFO | Prediction: New York City
2026-08-23 14:27:10 | INFO | Gold: Greenwich Village, New York City
2026-08-23 14:27:10 | INFO | Agent metadata: {'selected_path': 'react', 'fallback_used': False, 'react_termination_reason': 'completed'}
2026-08-23 14:27:10 | INFO | Answer | EM: 0.0000 | F1: 0.7500
2026-08-23 14:27:10 | INFO | Result | Correct: False | Running EM: 31.11% | Termination: react_completed | Steps: 4 | Tool calls: 3 | Latency: 21.976s
2026-08-23 14:27:10 | INFO | Prediction: Michigan State University
2026-08-23 14:27:10 | INFO | Gold: New York University School of Law
2026-08-23 14:27:10 | INFO | Agent metadata: {'cot_sc_samples': 21, 'cot_sc_valid_answers': 21, 'cot_sc_winning_count': 13, 'cot_sc_confidence': 0.6190476190476191, 'cot_sc_winning_answer': 'Michigan State University', 'cot_sc_vote_counts': {'michigan state university': 13, 'university of michigan': 3, 'ohio state university': 2, 'cornell university': 1, 'university of pennsylvania': 1, 'harvard university': 1}, 'selected_path': 'cot_sc', 'fallback_used': True, 'cot_sc_paper_threshold': 10.5, 'cot_sc_threshold_met': True, 'react_termination_reason': 'max_steps_exceeded'}
2026-08-23 14:27:10 | INFO | Answer | EM: 0.0000 | F1: 0.2222
2026-08-23 14:27:10 | INFO | Result | Correct: False | Running EM: 30.97% | Termination: fallback_cot_sc | Steps: 28 | Tool calls: 5 | Latency: 21.976s
2026-08-23 14:27:10 | INFO | Prediction: Hollaback Girl
2026-08-23 14:27:10 | INFO | Gold: Rudebox
2026-08-23 14:27:10 | INFO | Agent metadata: {'cot_sc_samples': 21, 'cot_sc_valid_answers': 21, 'cot_sc_winning_count': 2, 'cot_sc_confidence': 0.09523809523809523, 'cot_sc_winning_answer': 'Hollaback Girl', 'cot_sc_vote_counts': {'hollaback girl': 2, 'without specific chart data its not possible to accurately determine song at number 4 when song from futuresexlovesounds was number 1': 1, 'dance dance by avicii': 1, 'dance with my ghostrider by nelly': 1, 'without specific chart data its impossible to determine exact song at number 4 when song from futuresexlovesounds was number 1': 1, 'california gurls by katy perry': 1, 'dance dance by keri hilson': 1, 'titanium by david guetta featuring sia': 1, 'shadow of day': 1, 'dance dance by keri hilson featuring ludacris': 1, 'in my feelings': 1, 'gold digger by kanye west featuring jamie foxx': 1, 'since u been gone by kelly clarkson': 1, 'dont cha by pussycat dolls featuring busta rhymes': 1, 'billionaire by travie mccoy and bruno mars': 1, 'no scrubs by tlc': 1, 'dance dance': 1, 'dont cha by pussycat dolls': 1, 'monster by eminem and rihanna': 1, 'dance monkey by tones and i': 1}, 'selected_path': 'cot_sc', 'fallback_used': True, 'cot_sc_paper_threshold': 10.5, 'cot_sc_threshold_met': False, 'react_termination_reason': 'action_loop'}
2026-08-23 14:27:10 | INFO | Answer | EM: 0.0000 | F1: 0.0000
2026-08-23 14:27:10 | INFO | Result | Correct: False | Running EM: 30.84% | Termination: fallback_cot_sc | Steps: 26 | Tool calls: 3 | Latency: 21.976s
2026-08-23 14:27:10 | INFO | Prediction: Johnny Edwards
2026-08-23 14:27:10 | INFO | Gold: John Douglas "Johnny" Edwards
2026-08-23 14:27:10 | INFO | Agent metadata: {'cot_sc_samples': 21, 'cot_sc_valid_answers': 21, 'cot_sc_winning_count': 17, 'cot_sc_confidence': 0.8095238095238095, 'cot_sc_winning_answer': 'Johnny Edwards', 'cot_sc_vote_counts': {'johnny edwards': 17, 'ian anderson': 4}, 'selected_path': 'cot_sc', 'fallback_used': True, 'cot_sc_paper_threshold': 10.5, 'cot_sc_threshold_met': True, 'react_termination_reason': 'max_steps_exceeded'}
2026-08-23 14:27:10 | INFO | Answer | EM: 0.0000 | F1: 0.6667
2026-08-23 14:27:10 | INFO | Result | Correct: False | Running EM: 30.70% | Termination: fallback_cot_sc | Steps: 28 | Tool calls: 7 | Latency: 21.976s
2026-08-23 14:27:10 | INFO | Prediction: 1978
2026-08-23 14:27:10 | INFO | Gold: 1989
2026-08-23 14:27:10 | INFO | Agent metadata: {'cot_sc_samples': 21, 'cot_sc_valid_answers': 21, 'cot_sc_winning_count': 5, 'cot_sc_confidence': 0.23809523809523808, 'cot_sc_winning_answer': '1978', 'cot_sc_vote_counts': {'1978': 5, '1967': 4, '1973': 2, '1966': 2, '1971': 1, '1982': 1, '2016': 1, '2006': 1, '1979': 1, '1983': 1, '2003': 1, '2005': 1}, 'selected_path': 'cot_sc', 'fallback_used': True, 'cot_sc_paper_threshold': 10.5, 'cot_sc_threshold_met': False, 'react_termination_reason': 'max_steps_exceeded'}
2026-08-23 14:27:10 | INFO | Answer | EM: 0.0000 | F1: 0.0000
2026-08-23 14:27:10 | INFO | Result | Correct: False | Running EM: 30.57% | Termination: fallback_cot_sc | Steps: 28 | Tool calls: 6 | Latency: 21.976s
2026-08-23 14:27:10 | INFO | Prediction: Golden Horse Awards
2026-08-23 14:27:10 | INFO | Gold: world wushu tournament
2026-08-23 14:27:10 | INFO | Agent metadata: {'selected_path': 'react', 'fallback_used': False, 'react_termination_reason': 'completed'}
2026-08-23 14:27:10 | INFO | Answer | EM: 0.0000 | F1: 0.0000
2026-08-23 14:27:10 | INFO | Result | Correct: False | Running EM: 30.43% | Termination: react_completed | Steps: 4 | Tool calls: 3 | Latency: 21.976s
2026-08-23 14:27:10 | INFO | Prediction: United States, Japan
2026-08-23 14:27:10 | INFO | Gold: Japan and Hong Kong
2026-08-23 14:27:10 | INFO | Agent metadata: {'cot_sc_samples': 21, 'cot_sc_valid_answers': 21, 'cot_sc_winning_count': 12, 'cot_sc_confidence': 0.5714285714285714, 'cot_sc_winning_answer': 'United States, Japan', 'cot_sc_vote_counts': {'united states japan': 12, 'japan united states': 6, 'north america japan': 1, 'united states and japan': 1, 'japan usa': 1}, 'selected_path': 'cot_sc', 'fallback_used': True, 'cot_sc_paper_threshold': 10.5, 'cot_sc_threshold_met': True, 'react_termination_reason': 'action_loop'}
2026-08-23 14:27:10 | INFO | Answer | EM: 0.0000 | F1: 0.2857
2026-08-23 14:27:10 | INFO | Result | Correct: False | Running EM: 30.30% | Termination: fallback_cot_sc | Steps: 28 | Tool calls: 5 | Latency: 21.976s
2026-08-23 14:27:10 | INFO | Prediction: 1987
2026-08-23 14:27:10 | INFO | Gold: 1987
2026-08-23 14:27:10 | INFO | Agent metadata: {'cot_sc_samples': 21, 'cot_sc_valid_answers': 21, 'cot_sc_winning_count': 5, 'cot_sc_confidence': 0.23809523809523808, 'cot_sc_winning_answer': '1987', 'cot_sc_vote_counts': {'1987': 5, '2005': 5, '1985': 4, '1998': 1, '1990': 1, '2006': 1, '1988': 1, '1999': 1, '2000': 1, '1997': 1}, 'selected_path': 'cot_sc', 'fallback_used': True, 'cot_sc_paper_threshold': 10.5, 'cot_sc_threshold_met': False, 'react_termination_reason': 'max_steps_exceeded'}
2026-08-23 14:27:10 | INFO | Answer | EM: 1.0000 | F1: 1.0000
2026-08-23 14:27:10 | INFO | Result | Correct: True | Running EM: 30.60% | Termination: fallback_cot_sc | Steps: 28 | Tool calls: 6 | Latency: 21.976s
2026-08-23 14:27:10 | INFO | Inference batch [233-240/500] size=8
2026-08-23 14:27:10 | INFO | [233/500] example_id=5ab90d2755429916710eb0f0
2026-08-23 14:27:10 | INFO | Question: Steven Rattazzi provides the voice for the character of Doctor Byron Orpheus on an animated series created by who?
2026-08-23 14:27:10 | INFO | [234/500] example_id=5a7300b85542994cef4bc41a
2026-08-23 14:27:10 | INFO | Question: Gaia is a space observatory of the European Space Agency, what is Astrosat?
2026-08-23 14:27:10 | INFO | [235/500] example_id=5ae7f56e5542993210983fd1
2026-08-23 14:27:10 | INFO | Question: Who is the author of the series in which Rupert Grint plays one of the three main characters?
2026-08-23 14:27:10 | INFO | [236/500] example_id=5a7562045542992db947364f
2026-08-23 14:27:10 | INFO | Question: Which university was founded first, University of California, Berkeley or Saint Louis University?
2026-08-23 14:27:10 | INFO | [237/500] example_id=5adda7585542997dc790700c
2026-08-23 14:27:10 | INFO | Question: Where was the telefilm shot that was based on the 1977 Katherine Paterson book?
2026-08-23 14:27:10 | INFO | [238/500] example_id=5ab4314955429942dd415ecd
2026-08-23 14:27:10 | INFO | Question: Profile Lake is located at the foot of a mountain that is how many feet tall?
2026-08-23 14:27:10 | INFO | [239/500] example_id=5a81a2705542990a1d231e30
2026-08-23 14:27:10 | INFO | Question: Which is farther north, Wynantskill, New York or Hannaford Brothers Company?
2026-08-23 14:27:10 | INFO | [240/500] example_id=5ae291bb5542996483e649f6
2026-08-23 14:27:10 | INFO | Question: What are the publishing years of this American and New York based film magazine published by Hachette Filipacchi Media U.S., where April Bernard worked as senior editor?
2026-08-23 14:29:26 | INFO | Prediction: Jackson Publick and Doc Hammer
2026-08-23 14:29:26 | INFO | Gold: Christopher McCulloch
2026-08-23 14:29:26 | INFO | Agent metadata: {'selected_path': 'react', 'fallback_used': False, 'react_termination_reason': 'completed'}
2026-08-23 14:29:26 | INFO | Answer | EM: 0.0000 | F1: 0.0000
2026-08-23 14:29:26 | INFO | Result | Correct: False | Running EM: 30.47% | Termination: react_completed | Steps: 3 | Tool calls: 2 | Latency: 16.964s
2026-08-23 14:29:26 | INFO | Prediction: no
2026-08-23 14:29:26 | INFO | Gold: India's first dedicated multi-wavelength space observatory.
2026-08-23 14:29:26 | INFO | Agent metadata: {'selected_path': 'react', 'fallback_used': False, 'react_termination_reason': 'completed'}
2026-08-23 14:29:26 | INFO | Answer | EM: 0.0000 | F1: 0.0000
2026-08-23 14:29:26 | INFO | Result | Correct: False | Running EM: 30.34% | Termination: react_completed | Steps: 3 | Tool calls: 2 | Latency: 16.964s
2026-08-23 14:29:26 | INFO | Prediction: J.K. Rowling
2026-08-23 14:29:26 | INFO | Gold: J. K. Rowling
2026-08-23 14:29:26 | INFO | Agent metadata: {'selected_path': 'react', 'fallback_used': False, 'react_termination_reason': 'completed'}
2026-08-23 14:29:26 | INFO | Answer | EM: 0.0000 | F1: 0.4000
2026-08-23 14:29:26 | INFO | Result | Correct: False | Running EM: 30.21% | Termination: react_completed | Steps: 3 | Tool calls: 2 | Latency: 16.964s
2026-08-23 14:29:26 | INFO | Prediction: Saint Louis University
2026-08-23 14:29:26 | INFO | Gold: Saint Louis University
2026-08-23 14:29:26 | INFO | Agent metadata: {'selected_path': 'react', 'fallback_used': False, 'react_termination_reason': 'completed'}
2026-08-23 14:29:26 | INFO | Answer | EM: 1.0000 | F1: 1.0000
2026-08-23 14:29:26 | INFO | Result | Correct: True | Running EM: 30.51% | Termination: react_completed | Steps: 3 | Tool calls: 2 | Latency: 16.964s
2026-08-23 14:29:26 | INFO | Prediction: Toronto, Ontario, Canada
2026-08-23 14:29:26 | INFO | Gold: Edmonton, Alberta
2026-08-23 14:29:26 | INFO | Agent metadata: {'cot_sc_samples': 21, 'cot_sc_valid_answers': 21, 'cot_sc_winning_count': 4, 'cot_sc_confidence': 0.19047619047619047, 'cot_sc_winning_answer': 'Toronto, Ontario, Canada', 'cot_sc_vote_counts': {'toronto ontario canada': 4, 'michigan': 2, 'united states': 2, 'new york city': 1, 'clifton park new york': 1, 'new york city and parts of new england': 1, 'information on specific shooting location is not provided': 1, 'studio setting': 1, 'toronto and vancouver': 1, 'detroit michigan': 1, 'specific shooting locations are not welldocumented but production likely took place in setting reflective of storys context possibly involving urban and rural environments typical of narratives background': 1, 'new york city or one of cbss studios in los angeles': 1, 'new zealand': 1, 'nbc studios and locations suitable for family dramas in united states': 1, 'new york universitys tisch school of arts': 1, 'austin texas': 1}, 'selected_path': 'cot_sc', 'fallback_used': True, 'cot_sc_paper_threshold': 10.5, 'cot_sc_threshold_met': False, 'react_termination_reason': 'max_steps_exceeded'}
2026-08-23 14:29:26 | INFO | Answer | EM: 0.0000 | F1: 0.0000
2026-08-23 14:29:26 | INFO | Result | Correct: False | Running EM: 30.38% | Termination: fallback_cot_sc | Steps: 28 | Tool calls: 7 | Latency: 16.964s
2026-08-23 14:29:26 | INFO | Prediction: 4,080 feet
2026-08-23 14:29:26 | INFO | Gold: 4080
2026-08-23 14:29:26 | INFO | Agent metadata: {'selected_path': 'react', 'fallback_used': False, 'react_termination_reason': 'completed'}
2026-08-23 14:29:26 | INFO | Answer | EM: 0.0000 | F1: 0.6667
2026-08-23 14:29:26 | INFO | Result | Correct: False | Running EM: 30.25% | Termination: react_completed | Steps: 5 | Tool calls: 4 | Latency: 16.964s
2026-08-23 14:29:26 | INFO | Prediction: Hannaford Brothers Company
2026-08-23 14:29:26 | INFO | Gold: Hannaford
2026-08-23 14:29:26 | INFO | Agent metadata: {'cot_sc_samples': 21, 'cot_sc_valid_answers': 21, 'cot_sc_winning_count': 14, 'cot_sc_confidence': 0.6666666666666666, 'cot_sc_winning_answer': 'Hannaford Brothers Company', 'cot_sc_vote_counts': {'hannaford brothers company': 14, 'wynantskill new york': 6, 'question cannot be answered as comparability is not applicable': 1}, 'selected_path': 'cot_sc', 'fallback_used': True, 'cot_sc_paper_threshold': 10.5, 'cot_sc_threshold_met': True, 'react_termination_reason': 'max_steps_exceeded'}
2026-08-23 14:29:26 | INFO | Answer | EM: 0.0000 | F1: 0.5000
2026-08-23 14:29:26 | INFO | Result | Correct: False | Running EM: 30.13% | Termination: fallback_cot_sc | Steps: 28 | Tool calls: 6 | Latency: 16.964s
2026-08-23 14:29:26 | INFO | Prediction: 1905
2026-08-23 14:29:26 | INFO | Gold: between 1987 and 2010
2026-08-23 14:29:26 | INFO | Agent metadata: {'cot_sc_samples': 21, 'cot_sc_valid_answers': 21, 'cot_sc_winning_count': 4, 'cot_sc_confidence': 0.19047619047619047, 'cot_sc_winning_answer': '1905', 'cot_sc_vote_counts': {'1905': 4, '1898': 2, '1905 and still in publication': 1, '2003 2013': 1, '1984 and 2015': 1, '1898 still currently published': 1, '2015': 1, '1905 and ongoing': 1, '1984': 1, '1905 to 2021': 1, '1905 and onwards': 1, '2003 to 2012': 1, '1984 to 2016': 1, '1984 to 2017': 1, '1984 2023': 1, '1975 present': 1, '1984 to at least 2015': 1}, 'selected_path': 'cot_sc', 'fallback_used': True, 'cot_sc_paper_threshold': 10.5, 'cot_sc_threshold_met': False, 'react_termination_reason': 'max_steps_exceeded'}
2026-08-23 14:29:26 | INFO | Answer | EM: 0.0000 | F1: 0.0000
2026-08-23 14:29:26 | INFO | Result | Correct: False | Running EM: 30.00% | Termination: fallback_cot_sc | Steps: 28 | Tool calls: 7 | Latency: 16.964s
2026-08-23 14:29:26 | INFO | Inference batch [241-248/500] size=8
2026-08-23 14:29:26 | INFO | [241/500] example_id=5ab207f65542993be8fa98b8
2026-08-23 14:29:26 | INFO | Question: Edmund Robert Harris is the principal benefactor of a museum located where ?
2026-08-23 14:29:26 | INFO | [242/500] example_id=5ae152a65542990adbacf74f
2026-08-23 14:29:26 | INFO | Question: When was the novel published  in 2010 which is part of the series of The Maze Runner?
2026-08-23 14:29:26 | INFO | [243/500] example_id=5a739ef955429978a71e904b
2026-08-23 14:29:26 | INFO | Question: What festival is held every June in Bartlesville, Oklahoma?
2026-08-23 14:29:26 | INFO | [244/500] example_id=5ab2b61d5542991669774065
2026-08-23 14:29:26 | INFO | Question: Who did the actor who played a bellhop in Dead Heat on a Merry-Go-Round play in Star Wars?
2026-08-23 14:29:26 | INFO | [245/500] example_id=5a88fc4255429938390d4019
2026-08-23 14:29:26 | INFO | Question: On what date will the comedy film directed by Kevin Tent and starring the Bulgarian-Canadian actress known for portraying the role of Mia Jones be released on video on demand services?
2026-08-23 14:29:26 | INFO | [246/500] example_id=5ae2c416554299492dc91c67
2026-08-23 14:29:26 | INFO | Question: Which American actor portray Steve Urkel in "Family Matters"
2026-08-23 14:29:26 | INFO | [247/500] example_id=5a7a51b95542990783324f0f
2026-08-23 14:29:26 | INFO | Question: Who was born first, Liam Cunningham or Michael Fassbender?
2026-08-23 14:29:26 | INFO | [248/500] example_id=5ae3006c55429928c423959f
2026-08-23 14:29:26 | INFO | Question: Where was the singer born who performs Pon de Replay and was born Robyn Fenty?
2026-08-23 14:31:23 | INFO | Prediction: Preston, Lancashire, England
2026-08-23 14:31:23 | INFO | Gold: Preston
2026-08-23 14:31:23 | INFO | Agent metadata: {'selected_path': 'react', 'fallback_used': False, 'react_termination_reason': 'completed'}
2026-08-23 14:31:23 | INFO | Answer | EM: 0.0000 | F1: 0.5000
2026-08-23 14:31:23 | INFO | Result | Correct: False | Running EM: 29.88% | Termination: react_completed | Steps: 3 | Tool calls: 2 | Latency: 14.642s
2026-08-23 14:31:23 | INFO | Prediction: The Scorch Trials
2026-08-23 14:31:23 | INFO | Gold: September 18, 2010
2026-08-23 14:31:23 | INFO | Agent metadata: {'selected_path': 'react', 'fallback_used': False, 'react_termination_reason': 'completed'}
2026-08-23 14:31:23 | INFO | Answer | EM: 0.0000 | F1: 0.0000
2026-08-23 14:31:23 | INFO | Result | Correct: False | Running EM: 29.75% | Termination: react_completed | Steps: 3 | Tool calls: 2 | Latency: 14.642s
2026-08-23 14:31:23 | INFO | Prediction: Oil Heritage Festival
2026-08-23 14:31:23 | INFO | Gold: OK Mozart
2026-08-23 14:31:23 | INFO | Agent metadata: {'cot_sc_samples': 21, 'cot_sc_valid_answers': 21, 'cot_sc_winning_count': 3, 'cot_sc_confidence': 0.14285714285714285, 'cot_sc_winning_answer': 'Oil Heritage Festival', 'cot_sc_vote_counts': {'oil heritage festival': 3, 'oil city festival': 2, 'red earth festival': 2, 'western carolina festival': 1, 'bartlesville petroleum museum festival of arts': 1, 'tulsa run triathlon': 1, 'national cowboy western heritage museums annual celebration of west': 1, 'festival of arts': 1, 'petroleum museum festival of lights': 1, 'bartlesville petroleum expo arts crafts festival': 1, 'bartlesville petroleum museum festival of lights': 1, 'international petroleum expo and conference': 1, 'bartlesville petroleum expo arts festival': 1, 'western hills strawberry festival': 1, 'petroleum museum festival of arts': 1, 'bartlesville film festival': 1, 'bartlesville petroleum expo art festival': 1}, 'selected_path': 'cot_sc', 'fallback_used': True, 'cot_sc_paper_threshold': 10.5, 'cot_sc_threshold_met': False, 'react_termination_reason': 'max_steps_exceeded'}
2026-08-23 14:31:23 | INFO | Answer | EM: 0.0000 | F1: 0.0000
2026-08-23 14:31:23 | INFO | Result | Correct: False | Running EM: 29.63% | Termination: fallback_cot_sc | Steps: 28 | Tool calls: 6 | Latency: 14.642s
2026-08-23 14:31:23 | INFO | Prediction: Michael Byrne
2026-08-23 14:31:23 | INFO | Gold: Han Solo
2026-08-23 14:31:23 | INFO | Agent metadata: {'cot_sc_samples': 21, 'cot_sc_valid_answers': 21, 'cot_sc_winning_count': 1, 'cot_sc_confidence': 0.047619047619047616, 'cot_sc_winning_answer': 'Michael Byrne', 'cot_sc_vote_counts': {'michael byrne': 1, 'richard loo': 1, 'senator bail organa': 1, 'jawa': 1, 'earl holliman played stormtrooper in star wars episode v empire strikes back': 1, 'nute gunray': 1, 'captain antil': 1, 'darth vader': 1, 'captain antilles in star wars episode v empire strikes back': 1, 'governor terd': 1, 'michael bonner played c3po in star wars': 1, 'robert gunner': 1, 'richard lee played stormtrooper in star wars': 1, 'chill wills played greedo in star wars': 1, 'jack lord played role of captain han solo in star wars': 1, 'robert brown played moisture farmer in star wars': 1, 'grand moff tarkins secretary': 1, 'greedo in star wars episode iv new hope': 1, 'lobot': 1, 'luke skywalker': 1, 'james earl jones played darth vader in star wars': 1}, 'selected_path': 'cot_sc', 'fallback_used': True, 'cot_sc_paper_threshold': 10.5, 'cot_sc_threshold_met': False, 'react_termination_reason': 'max_steps_exceeded'}
2026-08-23 14:31:23 | INFO | Answer | EM: 0.0000 | F1: 0.0000
2026-08-23 14:31:23 | INFO | Result | Correct: False | Running EM: 29.51% | Termination: fallback_cot_sc | Steps: 28 | Tool calls: 7 | Latency: 14.642s
2026-08-23 14:31:23 | INFO | Prediction: The information provided is insufficient to determine the release date.
2026-08-23 14:31:23 | INFO | Gold: September 25, 2017
2026-08-23 14:31:23 | INFO | Agent metadata: {'cot_sc_samples': 21, 'cot_sc_valid_answers': 21, 'cot_sc_winning_count': 4, 'cot_sc_confidence': 0.19047619047619047, 'cot_sc_winning_answer': 'The information provided is insufficient to determine the release date.', 'cot_sc_vote_counts': {'information provided is insufficient to determine release date': 4, 'not enough information provided to determine release date': 3, 'release date cannot be determined with given information': 2, 'information provided does not correspond to any known film project so release date cannot be determined': 2, 'unable to determine release date due to lack of specific film information': 1, 'information provided is insufficient to determine release date on video on demand services': 1, 'unknown': 1, 'not enough information provided': 1, 'more information is needed to determine release date': 1, 'specific release date on video on demand services is unknown based on provided information': 1, 'information provided does not allow for determining specific release date': 1, 'information provided is insufficient to determine release date for video on demand services': 1, 'date of release for comedy film on video on demand services is unknown': 1, 'specific release date cannot be determined with given information': 1}, 'selected_path': 'cot_sc', 'fallback_used': True, 'cot_sc_paper_threshold': 10.5, 'cot_sc_threshold_met': False, 'react_termination_reason': 'max_steps_exceeded'}
2026-08-23 14:31:23 | INFO | Answer | EM: 0.0000 | F1: 0.0000
2026-08-23 14:31:23 | INFO | Result | Correct: False | Running EM: 29.39% | Termination: fallback_cot_sc | Steps: 28 | Tool calls: 6 | Latency: 14.642s
2026-08-23 14:31:23 | INFO | Prediction: Jaleel White
2026-08-23 14:31:23 | INFO | Gold: Jaleel Ahmad White
2026-08-23 14:31:23 | INFO | Agent metadata: {'selected_path': 'react', 'fallback_used': False, 'react_termination_reason': 'completed'}
2026-08-23 14:31:23 | INFO | Answer | EM: 0.0000 | F1: 0.8000
2026-08-23 14:31:23 | INFO | Result | Correct: False | Running EM: 29.27% | Termination: react_completed | Steps: 3 | Tool calls: 2 | Latency: 14.642s
2026-08-23 14:31:23 | INFO | Prediction: Liam Cunningham
2026-08-23 14:31:23 | INFO | Gold: Liam Cunningham
2026-08-23 14:31:23 | INFO | Agent metadata: {'selected_path': 'react', 'fallback_used': False, 'react_termination_reason': 'completed'}
2026-08-23 14:31:23 | INFO | Answer | EM: 1.0000 | F1: 1.0000
2026-08-23 14:31:23 | INFO | Result | Correct: True | Running EM: 29.55% | Termination: react_completed | Steps: 3 | Tool calls: 2 | Latency: 14.642s
2026-08-23 14:31:23 | INFO | Prediction: Barbados
2026-08-23 14:31:23 | INFO | Gold: Saint Michael, Barbados
2026-08-23 14:31:23 | INFO | Agent metadata: {'cot_sc_samples': 21, 'cot_sc_valid_answers': 21, 'cot_sc_winning_count': 21, 'cot_sc_confidence': 1.0, 'cot_sc_winning_answer': 'Barbados', 'cot_sc_vote_counts': {'barbados': 21}, 'selected_path': 'cot_sc', 'fallback_used': True, 'cot_sc_paper_threshold': 10.5, 'cot_sc_threshold_met': True, 'react_termination_reason': 'action_loop'}
2026-08-23 14:31:23 | INFO | Answer | EM: 0.0000 | F1: 0.5000
2026-08-23 14:31:23 | INFO | Result | Correct: False | Running EM: 29.44% | Termination: fallback_cot_sc | Steps: 28 | Tool calls: 5 | Latency: 14.642s
2026-08-23 14:31:23 | INFO | Inference batch [249-256/500] size=8
2026-08-23 14:31:23 | INFO | [249/500] example_id=5a74122f55429929fddd83da
2026-08-23 14:31:23 | INFO | Question: What was the lead single from Boys Like Girls album on which frontman, Martin Johnson co-wrote a song with Taylor Swift? A: Love Drunk
2026-08-23 14:31:23 | INFO | [250/500] example_id=5a81711455429938b614233e
2026-08-23 14:31:23 | INFO | Question: Are both "Cooking Light" and "Vibe" magazines?
2026-08-23 14:31:23 | INFO | [251/500] example_id=5ae1e4095542997283cd22bf
2026-08-23 14:31:23 | INFO | Question: What is the genus and species of the bear in which the Florida black bear is a subspecies of?
2026-08-23 14:31:23 | INFO | [252/500] example_id=5a8c6d4e5542996e8ac88aa6
2026-08-23 14:31:23 | INFO | Question: Which director was from a country closer to Canada, J. Searle Dawley or Lionel Ngakane?
2026-08-23 14:31:23 | INFO | [253/500] example_id=5abf11d45542997719eab660
2026-08-23 14:31:23 | INFO | Question: Driven To Perform has a sponsor that includes the electronics store chain from what country?
2026-08-23 14:31:23 | INFO | [254/500] example_id=5ac11201554299294b21908c
2026-08-23 14:31:23 | INFO | Question: What county is Ron Teachworth from?
2026-08-23 14:31:23 | INFO | [255/500] example_id=5ade063d5542995b365fabcd
2026-08-23 14:31:23 | INFO | Question: Donnie Smith who plays as a left back for New England Revolution belongs to what league featuring 22 teams?
2026-08-23 14:31:23 | INFO | [256/500] example_id=5ab3a83d5542992ade7c6e08
2026-08-23 14:31:23 | INFO | Question: Faith Goldy got fired after an interview she gave on what production site edited by Andrew Anglin?
2026-08-23 14:33:05 | INFO | Prediction: Love Drunk
2026-08-23 14:33:05 | INFO | Gold: Love Drunk
2026-08-23 14:33:05 | INFO | Agent metadata: {'cot_sc_samples': 21, 'cot_sc_valid_answers': 21, 'cot_sc_winning_count': 12, 'cot_sc_confidence': 0.5714285714285714, 'cot_sc_winning_answer': 'Love Drunk', 'cot_sc_vote_counts': {'love drunk': 12, 'no name in address': 1, 'this phrase reflects complexity of human emotions in relationships by showing simultaneous experience of pain and joy and ability to maintain positive outlook despite difficulties': 1, 'love story': 1, 'lot like love': 1, 'on fixed wing': 1, 'love me harder': 1, 'no': 1, 'wonderful strange': 1, 'on mission': 1}, 'selected_path': 'cot_sc', 'fallback_used': True, 'cot_sc_paper_threshold': 10.5, 'cot_sc_threshold_met': True, 'react_termination_reason': 'max_steps_exceeded'}
2026-08-23 14:33:05 | INFO | Answer | EM: 1.0000 | F1: 1.0000
2026-08-23 14:33:05 | INFO | Result | Correct: True | Running EM: 29.72% | Termination: fallback_cot_sc | Steps: 28 | Tool calls: 7 | Latency: 12.774s
2026-08-23 14:33:05 | INFO | Prediction: yes
2026-08-23 14:33:05 | INFO | Gold: yes
2026-08-23 14:33:05 | INFO | Agent metadata: {'selected_path': 'react', 'fallback_used': False, 'react_termination_reason': 'completed'}
2026-08-23 14:33:05 | INFO | Answer | EM: 1.0000 | F1: 1.0000
2026-08-23 14:33:05 | INFO | Result | Correct: True | Running EM: 30.00% | Termination: react_completed | Steps: 4 | Tool calls: 3 | Latency: 12.774s
2026-08-23 14:33:05 | INFO | Prediction: Ursus americanus
2026-08-23 14:33:05 | INFO | Gold: Ursus americanus
2026-08-23 14:33:05 | INFO | Agent metadata: {'selected_path': 'react', 'fallback_used': False, 'react_termination_reason': 'completed'}
2026-08-23 14:33:05 | INFO | Answer | EM: 1.0000 | F1: 1.0000
2026-08-23 14:33:05 | INFO | Result | Correct: True | Running EM: 30.28% | Termination: react_completed | Steps: 2 | Tool calls: 1 | Latency: 12.774s
2026-08-23 14:33:05 | INFO | Prediction: J. Searle Dawley
2026-08-23 14:33:05 | INFO | Gold: James Searle Dawley
2026-08-23 14:33:05 | INFO | Agent metadata: {'selected_path': 'react', 'fallback_used': False, 'react_termination_reason': 'completed'}
2026-08-23 14:33:05 | INFO | Answer | EM: 0.0000 | F1: 0.6667
2026-08-23 14:33:05 | INFO | Result | Correct: False | Running EM: 30.16% | Termination: react_completed | Steps: 3 | Tool calls: 2 | Latency: 12.774s
2026-08-23 14:33:05 | INFO | Prediction: Canada
2026-08-23 14:33:05 | INFO | Gold: Canada
2026-08-23 14:33:05 | INFO | Agent metadata: {'selected_path': 'react', 'fallback_used': False, 'react_termination_reason': 'completed'}
2026-08-23 14:33:05 | INFO | Answer | EM: 1.0000 | F1: 1.0000
2026-08-23 14:33:05 | INFO | Result | Correct: True | Running EM: 30.43% | Termination: react_completed | Steps: 3 | Tool calls: 2 | Latency: 12.774s
2026-08-23 14:33:05 | INFO | Prediction: Oakland County
2026-08-23 14:33:05 | INFO | Gold: Oakland County
2026-08-23 14:33:05 | INFO | Agent metadata: {'selected_path': 'react', 'fallback_used': False, 'react_termination_reason': 'completed'}
2026-08-23 14:33:05 | INFO | Answer | EM: 1.0000 | F1: 1.0000
2026-08-23 14:33:05 | INFO | Result | Correct: True | Running EM: 30.71% | Termination: react_completed | Steps: 3 | Tool calls: 2 | Latency: 12.774s
2026-08-23 14:33:05 | INFO | Prediction: Major League Soccer (MLS)
2026-08-23 14:33:05 | INFO | Gold: Major League Soccer
2026-08-23 14:33:05 | INFO | Agent metadata: {'selected_path': 'react', 'fallback_used': False, 'react_termination_reason': 'completed'}
2026-08-23 14:33:05 | INFO | Answer | EM: 0.0000 | F1: 0.8571
2026-08-23 14:33:05 | INFO | Result | Correct: False | Running EM: 30.59% | Termination: react_completed | Steps: 4 | Tool calls: 3 | Latency: 12.774s
2026-08-23 14:33:05 | INFO | Prediction: The Daily Shoah
2026-08-23 14:33:05 | INFO | Gold: The Daily Stormer
2026-08-23 14:33:05 | INFO | Agent metadata: {'cot_sc_samples': 21, 'cot_sc_valid_answers': 21, 'cot_sc_winning_count': 10, 'cot_sc_confidence': 0.47619047619047616, 'cot_sc_winning_answer': 'The Daily Shoah', 'cot_sc_vote_counts': {'daily shoah': 10, 'daily stormer': 8, 'daily shoah podcast': 2, 'daily shoah podcast on infowars': 1}, 'selected_path': 'cot_sc', 'fallback_used': True, 'cot_sc_paper_threshold': 10.5, 'cot_sc_threshold_met': False, 'react_termination_reason': 'max_steps_exceeded'}
2026-08-23 14:33:05 | INFO | Answer | EM: 0.0000 | F1: 0.5000
2026-08-23 14:33:05 | INFO | Result | Correct: False | Running EM: 30.47% | Termination: fallback_cot_sc | Steps: 28 | Tool calls: 7 | Latency: 12.774s
2026-08-23 14:33:05 | INFO | Inference batch [257-264/500] size=8
2026-08-23 14:33:05 | INFO | [257/500] example_id=5a79b525554299029c4b5f67
2026-08-23 14:33:05 | INFO | Question: What performing traditionally from the longest continental mountain range in the world, are Grupo Aymara famous for?
2026-08-23 14:33:05 | INFO | [258/500] example_id=5a8b77705542995d1e6f13aa
2026-08-23 14:33:05 | INFO | Question: What American broadcasting company broadcasted the comedy show hosted by Emma Willmann?
2026-08-23 14:33:05 | INFO | [259/500] example_id=5a8aeadc55429950cd6afbe0
2026-08-23 14:33:05 | INFO | Question: What date in 2010 was a South Korean film starring  Kim Hyang-gi released?
2026-08-23 14:33:05 | INFO | [260/500] example_id=5abd0296554299114383a1d1
2026-08-23 14:33:05 | INFO | Question: Douglas D. Scott is an American archaeologist most notable for his work at the site of a battle that occurred in what year?
2026-08-23 14:33:05 | INFO | [261/500] example_id=5ae4d0ff55429913cc204511
2026-08-23 14:33:05 | INFO | Question: Did Billy Corgan's band The Smashing Pumpkins or Greek Fire originate in a more southern location?
2026-08-23 14:33:05 | INFO | [262/500] example_id=5ac07fff554299294b219006
2026-08-23 14:33:05 | INFO | Question: What sport does Simon Aspelin and Thomaz Koch have in common?
2026-08-23 14:33:05 | INFO | [263/500] example_id=5ab741005542992aa3b8c800
2026-08-23 14:33:05 | INFO | Question: Dan Hurley is the brother of which head coach of Arizona State's men's basketball team?
2026-08-23 14:33:05 | INFO | [264/500] example_id=5abe4a365542993f32c2a0dc
2026-08-23 14:33:05 | INFO | Question: Rosi Golan's songs were featured in commercials for a brand of Artsana, that's been working for over 50 years, and is present in how many countries?
2026-08-23 14:35:31 | INFO | Prediction: Andes
2026-08-23 14:35:31 | INFO | Gold: traditional music
2026-08-23 14:35:31 | INFO | Agent metadata: {'cot_sc_samples': 21, 'cot_sc_valid_answers': 21, 'cot_sc_winning_count': 5, 'cot_sc_confidence': 0.23809523809523808, 'cot_sc_winning_answer': 'Andes', 'cot_sc_vote_counts': {'andes': 5, 'andean music': 4, 'traditional andean music': 3, 'andean music and dance': 2, 'traditional andean music and dance': 1, 'grupo aymara are famous for performing traditional dances from andes mountain range': 1, 'traditional andean dances': 1, 'performing traditionally along andes mountain range': 1, 'traditional andean folk dances': 1, 'andean music and dances': 1, 'andean music and performances': 1}, 'selected_path': 'cot_sc', 'fallback_used': True, 'cot_sc_paper_threshold': 10.5, 'cot_sc_threshold_met': False, 'react_termination_reason': 'max_steps_exceeded'}
2026-08-23 14:35:31 | INFO | Answer | EM: 0.0000 | F1: 0.0000
2026-08-23 14:35:31 | INFO | Result | Correct: False | Running EM: 30.35% | Termination: fallback_cot_sc | Steps: 28 | Tool calls: 6 | Latency: 18.141s
2026-08-23 14:35:31 | INFO | Prediction: Netflix
2026-08-23 14:35:31 | INFO | Gold: Sirius XM Holdings
2026-08-23 14:35:31 | INFO | Agent metadata: {'cot_sc_samples': 21, 'cot_sc_valid_answers': 21, 'cot_sc_winning_count': 8, 'cot_sc_confidence': 0.38095238095238093, 'cot_sc_winning_answer': 'Netflix', 'cot_sc_vote_counts': {'netflix': 8, 'abc': 4, 'amazon': 1, 'peacock': 1, 'amazon prime video': 1, 'comedy central': 1, 'paramount': 1, 'freeform': 1, 'yahoo tv': 1, 'trutv': 1, 'hulu': 1}, 'selected_path': 'cot_sc', 'fallback_used': True, 'cot_sc_paper_threshold': 10.5, 'cot_sc_threshold_met': False, 'react_termination_reason': 'action_loop'}
2026-08-23 14:35:31 | INFO | Answer | EM: 0.0000 | F1: 0.0000
2026-08-23 14:35:31 | INFO | Result | Correct: False | Running EM: 30.23% | Termination: fallback_cot_sc | Steps: 27 | Tool calls: 4 | Latency: 18.141s
2026-08-23 14:35:31 | INFO | Prediction: January 26, 2010
2026-08-23 14:35:31 | INFO | Gold: January 14, 2010
2026-08-23 14:35:31 | INFO | Agent metadata: {'cot_sc_samples': 21, 'cot_sc_valid_answers': 21, 'cot_sc_winning_count': 2, 'cot_sc_confidence': 0.09523809523809523, 'cot_sc_winning_answer': 'January 26, 2010', 'cot_sc_vote_counts': {'january 26 2010': 2, 'february 17 2010': 1, 'january 13 2010': 1, 'march 10 2010': 1, 'more information needed': 1, 'january 28 2010': 1, 'february 10 2010 note this is example answer based on known film actual research would be needed for accuracy': 1, '15th april 2010 note this is example answer based on known release but actual date may vary as it requires verification': 1, '15mar2010 this is example based on available data actual date may vary': 1, 'october 27 2010': 1, 'december 23 2010': 1, 'may 27 2010': 1, 'september 30 2010': 1, 'july 22 2010': 1, 'october 15 2010 for chaser': 1, 'october 13 2010': 1, 'october 26 2010': 1, '20100316 for example actual date requires verification': 1, 'exact release date in 2010 for south korean film starring kim hyanggi is not specified in my current knowledge': 1, 'cannot determine without additional information': 1}, 'selected_path': 'cot_sc', 'fallback_used': True, 'cot_sc_paper_threshold': 10.5, 'cot_sc_threshold_met': False, 'react_termination_reason': 'max_steps_exceeded'}
2026-08-23 14:35:31 | INFO | Answer | EM: 0.0000 | F1: 0.6667
2026-08-23 14:35:31 | INFO | Result | Correct: False | Running EM: 30.12% | Termination: fallback_cot_sc | Steps: 28 | Tool calls: 7 | Latency: 18.141s
2026-08-23 14:35:31 | INFO | Prediction: 1876
2026-08-23 14:35:31 | INFO | Gold: 1876
2026-08-23 14:35:31 | INFO | Agent metadata: {'selected_path': 'react', 'fallback_used': False, 'react_termination_reason': 'completed'}
2026-08-23 14:35:31 | INFO | Answer | EM: 1.0000 | F1: 1.0000
2026-08-23 14:35:31 | INFO | Result | Correct: True | Running EM: 30.38% | Termination: react_completed | Steps: 3 | Tool calls: 2 | Latency: 18.141s
2026-08-23 14:35:31 | INFO | Prediction: Greek Fire
2026-08-23 14:35:31 | INFO | Gold: Greek Fire
2026-08-23 14:35:31 | INFO | Agent metadata: {'cot_sc_samples': 21, 'cot_sc_valid_answers': 21, 'cot_sc_winning_count': 15, 'cot_sc_confidence': 0.7142857142857143, 'cot_sc_winning_answer': 'Greek Fire', 'cot_sc_vote_counts': {'greek fire': 15, 'smashing pumpkins': 6}, 'selected_path': 'cot_sc', 'fallback_used': True, 'cot_sc_paper_threshold': 10.5, 'cot_sc_threshold_met': True, 'react_termination_reason': 'max_steps_exceeded'}
2026-08-23 14:35:31 | INFO | Answer | EM: 1.0000 | F1: 1.0000
2026-08-23 14:35:31 | INFO | Result | Correct: True | Running EM: 30.65% | Termination: fallback_cot_sc | Steps: 28 | Tool calls: 7 | Latency: 18.141s
2026-08-23 14:35:31 | INFO | Prediction: tennis
2026-08-23 14:35:31 | INFO | Gold: tennis
2026-08-23 14:35:31 | INFO | Agent metadata: {'selected_path': 'react', 'fallback_used': False, 'react_termination_reason': 'completed'}
2026-08-23 14:35:31 | INFO | Answer | EM: 1.0000 | F1: 1.0000
2026-08-23 14:35:31 | INFO | Result | Correct: True | Running EM: 30.92% | Termination: react_completed | Steps: 4 | Tool calls: 3 | Latency: 18.141s
2026-08-23 14:35:31 | INFO | Prediction: Bobby Hurley
2026-08-23 14:35:31 | INFO | Gold: Robert Matthew Hurley
2026-08-23 14:35:31 | INFO | Agent metadata: {'cot_sc_samples': 21, 'cot_sc_valid_answers': 21, 'cot_sc_winning_count': 10, 'cot_sc_confidence': 0.47619047619047616, 'cot_sc_winning_answer': 'Bobby Hurley', 'cot_sc_vote_counts': {'bobby hurley': 10, 'bruce hurley': 2, 'kevin keatts': 2, 'no information found linking dan hurley to being brother of any head coach of arizona states mens basketball team': 1, 'brady hurley': 1, 'chris hurley': 1, 'bobby hurley jr': 1, 'dan hurley is brother of bobby hurley who was previously head coach of arizona states mens basketball team': 1, 'brian hurley': 1, 'question contains error since dan hurley is not brother of arizona states mens basketball coach correct coach is bobby hurley and dan hurley is not related to him in context of being his brother': 1}, 'selected_path': 'cot_sc', 'fallback_used': True, 'cot_sc_paper_threshold': 10.5, 'cot_sc_threshold_met': False, 'react_termination_reason': 'action_loop'}
2026-08-23 14:35:31 | INFO | Answer | EM: 0.0000 | F1: 0.4000
2026-08-23 14:35:31 | INFO | Result | Correct: False | Running EM: 30.80% | Termination: fallback_cot_sc | Steps: 25 | Tool calls: 2 | Latency: 18.141s
2026-08-23 14:35:31 | INFO | Prediction: 140 countries
2026-08-23 14:35:31 | INFO | Gold: more than 120 countries
2026-08-23 14:35:31 | INFO | Agent metadata: {'cot_sc_samples': 21, 'cot_sc_valid_answers': 21, 'cot_sc_winning_count': 7, 'cot_sc_confidence': 0.3333333333333333, 'cot_sc_winning_answer': '140 countries', 'cot_sc_vote_counts': {'140 countries': 7, '100 countries': 5, '120 countries': 2, '53 countries': 1, '140': 1, '140countries': 1, '70 countries': 1, 'derwent 130 countries': 1, '100countries': 1, '50 countries': 1}, 'selected_path': 'cot_sc', 'fallback_used': True, 'cot_sc_paper_threshold': 10.5, 'cot_sc_threshold_met': False, 'react_termination_reason': 'max_steps_exceeded'}
2026-08-23 14:35:31 | INFO | Answer | EM: 0.0000 | F1: 0.3333
2026-08-23 14:35:31 | INFO | Result | Correct: False | Running EM: 30.68% | Termination: fallback_cot_sc | Steps: 28 | Tool calls: 7 | Latency: 18.141s
2026-08-23 14:35:31 | INFO | Inference batch [265-272/500] size=8
2026-08-23 14:35:31 | INFO | [265/500] example_id=5ab6cebd55429954757d3378
2026-08-23 14:35:31 | INFO | Question: What kind of act does Whaling in Australia and Right whale have in common?
2026-08-23 14:35:31 | INFO | [266/500] example_id=5abc219655429959677d6a1d
2026-08-23 14:35:31 | INFO | Question: Which comic book was also written by the writer of Crossed?
2026-08-23 14:35:31 | INFO | [267/500] example_id=5ac546975542993e66e8229a
2026-08-23 14:35:31 | INFO | Question: What year was the early consumer co-operative, in which a 2012 British biographical feature film tells the story of, formed?
2026-08-23 14:35:31 | INFO | [268/500] example_id=5adf4da15542995534e8c780
2026-08-23 14:35:31 | INFO | Question: Are Philip Cortez and Julian Castro democratic or republican?
2026-08-23 14:35:31 | INFO | [269/500] example_id=5a7f1d3c5542993067513639
2026-08-23 14:35:31 | INFO | Question: Which European based oil giant bought the commodities trading arm of J.P. Morgan in 2014?
2026-08-23 14:35:31 | INFO | [270/500] example_id=5ae3c71f5542991a06ce9a22
2026-08-23 14:35:31 | INFO | Question: Predelta National Park is located in which area of Argentina comprising of the provinces Misiones, Entre Ríos and Corrientes?
2026-08-23 14:35:31 | INFO | [271/500] example_id=5a7e32905542991319bc943b
2026-08-23 14:35:31 | INFO | Question: Jennifer Jones captained the gold medalists for Canada at the Sochi Winter Olympics in which event?
2026-08-23 14:35:31 | INFO | [272/500] example_id=5a75462d5542996c70cfaed3
2026-08-23 14:35:31 | INFO | Question: Who was born first, Kwok Kin Pong or Edison Chen?
2026-08-23 14:37:31 | INFO | Prediction: filter feeding
2026-08-23 14:37:31 | INFO | Gold: hunt
2026-08-23 14:37:31 | INFO | Agent metadata: {'selected_path': 'react', 'fallback_used': False, 'react_termination_reason': 'completed'}
2026-08-23 14:37:31 | INFO | Answer | EM: 0.0000 | F1: 0.0000
2026-08-23 14:37:31 | INFO | Result | Correct: False | Running EM: 30.57% | Termination: react_completed | Steps: 4 | Tool calls: 3 | Latency: 15.046s
2026-08-23 14:37:31 | INFO | Prediction: Preacher
2026-08-23 14:37:31 | INFO | Gold: the Vertigo series "Preacher"
2026-08-23 14:37:31 | INFO | Agent metadata: {'selected_path': 'react', 'fallback_used': False, 'react_termination_reason': 'completed'}
2026-08-23 14:37:31 | INFO | Answer | EM: 0.0000 | F1: 0.5000
2026-08-23 14:37:31 | INFO | Result | Correct: False | Running EM: 30.45% | Termination: react_completed | Steps: 4 | Tool calls: 3 | Latency: 15.046s
2026-08-23 14:37:31 | INFO | Prediction: 1844
2026-08-23 14:37:31 | INFO | Gold: 1844
2026-08-23 14:37:31 | INFO | Agent metadata: {'cot_sc_samples': 21, 'cot_sc_valid_answers': 21, 'cot_sc_winning_count': 5, 'cot_sc_confidence': 0.23809523809523808, 'cot_sc_winning_answer': '1844', 'cot_sc_vote_counts': {'1844': 5, '1825': 3, '1863': 2, '1940': 2, '1908': 2, '1902': 1, '1869': 1, '1936': 1, '1946': 1, 'information provided does not lead to clear answer more details about specific consumer cooperative are required': 1, '1824': 1, '1865': 1}, 'selected_path': 'cot_sc', 'fallback_used': True, 'cot_sc_paper_threshold': 10.5, 'cot_sc_threshold_met': False, 'react_termination_reason': 'max_steps_exceeded'}
2026-08-23 14:37:31 | INFO | Answer | EM: 1.0000 | F1: 1.0000
2026-08-23 14:37:31 | INFO | Result | Correct: True | Running EM: 30.71% | Termination: fallback_cot_sc | Steps: 28 | Tool calls: 7 | Latency: 15.046s
2026-08-23 14:37:31 | INFO | Prediction: Democratic
2026-08-23 14:37:31 | INFO | Gold: Democratic
2026-08-23 14:37:31 | INFO | Agent metadata: {'selected_path': 'react', 'fallback_used': False, 'react_termination_reason': 'completed'}
2026-08-23 14:37:31 | INFO | Answer | EM: 1.0000 | F1: 1.0000
2026-08-23 14:37:31 | INFO | Result | Correct: True | Running EM: 30.97% | Termination: react_completed | Steps: 3 | Tool calls: 2 | Latency: 15.046s
2026-08-23 14:37:31 | INFO | Prediction: BP
2026-08-23 14:37:31 | INFO | Gold: Mercuria Energy Group Ltd
2026-08-23 14:37:31 | INFO | Agent metadata: {'cot_sc_samples': 21, 'cot_sc_valid_answers': 21, 'cot_sc_winning_count': 10, 'cot_sc_confidence': 0.47619047619047616, 'cot_sc_winning_answer': 'BP', 'cot_sc_vote_counts': {'bp': 10, 'vitol': 3, 'exxonmobil': 3, 'glencore': 2, 'total sa': 1, 'no europeanbased oil giant is mentioned as acquiring jp morgans commodities trading arm in 2014': 1, 'royal dutch shell': 1}, 'selected_path': 'cot_sc', 'fallback_used': True, 'cot_sc_paper_threshold': 10.5, 'cot_sc_threshold_met': False, 'react_termination_reason': 'max_steps_exceeded'}
2026-08-23 14:37:31 | INFO | Answer | EM: 0.0000 | F1: 0.0000
2026-08-23 14:37:31 | INFO | Result | Correct: False | Running EM: 30.86% | Termination: fallback_cot_sc | Steps: 28 | Tool calls: 7 | Latency: 15.046s
2026-08-23 14:37:31 | INFO | Prediction: northeastern region of Argentina
2026-08-23 14:37:31 | INFO | Gold: Mesopotamia
2026-08-23 14:37:31 | INFO | Agent metadata: {'cot_sc_samples': 21, 'cot_sc_valid_answers': 21, 'cot_sc_winning_count': 6, 'cot_sc_confidence': 0.2857142857142857, 'cot_sc_winning_answer': 'northeastern region of Argentina', 'cot_sc_vote_counts': {'northeastern region of argentina': 6, 'northeastern region of argentina comprising provinces misiones entre ríos and corrientes': 4, 'northeastern region of argentina covering parts of misiones entre ríos and corrientes provinces': 2, 'misiones entre ríos and corrientes': 2, 'northeastern region of argentina in provinces of misiones entre ríos and corrientes': 2, 'northeastern region of argentina comprising misiones entre ríos and corrientes provinces': 1, 'northeastern region of argentina comprising provinces of misiones entre ríos and corrientes': 1, 'predelta national park is located in northeastern region of argentina comprising provinces of misiones entre ríos and corrientes': 1, 'misiones entre ríos and corrientes provinces': 1, 'northeastern region of argentina covering parts of misiones entre ríos and corrientes': 1}, 'selected_path': 'cot_sc', 'fallback_used': True, 'cot_sc_paper_threshold': 10.5, 'cot_sc_threshold_met': False, 'react_termination_reason': 'max_steps_exceeded'}
2026-08-23 14:37:31 | INFO | Answer | EM: 0.0000 | F1: 0.0000
2026-08-23 14:37:31 | INFO | Result | Correct: False | Running EM: 30.74% | Termination: fallback_cot_sc | Steps: 28 | Tool calls: 6 | Latency: 15.046s
2026-08-23 14:37:31 | INFO | Prediction: women's curling tournament
2026-08-23 14:37:31 | INFO | Gold: Curling
2026-08-23 14:37:31 | INFO | Agent metadata: {'selected_path': 'react', 'fallback_used': False, 'react_termination_reason': 'completed'}
2026-08-23 14:37:31 | INFO | Answer | EM: 0.0000 | F1: 0.5000
2026-08-23 14:37:31 | INFO | Result | Correct: False | Running EM: 30.63% | Termination: react_completed | Steps: 4 | Tool calls: 3 | Latency: 15.046s
2026-08-23 14:37:31 | INFO | Prediction: Edison Chen
2026-08-23 14:37:31 | INFO | Gold: Edison Koon-hei Chen
2026-08-23 14:37:31 | INFO | Agent metadata: {'selected_path': 'react', 'fallback_used': False, 'react_termination_reason': 'completed'}
2026-08-23 14:37:31 | INFO | Answer | EM: 0.0000 | F1: 0.8000
2026-08-23 14:37:31 | INFO | Result | Correct: False | Running EM: 30.51% | Termination: react_completed | Steps: 3 | Tool calls: 2 | Latency: 15.046s
2026-08-23 14:37:31 | INFO | Inference batch [273-280/500] size=8
2026-08-23 14:37:31 | INFO | [273/500] example_id=5a8effb55542997ba9cb317f
2026-08-23 14:37:31 | INFO | Question: Who is the host of Wall of Fame known for his partnership with?
2026-08-23 14:37:31 | INFO | [274/500] example_id=5abec66b5542997ec76fd360
2026-08-23 14:37:31 | INFO | Question: What do Josef Veltjens and Hermann Goering have in common?
2026-08-23 14:37:31 | INFO | [275/500] example_id=5a9030ef5542995651fb50e4
2026-08-23 14:37:31 | INFO | Question: Show Her is a song written by a country music artist who is also a former player of what sport?
2026-08-23 14:37:31 | INFO | [276/500] example_id=5a762cf0554299109176e6a4
2026-08-23 14:37:31 | INFO | Question: Who is older, Bertalan Farkas or Hans Schlegel?
2026-08-23 14:37:31 | INFO | [277/500] example_id=5ade1c9e55429939a52fe822
2026-08-23 14:37:31 | INFO | Question: Where did Henri Christophe and other slaves hold an uprising from 1791 to 1804 that led to the founding of a state which was both free from slavery and ruled by non-whites and former captives?
2026-08-23 14:37:31 | INFO | [278/500] example_id=5abb1e1b5542992ccd8e7f19
2026-08-23 14:37:31 | INFO | Question: José Saramago and Ivo Andrić were recipients of what award in Literature?
2026-08-23 14:37:31 | INFO | [279/500] example_id=5a791ce955429974737f798e
2026-08-23 14:37:31 | INFO | Question: Brett McClure competed in the pommel horse event at the 2001 Goodwill Games in what Australian province?
2026-08-23 14:37:31 | INFO | [280/500] example_id=5ae67dba55429908198fa5f0
2026-08-23 14:37:31 | INFO | Question: The Memphis Hustle are based in a suburb of a city with a population of what in 2010?
2026-08-23 14:39:42 | INFO | Prediction: Matt Lucas
2026-08-23 14:39:42 | INFO | Gold: Matt Lucas
2026-08-23 14:39:42 | INFO | Agent metadata: {'selected_path': 'react', 'fallback_used': False, 'react_termination_reason': 'completed'}
2026-08-23 14:39:42 | INFO | Answer | EM: 1.0000 | F1: 1.0000
2026-08-23 14:39:42 | INFO | Result | Correct: True | Running EM: 30.77% | Termination: react_completed | Steps: 6 | Tool calls: 5 | Latency: 16.396s
2026-08-23 14:39:42 | INFO | Prediction: Nazi regime
2026-08-23 14:39:42 | INFO | Gold: A veteran World War I fighter pilot ace
2026-08-23 14:39:42 | INFO | Agent metadata: {'cot_sc_samples': 21, 'cot_sc_valid_answers': 21, 'cot_sc_winning_count': 2, 'cot_sc_confidence': 0.09523809523809523, 'cot_sc_winning_answer': 'Nazi regime', 'cot_sc_vote_counts': {'nazi regime': 2, 'nazi germany': 2, 'nazi party member ss member convicted war criminal': 1, 'aircraft design': 1, 'nazi regime germany': 1, 'luftwaffe and nazi germany': 1, 'luftwaffe germany world war ii': 1, 'nazi regime members': 1, 'luftwaffe': 1, 'ss officer nazi germany': 1, 'highranking officials in nazi germany': 1, 'aircraft design nazi germany': 1, 'concentration camp administration and management': 1, 'nazi party member and economic roles during world war ii': 1, 'german nationals involved in nazi regime during world war ii': 1, 'nazi germany world war ii': 1, 'german ss officer and nazi regime': 1, 'luftwaffe military and political activities during world war ii': 1, 'german luftwaffe and nazi germany': 1}, 'selected_path': 'cot_sc', 'fallback_used': True, 'cot_sc_paper_threshold': 10.5, 'cot_sc_threshold_met': False, 'react_termination_reason': 'max_steps_exceeded'}
2026-08-23 14:39:42 | INFO | Answer | EM: 0.0000 | F1: 0.0000
2026-08-23 14:39:42 | INFO | Result | Correct: False | Running EM: 30.66% | Termination: fallback_cot_sc | Steps: 28 | Tool calls: 7 | Latency: 16.396s
2026-08-23 14:39:42 | INFO | Prediction: soccer
2026-08-23 14:39:42 | INFO | Gold: American football
2026-08-23 14:39:42 | INFO | Agent metadata: {'cot_sc_samples': 21, 'cot_sc_valid_answers': 21, 'cot_sc_winning_count': 12, 'cot_sc_confidence': 0.5714285714285714, 'cot_sc_winning_answer': 'soccer', 'cot_sc_vote_counts': {'soccer': 12, 'figure skating': 2, 'basketball': 2, 'football': 1, 'baseball': 1, 'boxing': 1, 'gymnastics': 1, 'diving': 1}, 'selected_path': 'cot_sc', 'fallback_used': True, 'cot_sc_paper_threshold': 10.5, 'cot_sc_threshold_met': True, 'react_termination_reason': 'max_steps_exceeded'}
2026-08-23 14:39:42 | INFO | Answer | EM: 0.0000 | F1: 0.0000
2026-08-23 14:39:42 | INFO | Result | Correct: False | Running EM: 30.55% | Termination: fallback_cot_sc | Steps: 28 | Tool calls: 7 | Latency: 16.396s
2026-08-23 14:39:42 | INFO | Prediction: Bertalan Farkas
2026-08-23 14:39:42 | INFO | Gold: Bertalan Farkas
2026-08-23 14:39:42 | INFO | Agent metadata: {'selected_path': 'react', 'fallback_used': False, 'react_termination_reason': 'completed'}
2026-08-23 14:39:42 | INFO | Answer | EM: 1.0000 | F1: 1.0000
2026-08-23 14:39:42 | INFO | Result | Correct: True | Running EM: 30.80% | Termination: react_completed | Steps: 3 | Tool calls: 2 | Latency: 16.396s
2026-08-23 14:39:42 | INFO | Prediction: Haiti
2026-08-23 14:39:42 | INFO | Gold: Saint-Domingue
2026-08-23 14:39:42 | INFO | Agent metadata: {'cot_sc_samples': 21, 'cot_sc_valid_answers': 21, 'cot_sc_winning_count': 20, 'cot_sc_confidence': 0.9523809523809523, 'cot_sc_winning_answer': 'Haiti', 'cot_sc_vote_counts': {'haiti': 20, 'saintdomingue': 1}, 'selected_path': 'cot_sc', 'fallback_used': True, 'cot_sc_paper_threshold': 10.5, 'cot_sc_threshold_met': True, 'react_termination_reason': 'max_steps_exceeded'}
2026-08-23 14:39:42 | INFO | Answer | EM: 0.0000 | F1: 0.0000
2026-08-23 14:39:42 | INFO | Result | Correct: False | Running EM: 30.69% | Termination: fallback_cot_sc | Steps: 28 | Tool calls: 6 | Latency: 16.396s
2026-08-23 14:39:42 | INFO | Prediction: Nobel Prize in Literature
2026-08-23 14:39:42 | INFO | Gold: Nobel Prize in Literature
2026-08-23 14:39:42 | INFO | Agent metadata: {'selected_path': 'react', 'fallback_used': False, 'react_termination_reason': 'completed'}
2026-08-23 14:39:42 | INFO | Answer | EM: 1.0000 | F1: 1.0000
2026-08-23 14:39:42 | INFO | Result | Correct: True | Running EM: 30.94% | Termination: react_completed | Steps: 3 | Tool calls: 2 | Latency: 16.396s
2026-08-23 14:39:42 | INFO | Prediction: Queensland
2026-08-23 14:39:42 | INFO | Gold: Queensland
2026-08-23 14:39:42 | INFO | Agent metadata: {'selected_path': 'react', 'fallback_used': False, 'react_termination_reason': 'completed'}
2026-08-23 14:39:42 | INFO | Answer | EM: 1.0000 | F1: 1.0000
2026-08-23 14:39:42 | INFO | Result | Correct: True | Running EM: 31.18% | Termination: react_completed | Steps: 3 | Tool calls: 2 | Latency: 16.396s
2026-08-23 14:39:42 | INFO | Prediction: 653,450
2026-08-23 14:39:42 | INFO | Gold: 48,982
2026-08-23 14:39:42 | INFO | Agent metadata: {'cot_sc_samples': 21, 'cot_sc_valid_answers': 21, 'cot_sc_winning_count': 3, 'cot_sc_confidence': 0.14285714285714285, 'cot_sc_winning_answer': '653,450', 'cot_sc_vote_counts': {'653450': 3, '1302556': 1, '658311': 1, '653400': 1, '653490': 1, '650150': 1, '653476': 1, '672512': 1, '654818': 1, '650123': 1, '650106': 1, '651122': 1, '645460': 1, '654065': 1, '651809': 1, '645412': 1, '651887': 1, '634458': 1, '656013': 1}, 'selected_path': 'cot_sc', 'fallback_used': True, 'cot_sc_paper_threshold': 10.5, 'cot_sc_threshold_met': False, 'react_termination_reason': 'max_steps_exceeded'}
2026-08-23 14:39:42 | INFO | Answer | EM: 0.0000 | F1: 0.0000
2026-08-23 14:39:42 | INFO | Result | Correct: False | Running EM: 31.07% | Termination: fallback_cot_sc | Steps: 28 | Tool calls: 6 | Latency: 16.396s
2026-08-23 14:39:42 | INFO | Inference batch [281-288/500] size=8
2026-08-23 14:39:42 | INFO | [281/500] example_id=5a7ef6b35542994959419a94
2026-08-23 14:39:42 | INFO | Question: What region of Italy was Giorgio Pini born in?
2026-08-23 14:39:42 | INFO | [282/500] example_id=5ae5e8dc554299546bf82fbe
2026-08-23 14:39:42 | INFO | Question: Which name adopted by African-American activist Allen Donaldson co-found Black Power movement of the 1960s and 1970s
2026-08-23 14:39:42 | INFO | [283/500] example_id=5a89bbb05542992e4fca83a3
2026-08-23 14:39:42 | INFO | Question: What star of Parks and Recreation appeared in November?
2026-08-23 14:39:42 | INFO | [284/500] example_id=5adcf8155542990d50227d6a
2026-08-23 14:39:42 | INFO | Question: What is the name of  rocker, who was awarded "Rock Goddess of the Year" in the Annual Loudwide Music Awards, who sang with high pitched screams in her band's albums?
2026-08-23 14:39:42 | INFO | [285/500] example_id=5a74feb75542996c70cfae6d
2026-08-23 14:39:42 | INFO | Question: Which man, Ibn Tufail or Ali Qushji, is best known for the development of astronomical physics independent from natural philosophy?
2026-08-23 14:39:42 | INFO | [286/500] example_id=5ae32e125542991a06ce9946
2026-08-23 14:39:42 | INFO | Question: According to the 2001 census, what was the population of the city in which Kirton End is located?
2026-08-23 14:39:42 | INFO | [287/500] example_id=5a8242c155429940e5e1a81d
2026-08-23 14:39:42 | INFO | Question: Where was the author of Thoughts of Machiavelli born?
2026-08-23 14:39:42 | INFO | [288/500] example_id=5ab2acbc55429929539467d2
2026-08-23 14:39:42 | INFO | Question: What island is located  808 nmi northwest of the capital of Hawaii?
2026-08-23 14:41:47 | INFO | Prediction: Emilia-Romagna region
2026-08-23 14:41:47 | INFO | Gold: Emilia-Romagna Region
2026-08-23 14:41:47 | INFO | Agent metadata: {'selected_path': 'react', 'fallback_used': False, 'react_termination_reason': 'completed'}
2026-08-23 14:41:47 | INFO | Answer | EM: 1.0000 | F1: 1.0000
2026-08-23 14:41:47 | INFO | Result | Correct: True | Running EM: 31.32% | Termination: react_completed | Steps: 4 | Tool calls: 3 | Latency: 15.645s
2026-08-23 14:41:47 | INFO | Prediction: Hale Kimga
2026-08-23 14:41:47 | INFO | Gold: Hakim Abdullah Jamal
2026-08-23 14:41:47 | INFO | Agent metadata: {'selected_path': 'react', 'fallback_used': False, 'react_termination_reason': 'completed'}
2026-08-23 14:41:47 | INFO | Answer | EM: 0.0000 | F1: 0.0000
2026-08-23 14:41:47 | INFO | Result | Correct: False | Running EM: 31.21% | Termination: react_completed | Steps: 6 | Tool calls: 5 | Latency: 15.645s
2026-08-23 14:41:47 | INFO | Prediction: Amy Poehler
2026-08-23 14:41:47 | INFO | Gold: Nick Offerman
2026-08-23 14:41:47 | INFO | Agent metadata: {'cot_sc_samples': 21, 'cot_sc_valid_answers': 20, 'cot_sc_winning_count': 19, 'cot_sc_confidence': 0.9047619047619048, 'cot_sc_winning_answer': 'Amy Poehler', 'cot_sc_vote_counts': {'amy poehler': 19, 'nick offerman': 1}, 'selected_path': 'cot_sc', 'fallback_used': True, 'cot_sc_paper_threshold': 10.5, 'cot_sc_threshold_met': True, 'react_termination_reason': 'max_steps_exceeded'}
2026-08-23 14:41:47 | INFO | Answer | EM: 0.0000 | F1: 0.0000
2026-08-23 14:41:47 | INFO | Result | Correct: False | Running EM: 31.10% | Termination: fallback_cot_sc | Steps: 28 | Tool calls: 7 | Latency: 15.645s
2026-08-23 14:41:47 | INFO | Prediction: Joan Jett
2026-08-23 14:41:47 | INFO | Gold: Maria Brink
2026-08-23 14:41:47 | INFO | Agent metadata: {'cot_sc_samples': 21, 'cot_sc_valid_answers': 21, 'cot_sc_winning_count': 6, 'cot_sc_confidence': 0.2857142857142857, 'cot_sc_winning_answer': 'Joan Jett', 'cot_sc_vote_counts': {'joan jett': 6, 'janis joplin': 6, 'marilyn manson': 3, 'courtney love': 1, 'lita ford': 1, 'lera lynn': 1, 'angaleena presley': 1, 'jani lane': 1, 'kathleen brooks': 1}, 'selected_path': 'cot_sc', 'fallback_used': True, 'cot_sc_paper_threshold': 10.5, 'cot_sc_threshold_met': False, 'react_termination_reason': 'max_steps_exceeded'}
2026-08-23 14:41:47 | INFO | Answer | EM: 0.0000 | F1: 0.0000
2026-08-23 14:41:47 | INFO | Result | Correct: False | Running EM: 30.99% | Termination: fallback_cot_sc | Steps: 28 | Tool calls: 6 | Latency: 15.645s
2026-08-23 14:41:47 | INFO | Prediction: Ali Qushji
2026-08-23 14:41:47 | INFO | Gold: Ali Qushji
2026-08-23 14:41:47 | INFO | Agent metadata: {'selected_path': 'react', 'fallback_used': False, 'react_termination_reason': 'completed'}
2026-08-23 14:41:47 | INFO | Answer | EM: 1.0000 | F1: 1.0000
2026-08-23 14:41:47 | INFO | Result | Correct: True | Running EM: 31.23% | Termination: react_completed | Steps: 3 | Tool calls: 2 | Latency: 15.645s
2026-08-23 14:41:47 | INFO | Prediction: 264
2026-08-23 14:41:47 | INFO | Gold: 35,124
2026-08-23 14:41:47 | INFO | Agent metadata: {'cot_sc_samples': 21, 'cot_sc_valid_answers': 21, 'cot_sc_winning_count': 1, 'cot_sc_confidence': 0.047619047619047616, 'cot_sc_winning_answer': '264', 'cot_sc_vote_counts': {'264': 1, '136': 1, 'population data for kirton end specifically is not readily available but it is small village and closest town mablethorpe had population of 6356 according to 2001 census': 1, '116536': 1, '195': 1, 'cannot determine with given information': 1, '1653': 1, '13695': 1, '45616': 1, '1039': 1, '940': 1, '193': 1, '1365': 1, '48603': 1, '135621': 1, 'scunthorpe or lincoln': 1, '146503': 1, '163': 1, '5639': 1, '35634': 1, '1153': 1}, 'selected_path': 'cot_sc', 'fallback_used': True, 'cot_sc_paper_threshold': 10.5, 'cot_sc_threshold_met': False, 'react_termination_reason': 'max_steps_exceeded'}
2026-08-23 14:41:47 | INFO | Answer | EM: 0.0000 | F1: 0.0000
2026-08-23 14:41:47 | INFO | Result | Correct: False | Running EM: 31.12% | Termination: fallback_cot_sc | Steps: 28 | Tool calls: 7 | Latency: 15.645s
2026-08-23 14:41:47 | INFO | Prediction: Florence, Italy
2026-08-23 14:41:47 | INFO | Gold: Germany
2026-08-23 14:41:47 | INFO | Agent metadata: {'cot_sc_samples': 21, 'cot_sc_valid_answers': 21, 'cot_sc_winning_count': 10, 'cot_sc_confidence': 0.47619047619047616, 'cot_sc_winning_answer': 'Florence, Italy', 'cot_sc_vote_counts': {'florence italy': 10, 'new york city new york': 4, 'ottery st mary devon england': 3, 'ecclefechan dumfriesshire scotland': 1, 'london england': 1, 'dublin ireland': 1, 'new york city': 1}, 'selected_path': 'cot_sc', 'fallback_used': True, 'cot_sc_paper_threshold': 10.5, 'cot_sc_threshold_met': False, 'react_termination_reason': 'max_steps_exceeded'}
2026-08-23 14:41:47 | INFO | Answer | EM: 0.0000 | F1: 0.0000
2026-08-23 14:41:47 | INFO | Result | Correct: False | Running EM: 31.01% | Termination: fallback_cot_sc | Steps: 28 | Tool calls: 6 | Latency: 15.645s
2026-08-23 14:41:47 | INFO | Prediction: Laysan
2026-08-23 14:41:47 | INFO | Gold: Laysan
2026-08-23 14:41:47 | INFO | Agent metadata: {'selected_path': 'react', 'fallback_used': False, 'react_termination_reason': 'completed'}
2026-08-23 14:41:47 | INFO | Answer | EM: 1.0000 | F1: 1.0000
2026-08-23 14:41:47 | INFO | Result | Correct: True | Running EM: 31.25% | Termination: react_completed | Steps: 5 | Tool calls: 4 | Latency: 15.645s
2026-08-23 14:41:47 | INFO | Inference batch [289-296/500] size=8
2026-08-23 14:41:47 | INFO | [289/500] example_id=5abd7d0c55429924427fd010
2026-08-23 14:41:47 | INFO | Question: Ciril Cvetko is the brother of a scholar who participates in what analysis of music?
2026-08-23 14:41:47 | INFO | [290/500] example_id=5ae6860e5542991bbc976112
2026-08-23 14:41:47 | INFO | Question: How did Emilie du Chatelet, Voltaire's love, contribute to the basic laws of physics?
2026-08-23 14:41:47 | INFO | [291/500] example_id=5a849cc95542997175ce1efa
2026-08-23 14:41:47 | INFO | Question: In what city did Brian Mannal convene when he was a member of the 188th and 189th General Court?
2026-08-23 14:41:47 | INFO | [292/500] example_id=5ac1a04e5542991316484b63
2026-08-23 14:41:47 | INFO | Question: Are both Jim McBride and Neil Jordan American?
2026-08-23 14:41:47 | INFO | [293/500] example_id=5ade7a435542997c77adee3a
2026-08-23 14:41:47 | INFO | Question: The name "Mountbatten-Windsor" applies to male-line descendants of the Queen without royal styles and titles which is a Eurpean dynasty resulting in what family?
2026-08-23 14:41:47 | INFO | [294/500] example_id=5a865e8a55429960ec39b67a
2026-08-23 14:41:47 | INFO | Question: Do the bands 3OH!3 and Moonbabies have the same number of members?
2026-08-23 14:41:47 | INFO | [295/500] example_id=5adc0e0355429944faac2404
2026-08-23 14:41:47 | INFO | Question: What side-scrolling platform game had Christian Whitehead as project lead?
2026-08-23 14:41:47 | INFO | [296/500] example_id=5a80ecea55429938b6142254
2026-08-23 14:41:47 | INFO | Question: My Secret Hotel is a television series starring a South Korean DJ who rose to fame as the lead actress in what?
2026-08-23 14:43:50 | INFO | Prediction: folk music analysis
2026-08-23 14:43:50 | INFO | Gold: Musicology
2026-08-23 14:43:50 | INFO | Agent metadata: {'cot_sc_samples': 21, 'cot_sc_valid_answers': 21, 'cot_sc_winning_count': 5, 'cot_sc_confidence': 0.23809523809523808, 'cot_sc_winning_answer': 'folk music analysis', 'cot_sc_vote_counts': {'folk music analysis': 5, 'carnatic music analysis': 2, 'microgenre analysis of music': 1, 'alenka cvetko participates in ethnomusicological analysis of slavic folk music': 1, 'folk music in croatia': 1, 'balkan music': 1, 'formal analysis': 1, 'janez cvetko participates in analysis of baroque music': 1, 'borut cvetko participates in analysis of slavonian folk music': 1, 'melodic analysis': 1, 'baroque music': 1, 'musicology': 1, 'gregorian chant': 1, 'franco cvetko participates in analysis of baroque music': 1, 'formal analysis of music': 1, 'jure cvetko participates in ethnomusicological analysis of music': 1}, 'selected_path': 'cot_sc', 'fallback_used': True, 'cot_sc_paper_threshold': 10.5, 'cot_sc_threshold_met': False, 'react_termination_reason': 'max_steps_exceeded'}
2026-08-23 14:43:50 | INFO | Answer | EM: 0.0000 | F1: 0.0000
2026-08-23 14:43:50 | INFO | Result | Correct: False | Running EM: 31.14% | Termination: fallback_cot_sc | Steps: 28 | Tool calls: 7 | Latency: 15.386s
2026-08-23 14:43:50 | INFO | Prediction: She translated Newton's "Principia Mathematica" and verified the conservation of energy through experiments.
2026-08-23 14:43:50 | INFO | Gold: commentary on Isaac Newton's book "Principia"
2026-08-23 14:43:50 | INFO | Agent metadata: {'cot_sc_samples': 21, 'cot_sc_valid_answers': 21, 'cot_sc_winning_count': 6, 'cot_sc_confidence': 0.2857142857142857, 'cot_sc_winning_answer': 'She translated Newton\'s "Principia Mathematica" and verified the conservation of energy through experiments.', 'cot_sc_vote_counts': {'she translated newtons principia mathematica and verified conservation of energy through experiments': 6, 'she translated newtons principia mathematica and conducted experiments on conservation of energy': 5, 'translation of principia mathematica and experiments on conservation of energy': 1, 'she translated newtons principia mathematica and conducted experiments related to energy conservation': 1, 'she translated and annotated newtons principia mathematica': 1, 'she translated newtons principia mathematica and conducted experiments on energy conservation': 1, 'she translated and annotated isaac newtons principia mathematica contributing to clarity and advancement of basic laws of physics': 1, 'she translated newtons principia mathematica and conducted experiments that supported conservation of energy': 1, 'she translated newtons principia mathematica and conducted experimental work on energy and heat': 1, 'she translated newtons principia mathematica and verified maxwells equations': 1, 'translated newtons principia mathematica and performed experiments on heat and light': 1, 'she translated and expanded isaac newtons principia mathematica': 1}, 'selected_path': 'cot_sc', 'fallback_used': True, 'cot_sc_paper_threshold': 10.5, 'cot_sc_threshold_met': False, 'react_termination_reason': 'max_steps_exceeded'}
2026-08-23 14:43:50 | INFO | Answer | EM: 0.0000 | F1: 0.2222
2026-08-23 14:43:50 | INFO | Result | Correct: False | Running EM: 31.03% | Termination: fallback_cot_sc | Steps: 28 | Tool calls: 7 | Latency: 15.386s
2026-08-23 14:43:50 | INFO | Prediction: Boston
2026-08-23 14:43:50 | INFO | Gold: Boston
2026-08-23 14:43:50 | INFO | Agent metadata: {'cot_sc_samples': 21, 'cot_sc_valid_answers': 21, 'cot_sc_winning_count': 16, 'cot_sc_confidence': 0.7619047619047619, 'cot_sc_winning_answer': 'Boston', 'cot_sc_vote_counts': {'boston': 16, 'boston massachusetts': 5}, 'selected_path': 'cot_sc', 'fallback_used': True, 'cot_sc_paper_threshold': 10.5, 'cot_sc_threshold_met': True, 'react_termination_reason': 'max_steps_exceeded'}
2026-08-23 14:43:50 | INFO | Answer | EM: 1.0000 | F1: 1.0000
2026-08-23 14:43:50 | INFO | Result | Correct: True | Running EM: 31.27% | Termination: fallback_cot_sc | Steps: 28 | Tool calls: 7 | Latency: 15.386s
2026-08-23 14:43:50 | INFO | Prediction: no
2026-08-23 14:43:50 | INFO | Gold: no
2026-08-23 14:43:50 | INFO | Agent metadata: {'selected_path': 'react', 'fallback_used': False, 'react_termination_reason': 'completed'}
2026-08-23 14:43:50 | INFO | Answer | EM: 1.0000 | F1: 1.0000
2026-08-23 14:43:50 | INFO | Result | Correct: True | Running EM: 31.51% | Termination: react_completed | Steps: 3 | Tool calls: 2 | Latency: 15.386s
2026-08-23 14:43:50 | INFO | Prediction: Battenberg family
2026-08-23 14:43:50 | INFO | Gold: Mountbatten family
2026-08-23 14:43:50 | INFO | Agent metadata: {'selected_path': 'react', 'fallback_used': False, 'react_termination_reason': 'completed'}
2026-08-23 14:43:50 | INFO | Answer | EM: 0.0000 | F1: 0.5000
2026-08-23 14:43:50 | INFO | Result | Correct: False | Running EM: 31.40% | Termination: react_completed | Steps: 5 | Tool calls: 4 | Latency: 15.386s
2026-08-23 14:43:50 | INFO | Prediction: No
2026-08-23 14:43:50 | INFO | Gold: yes
2026-08-23 14:43:50 | INFO | Agent metadata: {'cot_sc_samples': 21, 'cot_sc_valid_answers': 21, 'cot_sc_winning_count': 17, 'cot_sc_confidence': 0.8095238095238095, 'cot_sc_winning_answer': 'No', 'cot_sc_vote_counts': {'no': 17, 'yes': 4}, 'selected_path': 'cot_sc', 'fallback_used': True, 'cot_sc_paper_threshold': 10.5, 'cot_sc_threshold_met': True, 'react_termination_reason': 'max_steps_exceeded'}
2026-08-23 14:43:50 | INFO | Answer | EM: 0.0000 | F1: 0.0000
2026-08-23 14:43:50 | INFO | Result | Correct: False | Running EM: 31.29% | Termination: fallback_cot_sc | Steps: 28 | Tool calls: 6 | Latency: 15.386s
2026-08-23 14:43:50 | INFO | Prediction: LittleBigPlanet
2026-08-23 14:43:50 | INFO | Gold: Sonic Mania
2026-08-23 14:43:50 | INFO | Agent metadata: {'cot_sc_samples': 21, 'cot_sc_valid_answers': 21, 'cot_sc_winning_count': 4, 'cot_sc_confidence': 0.19047619047619047, 'cot_sc_winning_answer': 'LittleBigPlanet', 'cot_sc_vote_counts': {'littlebigplanet': 4, 'castlevania symphony of night': 2, 'jet set radio': 2, 'ristar': 2, 'super mario 64': 2, 'crisis core – final fantasy vii': 2, 'ratchet clank': 1, 'little big planet': 1, 'rez': 1, 'rayman 3 hoodlum havoc': 1, 'banjokazooie': 1, 'ratchet clank sidescrolling games': 1, 'super mario bros': 1}, 'selected_path': 'cot_sc', 'fallback_used': True, 'cot_sc_paper_threshold': 10.5, 'cot_sc_threshold_met': False, 'react_termination_reason': 'max_steps_exceeded'}
2026-08-23 14:43:50 | INFO | Answer | EM: 0.0000 | F1: 0.0000
2026-08-23 14:43:50 | INFO | Result | Correct: False | Running EM: 31.19% | Termination: fallback_cot_sc | Steps: 28 | Tool calls: 7 | Latency: 15.386s
2026-08-23 14:43:50 | INFO | Prediction: Boys Over Flowers
2026-08-23 14:43:50 | INFO | Gold: Queen In-hyun's Man
2026-08-23 14:43:50 | INFO | Agent metadata: {'cot_sc_samples': 21, 'cot_sc_valid_answers': 21, 'cot_sc_winning_count': 7, 'cot_sc_confidence': 0.3333333333333333, 'cot_sc_winning_answer': 'Boys Over Flowers', 'cot_sc_vote_counts': {'boys over flowers': 7, 'drama boys over flowers': 2, 'winter sonata': 2, 'my love from star': 1, 'yoon eun hye': 1, 'south korean drama spring summer fall winter and spring': 1, 'kara': 1, 'kim jonghyun starred in drama empress ki before becoming dj': 1, 'kiss cam': 1, 'i am star': 1, 'king2hearts': 1, 'jurassic park': 1, 'scent of woman': 1}, 'selected_path': 'cot_sc', 'fallback_used': True, 'cot_sc_paper_threshold': 10.5, 'cot_sc_threshold_met': False, 'react_termination_reason': 'max_steps_exceeded'}
2026-08-23 14:43:50 | INFO | Answer | EM: 0.0000 | F1: 0.0000
2026-08-23 14:43:50 | INFO | Result | Correct: False | Running EM: 31.08% | Termination: fallback_cot_sc | Steps: 28 | Tool calls: 7 | Latency: 15.386s
2026-08-23 14:43:50 | INFO | Inference batch [297-304/500] size=8
2026-08-23 14:43:50 | INFO | [297/500] example_id=5ae7cea355429952e35ea9c1
2026-08-23 14:43:50 | INFO | Question: What is the name of the series who's first season was released on Netflix on September 22, 2016 and stars actor pronounced as John-a-kite?
2026-08-23 14:43:50 | INFO | [298/500] example_id=5a77a44d5542997042120aba
2026-08-23 14:43:50 | INFO | Question: What census-designated place located in Nassau County, New York has as portions of it's territory, districts of Brian Curran, New York State assemblyman?
2026-08-23 14:43:50 | INFO | [299/500] example_id=5a775f8a5542994aec3b72ba
2026-08-23 14:43:50 | INFO | Question: Who is the American singer-songwriter, who won an award for Best Female Video at the 2009 MTV Video Music Awards, and wrote a song for the 'AT&T Team USA Soundtrack'?
2026-08-23 14:43:50 | INFO | [300/500] example_id=5a80870d5542992bc0c4a752
2026-08-23 14:43:50 | INFO | Question: Shaqtin' a Fool has included which television personality who worked for 8 yearst at ESPN?
2026-08-23 14:43:50 | INFO | [301/500] example_id=5ae4d7fc5542990ba0bbb16f
2026-08-23 14:43:50 | INFO | Question: Are both Stephen R. Donaldson and Michael Moorcock science fiction writers?
2026-08-23 14:43:50 | INFO | [302/500] example_id=5abe765a55429976d4830b1f
2026-08-23 14:43:50 | INFO | Question: Who has won more olympic medals: Angelique Kerber or Amélie Mauresmo?
2026-08-23 14:43:50 | INFO | [303/500] example_id=5a84f5195542994c784dda9d
2026-08-23 14:43:50 | INFO | Question: What is the current position held by the Nathan Sharansky's co-author of the book The Case for Democracy?
2026-08-23 14:43:50 | INFO | [304/500] example_id=5ab431e65542991751b4d6e2
2026-08-23 14:43:50 | INFO | Question: Until when did this region exist as an organized incorporated territory of the United States, for which Samuel Thurston served as its first delegate?
2026-08-23 14:46:28 | INFO | Prediction: The Haunting of Bly Manor
2026-08-23 14:46:28 | INFO | Gold: Netflix
2026-08-23 14:46:28 | INFO | Agent metadata: {'cot_sc_samples': 21, 'cot_sc_valid_answers': 21, 'cot_sc_winning_count': 6, 'cot_sc_confidence': 0.2857142857142857, 'cot_sc_winning_answer': 'The Haunting of Bly Manor', 'cot_sc_vote_counts': {'haunting of bly manor': 6, 'this is us': 5, 'haunting of hill house': 4, 'stranger things': 2, 'office': 1, 'office one mississippi': 1, 'middle': 1, 'widows': 1}, 'selected_path': 'cot_sc', 'fallback_used': True, 'cot_sc_paper_threshold': 10.5, 'cot_sc_threshold_met': False, 'react_termination_reason': 'max_steps_exceeded'}
2026-08-23 14:46:28 | INFO | Answer | EM: 0.0000 | F1: 0.0000
2026-08-23 14:46:28 | INFO | Result | Correct: False | Running EM: 30.98% | Termination: fallback_cot_sc | Steps: 28 | Tool calls: 7 | Latency: 19.749s
2026-08-23 14:46:28 | INFO | Prediction: Mineola
2026-08-23 14:46:28 | INFO | Gold: Baldwin
2026-08-23 14:46:28 | INFO | Agent metadata: {'cot_sc_samples': 21, 'cot_sc_valid_answers': 21, 'cot_sc_winning_count': 4, 'cot_sc_confidence': 0.19047619047619047, 'cot_sc_winning_answer': 'Mineola', 'cot_sc_vote_counts': {'mineola': 4, 'old westbury': 3, 'garden city': 2, 'baldwin': 2, 'uniondale': 1, 'merrick': 1, 'garden city park': 1, 'bellmore': 1, 'garden city heights': 1, 'hempstead': 1, 'valley stream': 1, 'north hempstead': 1, 'freeport new york': 1, 'east meadow': 1}, 'selected_path': 'cot_sc', 'fallback_used': True, 'cot_sc_paper_threshold': 10.5, 'cot_sc_threshold_met': False, 'react_termination_reason': 'max_steps_exceeded'}
2026-08-23 14:46:28 | INFO | Answer | EM: 0.0000 | F1: 0.0000
2026-08-23 14:46:28 | INFO | Result | Correct: False | Running EM: 30.87% | Termination: fallback_cot_sc | Steps: 28 | Tool calls: 6 | Latency: 19.749s
2026-08-23 14:46:28 | INFO | Prediction: Kesha
2026-08-23 14:46:28 | INFO | Gold: Taylor Swift
2026-08-23 14:46:28 | INFO | Agent metadata: {'cot_sc_samples': 21, 'cot_sc_valid_answers': 21, 'cot_sc_winning_count': 14, 'cot_sc_confidence': 0.6666666666666666, 'cot_sc_winning_answer': 'Kesha', 'cot_sc_vote_counts': {'kesha': 14, 'beyoncé': 5, 'rihanna': 2}, 'selected_path': 'cot_sc', 'fallback_used': True, 'cot_sc_paper_threshold': 10.5, 'cot_sc_threshold_met': True, 'react_termination_reason': 'max_steps_exceeded'}
2026-08-23 14:46:28 | INFO | Answer | EM: 0.0000 | F1: 0.0000
2026-08-23 14:46:28 | INFO | Result | Correct: False | Running EM: 30.77% | Termination: fallback_cot_sc | Steps: 28 | Tool calls: 7 | Latency: 19.749s
2026-08-23 14:46:28 | INFO | Prediction: Jay Williams
2026-08-23 14:46:28 | INFO | Gold: Matthew Ward Winer
2026-08-23 14:46:28 | INFO | Agent metadata: {'cot_sc_samples': 21, 'cot_sc_valid_answers': 21, 'cot_sc_winning_count': 7, 'cot_sc_confidence': 0.3333333333333333, 'cot_sc_winning_answer': 'Jay Williams', 'cot_sc_vote_counts': {'jay williams': 7, 'jay thomas': 3, 'shaquille oneal': 3, 'dave calloway': 1, 'keith olbison': 1, 'bill walton': 1, 'jay mariotti': 1, 'craig carton': 1, 'charles barkley': 1, 'chris bosh': 1, 'brian woods': 1}, 'selected_path': 'cot_sc', 'fallback_used': True, 'cot_sc_paper_threshold': 10.5, 'cot_sc_threshold_met': False, 'react_termination_reason': 'max_steps_exceeded'}
2026-08-23 14:46:28 | INFO | Answer | EM: 0.0000 | F1: 0.0000
2026-08-23 14:46:28 | INFO | Result | Correct: False | Running EM: 30.67% | Termination: fallback_cot_sc | Steps: 28 | Tool calls: 7 | Latency: 19.749s
2026-08-23 14:46:28 | INFO | Prediction: No
2026-08-23 14:46:28 | INFO | Gold: yes
2026-08-23 14:46:28 | INFO | Agent metadata: {'cot_sc_samples': 21, 'cot_sc_valid_answers': 21, 'cot_sc_winning_count': 21, 'cot_sc_confidence': 1.0, 'cot_sc_winning_answer': 'No', 'cot_sc_vote_counts': {'no': 21}, 'selected_path': 'cot_sc', 'fallback_used': True, 'cot_sc_paper_threshold': 10.5, 'cot_sc_threshold_met': True, 'react_termination_reason': 'max_steps_exceeded'}
2026-08-23 14:46:28 | INFO | Answer | EM: 0.0000 | F1: 0.0000
2026-08-23 14:46:28 | INFO | Result | Correct: False | Running EM: 30.56% | Termination: fallback_cot_sc | Steps: 28 | Tool calls: 7 | Latency: 19.749s
2026-08-23 14:46:28 | INFO | Prediction: Angelique Kerber
2026-08-23 14:46:28 | INFO | Gold: Amélie Simone Mauresmo
2026-08-23 14:46:28 | INFO | Agent metadata: {'cot_sc_samples': 21, 'cot_sc_valid_answers': 21, 'cot_sc_winning_count': 21, 'cot_sc_confidence': 1.0, 'cot_sc_winning_answer': 'Angelique Kerber', 'cot_sc_vote_counts': {'angelique kerber': 21}, 'selected_path': 'cot_sc', 'fallback_used': True, 'cot_sc_paper_threshold': 10.5, 'cot_sc_threshold_met': True, 'react_termination_reason': 'action_loop'}
2026-08-23 14:46:28 | INFO | Answer | EM: 0.0000 | F1: 0.0000
2026-08-23 14:46:28 | INFO | Result | Correct: False | Running EM: 30.46% | Termination: fallback_cot_sc | Steps: 27 | Tool calls: 4 | Latency: 19.749s
2026-08-23 14:46:28 | INFO | Prediction: senior fellow at the Washington Institute for Near East Policy
2026-08-23 14:46:28 | INFO | Gold: Israeli Ambassador
2026-08-23 14:46:28 | INFO | Agent metadata: {'cot_sc_samples': 21, 'cot_sc_valid_answers': 21, 'cot_sc_winning_count': 2, 'cot_sc_confidence': 0.09523809523809523, 'cot_sc_winning_answer': 'senior fellow at the Washington Institute for Near East Policy', 'cot_sc_vote_counts': {'senior fellow at washington institute for near east policy': 2, 'former prime minister of israel': 1, 'senior fellow at frederick w cook jr foundation and distinguished fellow at middle east forum': 1, 'physicianscientist and public policy advisor': 1, 'distinguished university professor at school of international and public affairs at columbia university': 1, 'scientist entrepreneur public policy advisor': 1, 'senior fellow at washington institute for near east policy and distinguished scholar at middle east forum': 1, 'professor of statistics and management science at mit': 1, 'none': 1, 'senior fellow at frederick w smith department of state studies at washington institute for near east policy': 1, 'no specific position': 1, 'distinguished fellow at foundation for defense of democracies': 1, 'author and journalist': 1, 'senior fellow at frederick w smith international center at heritage foundation': 1, 'senior editor at weekly standard and senior fellow at american enterprise institute': 1, 'united states ambassador at large for international religious freedom': 1, 'prime minister of israel': 1, 'senior fellow at frederick w smith department of state studies at washington institute for near east policy and contributing editor at national review': 1, 'distinguished fellow at hudson institute': 1, 'journalist and activist': 1}, 'selected_path': 'cot_sc', 'fallback_used': True, 'cot_sc_paper_threshold': 10.5, 'cot_sc_threshold_met': False, 'react_termination_reason': 'max_steps_exceeded'}
2026-08-23 14:46:28 | INFO | Answer | EM: 0.0000 | F1: 0.0000
2026-08-23 14:46:28 | INFO | Result | Correct: False | Running EM: 30.36% | Termination: fallback_cot_sc | Steps: 28 | Tool calls: 7 | Latency: 19.749s
2026-08-23 14:46:28 | INFO | Prediction: February 14, 1859
2026-08-23 14:46:28 | INFO | Gold: February 14, 1859
2026-08-23 14:46:28 | INFO | Agent metadata: {'selected_path': 'react', 'fallback_used': False, 'react_termination_reason': 'completed'}
2026-08-23 14:46:28 | INFO | Answer | EM: 1.0000 | F1: 1.0000
2026-08-23 14:46:28 | INFO | Result | Correct: True | Running EM: 30.59% | Termination: react_completed | Steps: 3 | Tool calls: 2 | Latency: 19.749s
2026-08-23 14:46:28 | INFO | Inference batch [305-312/500] size=8
2026-08-23 14:46:28 | INFO | [305/500] example_id=5ae71f06554299572ea54708
2026-08-23 14:46:28 | INFO | Question: Christopher de Haro provided the financial backing to what Portuguese explorer who organised the Spanish expedition to the East Indies from 1519 to 1522?
2026-08-23 14:46:28 | INFO | [306/500] example_id=5abdce1b5542993062266cfe
2026-08-23 14:46:28 | INFO | Question: What Minnesota county is the University of Minnesota in?
2026-08-23 14:46:28 | INFO | [307/500] example_id=5a8c5eca554299240d9c213d
2026-08-23 14:46:28 | INFO | Question: What are the anchor stores for the shopping mall constructed by C.J. Segerstrom & Sons in California?
2026-08-23 14:46:28 | INFO | [308/500] example_id=5a8c8f24554299653c1aa0ba
2026-08-23 14:46:28 | INFO | Question: The 34th Pursuit Squadron of the United States Air Force was among the 60,000-80,000 prisoners of war who were involved the Bataan Death March during what war?
2026-08-23 14:46:28 | INFO | [309/500] example_id=5ab972485542996be20204f6
2026-08-23 14:46:28 | INFO | Question: The Reverend Jesse Bushyhead was a member of a Cherokee faction led by a chief born in what year?
2026-08-23 14:46:28 | INFO | [310/500] example_id=5a778a8e5542992a6e59deca
2026-08-23 14:46:28 | INFO | Question: The American comedy film Krystal stars which actor who appeared in numerous films such as "Contact", "Armageddon", "The Perfect Storm", "Crash", "Blades of Glory", "Black Hawk Down", "Nine Lives", etc.?
2026-08-23 14:46:28 | INFO | [311/500] example_id=5ab285d1554299449642c8dd
2026-08-23 14:46:28 | INFO | Question: Monroe Regional Airport and Deadhorse Airport are both in this country?
2026-08-23 14:46:28 | INFO | [312/500] example_id=5a78e49855429974737f78f3
2026-08-23 14:46:28 | INFO | Question: How many small-box format stores are there for one of Newell Brands' brand that sells scented candles, candleholders, accessories, and dinnerware?
2026-08-23 14:48:19 | INFO | Prediction: Ferdinand Magellan
2026-08-23 14:48:19 | INFO | Gold: Ferdinand Magellan
2026-08-23 14:48:19 | INFO | Agent metadata: {'selected_path': 'react', 'fallback_used': False, 'react_termination_reason': 'completed'}
2026-08-23 14:48:19 | INFO | Answer | EM: 1.0000 | F1: 1.0000
2026-08-23 14:48:19 | INFO | Result | Correct: True | Running EM: 30.82% | Termination: react_completed | Steps: 6 | Tool calls: 5 | Latency: 13.809s
2026-08-23 14:48:19 | INFO | Prediction: Hennepin County
2026-08-23 14:48:19 | INFO | Gold: Hennepin County
2026-08-23 14:48:19 | INFO | Agent metadata: {'selected_path': 'react', 'fallback_used': False, 'react_termination_reason': 'completed'}
2026-08-23 14:48:19 | INFO | Answer | EM: 1.0000 | F1: 1.0000
2026-08-23 14:48:19 | INFO | Result | Correct: True | Running EM: 31.05% | Termination: react_completed | Steps: 5 | Tool calls: 4 | Latency: 13.809s
2026-08-23 14:48:19 | INFO | Prediction: three Macy's stores, Nordstrom, and Bloomingdale's
2026-08-23 14:48:19 | INFO | Gold: three Macy's stores, Sears, Nordstrom, Bloomingdale's, and Saks Fifth Avenue
2026-08-23 14:48:19 | INFO | Agent metadata: {'selected_path': 'react', 'fallback_used': False, 'react_termination_reason': 'completed'}
2026-08-23 14:48:19 | INFO | Answer | EM: 0.0000 | F1: 0.7500
2026-08-23 14:48:19 | INFO | Result | Correct: False | Running EM: 30.94% | Termination: react_completed | Steps: 3 | Tool calls: 2 | Latency: 13.809s
2026-08-23 14:48:19 | INFO | Prediction: World War II
2026-08-23 14:48:19 | INFO | Gold: World War II
2026-08-23 14:48:19 | INFO | Agent metadata: {'selected_path': 'react', 'fallback_used': False, 'react_termination_reason': 'completed'}
2026-08-23 14:48:19 | INFO | Answer | EM: 1.0000 | F1: 1.0000
2026-08-23 14:48:19 | INFO | Result | Correct: True | Running EM: 31.17% | Termination: react_completed | Steps: 3 | Tool calls: 2 | Latency: 13.809s
2026-08-23 14:48:19 | INFO | Prediction: 1790
2026-08-23 14:48:19 | INFO | Gold: 1790
2026-08-23 14:48:19 | INFO | Agent metadata: {'cot_sc_samples': 21, 'cot_sc_valid_answers': 21, 'cot_sc_winning_count': 20, 'cot_sc_confidence': 0.9523809523809523, 'cot_sc_winning_answer': '1790', 'cot_sc_vote_counts': {'1790': 20, '1760': 1}, 'selected_path': 'cot_sc', 'fallback_used': True, 'cot_sc_paper_threshold': 10.5, 'cot_sc_threshold_met': True, 'react_termination_reason': 'max_steps_exceeded'}
2026-08-23 14:48:19 | INFO | Answer | EM: 1.0000 | F1: 1.0000
2026-08-23 14:48:19 | INFO | Result | Correct: True | Running EM: 31.39% | Termination: fallback_cot_sc | Steps: 28 | Tool calls: 7 | Latency: 13.809s
2026-08-23 14:48:19 | INFO | Prediction: Dennis Quaid
2026-08-23 14:48:19 | INFO | Gold: William Fichtner
2026-08-23 14:48:19 | INFO | Agent metadata: {'cot_sc_samples': 21, 'cot_sc_valid_answers': 21, 'cot_sc_winning_count': 11, 'cot_sc_confidence': 0.5238095238095238, 'cot_sc_winning_answer': 'Dennis Quaid', 'cot_sc_vote_counts': {'dennis quaid': 11, 'dennis quaid dennis quaid': 5, 'bruce willis': 4, 'cameron diaz': 1}, 'selected_path': 'cot_sc', 'fallback_used': True, 'cot_sc_paper_threshold': 10.5, 'cot_sc_threshold_met': True, 'react_termination_reason': 'max_steps_exceeded'}
2026-08-23 14:48:19 | INFO | Answer | EM: 0.0000 | F1: 0.0000
2026-08-23 14:48:19 | INFO | Result | Correct: False | Running EM: 31.29% | Termination: fallback_cot_sc | Steps: 28 | Tool calls: 7 | Latency: 13.809s
2026-08-23 14:48:19 | INFO | Prediction: no
2026-08-23 14:48:19 | INFO | Gold: United States
2026-08-23 14:48:19 | INFO | Agent metadata: {'selected_path': 'react', 'fallback_used': False, 'react_termination_reason': 'completed'}
2026-08-23 14:48:19 | INFO | Answer | EM: 0.0000 | F1: 0.0000
2026-08-23 14:48:19 | INFO | Result | Correct: False | Running EM: 31.19% | Termination: react_completed | Steps: 4 | Tool calls: 3 | Latency: 13.809s
2026-08-23 14:48:19 | INFO | Prediction: 217
2026-08-23 14:48:19 | INFO | Gold: 560
2026-08-23 14:48:19 | INFO | Agent metadata: {'selected_path': 'react', 'fallback_used': False, 'react_termination_reason': 'completed'}
2026-08-23 14:48:19 | INFO | Answer | EM: 0.0000 | F1: 0.0000
2026-08-23 14:48:19 | INFO | Result | Correct: False | Running EM: 31.09% | Termination: react_completed | Steps: 3 | Tool calls: 2 | Latency: 13.809s
2026-08-23 14:48:19 | INFO | Inference batch [313-320/500] size=8
2026-08-23 14:48:19 | INFO | [313/500] example_id=5a72b3335542994cef4bc3dc
2026-08-23 14:48:19 | INFO | Question: What party campaigned for the Irish Home Rule Movement?
2026-08-23 14:48:19 | INFO | [314/500] example_id=5a82bc7455429940e5e1a926
2026-08-23 14:48:19 | INFO | Question: In what movie did the male star of a movie about a widowed 37-year-old woman also star in in the year 1993?
2026-08-23 14:48:19 | INFO | [315/500] example_id=5a77b0395542997042120ae1
2026-08-23 14:48:19 | INFO | Question: Which star in the movie Hush was born April 20, 1949?
2026-08-23 14:48:19 | INFO | [316/500] example_id=5a90b6985542990a984936c2
2026-08-23 14:48:19 | INFO | Question: The film "Arthur Newman" stars Colin Firth and an actress that made her professional debut in what play?
2026-08-23 14:48:19 | INFO | [317/500] example_id=5a8a833855429970aeb702fe
2026-08-23 14:48:19 | INFO | Question: How many rooms are in the hotel that is home to the Cirque du Soleil show Mystere?
2026-08-23 14:48:19 | INFO | [318/500] example_id=5a7fd95d5542992e7d278dc5
2026-08-23 14:48:19 | INFO | Question: Wagner Moura received what nomination for playing the lead role of "The King of Cocaine"?
2026-08-23 14:48:19 | INFO | [319/500] example_id=5ab1e36d554299449642c7f9
2026-08-23 14:48:19 | INFO | Question: Are Northwestern University and Middlebury College both private schools?
2026-08-23 14:48:19 | INFO | [320/500] example_id=5adfff0755429925eb1afbce
2026-08-23 14:48:19 | INFO | Question: What is 25 miles south of Groom Lake?
2026-08-23 14:50:08 | INFO | Prediction: Irish Parliamentary Party
2026-08-23 14:50:08 | INFO | Gold: The Home Rule League
2026-08-23 14:50:08 | INFO | Agent metadata: {'selected_path': 'react', 'fallback_used': False, 'react_termination_reason': 'completed'}
2026-08-23 14:50:08 | INFO | Answer | EM: 0.0000 | F1: 0.0000
2026-08-23 14:50:08 | INFO | Result | Correct: False | Running EM: 30.99% | Termination: react_completed | Steps: 3 | Tool calls: 2 | Latency: 13.621s
2026-08-23 14:50:08 | INFO | Prediction: Tom Hanks
2026-08-23 14:50:08 | INFO | Gold: "Red Rock West"
2026-08-23 14:50:08 | INFO | Agent metadata: {'selected_path': 'react', 'fallback_used': False, 'react_termination_reason': 'completed'}
2026-08-23 14:50:08 | INFO | Answer | EM: 0.0000 | F1: 0.0000
2026-08-23 14:50:08 | INFO | Result | Correct: False | Running EM: 30.89% | Termination: react_completed | Steps: 5 | Tool calls: 4 | Latency: 13.621s
2026-08-23 14:50:08 | INFO | Prediction: Jessica Lange
2026-08-23 14:50:08 | INFO | Gold: Jessica Lange
2026-08-23 14:50:08 | INFO | Agent metadata: {'selected_path': 'react', 'fallback_used': False, 'react_termination_reason': 'completed'}
2026-08-23 14:50:08 | INFO | Answer | EM: 1.0000 | F1: 1.0000
2026-08-23 14:50:08 | INFO | Result | Correct: True | Running EM: 31.11% | Termination: react_completed | Steps: 5 | Tool calls: 4 | Latency: 13.621s
2026-08-23 14:50:08 | INFO | Prediction: The Boys from Springbok
2026-08-23 14:50:08 | INFO | Gold: "The Royal Family"
2026-08-23 14:50:08 | INFO | Agent metadata: {'cot_sc_samples': 21, 'cot_sc_valid_answers': 21, 'cot_sc_winning_count': 4, 'cot_sc_confidence': 0.19047619047619047, 'cot_sc_winning_answer': 'The Boys from Springbok', 'cot_sc_vote_counts': {'boys from springbok': 4, 'real thing': 4, 'equus': 3, 'royal family': 1, 'soft playbag': 1, 'galileo': 1, 'blue room': 1, 'childrens hour': 1, 'helena bonham carter boys from springtime': 1, 'rosencrantz and guildenstern are dead': 1, 'boys from springtime follies': 1, 'cocktail party': 1, 'zoo story': 1}, 'selected_path': 'cot_sc', 'fallback_used': True, 'cot_sc_paper_threshold': 10.5, 'cot_sc_threshold_met': False, 'react_termination_reason': 'max_steps_exceeded'}
2026-08-23 14:50:08 | INFO | Answer | EM: 0.0000 | F1: 0.0000
2026-08-23 14:50:08 | INFO | Result | Correct: False | Running EM: 31.01% | Termination: fallback_cot_sc | Steps: 28 | Tool calls: 7 | Latency: 13.621s
2026-08-23 14:50:08 | INFO | Prediction: 2,885 rooms
2026-08-23 14:50:08 | INFO | Gold: 2,664
2026-08-23 14:50:08 | INFO | Agent metadata: {'selected_path': 'react', 'fallback_used': False, 'react_termination_reason': 'completed'}
2026-08-23 14:50:08 | INFO | Answer | EM: 0.0000 | F1: 0.0000
2026-08-23 14:50:08 | INFO | Result | Correct: False | Running EM: 30.91% | Termination: react_completed | Steps: 3 | Tool calls: 2 | Latency: 13.621s
2026-08-23 14:50:08 | INFO | Prediction: Outstanding Lead Actor in a Miniseries or Movie
2026-08-23 14:50:08 | INFO | Gold: Golden Globe
2026-08-23 14:50:08 | INFO | Agent metadata: {'cot_sc_samples': 21, 'cot_sc_valid_answers': 21, 'cot_sc_winning_count': 13, 'cot_sc_confidence': 0.6190476190476191, 'cot_sc_winning_answer': 'Outstanding Lead Actor in a Miniseries or Movie', 'cot_sc_vote_counts': {'outstanding lead actor in miniseries or movie': 13, 'emmy award': 2, 'outstanding lead actor in drama series': 2, 'emmy nomination': 2, 'emmy award nomination': 2}, 'selected_path': 'cot_sc', 'fallback_used': True, 'cot_sc_paper_threshold': 10.5, 'cot_sc_threshold_met': True, 'react_termination_reason': 'max_steps_exceeded'}
2026-08-23 14:50:08 | INFO | Answer | EM: 0.0000 | F1: 0.0000
2026-08-23 14:50:08 | INFO | Result | Correct: False | Running EM: 30.82% | Termination: fallback_cot_sc | Steps: 28 | Tool calls: 7 | Latency: 13.621s
2026-08-23 14:50:08 | INFO | Prediction: yes
2026-08-23 14:50:08 | INFO | Gold: yes
2026-08-23 14:50:08 | INFO | Agent metadata: {'selected_path': 'react', 'fallback_used': False, 'react_termination_reason': 'completed'}
2026-08-23 14:50:08 | INFO | Answer | EM: 1.0000 | F1: 1.0000
2026-08-23 14:50:08 | INFO | Result | Correct: True | Running EM: 31.03% | Termination: react_completed | Steps: 3 | Tool calls: 2 | Latency: 13.621s
2026-08-23 14:50:08 | INFO | Prediction: Nellis Air Force Base
2026-08-23 14:50:08 | INFO | Gold: Rachel, Nevada
2026-08-23 14:50:08 | INFO | Agent metadata: {'cot_sc_samples': 21, 'cot_sc_valid_answers': 21, 'cot_sc_winning_count': 3, 'cot_sc_confidence': 0.14285714285714285, 'cot_sc_winning_answer': 'Nellis Air Force Base', 'cot_sc_vote_counts': {'nellis air force base': 3, 'nevada test site': 3, 'pahute mesa': 2, 'rachel nevada': 2, 'pahranagat valley': 2, 'pahrump nevada': 1, 'bullfrog': 1, 'pahranagat national wildlife refuge': 1, 'information for specific 25mile south point from groom lakearea 51 is not available in standard geographic databases': 1, 'exact location 25 miles south of groom lake cannot be definitively stated due to secretive nature of area': 1, 'nelsons cove dry lake bed is approximately 25 miles south of groom lake': 1, 'nye county nevada area': 1, 'pine tree mountains': 1, 'pahrump': 1}, 'selected_path': 'cot_sc', 'fallback_used': True, 'cot_sc_paper_threshold': 10.5, 'cot_sc_threshold_met': False, 'react_termination_reason': 'max_steps_exceeded'}
2026-08-23 14:50:08 | INFO | Answer | EM: 0.0000 | F1: 0.0000
2026-08-23 14:50:08 | INFO | Result | Correct: False | Running EM: 30.94% | Termination: fallback_cot_sc | Steps: 28 | Tool calls: 5 | Latency: 13.621s
2026-08-23 14:50:08 | INFO | Inference batch [321-328/500] size=8
2026-08-23 14:50:08 | INFO | [321/500] example_id=5ab5e024554299494045f097
2026-08-23 14:50:08 | INFO | Question: Were Joss Whedon and Norman Mailer both Americans?
2026-08-23 14:50:08 | INFO | [322/500] example_id=5abfa2255542993fe9a41e18
2026-08-23 14:50:08 | INFO | Question: Were Will Durant and Margaret Mitchell both philosophical writers?
2026-08-23 14:50:08 | INFO | [323/500] example_id=5a810506554299260e20a202
2026-08-23 14:50:08 | INFO | Question: What is the birth date of this American composer, who composed the Ghost Quartet?
2026-08-23 14:50:08 | INFO | [324/500] example_id=5a71231a5542994082a3e5c4
2026-08-23 14:50:08 | INFO | Question: What edible, juicy fruit is grown on a deciduous tree called 'pesco' in Italian?
2026-08-23 14:50:08 | INFO | [325/500] example_id=5a71717d5542994082a3e834
2026-08-23 14:50:08 | INFO | Question: What star of "Attack of the Gryphon" was also a voice artist in Johnny Bravo?
2026-08-23 14:50:08 | INFO | [326/500] example_id=5ab707d65542991d32223761
2026-08-23 14:50:08 | INFO | Question: Witkins Township is served what district that is represented by Tim Murphy?
2026-08-23 14:50:08 | INFO | [327/500] example_id=5a74adb455429916b01641c6
2026-08-23 14:50:08 | INFO | Question: Which occurred first, the first publication of The Ladder or Heat?
2026-08-23 14:50:08 | INFO | [328/500] example_id=5abe34095542993f32c2a088
2026-08-23 14:50:08 | INFO | Question: How long did The Shire of Flinders, which encompassed the extremity of the Mornington Peninsula located south-east of Melbourne, Australia, exist?
2026-08-23 14:51:52 | INFO | Prediction: yes
2026-08-23 14:51:52 | INFO | Gold: yes
2026-08-23 14:51:52 | INFO | Agent metadata: {'selected_path': 'react', 'fallback_used': False, 'react_termination_reason': 'completed'}
2026-08-23 14:51:52 | INFO | Answer | EM: 1.0000 | F1: 1.0000
2026-08-23 14:51:52 | INFO | Result | Correct: True | Running EM: 31.15% | Termination: react_completed | Steps: 3 | Tool calls: 2 | Latency: 13.082s
2026-08-23 14:51:52 | INFO | Prediction: no
2026-08-23 14:51:52 | INFO | Gold: no
2026-08-23 14:51:52 | INFO | Agent metadata: {'selected_path': 'react', 'fallback_used': False, 'react_termination_reason': 'completed'}
2026-08-23 14:51:52 | INFO | Answer | EM: 1.0000 | F1: 1.0000
2026-08-23 14:51:52 | INFO | Result | Correct: True | Running EM: 31.37% | Termination: react_completed | Steps: 4 | Tool calls: 3 | Latency: 13.082s
2026-08-23 14:51:52 | INFO | Prediction: January 4, 1976
2026-08-23 14:51:52 | INFO | Gold: January 4, 1976
2026-08-23 14:51:52 | INFO | Agent metadata: {'selected_path': 'react', 'fallback_used': False, 'react_termination_reason': 'completed'}
2026-08-23 14:51:52 | INFO | Answer | EM: 1.0000 | F1: 1.0000
2026-08-23 14:51:52 | INFO | Result | Correct: True | Running EM: 31.58% | Termination: react_completed | Steps: 3 | Tool calls: 2 | Latency: 13.082s
2026-08-23 14:51:52 | INFO | Prediction: apricot
2026-08-23 14:51:52 | INFO | Gold: peach
2026-08-23 14:51:52 | INFO | Agent metadata: {'selected_path': 'react', 'fallback_used': False, 'react_termination_reason': 'completed'}
2026-08-23 14:51:52 | INFO | Answer | EM: 0.0000 | F1: 0.0000
2026-08-23 14:51:52 | INFO | Result | Correct: False | Running EM: 31.48% | Termination: react_completed | Steps: 5 | Tool calls: 4 | Latency: 13.082s
2026-08-23 14:51:52 | INFO | Prediction: Tara Strong
2026-08-23 14:51:52 | INFO | Gold: Larry Richard Drake
2026-08-23 14:51:52 | INFO | Agent metadata: {'cot_sc_samples': 21, 'cot_sc_valid_answers': 21, 'cot_sc_winning_count': 3, 'cot_sc_confidence': 0.14285714285714285, 'cot_sc_winning_answer': 'Tara Strong', 'cot_sc_vote_counts': {'tara strong': 3, 'mike mcshane': 1, 'tom kenny': 1, 'scott menville': 1, 'tress macneille and john dimaggio': 1, 'nancy cartwright': 1, 'marvin hamlisch': 1, 'billy west': 1, 'tress macneille': 1, 'matthew lillard': 1, 'yes': 1, 'jeff bergman': 1, 'kelsey grammer': 1, 'ryan reynolds': 1, 'christopher daniel barnes': 1, 'steve buscemi': 1, 'erica lindbeck': 1, 'mel blanc': 1, 'greg burson': 1}, 'selected_path': 'cot_sc', 'fallback_used': True, 'cot_sc_paper_threshold': 10.5, 'cot_sc_threshold_met': False, 'react_termination_reason': 'action_loop'}
2026-08-23 14:51:52 | INFO | Answer | EM: 0.0000 | F1: 0.0000
2026-08-23 14:51:52 | INFO | Result | Correct: False | Running EM: 31.38% | Termination: fallback_cot_sc | Steps: 27 | Tool calls: 4 | Latency: 13.082s
2026-08-23 14:51:52 | INFO | Prediction: Pennsylvania's 18th congressional district
2026-08-23 14:51:52 | INFO | Gold: Pennsylvania's 18th congressional district
2026-08-23 14:51:52 | INFO | Agent metadata: {'cot_sc_samples': 21, 'cot_sc_valid_answers': 21, 'cot_sc_winning_count': 13, 'cot_sc_confidence': 0.6190476190476191, 'cot_sc_winning_answer': "Pennsylvania's 18th congressional district", 'cot_sc_vote_counts': {'pennsylvanias 18th congressional district': 13, '18th district': 7, 'witkins township is served by 18th district which is represented by tim murphy': 1}, 'selected_path': 'cot_sc', 'fallback_used': True, 'cot_sc_paper_threshold': 10.5, 'cot_sc_threshold_met': True, 'react_termination_reason': 'max_steps_exceeded'}
2026-08-23 14:51:52 | INFO | Answer | EM: 1.0000 | F1: 1.0000
2026-08-23 14:51:52 | INFO | Result | Correct: True | Running EM: 31.60% | Termination: fallback_cot_sc | Steps: 28 | Tool calls: 7 | Latency: 13.082s
2026-08-23 14:51:52 | INFO | Prediction: The Ladder
2026-08-23 14:51:52 | INFO | Gold: The Ladder
2026-08-23 14:51:52 | INFO | Agent metadata: {'cot_sc_samples': 21, 'cot_sc_valid_answers': 21, 'cot_sc_winning_count': 19, 'cot_sc_confidence': 0.9047619047619048, 'cot_sc_winning_answer': 'The Ladder', 'cot_sc_vote_counts': {'ladder': 19, 'first publication of ladder': 2}, 'selected_path': 'cot_sc', 'fallback_used': True, 'cot_sc_paper_threshold': 10.5, 'cot_sc_threshold_met': True, 'react_termination_reason': 'max_steps_exceeded'}
2026-08-23 14:51:52 | INFO | Answer | EM: 1.0000 | F1: 1.0000
2026-08-23 14:51:52 | INFO | Result | Correct: True | Running EM: 31.80% | Termination: fallback_cot_sc | Steps: 28 | Tool calls: 7 | Latency: 13.082s
2026-08-23 14:51:52 | INFO | Prediction: 1874 to 1994
2026-08-23 14:51:52 | INFO | Gold: 1874 until 1994
2026-08-23 14:51:52 | INFO | Agent metadata: {'selected_path': 'react', 'fallback_used': False, 'react_termination_reason': 'completed'}
2026-08-23 14:51:52 | INFO | Answer | EM: 0.0000 | F1: 0.6667
2026-08-23 14:51:52 | INFO | Result | Correct: False | Running EM: 31.71% | Termination: react_completed | Steps: 3 | Tool calls: 2 | Latency: 13.082s
2026-08-23 14:51:52 | INFO | Inference batch [329-336/500] size=8
2026-08-23 14:51:52 | INFO | [329/500] example_id=5ab28c89554299340b525513
2026-08-23 14:51:52 | INFO | Question: What rank was higher than Karl Hermann Frank's rank until April 1942?
2026-08-23 14:51:52 | INFO | [330/500] example_id=5ab626d555429953192ad279
2026-08-23 14:51:52 | INFO | Question: Anthony Avent played basketball fo a High School that is located in a city approcimately 8 mi west of where?
2026-08-23 14:51:52 | INFO | [331/500] example_id=5ab3589455429976abd1bc93
2026-08-23 14:51:52 | INFO | Question: What is a common feature of both the Iron Rattler's inversion and a barrel roll?
2026-08-23 14:51:52 | INFO | [332/500] example_id=5a7cc59c55429909bec767fb
2026-08-23 14:51:52 | INFO | Question: How many miles west of Phoenix, Arizona is the base where the 63d Fighter Squadron is assigned?
2026-08-23 14:51:52 | INFO | [333/500] example_id=5ab827a555429934fafe6cf5
2026-08-23 14:51:52 | INFO | Question: This 2016 biographical sports comedy-drama film stars Taron Egerton as a skier who finished last in what events?
2026-08-23 14:51:52 | INFO | [334/500] example_id=5a8af1e255429950cd6afc28
2026-08-23 14:51:52 | INFO | Question: Who is the English Professional Footballer that is the niece of a former footballer born in the same place as where he plays?
2026-08-23 14:51:52 | INFO | [335/500] example_id=5ac11ee45542997d64295a7d
2026-08-23 14:51:52 | INFO | Question: Which is a black-and-white film, Flying Padre or Inside Job?
2026-08-23 14:51:52 | INFO | [336/500] example_id=5ae520315542993aec5ec152
2026-08-23 14:51:52 | INFO | Question: Liz Rose has co-written songs with which artist including "White Horse" and "You Belong with Me"?
2026-08-23 14:54:41 | INFO | Prediction: SS-Gruppenführer
2026-08-23 14:54:41 | INFO | Gold: Reichsführer-SS
2026-08-23 14:54:41 | INFO | Agent metadata: {'cot_sc_samples': 21, 'cot_sc_valid_answers': 21, 'cot_sc_winning_count': 6, 'cot_sc_confidence': 0.2857142857142857, 'cot_sc_winning_answer': 'SS-Gruppenführer', 'cot_sc_vote_counts': {'ssgruppenführer': 6, 'ssreichsführer': 4, 'ssobergruppenführer': 3, 'ssreichsführerss': 2, 'ssobersturmbannführer': 2, 'general der ss': 1, 'ssreichsführerss heinrich himmler': 1, 'reichsstatthalter': 1, 'ssreichsführer heinrich himmler': 1}, 'selected_path': 'cot_sc', 'fallback_used': True, 'cot_sc_paper_threshold': 10.5, 'cot_sc_threshold_met': False, 'react_termination_reason': 'max_steps_exceeded'}
2026-08-23 14:54:41 | INFO | Answer | EM: 0.0000 | F1: 0.0000
2026-08-23 14:54:41 | INFO | Result | Correct: False | Running EM: 31.61% | Termination: fallback_cot_sc | Steps: 28 | Tool calls: 6 | Latency: 21.130s
2026-08-23 14:54:41 | INFO | Prediction: West Orange, New Jersey
2026-08-23 14:54:41 | INFO | Gold: lower Manhattan
2026-08-23 14:54:41 | INFO | Agent metadata: {'selected_path': 'react', 'fallback_used': False, 'react_termination_reason': 'completed'}
2026-08-23 14:54:41 | INFO | Answer | EM: 0.0000 | F1: 0.0000
2026-08-23 14:54:41 | INFO | Result | Correct: False | Running EM: 31.52% | Termination: react_completed | Steps: 4 | Tool calls: 3 | Latency: 21.130s
2026-08-23 14:54:41 | INFO | Prediction: 360-degree rotation around a vertical axis
2026-08-23 14:54:41 | INFO | Gold: combination of a loop and a roll
2026-08-23 14:54:41 | INFO | Agent metadata: {'cot_sc_samples': 21, 'cot_sc_valid_answers': 21, 'cot_sc_winning_count': 2, 'cot_sc_confidence': 0.09523809523809523, 'cot_sc_winning_answer': '360-degree rotation around a vertical axis', 'cot_sc_vote_counts': {'360degree rotation around vertical axis': 2, 'both involve upsidedown orientation and full 360degree rotation': 1, '180degree rotation around longitudinal axis': 1, 'inverted flight': 1, '360degree rotation around longitudinal axis': 1, '360degree vertical loop inverted orientation at top': 1, 'both involve 360degree rotation in vertical plane': 1, 'both involve 360degree pitch motion that flips aircraft or roller coaster upside down and back rightside up': 1, 'both involve aircraft or ride flipping upside down and completing circular motion around vertical axis': 1, 'upsidedown circular motion': 1, 'flipping inverted through air experiencing moment of weightlessness': 1, 'both involve craft transitioning to vertical inverted position before returning to normal orientation': 1, 'both involve complete 360degree rotation where craft is inverted at some point': 1, 'both involve complete 360degree rotation and result in vehicle being inverted': 1, 'inverted flight or spin': 1, 'both involve inverted horizontaltovertical maneuver and weightlessness': 1, 'full 360degree rotation around vertical axis while inverted': 1, 'both involve 360degree spin while inverted': 1, 'full 360degree rotation through vertical axis': 1, 'both involve complete 360degree rotation and result in aircraft or vehicle being upside down': 1}, 'selected_path': 'cot_sc', 'fallback_used': True, 'cot_sc_paper_threshold': 10.5, 'cot_sc_threshold_met': False, 'react_termination_reason': 'max_steps_exceeded'}
2026-08-23 14:54:41 | INFO | Answer | EM: 0.0000 | F1: 0.0000
2026-08-23 14:54:41 | INFO | Result | Correct: False | Running EM: 31.42% | Termination: fallback_cot_sc | Steps: 28 | Tool calls: 7 | Latency: 21.130s
2026-08-23 14:54:41 | INFO | Prediction: 15 miles
2026-08-23 14:54:41 | INFO | Gold: 15
2026-08-23 14:54:41 | INFO | Agent metadata: {'selected_path': 'react', 'fallback_used': False, 'react_termination_reason': 'completed'}
2026-08-23 14:54:41 | INFO | Answer | EM: 0.0000 | F1: 0.6667
2026-08-23 14:54:41 | INFO | Result | Correct: False | Running EM: 31.33% | Termination: react_completed | Steps: 3 | Tool calls: 2 | Latency: 21.130s
2026-08-23 14:54:41 | INFO | Prediction: normal hill and large hill ski jumping events
2026-08-23 14:54:41 | INFO | Gold: 70 m and 90 m
2026-08-23 14:54:41 | INFO | Agent metadata: {'cot_sc_samples': 21, 'cot_sc_valid_answers': 19, 'cot_sc_winning_count': 2, 'cot_sc_confidence': 0.09523809523809523, 'cot_sc_winning_answer': 'normal hill and large hill ski jumping events', 'cot_sc_vote_counts': {'normal hill and large hill ski jumping events': 2, 'ski jumping': 2, 'no direct match found but taron egerton starred as competitor in bodybuilder bodycounts who did not win any events': 1, 'way back': 1, 'no events as michael schumacher was racing driver not skier': 1, 'biathlon sprint event': 1, 'slalom and giant slalom events': 1, 'downhill and slalom': 1, '1988 winter olympics normal hill event': 1, 'no such film with taron egerton fits description': 1, 'stock car racing events': 1, 'halfpipe and snowboard cross events': 1, 'normal large hill and small hill ski jumping': 1, '1988 winter olympics events': 1, 'mens downhill and mens ski jumping events': 1, 'now you see me 2': 1, 'slalom and giant slalom': 1}, 'selected_path': 'cot_sc', 'fallback_used': True, 'cot_sc_paper_threshold': 10.5, 'cot_sc_threshold_met': False, 'react_termination_reason': 'max_steps_exceeded'}
2026-08-23 14:54:41 | INFO | Answer | EM: 0.0000 | F1: 0.1538
2026-08-23 14:54:41 | INFO | Result | Correct: False | Running EM: 31.23% | Termination: fallback_cot_sc | Steps: 28 | Tool calls: 7 | Latency: 21.130s
2026-08-23 14:54:41 | INFO | Prediction: Jordan Nobbs
2026-08-23 14:54:41 | INFO | Gold: Trent Alexander-Arnold
2026-08-23 14:54:41 | INFO | Agent metadata: {'cot_sc_samples': 21, 'cot_sc_valid_answers': 21, 'cot_sc_winning_count': 2, 'cot_sc_confidence': 0.09523809523809523, 'cot_sc_winning_answer': 'Jordan Nobbs', 'cot_sc_vote_counts': {'jordan nobbs': 2, 'jadon sancho': 1, 'rachel brownekonomou': 1, 'raheem sterling': 1, 'lauren penny': 1, 'millie thompson': 1, 'harry maguire': 1, 'jordan henderson': 1, 'bella hanley': 1, 'jordan nobbs and paul gascoigne': 1, 'jordan slew and darren huckerby': 1, 'casey rooney': 1, 'jordan slew': 1, 'jordan henderson and millie hennessy': 1, 'kelly mccaskill': 1, 'fran kirby': 1, 'kayla hilditch': 1, 'leah williamson': 1, 'jordan nobbody': 1, 'beth mead': 1}, 'selected_path': 'cot_sc', 'fallback_used': True, 'cot_sc_paper_threshold': 10.5, 'cot_sc_threshold_met': False, 'react_termination_reason': 'max_steps_exceeded'}
2026-08-23 14:54:41 | INFO | Answer | EM: 0.0000 | F1: 0.0000
2026-08-23 14:54:41 | INFO | Result | Correct: False | Running EM: 31.14% | Termination: fallback_cot_sc | Steps: 28 | Tool calls: 7 | Latency: 21.130s
2026-08-23 14:54:41 | INFO | Prediction: Flying Padre
2026-08-23 14:54:41 | INFO | Gold: Flying Padre
2026-08-23 14:54:41 | INFO | Agent metadata: {'cot_sc_samples': 21, 'cot_sc_valid_answers': 21, 'cot_sc_winning_count': 21, 'cot_sc_confidence': 1.0, 'cot_sc_winning_answer': 'Flying Padre', 'cot_sc_vote_counts': {'flying padre': 21}, 'selected_path': 'cot_sc', 'fallback_used': True, 'cot_sc_paper_threshold': 10.5, 'cot_sc_threshold_met': True, 'react_termination_reason': 'max_steps_exceeded'}
2026-08-23 14:54:41 | INFO | Answer | EM: 1.0000 | F1: 1.0000
2026-08-23 14:54:41 | INFO | Result | Correct: True | Running EM: 31.34% | Termination: fallback_cot_sc | Steps: 28 | Tool calls: 7 | Latency: 21.130s
2026-08-23 14:54:41 | INFO | Prediction: Taylor Swift
2026-08-23 14:54:41 | INFO | Gold: Taylor Swift
2026-08-23 14:54:41 | INFO | Agent metadata: {'selected_path': 'react', 'fallback_used': False, 'react_termination_reason': 'completed'}
2026-08-23 14:54:41 | INFO | Answer | EM: 1.0000 | F1: 1.0000
2026-08-23 14:54:41 | INFO | Result | Correct: True | Running EM: 31.55% | Termination: react_completed | Steps: 2 | Tool calls: 1 | Latency: 21.130s
2026-08-23 14:54:41 | INFO | Inference batch [337-344/500] size=8
2026-08-23 14:54:41 | INFO | [337/500] example_id=5a8f68795542992414482ab5
2026-08-23 14:54:41 | INFO | Question: What member of the South Korean-Chinese boy group EXO stars in the upcoming movie "The Underdog"?
2026-08-23 14:54:41 | INFO | [338/500] example_id=5ae37e525542992e3233c42d
2026-08-23 14:54:41 | INFO | Question: When did the the Antonine who was known as the third of the five good emperors live?
2026-08-23 14:54:41 | INFO | [339/500] example_id=5ab849d955429916710eb017
2026-08-23 14:54:41 | INFO | Question: The Battle of Cambrai took place during a series of offensives that ended on what date?
2026-08-23 14:54:41 | INFO | [340/500] example_id=5ade51515542992fa25da745
2026-08-23 14:54:41 | INFO | Question: Why did Rudolf Hess stop serving Hitler in 1941?
2026-08-23 14:54:41 | INFO | [341/500] example_id=5ade02d05542997545bbbe0d
2026-08-23 14:54:41 | INFO | Question: Shirley Breeden won her first Senate term in a narrow upset over the politician who was a member of what branch of the armed forces?
2026-08-23 14:54:41 | INFO | [342/500] example_id=5ac41850554299194317390b
2026-08-23 14:54:41 | INFO | Question: Maha Kali is an EP by what band from Stromstad that was formed in 1989?
2026-08-23 14:54:41 | INFO | [343/500] example_id=5a727e1b5542991f9a20c497
2026-08-23 14:54:41 | INFO | Question: In which song was written by singer-songwriter Taylor Swift and shares the optimistic lyrical message to a song called "Yodel It!"?
2026-08-23 14:54:41 | INFO | [344/500] example_id=5a8d9de2554299068b959d62
2026-08-23 14:54:41 | INFO | Question: What profession does Leonty Magnitsky and Leonid Khachiyan have in common?
2026-08-23 14:57:03 | INFO | Prediction: Kai
2026-08-23 14:57:03 | INFO | Gold: Do Kyung-soo
2026-08-23 14:57:03 | INFO | Agent metadata: {'cot_sc_samples': 21, 'cot_sc_valid_answers': 21, 'cot_sc_winning_count': 6, 'cot_sc_confidence': 0.2857142857142857, 'cot_sc_winning_answer': 'Kai', 'cot_sc_vote_counts': {'kai': 6, 'lu han': 6, 'lay': 3, 'chen': 2, 'kai ko': 1, 'lay chen zhangyuan': 1, 'chen luo': 1, 'donghoon': 1}, 'selected_path': 'cot_sc', 'fallback_used': True, 'cot_sc_paper_threshold': 10.5, 'cot_sc_threshold_met': False, 'react_termination_reason': 'max_steps_exceeded'}
2026-08-23 14:57:03 | INFO | Answer | EM: 0.0000 | F1: 0.0000
2026-08-23 14:57:03 | INFO | Result | Correct: False | Running EM: 31.45% | Termination: fallback_cot_sc | Steps: 28 | Tool calls: 7 | Latency: 17.636s
2026-08-23 14:57:03 | INFO | Prediction: 138-161 AD
2026-08-23 14:57:03 | INFO | Gold: 24 January 76 – 10 July 138
2026-08-23 14:57:03 | INFO | Agent metadata: {'selected_path': 'react', 'fallback_used': False, 'react_termination_reason': 'completed'}
2026-08-23 14:57:03 | INFO | Answer | EM: 0.0000 | F1: 0.0000
2026-08-23 14:57:03 | INFO | Result | Correct: False | Running EM: 31.36% | Termination: react_completed | Steps: 3 | Tool calls: 2 | Latency: 17.636s
2026-08-23 14:57:03 | INFO | Prediction: May 16, 1917
2026-08-23 14:57:03 | INFO | Gold: 11 November 1918
2026-08-23 14:57:03 | INFO | Agent metadata: {'selected_path': 'react', 'fallback_used': False, 'react_termination_reason': 'completed'}
2026-08-23 14:57:03 | INFO | Answer | EM: 0.0000 | F1: 0.0000
2026-08-23 14:57:03 | INFO | Result | Correct: False | Running EM: 31.27% | Termination: react_completed | Steps: 7 | Tool calls: 6 | Latency: 17.636s
2026-08-23 14:57:03 | INFO | Prediction: Rudolf Hess stopped serving Hitler in 1941 due to his unauthorized peace mission to Scotland, which was considered a betrayal.
2026-08-23 14:57:03 | INFO | Gold: report Hess's illegal May 1941 flight to Scotland
2026-08-23 14:57:03 | INFO | Agent metadata: {'cot_sc_samples': 21, 'cot_sc_valid_answers': 21, 'cot_sc_winning_count': 1, 'cot_sc_confidence': 0.047619047619047616, 'cot_sc_winning_answer': 'Rudolf Hess stopped serving Hitler in 1941 due to his unauthorized peace mission to Scotland, which was considered a betrayal.', 'cot_sc_vote_counts': {'rudolf hess stopped serving hitler in 1941 due to his unauthorized peace mission to scotland which was considered betrayal': 1, 'rudolf hess stopped serving hitler in 1941 because he flew to scotland to attempt to negotiate separate peace with britain aligning with his own political beliefs rather than hitlers objectives': 1, 'rudolf hess stopped serving hitler due to his eccentric and unauthorized peace mission to united kingdom in 1941': 1, 'to seek peace between germany and britain': 1, 'hess flew to scotland in attempt to make peace with great britain which was perceived as treasonous': 1, 'to attempt peace negotiations with britain': 1, 'rudolf hess attempted to negotiate peace with united kingdom which was unauthorized and seen as treasonous by hitler and german high command': 1, 'rudolf hess flew to scotland to negotiate peace with british government which was seen as betrayal of hitlers goals': 1, 'hess flew to scotland to attempt peace negotiation with uk which was seen as treasonous': 1, 'to negotiate peace terms with britain': 1, 'because he flew to scotland in 1941 to negotiate peace with british on his own which was seen as sign of mental instability': 1, 'rudolf hess stopped serving hitler in 1941 due to his controversial flight to scotland to negotiate peace which was interpreted as sign of mental instability or personal mission leading to him being sidelined in nazi leadership': 1, 'to attempt to negotiate peace with british and prevent fullscale war': 1, 'to attempt peace negotiation with british by flying to scotland': 1, 'rudolf hess flew to scotland in 1941 to negotiate peace with british without authorization from hitler which led to his actions no longer aligning with hitlers strategic goals': 1, 'rudolf hess flew to britain in 1941 to negotiate peace treaty with allies which was seen as betrayal of hitlers trust': 1, 'rudolf hess flew to scotland in 1941 without hitlers approval which was perceived as betrayal': 1, 'to attempt to negotiate peace with british by flying to scotland': 1, 'rudolf hess stopped serving hitler due to his unauthorized peace mission to scotland in 1941 which was perceived as treasonous': 1, 'hess flew to scotland in 1941 to try to negotiate peace with british government': 1, 'rudolf hess flew to britain in attempt to negotiate peace which was seen as betrayal of hitlers trust': 1}, 'selected_path': 'cot_sc', 'fallback_used': True, 'cot_sc_paper_threshold': 10.5, 'cot_sc_threshold_met': False, 'react_termination_reason': 'max_steps_exceeded'}
2026-08-23 14:57:03 | INFO | Answer | EM: 0.0000 | F1: 0.2222
2026-08-23 14:57:03 | INFO | Result | Correct: False | Running EM: 31.18% | Termination: fallback_cot_sc | Steps: 28 | Tool calls: 7 | Latency: 17.636s
2026-08-23 14:57:03 | INFO | Prediction: United States Marine Corps
2026-08-23 14:57:03 | INFO | Gold: U.S. Army
2026-08-23 14:57:03 | INFO | Agent metadata: {'cot_sc_samples': 21, 'cot_sc_valid_answers': 21, 'cot_sc_winning_count': 4, 'cot_sc_confidence': 0.19047619047619047, 'cot_sc_winning_answer': 'United States Marine Corps', 'cot_sc_vote_counts': {'united states marine corps': 4, 'navy': 4, 'united states navy': 3, 'united states air force': 2, 'naval': 1, 'united states navy reserve': 1, 'naval branch': 1, 'not enough information to determine specific branch of armed forces': 1, 'senate': 1, 'us army': 1, 'air force': 1, 'united states coast guard': 1}, 'selected_path': 'cot_sc', 'fallback_used': True, 'cot_sc_paper_threshold': 10.5, 'cot_sc_threshold_met': False, 'react_termination_reason': 'max_steps_exceeded'}
2026-08-23 14:57:03 | INFO | Answer | EM: 0.0000 | F1: 0.0000
2026-08-23 14:57:03 | INFO | Result | Correct: False | Running EM: 31.09% | Termination: fallback_cot_sc | Steps: 28 | Tool calls: 7 | Latency: 17.636s
2026-08-23 14:57:03 | INFO | Prediction: Dissection
2026-08-23 14:57:03 | INFO | Gold: Dissection
2026-08-23 14:57:03 | INFO | Agent metadata: {'selected_path': 'react', 'fallback_used': False, 'react_termination_reason': 'completed'}
2026-08-23 14:57:03 | INFO | Answer | EM: 1.0000 | F1: 1.0000
2026-08-23 14:57:03 | INFO | Result | Correct: True | Running EM: 31.29% | Termination: react_completed | Steps: 3 | Tool calls: 2 | Latency: 17.636s
2026-08-23 14:57:03 | INFO | Prediction: White Horse
2026-08-23 14:57:03 | INFO | Gold: Shake It Off
2026-08-23 14:57:03 | INFO | Agent metadata: {'cot_sc_samples': 21, 'cot_sc_valid_answers': 21, 'cot_sc_winning_count': 4, 'cot_sc_confidence': 0.19047619047619047, 'cot_sc_winning_answer': 'White Horse', 'cot_sc_vote_counts': {'white horse': 4, 'no such song exists by taylor swift': 2, 'none': 2, 'not applicable': 1, 'taylor swift no': 1, 'there is no song by taylor swift titled yodel it but similar theme can be found in teardrops on my guitar': 1, 'there is no taylor swift song called yodel it': 1, 'not found': 1, 'red solo cup': 1, 'taylor swifts optimistic song white horse has similar theme but there is no song titled yodel it by her': 1, 'there is no song by taylor swift titled yodel it': 1, 'there is no song titled yodel it written by taylor swift': 1, 'teardrops on my guitar': 1, 'taylor swift did not write song titled yodel it': 1, 'no': 1, 'no song by taylor swift is titled yodel it': 1}, 'selected_path': 'cot_sc', 'fallback_used': True, 'cot_sc_paper_threshold': 10.5, 'cot_sc_threshold_met': False, 'react_termination_reason': 'max_steps_exceeded'}
2026-08-23 14:57:03 | INFO | Answer | EM: 0.0000 | F1: 0.0000
2026-08-23 14:57:03 | INFO | Result | Correct: False | Running EM: 31.20% | Termination: fallback_cot_sc | Steps: 28 | Tool calls: 7 | Latency: 17.636s
2026-08-23 14:57:03 | INFO | Prediction: Mathematician
2026-08-23 14:57:03 | INFO | Gold: mathematician
2026-08-23 14:57:03 | INFO | Agent metadata: {'selected_path': 'react', 'fallback_used': False, 'react_termination_reason': 'completed'}
2026-08-23 14:57:03 | INFO | Answer | EM: 1.0000 | F1: 1.0000
2026-08-23 14:57:03 | INFO | Result | Correct: True | Running EM: 31.40% | Termination: react_completed | Steps: 3 | Tool calls: 2 | Latency: 17.636s
2026-08-23 14:57:03 | INFO | Inference batch [345-352/500] size=8
2026-08-23 14:57:03 | INFO | [345/500] example_id=5a827ce155429940e5e1a8d7
2026-08-23 14:57:03 | INFO | Question: Which player won more Grand Slam titles, Kevin Ullyett or Billie Jean King?
2026-08-23 14:57:03 | INFO | [346/500] example_id=5ae5415055429908b63265b7
2026-08-23 14:57:03 | INFO | Question: Japanese Weekend School of New York has offices in the entertainment complex in what section of New Rochelle?
2026-08-23 14:57:03 | INFO | [347/500] example_id=5ab5ec0a5542997d4ad1f250
2026-08-23 14:57:03 | INFO | Question: Approximately how many locations is BJ's Wholesale Club operating in, as of early 2008?
2026-08-23 14:57:03 | INFO | [348/500] example_id=5ae20427554299234fd04397
2026-08-23 14:57:03 | INFO | Question: Sachem Central School District encompasses the CDPs that include the hamlet in which New York county?
2026-08-23 14:57:03 | INFO | [349/500] example_id=5adcd7325542994d58a2f6f6
2026-08-23 14:57:03 | INFO | Question: What year did the person who beat Alex Clark for mayor in 1967 stop serving as a US senator?
2026-08-23 14:57:03 | INFO | [350/500] example_id=5abace6b5542996cc5e49e99
2026-08-23 14:57:03 | INFO | Question: Irish print journalist, Arthur Quinlan, was the only one to interviewed which major figure of the Cuban Revolution?
2026-08-23 14:57:03 | INFO | [351/500] example_id=5ab64cfa55429953192ad2b7
2026-08-23 14:57:03 | INFO | Question: Who lived longer Ellen Glasgow or N. Scott Momaday ?
2026-08-23 14:57:03 | INFO | [352/500] example_id=5ae4bb1255429913cc2044e7
2026-08-23 14:57:03 | INFO | Question: Does Linzhou, Henan have a larger population than Xingcheng?
2026-08-23 14:58:54 | INFO | Prediction: Billie Jean King
2026-08-23 14:58:54 | INFO | Gold: Billie Jean King
2026-08-23 14:58:54 | INFO | Agent metadata: {'selected_path': 'react', 'fallback_used': False, 'react_termination_reason': 'completed'}
2026-08-23 14:58:54 | INFO | Answer | EM: 1.0000 | F1: 1.0000
2026-08-23 14:58:54 | INFO | Result | Correct: True | Running EM: 31.59% | Termination: react_completed | Steps: 3 | Tool calls: 2 | Latency: 13.877s
2026-08-23 14:58:54 | INFO | Prediction: Riverfront Entertainment District
2026-08-23 14:58:54 | INFO | Gold: Downtown
2026-08-23 14:58:54 | INFO | Agent metadata: {'cot_sc_samples': 21, 'cot_sc_valid_answers': 21, 'cot_sc_winning_count': 2, 'cot_sc_confidence': 0.09523809523809523, 'cot_sc_winning_answer': 'Riverfront Entertainment District', 'cot_sc_vote_counts': {'riverfront entertainment district': 2, 'east end neighborhood': 1, 'tuckahoe commons': 1, 'villages': 1, 'east end section': 1, 'midtown': 1, 'river ridge': 1, 'heritage town center': 1, 'south hills': 1, 'green haven section': 1, 'westchester plaza': 1, 'westchester square section': 1, 'east end': 1, 'westchester square': 1, 'soundview section': 1, 'specific section of new rochelle is not known': 1, 'briarcliff section': 1, 'downtown': 1, 'entertainment complex in new rochelle': 1, 'river hill section': 1}, 'selected_path': 'cot_sc', 'fallback_used': True, 'cot_sc_paper_threshold': 10.5, 'cot_sc_threshold_met': False, 'react_termination_reason': 'max_steps_exceeded'}
2026-08-23 14:58:54 | INFO | Answer | EM: 0.0000 | F1: 0.0000
2026-08-23 14:58:54 | INFO | Result | Correct: False | Running EM: 31.50% | Termination: fallback_cot_sc | Steps: 28 | Tool calls: 7 | Latency: 13.877s
2026-08-23 14:58:54 | INFO | Prediction: approximately 200 locations
2026-08-23 14:58:54 | INFO | Gold: 650 locations
2026-08-23 14:58:54 | INFO | Agent metadata: {'cot_sc_samples': 21, 'cot_sc_valid_answers': 21, 'cot_sc_winning_count': 8, 'cot_sc_confidence': 0.38095238095238093, 'cot_sc_winning_answer': 'approximately 200 locations', 'cot_sc_vote_counts': {'approximately 200 locations': 8, '195 locations': 4, '200 locations': 2, '185 locations': 2, 'around 210 locations': 1, '165 locations': 1, 'around 200 locations': 1, '175 locations': 1, '193 locations': 1}, 'selected_path': 'cot_sc', 'fallback_used': True, 'cot_sc_paper_threshold': 10.5, 'cot_sc_threshold_met': False, 'react_termination_reason': 'max_steps_exceeded'}
2026-08-23 14:58:54 | INFO | Answer | EM: 0.0000 | F1: 0.4000
2026-08-23 14:58:54 | INFO | Result | Correct: False | Running EM: 31.41% | Termination: fallback_cot_sc | Steps: 28 | Tool calls: 6 | Latency: 13.877s
2026-08-23 14:58:54 | INFO | Prediction: Suffolk County
2026-08-23 14:58:54 | INFO | Gold: Suffolk
2026-08-23 14:58:54 | INFO | Agent metadata: {'selected_path': 'react', 'fallback_used': False, 'react_termination_reason': 'completed'}
2026-08-23 14:58:54 | INFO | Answer | EM: 0.0000 | F1: 0.6667
2026-08-23 14:58:54 | INFO | Result | Correct: False | Running EM: 31.32% | Termination: react_completed | Steps: 2 | Tool calls: 1 | Latency: 13.877s
2026-08-23 14:58:54 | INFO | Prediction: 2013
2026-08-23 14:58:54 | INFO | Gold: 2013
2026-08-23 14:58:54 | INFO | Agent metadata: {'selected_path': 'react', 'fallback_used': False, 'react_termination_reason': 'completed'}
2026-08-23 14:58:54 | INFO | Answer | EM: 1.0000 | F1: 1.0000
2026-08-23 14:58:54 | INFO | Result | Correct: True | Running EM: 31.52% | Termination: react_completed | Steps: 7 | Tool calls: 6 | Latency: 13.877s
2026-08-23 14:58:54 | INFO | Prediction: Che Guevara
2026-08-23 14:58:54 | INFO | Gold: Che Guevara
2026-08-23 14:58:54 | INFO | Agent metadata: {'selected_path': 'react', 'fallback_used': False, 'react_termination_reason': 'completed'}
2026-08-23 14:58:54 | INFO | Answer | EM: 1.0000 | F1: 1.0000
2026-08-23 14:58:54 | INFO | Result | Correct: True | Running EM: 31.71% | Termination: react_completed | Steps: 3 | Tool calls: 2 | Latency: 13.877s
2026-08-23 14:58:54 | INFO | Prediction: N. Scott Momaday
2026-08-23 14:58:54 | INFO | Gold: N. Scott Momaday
2026-08-23 14:58:54 | INFO | Agent metadata: {'selected_path': 'react', 'fallback_used': False, 'react_termination_reason': 'completed'}
2026-08-23 14:58:54 | INFO | Answer | EM: 1.0000 | F1: 1.0000
2026-08-23 14:58:54 | INFO | Result | Correct: True | Running EM: 31.91% | Termination: react_completed | Steps: 3 | Tool calls: 2 | Latency: 13.877s
2026-08-23 14:58:54 | INFO | Prediction: Linzhou, Henan has a larger population than Xingcheng
2026-08-23 14:58:54 | INFO | Gold: yes
2026-08-23 14:58:54 | INFO | Agent metadata: {'selected_path': 'react', 'fallback_used': False, 'react_termination_reason': 'completed'}
2026-08-23 14:58:54 | INFO | Answer | EM: 0.0000 | F1: 0.0000
2026-08-23 14:58:54 | INFO | Result | Correct: False | Running EM: 31.82% | Termination: react_completed | Steps: 3 | Tool calls: 2 | Latency: 13.877s
2026-08-23 14:58:54 | INFO | Inference batch [353-360/500] size=8
2026-08-23 14:58:54 | INFO | [353/500] example_id=5abe2b0155429976d4830a83
2026-08-23 14:58:54 | INFO | Question: Max Hoffmann along with Hindenburg and Ludendorff, masterminded the devastating defeat of the Russian armies in a battle fought when ?
2026-08-23 14:58:54 | INFO | [354/500] example_id=5ae0d52e554299603e418469
2026-08-23 14:58:54 | INFO | Question: The actress that played the leading role in the independent film "A Perfect Ending" also stars with John Bregar in a 2008 film directed by who?
2026-08-23 14:58:54 | INFO | [355/500] example_id=5abc9fb055429959677d6ac9
2026-08-23 14:58:54 | INFO | Question: What is the nationality of the dancer who partnered Tom Chambers in the sixth season of Strictly Come Dancing ?
2026-08-23 14:58:54 | INFO | [356/500] example_id=5ac083b0554299294b21900d
2026-08-23 14:58:54 | INFO | Question: What kind of beverage does Planter's Punch and Black Velvet have in common?
2026-08-23 14:58:54 | INFO | [357/500] example_id=5a8b3e985542995d1e6f131c
2026-08-23 14:58:54 | INFO | Question: Where is the brand "Moe's Southwest Grill" owned based?
2026-08-23 14:58:54 | INFO | [358/500] example_id=5a75f0ea5542994ccc91866c
2026-08-23 14:58:54 | INFO | Question: What major truck road is located in Backford Cross?
2026-08-23 14:58:54 | INFO | [359/500] example_id=5a7c6b6655429935c91b519a
2026-08-23 14:58:54 | INFO | Question: Richford is a town in Franklin County Vermont governed by what kind of body?
2026-08-23 14:58:54 | INFO | [360/500] example_id=5ab295eb554299194fa93412
2026-08-23 14:58:54 | INFO | Question: Were both Ernst Messerschmid and Reinhold Ewald ESA astronauts?
2026-08-23 15:00:35 | INFO | Prediction: 2–16 September 1914
2026-08-23 15:00:35 | INFO | Gold: 26–30 August 1914
2026-08-23 15:00:35 | INFO | Agent metadata: {'selected_path': 'react', 'fallback_used': False, 'react_termination_reason': 'completed'}
2026-08-23 15:00:35 | INFO | Answer | EM: 0.0000 | F1: 0.3333
2026-08-23 15:00:35 | INFO | Result | Correct: False | Running EM: 31.73% | Termination: react_completed | Steps: 4 | Tool calls: 3 | Latency: 12.662s
2026-08-23 15:00:35 | INFO | Prediction: Chris Robinson
2026-08-23 15:00:35 | INFO | Gold: Douglas Jackson
2026-08-23 15:00:35 | INFO | Agent metadata: {'cot_sc_samples': 21, 'cot_sc_valid_answers': 21, 'cot_sc_winning_count': 1, 'cot_sc_confidence': 0.047619047619047616, 'cot_sc_winning_answer': 'Chris Robinson', 'cot_sc_vote_counts': {'chris robinson': 1, 'aaron schneider': 1, 'debra granik': 1, 'peter segal': 1, 'kevin syeager': 1, 'peterchristian vitt': 1, 'peter masterson': 1, 'david dobkin': 1, 'john fawcett': 1, 'richard磨砂屏刘易斯': 1, 'david mamet': 1, 'james b hunt ii': 1, 'oliver stone': 1, 'chris phillips': 1, 'james mangold': 1, 'elisha myrie': 1, 'kelly fremon craig': 1, 'michael bay': 1, 'susanne bier': 1, 'dan attias': 1, 'martin mcdonagh': 1}, 'selected_path': 'cot_sc', 'fallback_used': True, 'cot_sc_paper_threshold': 10.5, 'cot_sc_threshold_met': False, 'react_termination_reason': 'max_steps_exceeded'}
2026-08-23 15:00:35 | INFO | Answer | EM: 0.0000 | F1: 0.0000
2026-08-23 15:00:35 | INFO | Result | Correct: False | Running EM: 31.64% | Termination: fallback_cot_sc | Steps: 28 | Tool calls: 7 | Latency: 12.662s
2026-08-23 15:00:35 | INFO | Prediction: Danish
2026-08-23 15:00:35 | INFO | Gold: Danish
2026-08-23 15:00:35 | INFO | Agent metadata: {'selected_path': 'react', 'fallback_used': False, 'react_termination_reason': 'completed'}
2026-08-23 15:00:35 | INFO | Answer | EM: 1.0000 | F1: 1.0000
2026-08-23 15:00:35 | INFO | Result | Correct: True | Running EM: 31.83% | Termination: react_completed | Steps: 5 | Tool calls: 4 | Latency: 12.662s
2026-08-23 15:00:35 | INFO | Prediction: cocktail
2026-08-23 15:00:35 | INFO | Gold: cocktail
2026-08-23 15:00:35 | INFO | Agent metadata: {'selected_path': 'react', 'fallback_used': False, 'react_termination_reason': 'completed'}
2026-08-23 15:00:35 | INFO | Answer | EM: 1.0000 | F1: 1.0000
2026-08-23 15:00:35 | INFO | Result | Correct: True | Running EM: 32.02% | Termination: react_completed | Steps: 4 | Tool calls: 3 | Latency: 12.662s
2026-08-23 15:00:35 | INFO | Prediction: Sandy Springs, Georgia
2026-08-23 15:00:35 | INFO | Gold: It is based in Sandy Springs, Georgia
2026-08-23 15:00:35 | INFO | Agent metadata: {'selected_path': 'react', 'fallback_used': False, 'react_termination_reason': 'completed'}
2026-08-23 15:00:35 | INFO | Answer | EM: 0.0000 | F1: 0.6000
2026-08-23 15:00:35 | INFO | Result | Correct: False | Running EM: 31.93% | Termination: react_completed | Steps: 3 | Tool calls: 2 | Latency: 12.662s
2026-08-23 15:00:35 | INFO | Prediction: A5117
2026-08-23 15:00:35 | INFO | Gold: The A41
2026-08-23 15:00:35 | INFO | Agent metadata: {'selected_path': 'react', 'fallback_used': False, 'react_termination_reason': 'completed'}
2026-08-23 15:00:35 | INFO | Answer | EM: 0.0000 | F1: 0.0000
2026-08-23 15:00:35 | INFO | Result | Correct: False | Running EM: 31.84% | Termination: react_completed | Steps: 5 | Tool calls: 4 | Latency: 12.662s
2026-08-23 15:00:35 | INFO | Prediction: a town meeting and selectboard
2026-08-23 15:00:35 | INFO | Gold: town meeting legislative body
2026-08-23 15:00:35 | INFO | Agent metadata: {'cot_sc_samples': 21, 'cot_sc_valid_answers': 21, 'cot_sc_winning_count': 6, 'cot_sc_confidence': 0.2857142857142857, 'cot_sc_winning_answer': 'a town meeting and selectboard', 'cot_sc_vote_counts': {'town meeting and selectboard': 6, 'selectboard and town meeting': 5, 'selectboard': 4, 'select board': 2, 'town meeting and selectboard structure': 2, 'board of selectmen': 1, 'town meeting and board of selectmen': 1}, 'selected_path': 'cot_sc', 'fallback_used': True, 'cot_sc_paper_threshold': 10.5, 'cot_sc_threshold_met': False, 'react_termination_reason': 'max_steps_exceeded'}
2026-08-23 15:00:35 | INFO | Answer | EM: 0.0000 | F1: 0.5000
2026-08-23 15:00:35 | INFO | Result | Correct: False | Running EM: 31.75% | Termination: fallback_cot_sc | Steps: 28 | Tool calls: 6 | Latency: 12.662s
2026-08-23 15:00:35 | INFO | Prediction: yes
2026-08-23 15:00:35 | INFO | Gold: no
2026-08-23 15:00:35 | INFO | Agent metadata: {'selected_path': 'react', 'fallback_used': False, 'react_termination_reason': 'completed'}
2026-08-23 15:00:35 | INFO | Answer | EM: 0.0000 | F1: 0.0000
2026-08-23 15:00:35 | INFO | Result | Correct: False | Running EM: 31.67% | Termination: react_completed | Steps: 6 | Tool calls: 5 | Latency: 12.662s
2026-08-23 15:00:35 | INFO | Inference batch [361-368/500] size=8
2026-08-23 15:00:35 | INFO | [361/500] example_id=5a7137dc5542994082a3e68a
2026-08-23 15:00:35 | INFO | Question: Kevin Wayne Durant was named what ?(An Award initiated following 1952-53 NBA Season?
2026-08-23 15:00:35 | INFO | [362/500] example_id=5a82d71555429966c78a6a94
2026-08-23 15:00:35 | INFO | Question: Were the Tundra Mine and Negus Mine located in the same country?
2026-08-23 15:00:35 | INFO | [363/500] example_id=5abb7ea4554299642a094a96
2026-08-23 15:00:35 | INFO | Question: When was the earliest film of High School and The Thorn in the Heart shot?
2026-08-23 15:00:35 | INFO | [364/500] example_id=5a7f00b455429930675135f1
2026-08-23 15:00:35 | INFO | Question: Which Hells Angel member stabbed and beat an attendant of the 1969 counterculture-era rock concert in the United States?
2026-08-23 15:00:35 | INFO | [365/500] example_id=5ae153915542990adbacf752
2026-08-23 15:00:35 | INFO | Question: In between Burton C. Bell and Billy Idol who is known professionally as Billy Idol?
2026-08-23 15:00:35 | INFO | [366/500] example_id=5a7bf3da5542996dd594b869
2026-08-23 15:00:35 | INFO | Question: Laurie Davidson is an English actor known for playing a fictionalized version of a young William Shakespeare on a show that was canceled on what date?
2026-08-23 15:00:35 | INFO | [367/500] example_id=5abb4b4a5542993f40c73aea
2026-08-23 15:00:35 | INFO | Question: Which university, attended by Jonas Tilly, is part of California's three-system public higher education plan?
2026-08-23 15:00:35 | INFO | [368/500] example_id=5ae1f2f3554299234fd0435a
2026-08-23 15:00:35 | INFO | Question: Are Tetrastigma and Spruce both types of plants?
2026-08-23 15:02:10 | INFO | Prediction: NBA Most Valuable Player
2026-08-23 15:02:10 | INFO | Gold: The National Basketball Association's Rookie of the Year
2026-08-23 15:02:10 | INFO | Agent metadata: {'selected_path': 'react', 'fallback_used': False, 'react_termination_reason': 'completed'}
2026-08-23 15:02:10 | INFO | Answer | EM: 0.0000 | F1: 0.0000
2026-08-23 15:02:10 | INFO | Result | Correct: False | Running EM: 31.58% | Termination: react_completed | Steps: 5 | Tool calls: 4 | Latency: 11.896s
2026-08-23 15:02:10 | INFO | Prediction: yes
2026-08-23 15:02:10 | INFO | Gold: yes
2026-08-23 15:02:10 | INFO | Agent metadata: {'selected_path': 'react', 'fallback_used': False, 'react_termination_reason': 'completed'}
2026-08-23 15:02:10 | INFO | Answer | EM: 1.0000 | F1: 1.0000
2026-08-23 15:02:10 | INFO | Result | Correct: True | Running EM: 31.77% | Termination: react_completed | Steps: 3 | Tool calls: 2 | Latency: 11.896s
2026-08-23 15:02:10 | INFO | Prediction: 1916
2026-08-23 15:02:10 | INFO | Gold: 1968
2026-08-23 15:02:10 | INFO | Agent metadata: {'cot_sc_samples': 21, 'cot_sc_valid_answers': 21, 'cot_sc_winning_count': 2, 'cot_sc_confidence': 0.09523809523809523, 'cot_sc_winning_answer': '1916', 'cot_sc_vote_counts': {'1916': 2, '1983': 2, 'neither high school nor thorn in heart has applicable earliest film shooting date': 1, '1995': 1, '1990': 1, '1930': 1, '1928': 1, '1993': 1, '1923': 1, '1894': 1, '1958': 1, '1916 1922': 1, '1981': 1, '1917': 1, '1998': 1, '1925': 1, '1991': 1, '1898': 1, '1985': 1}, 'selected_path': 'cot_sc', 'fallback_used': True, 'cot_sc_paper_threshold': 10.5, 'cot_sc_threshold_met': False, 'react_termination_reason': 'max_steps_exceeded'}
2026-08-23 15:02:10 | INFO | Answer | EM: 0.0000 | F1: 0.0000
2026-08-23 15:02:10 | INFO | Result | Correct: False | Running EM: 31.68% | Termination: fallback_cot_sc | Steps: 28 | Tool calls: 7 | Latency: 11.896s
2026-08-23 15:02:10 | INFO | Prediction: Alan Passaro
2026-08-23 15:02:10 | INFO | Gold: Alan Passaro
2026-08-23 15:02:10 | INFO | Agent metadata: {'selected_path': 'react', 'fallback_used': False, 'react_termination_reason': 'completed'}
2026-08-23 15:02:10 | INFO | Answer | EM: 1.0000 | F1: 1.0000
2026-08-23 15:02:10 | INFO | Result | Correct: True | Running EM: 31.87% | Termination: react_completed | Steps: 4 | Tool calls: 3 | Latency: 11.896s
2026-08-23 15:02:10 | INFO | Prediction: Billy Idol
2026-08-23 15:02:10 | INFO | Gold: William Michael Albert Broad
2026-08-23 15:02:10 | INFO | Agent metadata: {'selected_path': 'react', 'fallback_used': False, 'react_termination_reason': 'completed'}
2026-08-23 15:02:10 | INFO | Answer | EM: 0.0000 | F1: 0.0000
2026-08-23 15:02:10 | INFO | Result | Correct: False | Running EM: 31.78% | Termination: react_completed | Steps: 3 | Tool calls: 2 | Latency: 11.896s
2026-08-23 15:02:10 | INFO | Prediction: December 13, 2015
2026-08-23 15:02:10 | INFO | Gold: September 5, 2017
2026-08-23 15:02:10 | INFO | Agent metadata: {'cot_sc_samples': 21, 'cot_sc_valid_answers': 21, 'cot_sc_winning_count': 2, 'cot_sc_confidence': 0.09523809523809523, 'cot_sc_winning_answer': 'December 13, 2015', 'cot_sc_vote_counts': {'december 13 2015': 2, 'december 18 2016': 1, 'march 25 2008': 1, 'december 10 2017': 1, 'april 5 2006': 1, 'april 30 2014': 1, 'december 12 2004': 1, 'june 23 2008': 1, 'april 18 2009': 1, 'april 15 2018': 1, 'november 27 2001': 1, 'february 25 2012': 1, 'april 16 2017': 1, 'january 31 2001': 1, 'april 14 2012': 1, 'august 23 2015': 1, 'january 21 2013': 1, 'may 2 2015': 1, 'june 29 2016': 1, 'april 13 2016': 1}, 'selected_path': 'cot_sc', 'fallback_used': True, 'cot_sc_paper_threshold': 10.5, 'cot_sc_threshold_met': False, 'react_termination_reason': 'max_steps_exceeded'}
2026-08-23 15:02:10 | INFO | Answer | EM: 0.0000 | F1: 0.0000
2026-08-23 15:02:10 | INFO | Result | Correct: False | Running EM: 31.69% | Termination: fallback_cot_sc | Steps: 28 | Tool calls: 6 | Latency: 11.896s
2026-08-23 15:02:10 | INFO | Prediction: University of California
2026-08-23 15:02:10 | INFO | Gold: University of California
2026-08-23 15:02:10 | INFO | Agent metadata: {'selected_path': 'react', 'fallback_used': False, 'react_termination_reason': 'completed'}
2026-08-23 15:02:10 | INFO | Answer | EM: 1.0000 | F1: 1.0000
2026-08-23 15:02:10 | INFO | Result | Correct: True | Running EM: 31.88% | Termination: react_completed | Steps: 3 | Tool calls: 2 | Latency: 11.896s
2026-08-23 15:02:10 | INFO | Prediction: yes
2026-08-23 15:02:10 | INFO | Gold: yes
2026-08-23 15:02:10 | INFO | Agent metadata: {'selected_path': 'react', 'fallback_used': False, 'react_termination_reason': 'completed'}
2026-08-23 15:02:10 | INFO | Answer | EM: 1.0000 | F1: 1.0000
2026-08-23 15:02:10 | INFO | Result | Correct: True | Running EM: 32.07% | Termination: react_completed | Steps: 3 | Tool calls: 2 | Latency: 11.896s
2026-08-23 15:02:10 | INFO | Inference batch [369-376/500] size=8
2026-08-23 15:02:10 | INFO | [369/500] example_id=5a8f0796554299458435d528
2026-08-23 15:02:10 | INFO | Question: what air force based named in honor of Carl Benjamin "Ben" Eielson is located 26 miles southeast of Fairbanks, Alaska?
2026-08-23 15:02:10 | INFO | [370/500] example_id=5ae81b895542997ec272770c
2026-08-23 15:02:10 | INFO | Question: The maternal grandmother of Princess Marie Cécile of Prussia was born in which year ?
2026-08-23 15:02:10 | INFO | [371/500] example_id=5ae0f6f5554299422ee99583
2026-08-23 15:02:10 | INFO | Question: Which record label released Van Morrison's "I've Been Working" on the album "His Band and the Street Choir"?
2026-08-23 15:02:10 | INFO | [372/500] example_id=5a7c6d98554299683c1c6304
2026-08-23 15:02:10 | INFO | Question: What ABC television series was inspired by a 2011 film and cast Dominic Cooper as young Howard Stark?
2026-08-23 15:02:10 | INFO | [373/500] example_id=5a83de04554299334474609f
2026-08-23 15:02:10 | INFO | Question: The second studio album by The D.O.C was named as a reference to Charles Manson's idea of a Beatles' song which was a product of McCartney's attempt to create what kind of sound?
2026-08-23 15:02:10 | INFO | [374/500] example_id=5ab29c24554299449642c932
2026-08-23 15:02:10 | INFO | Question: Are Giuseppe Verdi and Ambroise Thomas both Opera composers ?
2026-08-23 15:02:10 | INFO | [375/500] example_id=5ae20c245542997283cd2367
2026-08-23 15:02:10 | INFO | Question: Hina is derived from a dye prepared in what areas?
2026-08-23 15:02:10 | INFO | [376/500] example_id=5ac4efa85542991943173a04
2026-08-23 15:02:10 | INFO | Question: Which body of water flows through more states, Tamiami Canal or Genesee River?
2026-08-23 15:04:07 | INFO | Prediction: Eielson Air Force Base
2026-08-23 15:04:07 | INFO | Gold: Eielson Air Force Base
2026-08-23 15:04:07 | INFO | Agent metadata: {'selected_path': 'react', 'fallback_used': False, 'react_termination_reason': 'completed'}
2026-08-23 15:04:07 | INFO | Answer | EM: 1.0000 | F1: 1.0000
2026-08-23 15:04:07 | INFO | Result | Correct: True | Running EM: 32.25% | Termination: react_completed | Steps: 3 | Tool calls: 2 | Latency: 14.568s
2026-08-23 15:04:07 | INFO | Prediction: 1741
2026-08-23 15:04:07 | INFO | Gold: 1876
2026-08-23 15:04:07 | INFO | Agent metadata: {'selected_path': 'react', 'fallback_used': False, 'react_termination_reason': 'completed'}
2026-08-23 15:04:07 | INFO | Answer | EM: 0.0000 | F1: 0.0000
2026-08-23 15:04:07 | INFO | Result | Correct: False | Running EM: 32.16% | Termination: react_completed | Steps: 5 | Tool calls: 4 | Latency: 14.568s
2026-08-23 15:04:07 | INFO | Prediction: Warner Bros. Records
2026-08-23 15:04:07 | INFO | Gold: Warner Bros
2026-08-23 15:04:07 | INFO | Agent metadata: {'selected_path': 'react', 'fallback_used': False, 'react_termination_reason': 'completed'}
2026-08-23 15:04:07 | INFO | Answer | EM: 0.0000 | F1: 0.8000
2026-08-23 15:04:07 | INFO | Result | Correct: False | Running EM: 32.08% | Termination: react_completed | Steps: 2 | Tool calls: 1 | Latency: 14.568s
2026-08-23 15:04:07 | INFO | Prediction: Agent Carter
2026-08-23 15:04:07 | INFO | Gold: Agent Carter
2026-08-23 15:04:07 | INFO | Agent metadata: {'selected_path': 'react', 'fallback_used': False, 'react_termination_reason': 'completed'}
2026-08-23 15:04:07 | INFO | Answer | EM: 1.0000 | F1: 1.0000
2026-08-23 15:04:07 | INFO | Result | Correct: True | Running EM: 32.26% | Termination: react_completed | Steps: 6 | Tool calls: 5 | Latency: 14.568s
2026-08-23 15:04:07 | INFO | Prediction: psychedelic
2026-08-23 15:04:07 | INFO | Gold: as loud and dirty as possible
2026-08-23 15:04:07 | INFO | Agent metadata: {'cot_sc_samples': 21, 'cot_sc_valid_answers': 21, 'cot_sc_winning_count': 4, 'cot_sc_confidence': 0.19047619047619047, 'cot_sc_winning_answer': 'psychedelic', 'cot_sc_vote_counts': {'psychedelic': 4, 'pure love': 1, 'dissonant sound': 1, 'heavy and distorted sound': 1, 'eastern': 1, 'sitar': 1, 'transcendental vibrations': 1, 'mccartneys attempt to create sitar sound': 1, 'ring modulated sound': 1, 'transcendent': 1, 'cosmic': 1, 'love cult': 1, 'love noise': 1, 'indian music': 1, 'indian': 1, 'white noise': 1, 'zombie sound': 1, 'wall of sound': 1}, 'selected_path': 'cot_sc', 'fallback_used': True, 'cot_sc_paper_threshold': 10.5, 'cot_sc_threshold_met': False, 'react_termination_reason': 'max_steps_exceeded'}
2026-08-23 15:04:07 | INFO | Answer | EM: 0.0000 | F1: 0.0000
2026-08-23 15:04:07 | INFO | Result | Correct: False | Running EM: 32.17% | Termination: fallback_cot_sc | Steps: 28 | Tool calls: 6 | Latency: 14.568s
2026-08-23 15:04:07 | INFO | Prediction: yes
2026-08-23 15:04:07 | INFO | Gold: yes
2026-08-23 15:04:07 | INFO | Agent metadata: {'selected_path': 'react', 'fallback_used': False, 'react_termination_reason': 'completed'}
2026-08-23 15:04:07 | INFO | Answer | EM: 1.0000 | F1: 1.0000
2026-08-23 15:04:07 | INFO | Result | Correct: True | Running EM: 32.35% | Termination: react_completed | Steps: 3 | Tool calls: 2 | Latency: 14.568s
2026-08-23 15:04:07 | INFO | Prediction: North Africa and the Middle East
2026-08-23 15:04:07 | INFO | Gold: South Asia and the Middle East
2026-08-23 15:04:07 | INFO | Agent metadata: {'selected_path': 'react', 'fallback_used': False, 'react_termination_reason': 'completed'}
2026-08-23 15:04:07 | INFO | Answer | EM: 0.0000 | F1: 0.6000
2026-08-23 15:04:07 | INFO | Result | Correct: False | Running EM: 32.27% | Termination: react_completed | Steps: 4 | Tool calls: 3 | Latency: 14.568s
2026-08-23 15:04:07 | INFO | Prediction: Genesee River
2026-08-23 15:04:07 | INFO | Gold: Genesee River
2026-08-23 15:04:07 | INFO | Agent metadata: {'cot_sc_samples': 21, 'cot_sc_valid_answers': 21, 'cot_sc_winning_count': 21, 'cot_sc_confidence': 1.0, 'cot_sc_winning_answer': 'Genesee River', 'cot_sc_vote_counts': {'genesee river': 21}, 'selected_path': 'cot_sc', 'fallback_used': True, 'cot_sc_paper_threshold': 10.5, 'cot_sc_threshold_met': True, 'react_termination_reason': 'max_steps_exceeded'}
2026-08-23 15:04:07 | INFO | Answer | EM: 1.0000 | F1: 1.0000
2026-08-23 15:04:07 | INFO | Result | Correct: True | Running EM: 32.45% | Termination: fallback_cot_sc | Steps: 28 | Tool calls: 6 | Latency: 14.568s
2026-08-23 15:04:07 | INFO | Inference batch [377-384/500] size=8
2026-08-23 15:04:07 | INFO | [377/500] example_id=5ac385f8554299741d48a279
2026-08-23 15:04:07 | INFO | Question: The memorial commemorating a 1941 Japanese surprise attack was designed by whom?
2026-08-23 15:04:07 | INFO | [378/500] example_id=5ab4355555429942dd415ee3
2026-08-23 15:04:07 | INFO | Question: What novella was "Eyes Wide Shut," starring Vinessa Elizabeth Shaw, based on?
2026-08-23 15:04:07 | INFO | [379/500] example_id=5add23d05542994734353871
2026-08-23 15:04:07 | INFO | Question: What is the primary duty of the Austrian Pinscher and the Maremma Sheepdog?
2026-08-23 15:04:07 | INFO | [380/500] example_id=5ab99a215542996be202056a
2026-08-23 15:04:07 | INFO | Question: The castle where "Spook Squad" was filmed is in what part of Scotland?
2026-08-23 15:04:07 | INFO | [381/500] example_id=5add15d15542994ed6169c70
2026-08-23 15:04:07 | INFO | Question: Socialist conferences were held with what countries that opposed the Central Powers in the First World War?
2026-08-23 15:04:07 | INFO | [382/500] example_id=5ae5d82f554299546bf82f9a
2026-08-23 15:04:07 | INFO | Question: How many periods in office were held by the British Prime Minister who led the "Who? Who?" ministry?
2026-08-23 15:04:07 | INFO | [383/500] example_id=5ab29b07554299194fa93440
2026-08-23 15:04:07 | INFO | Question: Which city in the Baltimore metropolitan area includes a lake and surrounding park?
2026-08-23 15:04:07 | INFO | [384/500] example_id=5a88bedb554299206df2b35a
2026-08-23 15:04:07 | INFO | Question: What river does Waterloo Bridge and London Eye have in common?
2026-08-23 15:06:01 | INFO | Prediction: Alfred Preis
2026-08-23 15:06:01 | INFO | Gold: Alfred Preis
2026-08-23 15:06:01 | INFO | Agent metadata: {'selected_path': 'react', 'fallback_used': False, 'react_termination_reason': 'completed'}
2026-08-23 15:06:01 | INFO | Answer | EM: 1.0000 | F1: 1.0000
2026-08-23 15:06:01 | INFO | Result | Correct: True | Running EM: 32.63% | Termination: react_completed | Steps: 3 | Tool calls: 2 | Latency: 14.236s
2026-08-23 15:06:01 | INFO | Prediction: Traumnovelle
2026-08-23 15:06:01 | INFO | Gold: "Traumnovelle" ("Dream Story")
2026-08-23 15:06:01 | INFO | Agent metadata: {'cot_sc_samples': 21, 'cot_sc_valid_answers': 21, 'cot_sc_winning_count': 5, 'cot_sc_confidence': 0.23809523809523808, 'cot_sc_winning_answer': 'Traumnovelle', 'cot_sc_vote_counts': {'traumnovelle': 5, 'dream story': 2, 'das stiller': 1, 'eyes wide shut by arthur schnitzler': 1, 'traumnovelle dream novella': 1, 'eyes wide shut based on story by friedrich dürrenmatt from his collection das traumnovellen': 1, 'film eyes wide shut was inspired by elements from multiple sources including novella das trauma by stefan zweig but it is not based on single novella': 1, 'traumnovelle dream story': 1, 'dream analysis traumnovelle': 1, 'novella das weisse fraulein by stefan zweig': 1, 'secret love by gustav flaubert': 1, 'arthur schnitzlers 1926 novella dreams': 1, 'arthur schnitzlers traumnovelle': 1, 'das traumnegligee': 1, 'traumnovelle nightmare': 1, 'das dornroschenschloss': 1}, 'selected_path': 'cot_sc', 'fallback_used': True, 'cot_sc_paper_threshold': 10.5, 'cot_sc_threshold_met': False, 'react_termination_reason': 'max_steps_exceeded'}
2026-08-23 15:06:01 | INFO | Answer | EM: 0.0000 | F1: 0.5000
2026-08-23 15:06:01 | INFO | Result | Correct: False | Running EM: 32.54% | Termination: fallback_cot_sc | Steps: 28 | Tool calls: 7 | Latency: 14.236s
2026-08-23 15:06:01 | INFO | Prediction: guarding and protecting livestock
2026-08-23 15:06:01 | INFO | Gold: to guard
2026-08-23 15:06:01 | INFO | Agent metadata: {'cot_sc_samples': 21, 'cot_sc_valid_answers': 21, 'cot_sc_winning_count': 4, 'cot_sc_confidence': 0.19047619047619047, 'cot_sc_winning_answer': 'guarding and protecting livestock', 'cot_sc_vote_counts': {'guarding and protecting livestock': 4, 'protection of livestock': 3, 'herding and guarding': 2, 'watchdog and companion herding and guarding sheep': 1, 'protection duties': 1, 'herding and guarding livestock': 1, 'protection and guardianship': 1, 'protection of livestock and property': 1, 'primary duty of both austrian pinscher and maremma sheepdog is guarding and protecting livestock or property': 1, 'guard dogs for livestock': 1, 'protection and herding animals': 1, 'protecting animals': 1, 'guarding livestock': 1, 'herding and protecting livestock': 1, 'protection and guarding': 1}, 'selected_path': 'cot_sc', 'fallback_used': True, 'cot_sc_paper_threshold': 10.5, 'cot_sc_threshold_met': False, 'react_termination_reason': 'max_steps_exceeded'}
2026-08-23 15:06:01 | INFO | Answer | EM: 0.0000 | F1: 0.0000
2026-08-23 15:06:01 | INFO | Result | Correct: False | Running EM: 32.45% | Termination: fallback_cot_sc | Steps: 28 | Tool calls: 7 | Latency: 14.236s
2026-08-23 15:06:01 | INFO | Prediction: Scottish Highlands
2026-08-23 15:06:01 | INFO | Gold: Aberdeenshire, Scotland
2026-08-23 15:06:01 | INFO | Agent metadata: {'cot_sc_samples': 21, 'cot_sc_valid_answers': 21, 'cot_sc_winning_count': 7, 'cot_sc_confidence': 0.3333333333333333, 'cot_sc_winning_answer': 'Scottish Highlands', 'cot_sc_vote_counts': {'scottish highlands': 7, 'western highlands': 2, 'highlands of scotland': 2, 'western scotland': 1, 'inner hebrides': 1, 'west coast': 1, 'highland region': 1, 'perth and kinross': 1, 'northeastern part of scotland': 1, 'argyll and bute': 1, 'great glen': 1, 'northern highlands of scotland': 1, 'east ayrshire': 1}, 'selected_path': 'cot_sc', 'fallback_used': True, 'cot_sc_paper_threshold': 10.5, 'cot_sc_threshold_met': False, 'react_termination_reason': 'max_steps_exceeded'}
2026-08-23 15:06:01 | INFO | Answer | EM: 0.0000 | F1: 0.0000
2026-08-23 15:06:01 | INFO | Result | Correct: False | Running EM: 32.37% | Termination: fallback_cot_sc | Steps: 28 | Tool calls: 7 | Latency: 14.236s
2026-08-23 15:06:01 | INFO | Prediction: yes
2026-08-23 15:06:01 | INFO | Gold: The Allies of World War I
2026-08-23 15:06:01 | INFO | Agent metadata: {'selected_path': 'react', 'fallback_used': False, 'react_termination_reason': 'completed'}
2026-08-23 15:06:01 | INFO | Answer | EM: 0.0000 | F1: 0.0000
2026-08-23 15:06:01 | INFO | Result | Correct: False | Running EM: 32.28% | Termination: react_completed | Steps: 4 | Tool calls: 3 | Latency: 14.236s
2026-08-23 15:06:01 | INFO | Prediction: one
2026-08-23 15:06:01 | INFO | Gold: 3
2026-08-23 15:06:01 | INFO | Agent metadata: {'selected_path': 'react', 'fallback_used': False, 'react_termination_reason': 'completed'}
2026-08-23 15:06:01 | INFO | Answer | EM: 0.0000 | F1: 0.0000
2026-08-23 15:06:01 | INFO | Result | Correct: False | Running EM: 32.20% | Termination: react_completed | Steps: 3 | Tool calls: 2 | Latency: 14.236s
2026-08-23 15:06:01 | INFO | Prediction: Timonium
2026-08-23 15:06:01 | INFO | Gold: Columbia, Maryland
2026-08-23 15:06:01 | INFO | Agent metadata: {'cot_sc_samples': 21, 'cot_sc_valid_answers': 21, 'cot_sc_winning_count': 9, 'cot_sc_confidence': 0.42857142857142855, 'cot_sc_winning_answer': 'Timonium', 'cot_sc_vote_counts': {'timonium': 9, 'towson': 6, 'columbia': 5, 'catonsville': 1}, 'selected_path': 'cot_sc', 'fallback_used': True, 'cot_sc_paper_threshold': 10.5, 'cot_sc_threshold_met': False, 'react_termination_reason': 'action_loop'}
2026-08-23 15:06:01 | INFO | Answer | EM: 0.0000 | F1: 0.0000
2026-08-23 15:06:01 | INFO | Result | Correct: False | Running EM: 32.11% | Termination: fallback_cot_sc | Steps: 26 | Tool calls: 3 | Latency: 14.236s
2026-08-23 15:06:01 | INFO | Prediction: River Thames
2026-08-23 15:06:01 | INFO | Gold: Thames
2026-08-23 15:06:01 | INFO | Agent metadata: {'selected_path': 'react', 'fallback_used': False, 'react_termination_reason': 'completed'}
2026-08-23 15:06:01 | INFO | Answer | EM: 0.0000 | F1: 0.6667
2026-08-23 15:06:01 | INFO | Result | Correct: False | Running EM: 32.03% | Termination: react_completed | Steps: 3 | Tool calls: 2 | Latency: 14.236s
2026-08-23 15:06:01 | INFO | Inference batch [385-392/500] size=8
2026-08-23 15:06:01 | INFO | [385/500] example_id=5abfd3ba5542994516f4550a
2026-08-23 15:06:01 | INFO | Question: Of the retired tennis players Ross Case and Slobodan Živojinović, which player reached a higher career-high singles ranking?
2026-08-23 15:06:01 | INFO | [386/500] example_id=5a728b1c5542992359bc30e0
2026-08-23 15:06:01 | INFO | Question: Which member of the boy group Shinee released their first studio album "She is"?
2026-08-23 15:06:01 | INFO | [387/500] example_id=5a806aca5542996402f6a503
2026-08-23 15:06:01 | INFO | Question: Which characters are akin to goblins and were added to a Tilted Mill Entertainment video game in 2009?
2026-08-23 15:06:01 | INFO | [388/500] example_id=5ae4bbf05542995ad6573e32
2026-08-23 15:06:01 | INFO | Question: Which criminal case filed in Santa Clara County Superior Court did judge Aaron Persky rendered the verdict in
2026-08-23 15:06:01 | INFO | [389/500] example_id=5a8638945542994775f6072d
2026-08-23 15:06:01 | INFO | Question: Are Sutera and Rhodotypos both types of shrub?
2026-08-23 15:06:01 | INFO | [390/500] example_id=5ab3bcc55542992ade7c6e66
2026-08-23 15:06:01 | INFO | Question: In which election did Norm Coleman won to become the last republican elected as of 2017?
2026-08-23 15:06:01 | INFO | [391/500] example_id=5ab7b0775542992aa3b8c83e
2026-08-23 15:06:01 | INFO | Question: SS Ionic was built by the industrial company based in what city?
2026-08-23 15:06:01 | INFO | [392/500] example_id=5abd68b45542993062266c77
2026-08-23 15:06:01 | INFO | Question: What did the main character in Unbroken do in the Olympics?
2026-08-23 15:07:58 | INFO | Prediction: Slobodan Živojinović
2026-08-23 15:07:58 | INFO | Gold: Ross Case
2026-08-23 15:07:58 | INFO | Agent metadata: {'cot_sc_samples': 21, 'cot_sc_valid_answers': 21, 'cot_sc_winning_count': 20, 'cot_sc_confidence': 0.9523809523809523, 'cot_sc_winning_answer': 'Slobodan Živojinović', 'cot_sc_vote_counts': {'slobodan živojinović': 20, 'ross case': 1}, 'selected_path': 'cot_sc', 'fallback_used': True, 'cot_sc_paper_threshold': 10.5, 'cot_sc_threshold_met': True, 'react_termination_reason': 'max_steps_exceeded'}
2026-08-23 15:07:58 | INFO | Answer | EM: 0.0000 | F1: 0.0000
2026-08-23 15:07:58 | INFO | Result | Correct: False | Running EM: 31.95% | Termination: fallback_cot_sc | Steps: 28 | Tool calls: 7 | Latency: 14.622s
2026-08-23 15:07:58 | INFO | Prediction: Donghae
2026-08-23 15:07:58 | INFO | Gold: Jonghyun
2026-08-23 15:07:58 | INFO | Agent metadata: {'cot_sc_samples': 21, 'cot_sc_valid_answers': 21, 'cot_sc_winning_count': 10, 'cot_sc_confidence': 0.47619047619047616, 'cot_sc_winning_answer': 'Donghae', 'cot_sc_vote_counts': {'donghae': 10, 'lee taemin': 4, 'taemin': 2, 'chanyeol': 1, 'none of main shinee members released album she is': 1, 'key': 1, 'donghyun': 1, 'donghyuk': 1}, 'selected_path': 'cot_sc', 'fallback_used': True, 'cot_sc_paper_threshold': 10.5, 'cot_sc_threshold_met': False, 'react_termination_reason': 'max_steps_exceeded'}
2026-08-23 15:07:58 | INFO | Answer | EM: 0.0000 | F1: 0.0000
2026-08-23 15:07:58 | INFO | Result | Correct: False | Running EM: 31.87% | Termination: fallback_cot_sc | Steps: 28 | Tool calls: 7 | Latency: 14.622s
2026-08-23 15:07:58 | INFO | Prediction: Ogres
2026-08-23 15:07:58 | INFO | Gold: Orc characters
2026-08-23 15:07:58 | INFO | Agent metadata: {'cot_sc_samples': 21, 'cot_sc_valid_answers': 21, 'cot_sc_winning_count': 3, 'cot_sc_confidence': 0.14285714285714285, 'cot_sc_winning_answer': 'Ogres', 'cot_sc_vote_counts': {'ogres': 3, 'imps': 2, 'gnolls': 1, 'gobblin hordes': 1, 'hobgoblins': 1, 'goblins and gnolls': 1, 'pixies 精灵': 1, 'pyresprites': 1, 'goblins': 1, 'goblin chieftains and goblin warband': 1, 'bloopers': 1, 'imps goblins': 1, 'goblin archers': 1, 'grubstompers': 1, 'gobblegums': 1, 'krakens minions': 1, 'yeti crab ice elemental': 1, 'grunts': 1}, 'selected_path': 'cot_sc', 'fallback_used': True, 'cot_sc_paper_threshold': 10.5, 'cot_sc_threshold_met': False, 'react_termination_reason': 'max_steps_exceeded'}
2026-08-23 15:07:58 | INFO | Answer | EM: 0.0000 | F1: 0.0000
2026-08-23 15:07:58 | INFO | Result | Correct: False | Running EM: 31.78% | Termination: fallback_cot_sc | Steps: 28 | Tool calls: 7 | Latency: 14.622s
2026-08-23 15:07:58 | INFO | Prediction: People v. Turner
2026-08-23 15:07:58 | INFO | Gold: People v. Turner
2026-08-23 15:07:58 | INFO | Agent metadata: {'selected_path': 'react', 'fallback_used': False, 'react_termination_reason': 'completed'}
2026-08-23 15:07:58 | INFO | Answer | EM: 1.0000 | F1: 1.0000
2026-08-23 15:07:58 | INFO | Result | Correct: True | Running EM: 31.96% | Termination: react_completed | Steps: 4 | Tool calls: 3 | Latency: 14.622s
2026-08-23 15:07:58 | INFO | Prediction: yes
2026-08-23 15:07:58 | INFO | Gold: no
2026-08-23 15:07:58 | INFO | Agent metadata: {'selected_path': 'react', 'fallback_used': False, 'react_termination_reason': 'completed'}
2026-08-23 15:07:58 | INFO | Answer | EM: 0.0000 | F1: 0.0000
2026-08-23 15:07:58 | INFO | Result | Correct: False | Running EM: 31.88% | Termination: react_completed | Steps: 5 | Tool calls: 4 | Latency: 14.622s
2026-08-23 15:07:58 | INFO | Prediction: 2008 United States Senate election in Minnesota
2026-08-23 15:07:58 | INFO | Gold: 2002
2026-08-23 15:07:58 | INFO | Agent metadata: {'selected_path': 'react', 'fallback_used': False, 'react_termination_reason': 'completed'}
2026-08-23 15:07:58 | INFO | Answer | EM: 0.0000 | F1: 0.0000
2026-08-23 15:07:58 | INFO | Result | Correct: False | Running EM: 31.79% | Termination: react_completed | Steps: 4 | Tool calls: 3 | Latency: 14.622s
2026-08-23 15:07:58 | INFO | Prediction: Belfast
2026-08-23 15:07:58 | INFO | Gold: Belfast, Northern Ireland
2026-08-23 15:07:58 | INFO | Agent metadata: {'selected_path': 'react', 'fallback_used': False, 'react_termination_reason': 'completed'}
2026-08-23 15:07:58 | INFO | Answer | EM: 0.0000 | F1: 0.5000
2026-08-23 15:07:58 | INFO | Result | Correct: False | Running EM: 31.71% | Termination: react_completed | Steps: 6 | Tool calls: 5 | Latency: 14.622s
2026-08-23 15:07:58 | INFO | Prediction: finished eighth in the 5,000 m event and set a new lap record
2026-08-23 15:07:58 | INFO | Gold: Olympic distance runner
2026-08-23 15:07:58 | INFO | Agent metadata: {'selected_path': 'react', 'fallback_used': False, 'react_termination_reason': 'completed'}
2026-08-23 15:07:58 | INFO | Answer | EM: 0.0000 | F1: 0.0000
2026-08-23 15:07:58 | INFO | Result | Correct: False | Running EM: 31.63% | Termination: react_completed | Steps: 5 | Tool calls: 4 | Latency: 14.622s
2026-08-23 15:07:58 | INFO | Inference batch [393-400/500] size=8
2026-08-23 15:07:58 | INFO | [393/500] example_id=5ac2a399554299218029dada
2026-08-23 15:07:58 | INFO | Question: Who programmed a cartridge-based development system made by a company noted for authoring Atari's BASIC?
2026-08-23 15:07:58 | INFO | [394/500] example_id=5a8f2fed55429918e830d1c7
2026-08-23 15:07:58 | INFO | Question: Both Bo Diddley and The Yardbirds played which common genre of music during their careers?
2026-08-23 15:07:58 | INFO | [395/500] example_id=5a80abb65542996402f6a5df
2026-08-23 15:07:58 | INFO | Question: What organization affiliated with the National Collegiate Athletic Association Division were the 2012 Hawaii Warriors football team first year members of?
2026-08-23 15:07:58 | INFO | [396/500] example_id=5a7fc8d05542992e7d278d86
2026-08-23 15:07:58 | INFO | Question: Which Air Force member was behind enemy lines for 11 1/2 days and had the largest,longest and most complex rescue mission?
2026-08-23 15:07:58 | INFO | [397/500] example_id=5a8f45ca5542997ba9cb320e
2026-08-23 15:07:58 | INFO | Question: What type of film are both "500 Years Later" and "Manson"?
2026-08-23 15:07:58 | INFO | [398/500] example_id=5a87aa135542996e4f3088b8
2026-08-23 15:07:58 | INFO | Question: Jolyon James performed the role of Moonshadow in a musical by a composer of what nationality?
2026-08-23 15:07:58 | INFO | [399/500] example_id=5ab29346554299545a2cf997
2026-08-23 15:07:58 | INFO | Question: What CBS-affiliated station serves Pontotoc County, Oklahoma?
2026-08-23 15:07:58 | INFO | [400/500] example_id=5ae789615542997ec2727695
2026-08-23 15:07:58 | INFO | Question: Kam Heskin plays Paige Morgan in a 2004 film directed by who?
2026-08-23 15:09:52 | INFO | Prediction: Warren Robinett
2026-08-23 15:09:52 | INFO | Gold: Kathleen O'Brien
2026-08-23 15:09:52 | INFO | Agent metadata: {'cot_sc_samples': 21, 'cot_sc_valid_answers': 21, 'cot_sc_winning_count': 13, 'cot_sc_confidence': 0.6190476190476191, 'cot_sc_winning_answer': 'Warren Robinett', 'cot_sc_vote_counts': {'warren robinett': 13, 'howard scott warshaw': 1, 'jody moxham': 1, 'dennis spécifique': 1, 'david winterbottom': 1, 'jim butterfield': 1, 'howard w scott': 1, 'howard dill': 1, 'commodore international': 1}, 'selected_path': 'cot_sc', 'fallback_used': True, 'cot_sc_paper_threshold': 10.5, 'cot_sc_threshold_met': True, 'react_termination_reason': 'action_loop'}
2026-08-23 15:09:52 | INFO | Answer | EM: 0.0000 | F1: 0.0000
2026-08-23 15:09:52 | INFO | Result | Correct: False | Running EM: 31.55% | Termination: fallback_cot_sc | Steps: 26 | Tool calls: 3 | Latency: 14.262s
2026-08-23 15:09:52 | INFO | Prediction: rock and roll
2026-08-23 15:09:52 | INFO | Gold: rock and roll
2026-08-23 15:09:52 | INFO | Agent metadata: {'cot_sc_samples': 21, 'cot_sc_valid_answers': 21, 'cot_sc_winning_count': 8, 'cot_sc_confidence': 0.38095238095238093, 'cot_sc_winning_answer': 'rock and roll', 'cot_sc_vote_counts': {'rock and roll': 8, 'rock and roll and rhythm and blues': 4, 'rock and roll and blues': 2, 'blues': 2, 'rock and roll rhythm and blues': 2, 'rock and roll blues': 1, 'blues and rock and roll': 1, 'rock and roll blues rock': 1}, 'selected_path': 'cot_sc', 'fallback_used': True, 'cot_sc_paper_threshold': 10.5, 'cot_sc_threshold_met': False, 'react_termination_reason': 'max_steps_exceeded'}
2026-08-23 15:09:52 | INFO | Answer | EM: 1.0000 | F1: 1.0000
2026-08-23 15:09:52 | INFO | Result | Correct: True | Running EM: 31.73% | Termination: fallback_cot_sc | Steps: 28 | Tool calls: 7 | Latency: 14.262s
2026-08-23 15:09:52 | INFO | Prediction: Mountain West Conference
2026-08-23 15:09:52 | INFO | Gold: Mountain West Conference
2026-08-23 15:09:52 | INFO | Agent metadata: {'selected_path': 'react', 'fallback_used': False, 'react_termination_reason': 'completed'}
2026-08-23 15:09:52 | INFO | Answer | EM: 1.0000 | F1: 1.0000
2026-08-23 15:09:52 | INFO | Result | Correct: True | Running EM: 31.90% | Termination: react_completed | Steps: 2 | Tool calls: 1 | Latency: 14.262s
2026-08-23 15:09:52 | INFO | Prediction: Captain John D. McCloy
2026-08-23 15:09:52 | INFO | Gold: Lieutenant Colonel Iceal E. "Gene" Hambleton
2026-08-23 15:09:52 | INFO | Agent metadata: {'cot_sc_samples': 21, 'cot_sc_valid_answers': 20, 'cot_sc_winning_count': 1, 'cot_sc_confidence': 0.047619047619047616, 'cot_sc_winning_answer': 'Captain John D. McCloy', 'cot_sc_vote_counts': {'captain john d mccloy': 1, 'airman first class michael g durant': 1, 'captain joseph o morris': 1, 'capt robert h stoner jr': 1, 'captain rich santelli': 1, 'airman first class larry l bledsoe': 1, 'captain richard f knerr': 1, 'captain rich gurney': 1, 'airman first class kenneth lee wilson': 1, 'air force sergeant first class gary gordon': 1, 'airman first class alan j dickinson': 1, 'roy benavidez': 1, 'capt harry s laver': 1, 'captain robert stadler': 1, 'air force sergeant alvin york': 1, 'roy w clark': 1, 'captain robert h stetson jr': 1, 'air force lieutenant colonel jack oconnell': 1, 'royce p devers': 1, 'carlos hathcock ii': 1}, 'selected_path': 'cot_sc', 'fallback_used': True, 'cot_sc_paper_threshold': 10.5, 'cot_sc_threshold_met': False, 'react_termination_reason': 'max_steps_exceeded'}
2026-08-23 15:09:52 | INFO | Answer | EM: 0.0000 | F1: 0.0000
2026-08-23 15:09:52 | INFO | Result | Correct: False | Running EM: 31.82% | Termination: fallback_cot_sc | Steps: 28 | Tool calls: 7 | Latency: 14.262s
2026-08-23 15:09:52 | INFO | Prediction: documentary
2026-08-23 15:09:52 | INFO | Gold: documentary
2026-08-23 15:09:52 | INFO | Agent metadata: {'selected_path': 'react', 'fallback_used': False, 'react_termination_reason': 'completed'}
2026-08-23 15:09:52 | INFO | Answer | EM: 1.0000 | F1: 1.0000
2026-08-23 15:09:52 | INFO | Result | Correct: True | Running EM: 31.99% | Termination: react_completed | Steps: 4 | Tool calls: 3 | Latency: 14.262s
2026-08-23 15:09:52 | INFO | Prediction: British
2026-08-23 15:09:52 | INFO | Gold: British
2026-08-23 15:09:52 | INFO | Agent metadata: {'selected_path': 'react', 'fallback_used': False, 'react_termination_reason': 'completed'}
2026-08-23 15:09:52 | INFO | Answer | EM: 1.0000 | F1: 1.0000
2026-08-23 15:09:52 | INFO | Result | Correct: True | Running EM: 32.16% | Termination: react_completed | Steps: 7 | Tool calls: 6 | Latency: 14.262s
2026-08-23 15:09:52 | INFO | Prediction: KOTV-DT
2026-08-23 15:09:52 | INFO | Gold: KXII
2026-08-23 15:09:52 | INFO | Agent metadata: {'selected_path': 'react', 'fallback_used': False, 'react_termination_reason': 'completed'}
2026-08-23 15:09:52 | INFO | Answer | EM: 0.0000 | F1: 0.0000
2026-08-23 15:09:52 | INFO | Result | Correct: False | Running EM: 32.08% | Termination: react_completed | Steps: 5 | Tool calls: 4 | Latency: 14.262s
2026-08-23 15:09:52 | INFO | Prediction: Martha Coolidge
2026-08-23 15:09:52 | INFO | Gold: Martha Coolidge
2026-08-23 15:09:52 | INFO | Agent metadata: {'selected_path': 'react', 'fallback_used': False, 'react_termination_reason': 'completed'}
2026-08-23 15:09:52 | INFO | Answer | EM: 1.0000 | F1: 1.0000
2026-08-23 15:09:52 | INFO | Result | Correct: True | Running EM: 32.25% | Termination: react_completed | Steps: 3 | Tool calls: 2 | Latency: 14.262s
2026-08-23 15:09:52 | INFO | Inference batch [401-408/500] size=8
2026-08-23 15:09:52 | INFO | [401/500] example_id=5ac45b58554299076e296dad
2026-08-23 15:09:52 | INFO | Question: Which has the larger population, Shanghai or Hanggin Rear Banner?
2026-08-23 15:09:52 | INFO | [402/500] example_id=5ac43ddf5542995c82c4ad08
2026-08-23 15:09:52 | INFO | Question: What substance is always in a trap to prevent the passage of anything from either direction,  even sewer gases?
2026-08-23 15:09:52 | INFO | [403/500] example_id=5ae075455542993d6555eb59
2026-08-23 15:09:52 | INFO | Question: Are 111 Murray Street and 220 Central Park South both located in Manhattan?
2026-08-23 15:09:52 | INFO | [404/500] example_id=5a7350585542992359bc32f9
2026-08-23 15:09:52 | INFO | Question: Everybody's Crazy was produced by Michael Bolton, what genre of music does Everybody's Crazy fit into?
2026-08-23 15:09:52 | INFO | [405/500] example_id=5ae4b55455429913cc2044db
2026-08-23 15:09:52 | INFO | Question: Among the cast for "Suicide Squad", who has also appeared in "Flags of Our Fathers"?
2026-08-23 15:09:52 | INFO | [406/500] example_id=5a8494b15542991dd0999d35
2026-08-23 15:09:52 | INFO | Question: Which magazine was founded first, Allure or Genre?
2026-08-23 15:09:52 | INFO | [407/500] example_id=5abf16965542993fe9a41dd3
2026-08-23 15:09:52 | INFO | Question: Hamilton Evans "Tony" James is the COO and director of the largest alternative investment firm in what?
2026-08-23 15:09:52 | INFO | [408/500] example_id=5ae60426554299546bf83019
2026-08-23 15:09:52 | INFO | Question: Which American Space Western animated series did Celebrity Home Entertainment released
2026-08-23 15:11:49 | INFO | Prediction: Shanghai
2026-08-23 15:11:49 | INFO | Gold: Shanghai
2026-08-23 15:11:49 | INFO | Agent metadata: {'cot_sc_samples': 21, 'cot_sc_valid_answers': 21, 'cot_sc_winning_count': 21, 'cot_sc_confidence': 1.0, 'cot_sc_winning_answer': 'Shanghai', 'cot_sc_vote_counts': {'shanghai': 21}, 'selected_path': 'cot_sc', 'fallback_used': True, 'cot_sc_paper_threshold': 10.5, 'cot_sc_threshold_met': True, 'react_termination_reason': 'action_loop'}
2026-08-23 15:11:49 | INFO | Answer | EM: 1.0000 | F1: 1.0000
2026-08-23 15:11:49 | INFO | Result | Correct: True | Running EM: 32.42% | Termination: fallback_cot_sc | Steps: 25 | Tool calls: 2 | Latency: 14.688s
2026-08-23 15:11:49 | INFO | Prediction: water
2026-08-23 15:11:49 | INFO | Gold: water
2026-08-23 15:11:49 | INFO | Agent metadata: {'cot_sc_samples': 21, 'cot_sc_valid_answers': 21, 'cot_sc_winning_count': 7, 'cot_sc_confidence': 0.3333333333333333, 'cot_sc_winning_answer': 'water', 'cot_sc_vote_counts': {'water': 7, 'rubber plastic metal': 2, 'water seal': 1, 'flexible disk or flap': 1, 'fluid': 1, 'flap or disk made of rubber plastic or metal': 1, 'metals such as brass or bronze': 1, 'rubber flaps or metal discs': 1, 'rubber or plastic disk': 1, 'flapper or rubber disk': 1, 'disk or plug': 1, 'check valve': 1, 'fluid or liquid本身': 1, 'rubber disc or metal flap': 1}, 'selected_path': 'cot_sc', 'fallback_used': True, 'cot_sc_paper_threshold': 10.5, 'cot_sc_threshold_met': False, 'react_termination_reason': 'max_steps_exceeded'}
2026-08-23 15:11:49 | INFO | Answer | EM: 1.0000 | F1: 1.0000
2026-08-23 15:11:49 | INFO | Result | Correct: True | Running EM: 32.59% | Termination: fallback_cot_sc | Steps: 28 | Tool calls: 6 | Latency: 14.688s
2026-08-23 15:11:49 | INFO | Prediction: yes
2026-08-23 15:11:49 | INFO | Gold: yes
2026-08-23 15:11:49 | INFO | Agent metadata: {'selected_path': 'react', 'fallback_used': False, 'react_termination_reason': 'completed'}
2026-08-23 15:11:49 | INFO | Answer | EM: 1.0000 | F1: 1.0000
2026-08-23 15:11:49 | INFO | Result | Correct: True | Running EM: 32.75% | Termination: react_completed | Steps: 3 | Tool calls: 2 | Latency: 14.688s
2026-08-23 15:11:49 | INFO | Prediction: hard rock
2026-08-23 15:11:49 | INFO | Gold: melodic hard rock
2026-08-23 15:11:49 | INFO | Agent metadata: {'selected_path': 'react', 'fallback_used': False, 'react_termination_reason': 'completed'}
2026-08-23 15:11:49 | INFO | Answer | EM: 0.0000 | F1: 0.8000
2026-08-23 15:11:49 | INFO | Result | Correct: False | Running EM: 32.67% | Termination: react_completed | Steps: 6 | Tool calls: 5 | Latency: 14.688s
2026-08-23 15:11:49 | INFO | Prediction: Joel Kinnaman
2026-08-23 15:11:49 | INFO | Gold: Scott Eastwood
2026-08-23 15:11:49 | INFO | Agent metadata: {'cot_sc_samples': 21, 'cot_sc_valid_answers': 21, 'cot_sc_winning_count': 3, 'cot_sc_confidence': 0.14285714285714285, 'cot_sc_winning_answer': 'Joel Kinnaman', 'cot_sc_vote_counts': {'joel kinnaman': 3, 'jared leto': 3, 'tom hardy': 2, 'will smith': 2, 'margot robbie': 2, 'john cena': 2, 'john cena jared leto': 1, 'john malkovich': 1, 'viola davis': 1, 'jason isaacs': 1, 'adewale akinnuoyeagbaje': 1, 'brian j white': 1, 'john cena joel kinnaman': 1}, 'selected_path': 'cot_sc', 'fallback_used': True, 'cot_sc_paper_threshold': 10.5, 'cot_sc_threshold_met': False, 'react_termination_reason': 'max_steps_exceeded'}
2026-08-23 15:11:49 | INFO | Answer | EM: 0.0000 | F1: 0.0000
2026-08-23 15:11:49 | INFO | Result | Correct: False | Running EM: 32.59% | Termination: fallback_cot_sc | Steps: 28 | Tool calls: 7 | Latency: 14.688s
2026-08-23 15:11:49 | INFO | Prediction: Allure
2026-08-23 15:11:49 | INFO | Gold: Allure is an American women’s beauty magazine
2026-08-23 15:11:49 | INFO | Agent metadata: {'cot_sc_samples': 21, 'cot_sc_valid_answers': 21, 'cot_sc_winning_count': 11, 'cot_sc_confidence': 0.5238095238095238, 'cot_sc_winning_answer': 'Allure', 'cot_sc_vote_counts': {'allure': 11, 'genre': 10}, 'selected_path': 'cot_sc', 'fallback_used': True, 'cot_sc_paper_threshold': 10.5, 'cot_sc_threshold_met': True, 'react_termination_reason': 'action_loop'}
2026-08-23 15:11:49 | INFO | Answer | EM: 0.0000 | F1: 0.2857
2026-08-23 15:11:49 | INFO | Result | Correct: False | Running EM: 32.51% | Termination: fallback_cot_sc | Steps: 28 | Tool calls: 5 | Latency: 14.688s
2026-08-23 15:11:49 | INFO | Prediction: Blackstone
2026-08-23 15:11:49 | INFO | Gold: the world
2026-08-23 15:11:49 | INFO | Agent metadata: {'selected_path': 'react', 'fallback_used': False, 'react_termination_reason': 'completed'}
2026-08-23 15:11:49 | INFO | Answer | EM: 0.0000 | F1: 0.0000
2026-08-23 15:11:49 | INFO | Result | Correct: False | Running EM: 32.43% | Termination: react_completed | Steps: 4 | Tool calls: 3 | Latency: 14.688s
2026-08-23 15:11:49 | INFO | Prediction: BraveStarr
2026-08-23 15:11:49 | INFO | Gold: BraveStarr
2026-08-23 15:11:49 | INFO | Agent metadata: {'selected_path': 'react', 'fallback_used': False, 'react_termination_reason': 'completed'}
2026-08-23 15:11:49 | INFO | Answer | EM: 1.0000 | F1: 1.0000
2026-08-23 15:11:49 | INFO | Result | Correct: True | Running EM: 32.60% | Termination: react_completed | Steps: 3 | Tool calls: 2 | Latency: 14.688s
2026-08-23 15:11:49 | INFO | Inference batch [409-416/500] size=8
2026-08-23 15:11:49 | INFO | [409/500] example_id=5ae226755542996483e64906
2026-08-23 15:11:49 | INFO | Question: What computer was released earlier, Gradiente Expert or LNW-80?
2026-08-23 15:11:49 | INFO | [410/500] example_id=5a809b575542996402f6a59c
2026-08-23 15:11:49 | INFO | Question: What former nose tackle announced ESPN College Football Friday Primetime in 2017?
2026-08-23 15:11:49 | INFO | [411/500] example_id=5ae28058554299495565da90
2026-08-23 15:11:49 | INFO | Question: In what year was the fantasy and science fiction author of the short story "Recovery" born?
2026-08-23 15:11:49 | INFO | [412/500] example_id=5ae7ff745542994a481bbe6e
2026-08-23 15:11:49 | INFO | Question: When was the track from which a sample was featured in "Take Me to the Clouds Above" released?
2026-08-23 15:11:49 | INFO | [413/500] example_id=5a77c74155429967ab105291
2026-08-23 15:11:49 | INFO | Question: Which band formed in England, Of Montreal or Vib Gyor?
2026-08-23 15:11:49 | INFO | [414/500] example_id=5ab6c47e55429954757d3368
2026-08-23 15:11:49 | INFO | Question: Adam Fox was one of the first members of an informal literary discussion group associated with what University?
2026-08-23 15:11:49 | INFO | [415/500] example_id=5a8a7d2b55429930ff3c0dfc
2026-08-23 15:11:49 | INFO | Question: Are the flowering plants Ecballium and Elatostema in the same family?
2026-08-23 15:11:49 | INFO | [416/500] example_id=5a7bbc59554299294a54aaa9
2026-08-23 15:11:49 | INFO | Question: Steve Denton and Albert Costa are both tennis players, which one began playing at the age if five?
2026-08-23 15:14:02 | INFO | Prediction: LNW-80
2026-08-23 15:14:02 | INFO | Gold: LNW-80
2026-08-23 15:14:02 | INFO | Agent metadata: {'selected_path': 'react', 'fallback_used': False, 'react_termination_reason': 'completed'}
2026-08-23 15:14:02 | INFO | Answer | EM: 1.0000 | F1: 1.0000
2026-08-23 15:14:02 | INFO | Result | Correct: True | Running EM: 32.76% | Termination: react_completed | Steps: 3 | Tool calls: 2 | Latency: 16.612s
2026-08-23 15:14:02 | INFO | Prediction: Warren Sapp
2026-08-23 15:14:02 | INFO | Gold: Dusty Dvoracek
2026-08-23 15:14:02 | INFO | Agent metadata: {'cot_sc_samples': 21, 'cot_sc_valid_answers': 21, 'cot_sc_winning_count': 2, 'cot_sc_confidence': 0.09523809523809523, 'cot_sc_winning_answer': 'Warren Sapp', 'cot_sc_vote_counts': {'warren sapp': 2, 'jermaine cunningham': 1, 'jelani jenkins': 1, 'rocky bernard': 1, 'quinton coples': 1, 'ed too tall jones': 1, 'lavar arrington': 1, 'jason hatcher': 1, 'justin fuente': 1, 'greg schiano': 1, 'ernie johnson jr': 1, 'justin smith': 1, 'chris hammond': 1, 'greg schwartz': 1, 'dave wannstedt': 1, 'marlon mccree': 1, 'kevin greene': 1, 'ray lewis': 1, 'daryl dawkins': 1, 'richard seymour': 1}, 'selected_path': 'cot_sc', 'fallback_used': True, 'cot_sc_paper_threshold': 10.5, 'cot_sc_threshold_met': False, 'react_termination_reason': 'max_steps_exceeded'}
2026-08-23 15:14:02 | INFO | Answer | EM: 0.0000 | F1: 0.0000
2026-08-23 15:14:02 | INFO | Result | Correct: False | Running EM: 32.68% | Termination: fallback_cot_sc | Steps: 28 | Tool calls: 7 | Latency: 16.612s
2026-08-23 15:14:02 | INFO | Prediction: 1967
2026-08-23 15:14:02 | INFO | Gold: 1958
2026-08-23 15:14:02 | INFO | Agent metadata: {'cot_sc_samples': 21, 'cot_sc_valid_answers': 20, 'cot_sc_winning_count': 2, 'cot_sc_confidence': 0.09523809523809523, 'cot_sc_winning_answer': '1967', 'cot_sc_vote_counts': {'1967': 2, '1929': 1, 'cannot determine without additional information': 1, 'question cannot be answered with given information': 1, '1970': 1, '1968': 1, 'cannot determine': 1, 'cannot determine without additional information about author of recovery': 1, 'information provided is insufficient to determine author and their birth year': 1, '1952': 1, '1967 or 1971': 1, '1935': 1, 'information provided is insufficient to determine birth year of author': 1, '1961': 1, 'information provided is insufficient to determine birth year of author of recovery': 1, 'not enough information provided to determine birth year': 1, 'no sufficient information provided': 1, '1973': 1, '1920': 1}, 'selected_path': 'cot_sc', 'fallback_used': True, 'cot_sc_paper_threshold': 10.5, 'cot_sc_threshold_met': False, 'react_termination_reason': 'max_steps_exceeded'}
2026-08-23 15:14:02 | INFO | Answer | EM: 0.0000 | F1: 0.0000
2026-08-23 15:14:02 | INFO | Result | Correct: False | Running EM: 32.60% | Termination: fallback_cot_sc | Steps: 28 | Tool calls: 7 | Latency: 16.612s
2026-08-23 15:14:02 | INFO | Prediction: 9 March 1987
2026-08-23 15:14:02 | INFO | Gold: 16 March 1987
2026-08-23 15:14:02 | INFO | Agent metadata: {'selected_path': 'react', 'fallback_used': False, 'react_termination_reason': 'completed'}
2026-08-23 15:14:02 | INFO | Answer | EM: 0.0000 | F1: 0.6667
2026-08-23 15:14:02 | INFO | Result | Correct: False | Running EM: 32.52% | Termination: react_completed | Steps: 5 | Tool calls: 4 | Latency: 16.612s
2026-08-23 15:14:02 | INFO | Prediction: Vib Gyor
2026-08-23 15:14:02 | INFO | Gold: Vib Gyor was a band that was formed in Leeds, England.
2026-08-23 15:14:02 | INFO | Agent metadata: {'selected_path': 'react', 'fallback_used': False, 'react_termination_reason': 'completed'}
2026-08-23 15:14:02 | INFO | Answer | EM: 0.0000 | F1: 0.3333
2026-08-23 15:14:02 | INFO | Result | Correct: False | Running EM: 32.45% | Termination: react_completed | Steps: 3 | Tool calls: 2 | Latency: 16.612s
2026-08-23 15:14:02 | INFO | Prediction: Harvard University
2026-08-23 15:14:02 | INFO | Gold: University of Oxford, England
2026-08-23 15:14:02 | INFO | Agent metadata: {'selected_path': 'react', 'fallback_used': False, 'react_termination_reason': 'completed'}
2026-08-23 15:14:02 | INFO | Answer | EM: 0.0000 | F1: 0.3333
2026-08-23 15:14:02 | INFO | Result | Correct: False | Running EM: 32.37% | Termination: react_completed | Steps: 4 | Tool calls: 3 | Latency: 16.612s
2026-08-23 15:14:02 | INFO | Prediction: no
2026-08-23 15:14:02 | INFO | Gold: no
2026-08-23 15:14:02 | INFO | Agent metadata: {'selected_path': 'react', 'fallback_used': False, 'react_termination_reason': 'completed'}
2026-08-23 15:14:02 | INFO | Answer | EM: 1.0000 | F1: 1.0000
2026-08-23 15:14:02 | INFO | Result | Correct: True | Running EM: 32.53% | Termination: react_completed | Steps: 4 | Tool calls: 3 | Latency: 16.612s
2026-08-23 15:14:02 | INFO | Prediction: Albert Costa
2026-08-23 15:14:02 | INFO | Gold: Costa
2026-08-23 15:14:02 | INFO | Agent metadata: {'cot_sc_samples': 21, 'cot_sc_valid_answers': 21, 'cot_sc_winning_count': 11, 'cot_sc_confidence': 0.5238095238095238, 'cot_sc_winning_answer': 'Albert Costa', 'cot_sc_vote_counts': {'albert costa': 11, 'steve denton': 8, 'information to answer this question is not provided': 1, 'cannot determine': 1}, 'selected_path': 'cot_sc', 'fallback_used': True, 'cot_sc_paper_threshold': 10.5, 'cot_sc_threshold_met': True, 'react_termination_reason': 'max_steps_exceeded'}
2026-08-23 15:14:02 | INFO | Answer | EM: 0.0000 | F1: 0.6667
2026-08-23 15:14:02 | INFO | Result | Correct: False | Running EM: 32.45% | Termination: fallback_cot_sc | Steps: 28 | Tool calls: 6 | Latency: 16.612s
2026-08-23 15:14:02 | INFO | Inference batch [417-424/500] size=8
2026-08-23 15:14:02 | INFO | [417/500] example_id=5a89f58f5542992e4fca84af
2026-08-23 15:14:02 | INFO | Question: What station is 3 miles away from the railway station that was used in the film "Brief Encounter"?
2026-08-23 15:14:02 | INFO | [418/500] example_id=5ae5db98554299546bf82fa6
2026-08-23 15:14:02 | INFO | Question: Shane and Friends have interviewed an American YouTube personality who has two active YouTube channels, which have a combined total of how many views?
2026-08-23 15:14:02 | INFO | [419/500] example_id=5ac160bb5542994d76dccdfb
2026-08-23 15:14:02 | INFO | Question: What corporation does the company that publishes the monthly magazine that focuses almost exclusively on the Western United States and featured photograph by Julius Shulman of a home designed by Rodney Walker belong to?
2026-08-23 15:14:02 | INFO | [420/500] example_id=5a7a33205542996a35c1712f
2026-08-23 15:14:02 | INFO | Question: Out of two American colonies that had a series of skirmishes and raids between 1701 and 1765 at the disputed border, which British proprietary colony became a royal colony on the northeast coast of North America?
2026-08-23 15:14:02 | INFO | [421/500] example_id=5a89df265542992e4fca840d
2026-08-23 15:14:02 | INFO | Question: Which was developed first, Dick Smith Super-80 Computer or Pecom 32?
2026-08-23 15:14:02 | INFO | [422/500] example_id=5ae3dfb05542992e3233c490
2026-08-23 15:14:02 | INFO | Question: The 1991–92 NBA season included an Achilles tendon injury to which nine-time NBA All-Star?
2026-08-23 15:14:02 | INFO | [423/500] example_id=5a837121554299123d8c2128
2026-08-23 15:14:02 | INFO | Question: Q1: Which mountain is located in China, Kirat Chuli or Kangpenqing?
2026-08-23 15:14:02 | INFO | [424/500] example_id=5a77b1a75542992a6e59df8d
2026-08-23 15:14:02 | INFO | Question: Which American artist, who also illustrated works by Bill Nye and George W. Peck, illustrated an 1876 novel by Mark Twain about a young boy growing up along the Mississippi River?
2026-08-23 15:16:26 | INFO | Prediction: Eltham station
2026-08-23 15:16:26 | INFO | Gold: Borwick railway station
2026-08-23 15:16:26 | INFO | Agent metadata: {'cot_sc_samples': 21, 'cot_sc_valid_answers': 21, 'cot_sc_winning_count': 3, 'cot_sc_confidence': 0.14285714285714285, 'cot_sc_winning_answer': 'Eltham station', 'cot_sc_vote_counts': {'eltham station': 3, 'waterloo station': 3, 'sidcup or eltham': 2, 'forest gate station': 1, 'reading': 1, 'ribblehead or ingleton hypothetical needs verification': 1, 'buxton': 1, 'hammersmith': 1, 'chesham': 1, 'eltham or crayford': 1, 'beckton or canning town': 1, 'headrow station': 1, 'hale or withington green': 1, 'scarborough railway station': 1, 'richmond': 1, 'meadowhall station': 1}, 'selected_path': 'cot_sc', 'fallback_used': True, 'cot_sc_paper_threshold': 10.5, 'cot_sc_threshold_met': False, 'react_termination_reason': 'max_steps_exceeded'}
2026-08-23 15:16:26 | INFO | Answer | EM: 0.0000 | F1: 0.4000
2026-08-23 15:16:26 | INFO | Result | Correct: False | Running EM: 32.37% | Termination: fallback_cot_sc | Steps: 28 | Tool calls: 7 | Latency: 17.949s
2026-08-23 15:16:26 | INFO | Prediction: 53.8 billion (as of the last available public data, as of my knowledge cut-off in 2023)
2026-08-23 15:16:26 | INFO | Gold: 1.7 billion
2026-08-23 15:16:26 | INFO | Agent metadata: {'cot_sc_samples': 21, 'cot_sc_valid_answers': 21, 'cot_sc_winning_count': 1, 'cot_sc_confidence': 0.047619047619047616, 'cot_sc_winning_answer': '53.8 billion (as of the last available public data, as of my knowledge cut-off in 2023)', 'cot_sc_vote_counts': {'538 billion as of last available public data as of my knowledge cutoff in 2023': 1, 'information about combined total views of two active youtube channels of mentioned american youtube personality is not available': 1, 'over 20 million views on main channel with significant number of views on second channel': 1, 'insufficient information': 1, 'over 2 billion views': 1, 'insufficient information provided': 1, 'over 100 billion views': 1, 'based on information provided exact view count cannot be determined': 1, '20 billion views': 1, '54 billion note this is example value and not based on factual data from shane and friends or any other source': 1, 'information about combined total views of two active youtube channels of interviewed american youtube personality is not available': 1, 'over 195 million views': 1, 'over 255 billion views': 1, 'over 10 billion views': 1, '35 billion views': 1, 'over 2475 billion views': 1, 'over 40 billion views': 1, '37 billion': 1, 'not enough information provided': 1, 'insufficient information provided to determine exact number of combined views': 1, 'exact number of views for combined total of american youtube personalitys two active channels is not provided in available information': 1}, 'selected_path': 'cot_sc', 'fallback_used': True, 'cot_sc_paper_threshold': 10.5, 'cot_sc_threshold_met': False, 'react_termination_reason': 'max_steps_exceeded'}
2026-08-23 15:16:26 | INFO | Answer | EM: 0.0000 | F1: 0.1176
2026-08-23 15:16:26 | INFO | Result | Correct: False | Running EM: 32.30% | Termination: fallback_cot_sc | Steps: 28 | Tool calls: 7 | Latency: 17.949s
2026-08-23 15:16:26 | INFO | Prediction: the Sierra Club
2026-08-23 15:16:26 | INFO | Gold: Southern Progress Corporation
2026-08-23 15:16:26 | INFO | Agent metadata: {'cot_sc_samples': 21, 'cot_sc_valid_answers': 21, 'cot_sc_winning_count': 2, 'cot_sc_confidence': 0.09523809523809523, 'cot_sc_winning_answer': 'the Sierra Club', 'cot_sc_vote_counts': {'sierra club': 2, 'bonnier corporation': 2, 'condé nast': 2, 'advanstar communications now part of informa plc': 1, 'future plc': 1, 'bonnier group': 1, 'la times inc': 1, 'iheartmedia': 1, 'w r berkley corporation': 1, 'time inc': 1, 'sierra club which publishes sierra club magazine is independent organization and not owned by corporation': 1, 'arizona department of tourism': 1, 'gannett company inc': 1, 'risd rhode island school of design': 1, 'meredith corporation': 1, 'advance publications': 1, 'penguin random house': 1, 'fritz w gelius company': 1}, 'selected_path': 'cot_sc', 'fallback_used': True, 'cot_sc_paper_threshold': 10.5, 'cot_sc_threshold_met': False, 'react_termination_reason': 'max_steps_exceeded'}
2026-08-23 15:16:26 | INFO | Answer | EM: 0.0000 | F1: 0.0000
2026-08-23 15:16:26 | INFO | Result | Correct: False | Running EM: 32.22% | Termination: fallback_cot_sc | Steps: 28 | Tool calls: 7 | Latency: 17.949s
2026-08-23 15:16:26 | INFO | Prediction: New York
2026-08-23 15:16:26 | INFO | Gold: Province of New York
2026-08-23 15:16:26 | INFO | Agent metadata: {'cot_sc_samples': 21, 'cot_sc_valid_answers': 21, 'cot_sc_winning_count': 15, 'cot_sc_confidence': 0.7142857142857143, 'cot_sc_winning_answer': 'New York', 'cot_sc_vote_counts': {'new york': 15, 'pennsylvania': 3, 'massachusetts': 1, 'new hampshire': 1, 'nova scotia': 1}, 'selected_path': 'cot_sc', 'fallback_used': True, 'cot_sc_paper_threshold': 10.5, 'cot_sc_threshold_met': True, 'react_termination_reason': 'max_steps_exceeded'}
2026-08-23 15:16:26 | INFO | Answer | EM: 0.0000 | F1: 0.6667
2026-08-23 15:16:26 | INFO | Result | Correct: False | Running EM: 32.14% | Termination: fallback_cot_sc | Steps: 28 | Tool calls: 6 | Latency: 17.949s
2026-08-23 15:16:26 | INFO | Prediction: Dick Smith Super-80 Computer
2026-08-23 15:16:26 | INFO | Gold: Dick Smith Super-80
2026-08-23 15:16:26 | INFO | Agent metadata: {'selected_path': 'react', 'fallback_used': False, 'react_termination_reason': 'completed'}
2026-08-23 15:16:26 | INFO | Answer | EM: 0.0000 | F1: 0.8571
2026-08-23 15:16:26 | INFO | Result | Correct: False | Running EM: 32.07% | Termination: react_completed | Steps: 3 | Tool calls: 2 | Latency: 17.949s
2026-08-23 15:16:26 | INFO | Prediction: Karl Malone
2026-08-23 15:16:26 | INFO | Gold: Jacques Dominique Wilkins
2026-08-23 15:16:26 | INFO | Agent metadata: {'cot_sc_samples': 21, 'cot_sc_valid_answers': 21, 'cot_sc_winning_count': 7, 'cot_sc_confidence': 0.3333333333333333, 'cot_sc_winning_answer': 'Karl Malone', 'cot_sc_vote_counts': {'karl malone': 7, 'charles barkley': 5, 'hakeem olajuwon': 4, 'michael jordan': 2, 'dennis rodman': 2, 'patrick ewing': 1}, 'selected_path': 'cot_sc', 'fallback_used': True, 'cot_sc_paper_threshold': 10.5, 'cot_sc_threshold_met': False, 'react_termination_reason': 'action_loop'}
2026-08-23 15:16:26 | INFO | Answer | EM: 0.0000 | F1: 0.0000
2026-08-23 15:16:26 | INFO | Result | Correct: False | Running EM: 31.99% | Termination: fallback_cot_sc | Steps: 28 | Tool calls: 5 | Latency: 17.949s
2026-08-23 15:16:26 | INFO | Prediction: Kangpenqing
2026-08-23 15:16:26 | INFO | Gold: Kangpenqing (also Gang Benchhen) is a mountain in the Baiku Himalayas of Tibet, China.
2026-08-23 15:16:26 | INFO | Agent metadata: {'selected_path': 'react', 'fallback_used': False, 'react_termination_reason': 'completed'}
2026-08-23 15:16:26 | INFO | Answer | EM: 0.0000 | F1: 0.1538
2026-08-23 15:16:26 | INFO | Result | Correct: False | Running EM: 31.91% | Termination: react_completed | Steps: 3 | Tool calls: 2 | Latency: 17.949s
2026-08-23 15:16:26 | INFO | Prediction: No
2026-08-23 15:16:26 | INFO | Gold: Truman W. "True" Williams
2026-08-23 15:16:26 | INFO | Agent metadata: {'cot_sc_samples': 21, 'cot_sc_valid_answers': 21, 'cot_sc_winning_count': 3, 'cot_sc_confidence': 0.14285714285714285, 'cot_sc_winning_answer': 'No', 'cot_sc_vote_counts': {'no': 3, 'thomas nast': 3, 'john falter': 2, 'helen sewell': 1, 'henry walter brooks': 1, 'emily arnold mccully': 1, 'ron schmitz': 1, 'john g miller': 1, 'ew deming': 1, 'maurice sendak': 1, 'howard pyle': 1, 'john leeper': 1, 'james nygard': 1, 'chuck wall': 1, 'harrison fisher': 1, 'charles reinhart': 1}, 'selected_path': 'cot_sc', 'fallback_used': True, 'cot_sc_paper_threshold': 10.5, 'cot_sc_threshold_met': False, 'react_termination_reason': 'action_loop'}
2026-08-23 15:16:26 | INFO | Answer | EM: 0.0000 | F1: 0.0000
2026-08-23 15:16:26 | INFO | Result | Correct: False | Running EM: 31.84% | Termination: fallback_cot_sc | Steps: 25 | Tool calls: 2 | Latency: 17.949s
2026-08-23 15:16:26 | INFO | Inference batch [425-432/500] size=8
2026-08-23 15:16:26 | INFO | [425/500] example_id=5a7c0dab5542997c3ec972d2
2026-08-23 15:16:26 | INFO | Question: Los Angeles Historic-Cultural Monument (No. 139) hosted an event by what organization on Oct 12, 1991?
2026-08-23 15:16:26 | INFO | [426/500] example_id=5ade15f35542997545bbbe47
2026-08-23 15:16:26 | INFO | Question: Katherine Waterston and Chrisann Brennan has what in common?
2026-08-23 15:16:26 | INFO | [427/500] example_id=5ac5632e5542993e66e823d9
2026-08-23 15:16:26 | INFO | Question: Is The Stuff of Legend and Babes in Toyland both entertainment?
2026-08-23 15:16:26 | INFO | [428/500] example_id=5ab72b5c5542993667793f63
2026-08-23 15:16:26 | INFO | Question: What country of origin does The Late Late Show and Craig Kilborn have in common?
2026-08-23 15:16:26 | INFO | [429/500] example_id=5ae4c35c55429913cc2044fb
2026-08-23 15:16:26 | INFO | Question: What year was the film starring Hugh Jackman, Jake Gyllenhaal, and an actress appearing in "The Cooler" and "The Jane Austen Book Club" released?
2026-08-23 15:16:26 | INFO | [430/500] example_id=5a8284b555429954d2e2eb5f
2026-08-23 15:16:26 | INFO | Question: How many rooms does the Tropicana Hotel have where the 7th annual Adult Video News awards ceremony were held in 1980?
2026-08-23 15:16:26 | INFO | [431/500] example_id=5a777ca855429949eeb29e6a
2026-08-23 15:16:26 | INFO | Question: What company produced both The Little Mermaid and The Strongest Man in the World?
2026-08-23 15:16:26 | INFO | [432/500] example_id=5ae1dac95542997283cd229b
2026-08-23 15:16:26 | INFO | Question: What group of participants that carried of Operation Neptune Spear is sometimes referred to in the U.S. media as a Special Mission Unit?
2026-08-23 15:18:10 | INFO | Prediction: The Los Angeles Philharmonic
2026-08-23 15:18:10 | INFO | Gold: IFBB professional bodybuilding
2026-08-23 15:18:10 | INFO | Agent metadata: {'cot_sc_samples': 21, 'cot_sc_valid_answers': 21, 'cot_sc_winning_count': 2, 'cot_sc_confidence': 0.09523809523809523, 'cot_sc_winning_answer': 'The Los Angeles Philharmonic', 'cot_sc_vote_counts': {'los angeles philharmonic': 2, 'united states postal service': 1, 'griffith observatory hosted event celebrating its 50th anniversary': 1, 'hollywood chamber of commerce': 1, 'united states bicentennial committee': 1, 'watts towers arts center': 1, 'usa international ballet competition': 1, 'planetary society': 1, 'los angeles philharmonic association': 1, 'armand hammer william zeidler foundation': 1, 'united nations association of usa': 1, 'specific organization that hosted event at los angeles historiccultural monument no 139 on october 12 1991 is not directly known from my current information': 1, 'griffith observatory hosted event celebrating 50th anniversary of opening of samuel oschin planetarium': 1, 'mexican consulate general and grand central market association': 1, 'academy of motion picture arts and sciences': 1, 'griffith observatory': 1, 'helen g kesten planetarium theatre': 1, 'la feria de las americas': 1, 'science fiction writers of america sfwa': 1, 'armenian national committee of america': 1}, 'selected_path': 'cot_sc', 'fallback_used': True, 'cot_sc_paper_threshold': 10.5, 'cot_sc_threshold_met': False, 'react_termination_reason': 'max_steps_exceeded'}
2026-08-23 15:18:10 | INFO | Answer | EM: 0.0000 | F1: 0.0000
2026-08-23 15:18:10 | INFO | Result | Correct: False | Running EM: 31.76% | Termination: fallback_cot_sc | Steps: 28 | Tool calls: 7 | Latency: 13.051s
2026-08-23 15:18:10 | INFO | Prediction: romantically involved with Steve Jobs
2026-08-23 15:18:10 | INFO | Gold: Steve Jobs
2026-08-23 15:18:10 | INFO | Agent metadata: {'selected_path': 'react', 'fallback_used': False, 'react_termination_reason': 'completed'}
2026-08-23 15:18:10 | INFO | Answer | EM: 0.0000 | F1: 0.5714
2026-08-23 15:18:10 | INFO | Result | Correct: False | Running EM: 31.69% | Termination: react_completed | Steps: 3 | Tool calls: 2 | Latency: 13.051s
2026-08-23 15:18:10 | INFO | Prediction: no
2026-08-23 15:18:10 | INFO | Gold: by
2026-08-23 15:18:10 | INFO | Agent metadata: {'selected_path': 'react', 'fallback_used': False, 'react_termination_reason': 'completed'}
2026-08-23 15:18:10 | INFO | Answer | EM: 0.0000 | F1: 0.0000
2026-08-23 15:18:10 | INFO | Result | Correct: False | Running EM: 31.62% | Termination: react_completed | Steps: 3 | Tool calls: 2 | Latency: 13.051s
2026-08-23 15:18:10 | INFO | Prediction: United States
2026-08-23 15:18:10 | INFO | Gold: American
2026-08-23 15:18:10 | INFO | Agent metadata: {'selected_path': 'react', 'fallback_used': False, 'react_termination_reason': 'completed'}
2026-08-23 15:18:10 | INFO | Answer | EM: 0.0000 | F1: 0.0000
2026-08-23 15:18:10 | INFO | Result | Correct: False | Running EM: 31.54% | Termination: react_completed | Steps: 3 | Tool calls: 2 | Latency: 13.051s
2026-08-23 15:18:10 | INFO | Prediction: 2013
2026-08-23 15:18:10 | INFO | Gold: 2013
2026-08-23 15:18:10 | INFO | Agent metadata: {'selected_path': 'react', 'fallback_used': False, 'react_termination_reason': 'completed'}
2026-08-23 15:18:10 | INFO | Answer | EM: 1.0000 | F1: 1.0000
2026-08-23 15:18:10 | INFO | Result | Correct: True | Running EM: 31.70% | Termination: react_completed | Steps: 5 | Tool calls: 4 | Latency: 13.051s
2026-08-23 15:18:10 | INFO | Prediction: 2,399
2026-08-23 15:18:10 | INFO | Gold: 1,467 rooms
2026-08-23 15:18:10 | INFO | Agent metadata: {'selected_path': 'react', 'fallback_used': False, 'react_termination_reason': 'completed'}
2026-08-23 15:18:10 | INFO | Answer | EM: 0.0000 | F1: 0.0000
2026-08-23 15:18:10 | INFO | Result | Correct: False | Running EM: 31.63% | Termination: react_completed | Steps: 4 | Tool calls: 3 | Latency: 13.051s
2026-08-23 15:18:10 | INFO | Prediction: Walt Disney Productions
2026-08-23 15:18:10 | INFO | Gold: Walt Disney
2026-08-23 15:18:10 | INFO | Agent metadata: {'selected_path': 'react', 'fallback_used': False, 'react_termination_reason': 'completed'}
2026-08-23 15:18:10 | INFO | Answer | EM: 0.0000 | F1: 0.8000
2026-08-23 15:18:10 | INFO | Result | Correct: False | Running EM: 31.55% | Termination: react_completed | Steps: 5 | Tool calls: 4 | Latency: 13.051s
2026-08-23 15:18:10 | INFO | Prediction: SEAL Team Six
2026-08-23 15:18:10 | INFO | Gold: SEAL Team Six
2026-08-23 15:18:10 | INFO | Agent metadata: {'selected_path': 'react', 'fallback_used': False, 'react_termination_reason': 'completed'}
2026-08-23 15:18:10 | INFO | Answer | EM: 1.0000 | F1: 1.0000
2026-08-23 15:18:10 | INFO | Result | Correct: True | Running EM: 31.71% | Termination: react_completed | Steps: 6 | Tool calls: 5 | Latency: 13.051s
2026-08-23 15:18:10 | INFO | Inference batch [433-440/500] size=8
2026-08-23 15:18:10 | INFO | [433/500] example_id=5a808f3f5542992097ad2ffd
2026-08-23 15:18:10 | INFO | Question: "The Empire Builder"'s Columbia River Subdivision was part of which line?
2026-08-23 15:18:10 | INFO | [434/500] example_id=5ac009bf5542997d642959a7
2026-08-23 15:18:10 | INFO | Question: The University in Pullman, Washington is named after whom?
2026-08-23 15:18:10 | INFO | [435/500] example_id=5ae6a5d15542991bbc97615d
2026-08-23 15:18:10 | INFO | Question: Barranca de Yaco is a geographical feature along an ancient road that is approximately how many miles long?
2026-08-23 15:18:10 | INFO | [436/500] example_id=5ab8111c5542991d3222382b
2026-08-23 15:18:10 | INFO | Question: Bridget Cromwell is the eldest daughter of an English military and political leader and later Lord Protector of what commonwealths?
2026-08-23 15:18:10 | INFO | [437/500] example_id=5ab3c7df55429969a97a81be
2026-08-23 15:18:10 | INFO | Question: which is larger, Hunchun or Shijiazhuang?
2026-08-23 15:18:10 | INFO | [438/500] example_id=5ae682c45542995703ce8b6f
2026-08-23 15:18:10 | INFO | Question: Which Record Company reissued an Avenged Sevenfold Album that only sold 300 copies?
2026-08-23 15:18:10 | INFO | [439/500] example_id=5a7b542455429927d897bf92
2026-08-23 15:18:10 | INFO | Question: The Lewis and Clark Memorial Column is dedicated to Meriwether Lewis, best known for his role as the leader of which Lewis and Clark Expedition?
2026-08-23 15:18:10 | INFO | [440/500] example_id=5ade00855542997dc7907118
2026-08-23 15:18:10 | INFO | Question: What was the original name of the theatrical program that was founded by Joseph Papp?
2026-08-23 15:20:28 | INFO | Prediction: The Empire Builder route
2026-08-23 15:20:28 | INFO | Gold: Great Northern Railway
2026-08-23 15:20:28 | INFO | Agent metadata: {'cot_sc_samples': 21, 'cot_sc_valid_answers': 21, 'cot_sc_winning_count': 3, 'cot_sc_confidence': 0.14285714285714285, 'cot_sc_winning_answer': 'The Empire Builder route', 'cot_sc_vote_counts': {'empire builder route': 3, 'bnsf railway': 1, 'chicago to seattle line': 1, 'columbia river subdivision was part of amtrak northwestern route': 1, 'columbia river subdivision was part of chicagoseattle route of empire builder': 1, 'columbia river subdivision was part of northwest route of empire builder': 1, 'columbia river subdivision was part of pacific northwest line': 1, 'columbia river subdivision was part of chicago to seattleportland line': 1, 'north coast lines': 1, 'columbia river subdivision was part of northern transcon line': 1, 'columbia river subdivision was part of line connecting spokane washington to seattle washington': 1, 'columbia river subdivision was part of empire builders route west of rocky mountains': 1, 'columbia river subdivision was part of chicago to spokaneseattle line': 1, 'northern pacific railway': 1, 'chicagopacficsan francisco line': 1, 'milwaukee road line now operated by bnsf railway': 1, 'empire builders columbia river subdivision was part of seattle–portland–chicago main line': 1, 'columbia river subdivision is part of bnsf railways spokane portland and seattle railway line': 1, 'columbia river subdivision was part of north coast hiawatha line': 1}, 'selected_path': 'cot_sc', 'fallback_used': True, 'cot_sc_paper_threshold': 10.5, 'cot_sc_threshold_met': False, 'react_termination_reason': 'max_steps_exceeded'}
2026-08-23 15:20:28 | INFO | Answer | EM: 0.0000 | F1: 0.0000
2026-08-23 15:20:28 | INFO | Result | Correct: False | Running EM: 31.64% | Termination: fallback_cot_sc | Steps: 28 | Tool calls: 7 | Latency: 17.249s
2026-08-23 15:20:28 | INFO | Prediction: George Washington
2026-08-23 15:20:28 | INFO | Gold: Edward R. Murrow
2026-08-23 15:20:28 | INFO | Agent metadata: {'cot_sc_samples': 21, 'cot_sc_valid_answers': 21, 'cot_sc_winning_count': 4, 'cot_sc_confidence': 0.19047619047619047, 'cot_sc_winning_answer': 'George Washington', 'cot_sc_vote_counts': {'george washington': 4, 'ezra cornell': 2, 'ezra bates': 2, 'isaac stevens': 2, 'james g wright': 1, 'ezra cornell and james ronald hall': 1, 'susan j lincoln bates': 1, 'state of washington': 1, 'ezra meeker': 1, 'isaac i stevens': 1, 'governor isaac i stevens': 1, 'ezra cornell and james j flavel': 1, 'ezra cornell and james g birney': 1, 'president george washington': 1, 'edwin m stanton': 1}, 'selected_path': 'cot_sc', 'fallback_used': True, 'cot_sc_paper_threshold': 10.5, 'cot_sc_threshold_met': False, 'react_termination_reason': 'max_steps_exceeded'}
2026-08-23 15:20:28 | INFO | Answer | EM: 0.0000 | F1: 0.0000
2026-08-23 15:20:28 | INFO | Result | Correct: False | Running EM: 31.57% | Termination: fallback_cot_sc | Steps: 28 | Tool calls: 7 | Latency: 17.249s
2026-08-23 15:20:28 | INFO | Prediction: 500 miles
2026-08-23 15:20:28 | INFO | Gold: 24800 mi
2026-08-23 15:20:28 | INFO | Agent metadata: {'cot_sc_samples': 21, 'cot_sc_valid_answers': 21, 'cot_sc_winning_count': 5, 'cot_sc_confidence': 0.23809523809523808, 'cot_sc_winning_answer': '500 miles', 'cot_sc_vote_counts': {'500 miles': 5, '750 miles': 2, '1500 miles': 2, '532 miles': 1, '2400 miles': 1, '850 miles': 1, 'approximately 1500 miles': 1, '520 miles': 1, '800 to 900 miles': 1, '1200 miles': 1, 'approximately 600 to 700 miles long': 1, '930 miles': 1, '530 miles': 1, '600 miles': 1, 'approximately 1200 miles': 1}, 'selected_path': 'cot_sc', 'fallback_used': True, 'cot_sc_paper_threshold': 10.5, 'cot_sc_threshold_met': False, 'react_termination_reason': 'max_steps_exceeded'}
2026-08-23 15:20:28 | INFO | Answer | EM: 0.0000 | F1: 0.0000
2026-08-23 15:20:28 | INFO | Result | Correct: False | Running EM: 31.49% | Termination: fallback_cot_sc | Steps: 28 | Tool calls: 7 | Latency: 17.249s
2026-08-23 15:20:28 | INFO | Prediction: Commonwealth of England, Scotland, and Ireland
2026-08-23 15:20:28 | INFO | Gold: England, Scotland, and Ireland
2026-08-23 15:20:28 | INFO | Agent metadata: {'selected_path': 'react', 'fallback_used': False, 'react_termination_reason': 'completed'}
2026-08-23 15:20:28 | INFO | Answer | EM: 0.0000 | F1: 0.8000
2026-08-23 15:20:28 | INFO | Result | Correct: False | Running EM: 31.42% | Termination: react_completed | Steps: 3 | Tool calls: 2 | Latency: 17.249s
2026-08-23 15:20:28 | INFO | Prediction: Shijiazhuang
2026-08-23 15:20:28 | INFO | Gold: Shijiazhuang
2026-08-23 15:20:28 | INFO | Agent metadata: {'cot_sc_samples': 21, 'cot_sc_valid_answers': 21, 'cot_sc_winning_count': 19, 'cot_sc_confidence': 0.9047619047619048, 'cot_sc_winning_answer': 'Shijiazhuang', 'cot_sc_vote_counts': {'shijiazhuang': 19, 'hunchun': 2}, 'selected_path': 'cot_sc', 'fallback_used': True, 'cot_sc_paper_threshold': 10.5, 'cot_sc_threshold_met': True, 'react_termination_reason': 'action_loop'}
2026-08-23 15:20:28 | INFO | Answer | EM: 1.0000 | F1: 1.0000
2026-08-23 15:20:28 | INFO | Result | Correct: True | Running EM: 31.58% | Termination: fallback_cot_sc | Steps: 28 | Tool calls: 5 | Latency: 17.249s
2026-08-23 15:20:28 | INFO | Prediction: Hopeless Records
2026-08-23 15:20:28 | INFO | Gold: Hopeless Records
2026-08-23 15:20:28 | INFO | Agent metadata: {'selected_path': 'react', 'fallback_used': False, 'react_termination_reason': 'completed'}
2026-08-23 15:20:28 | INFO | Answer | EM: 1.0000 | F1: 1.0000
2026-08-23 15:20:28 | INFO | Result | Correct: True | Running EM: 31.74% | Termination: react_completed | Steps: 7 | Tool calls: 6 | Latency: 17.249s
2026-08-23 15:20:28 | INFO | Prediction: the Corps of Discovery Expedition
2026-08-23 15:20:28 | INFO | Gold: Corps of Discovery
2026-08-23 15:20:28 | INFO | Agent metadata: {'selected_path': 'react', 'fallback_used': False, 'react_termination_reason': 'completed'}
2026-08-23 15:20:28 | INFO | Answer | EM: 0.0000 | F1: 0.8571
2026-08-23 15:20:28 | INFO | Result | Correct: False | Running EM: 31.66% | Termination: react_completed | Steps: 2 | Tool calls: 1 | Latency: 17.249s
2026-08-23 15:20:28 | INFO | Prediction: New York Shakespeare Festival
2026-08-23 15:20:28 | INFO | Gold: New York Shakespeare Festival
2026-08-23 15:20:28 | INFO | Agent metadata: {'selected_path': 'react', 'fallback_used': False, 'react_termination_reason': 'completed'}
2026-08-23 15:20:28 | INFO | Answer | EM: 1.0000 | F1: 1.0000
2026-08-23 15:20:28 | INFO | Result | Correct: True | Running EM: 31.82% | Termination: react_completed | Steps: 4 | Tool calls: 3 | Latency: 17.249s
2026-08-23 15:20:28 | INFO | Inference batch [441-448/500] size=8
2026-08-23 15:20:28 | INFO | [441/500] example_id=5adfd0d455429942ec259b4d
2026-08-23 15:20:28 | INFO | Question: What Andy Williams' album did a song written by Charles Wesley appear on?
2026-08-23 15:20:28 | INFO | [442/500] example_id=5a7615fb5542992db9473727
2026-08-23 15:20:28 | INFO | Question: Was the famous opera comique that was based on a Prosper Merimee novella a comedy or a tragedy?
2026-08-23 15:20:28 | INFO | [443/500] example_id=5a8747915542994775f607bb
2026-08-23 15:20:28 | INFO | Question: Which three-time Olivier Award winning English actress starred in the 1981 BBC television serial, Sons and Lovers?
2026-08-23 15:20:28 | INFO | [444/500] example_id=5a8b34705542995d1e6f130d
2026-08-23 15:20:28 | INFO | Question: From which country is the largest known example of European Iron Age silver work?
2026-08-23 15:20:28 | INFO | [445/500] example_id=5ae7eb43554299540e5a5695
2026-08-23 15:20:28 | INFO | Question: What Congressional district featured Republican nomiee Willie Vaden in 2004, 2006, and 2008?
2026-08-23 15:20:28 | INFO | [446/500] example_id=5abb8a9b5542996cc5e4a016
2026-08-23 15:20:28 | INFO | Question: Who lived longer- Bernard-Marie Koltès or Philip José Farmer?
2026-08-23 15:20:28 | INFO | [447/500] example_id=5ab5ac345542992aa134a37f
2026-08-23 15:20:28 | INFO | Question: Prominent Danish Tibetologist Per Kjeld Sørensen is a professor of Central Asian Studies at Leipzig University that was founded by who?
2026-08-23 15:20:28 | INFO | [448/500] example_id=5a80ddc555429938b6142224
2026-08-23 15:20:28 | INFO | Question: The American actor Chip Zien is best known for this Broadway production by which American composer and lyricist who received an Academy Award and Tony Awards?
2026-08-23 15:22:20 | INFO | Prediction: A Charlie Brown Christmas
2026-08-23 15:22:20 | INFO | Gold: The Andy Williams Christmas Album
2026-08-23 15:22:20 | INFO | Agent metadata: {'cot_sc_samples': 21, 'cot_sc_valid_answers': 21, 'cot_sc_winning_count': 2, 'cot_sc_confidence': 0.09523809523809523, 'cot_sc_winning_answer': 'A Charlie Brown Christmas', 'cot_sc_vote_counts': {'charlie brown christmas': 2, 'andy williams christmas album': 2, 'faith': 2, 'in company of chocolate and lace': 1, 'christmas past christmas present': 1, 'its most wonderful time of year': 1, 'christmas songs': 1, 'silent night please': 1, 'silent night holy night': 1, 'best of andy williams': 1, 'songs my father taught me': 1, 'christmas album': 1, 'it can be otherwise': 1, 'hymns for modern hearts': 1, 'its love andy williams christmas album': 1, 'hymns carols of christmas': 1, 'andy williams very merry christmas album': 1, 'it can hold wedding and other christmas favorites': 1}, 'selected_path': 'cot_sc', 'fallback_used': True, 'cot_sc_paper_threshold': 10.5, 'cot_sc_threshold_met': False, 'react_termination_reason': 'action_loop'}
2026-08-23 15:22:20 | INFO | Answer | EM: 0.0000 | F1: 0.2857
2026-08-23 15:22:20 | INFO | Result | Correct: False | Running EM: 31.75% | Termination: fallback_cot_sc | Steps: 26 | Tool calls: 3 | Latency: 14.003s
2026-08-23 15:22:20 | INFO | Prediction: tragedy
2026-08-23 15:22:20 | INFO | Gold: "Carmen", perhaps the most famous "opéra comique", is a tragedy
2026-08-23 15:22:20 | INFO | Agent metadata: {'cot_sc_samples': 21, 'cot_sc_valid_answers': 21, 'cot_sc_winning_count': 21, 'cot_sc_confidence': 1.0, 'cot_sc_winning_answer': 'tragedy', 'cot_sc_vote_counts': {'tragedy': 21}, 'selected_path': 'cot_sc', 'fallback_used': True, 'cot_sc_paper_threshold': 10.5, 'cot_sc_threshold_met': True, 'react_termination_reason': 'max_steps_exceeded'}
2026-08-23 15:22:20 | INFO | Answer | EM: 0.0000 | F1: 0.2222
2026-08-23 15:22:20 | INFO | Result | Correct: False | Running EM: 31.67% | Termination: fallback_cot_sc | Steps: 28 | Tool calls: 7 | Latency: 14.003s
2026-08-23 15:22:20 | INFO | Prediction: Judi Dench
2026-08-23 15:22:20 | INFO | Gold: Dame Eileen June Atkins
2026-08-23 15:22:20 | INFO | Agent metadata: {'cot_sc_samples': 21, 'cot_sc_valid_answers': 21, 'cot_sc_winning_count': 5, 'cot_sc_confidence': 0.23809523809523808, 'cot_sc_winning_answer': 'Judi Dench', 'cot_sc_vote_counts': {'judi dench': 5, 'jenny agutter': 3, 'harriet walter': 3, 'vanessa redgrave': 2, 'susan penhaligon': 1, 'julie christie': 1, 'indira varma': 1, 'brenda blethyn': 1, 'siobhan mckenna': 1, 'diana quick': 1, 'julie walters': 1, 'janet mcteer': 1}, 'selected_path': 'cot_sc', 'fallback_used': True, 'cot_sc_paper_threshold': 10.5, 'cot_sc_threshold_met': False, 'react_termination_reason': 'max_steps_exceeded'}
2026-08-23 15:22:20 | INFO | Answer | EM: 0.0000 | F1: 0.0000
2026-08-23 15:22:20 | INFO | Result | Correct: False | Running EM: 31.60% | Termination: fallback_cot_sc | Steps: 28 | Tool calls: 7 | Latency: 14.003s
2026-08-23 15:22:20 | INFO | Prediction: Denmark
2026-08-23 15:22:20 | INFO | Gold: Switzerland
2026-08-23 15:22:20 | INFO | Agent metadata: {'selected_path': 'react', 'fallback_used': False, 'react_termination_reason': 'completed'}
2026-08-23 15:22:20 | INFO | Answer | EM: 0.0000 | F1: 0.0000
2026-08-23 15:22:20 | INFO | Result | Correct: False | Running EM: 31.53% | Termination: react_completed | Steps: 3 | Tool calls: 2 | Latency: 14.003s
2026-08-23 15:22:20 | INFO | Prediction: Tennessee's 1st congressional district
2026-08-23 15:22:20 | INFO | Gold: Texas's 27th congressional district
2026-08-23 15:22:20 | INFO | Agent metadata: {'cot_sc_samples': 21, 'cot_sc_valid_answers': 21, 'cot_sc_winning_count': 19, 'cot_sc_confidence': 0.9047619047619048, 'cot_sc_winning_answer': "Tennessee's 1st congressional district", 'cot_sc_vote_counts': {'tennessees 1st congressional district': 19, 'tennessees 1st district': 1, 'tennessees 4th congressional district': 1}, 'selected_path': 'cot_sc', 'fallback_used': True, 'cot_sc_paper_threshold': 10.5, 'cot_sc_threshold_met': True, 'react_termination_reason': 'max_steps_exceeded'}
2026-08-23 15:22:20 | INFO | Answer | EM: 0.0000 | F1: 0.5000
2026-08-23 15:22:20 | INFO | Result | Correct: False | Running EM: 31.46% | Termination: fallback_cot_sc | Steps: 28 | Tool calls: 7 | Latency: 14.003s
2026-08-23 15:22:20 | INFO | Prediction: 1918-2009
2026-08-23 15:22:20 | INFO | Gold: Philip José Farmer
2026-08-23 15:22:20 | INFO | Agent metadata: {'selected_path': 'react', 'fallback_used': False, 'react_termination_reason': 'completed'}
2026-08-23 15:22:20 | INFO | Answer | EM: 0.0000 | F1: 0.0000
2026-08-23 15:22:20 | INFO | Result | Correct: False | Running EM: 31.39% | Termination: react_completed | Steps: 3 | Tool calls: 2 | Latency: 14.003s
2026-08-23 15:22:20 | INFO | Prediction: Frederick I, Elector of Saxony and his brother William II, Margrave of Meissen
2026-08-23 15:22:20 | INFO | Gold: Frederick I, Elector of Saxony
2026-08-23 15:22:20 | INFO | Agent metadata: {'selected_path': 'react', 'fallback_used': False, 'react_termination_reason': 'completed'}
2026-08-23 15:22:20 | INFO | Answer | EM: 0.0000 | F1: 0.5556
2026-08-23 15:22:20 | INFO | Result | Correct: False | Running EM: 31.32% | Termination: react_completed | Steps: 2 | Tool calls: 1 | Latency: 14.003s
2026-08-23 15:22:20 | INFO | Prediction: Stephen Sondheim
2026-08-23 15:22:20 | INFO | Gold: Stephen Sondheim
2026-08-23 15:22:20 | INFO | Agent metadata: {'selected_path': 'react', 'fallback_used': False, 'react_termination_reason': 'completed'}
2026-08-23 15:22:20 | INFO | Answer | EM: 1.0000 | F1: 1.0000
2026-08-23 15:22:20 | INFO | Result | Correct: True | Running EM: 31.47% | Termination: react_completed | Steps: 4 | Tool calls: 3 | Latency: 14.003s
2026-08-23 15:22:20 | INFO | Inference batch [449-456/500] size=8
2026-08-23 15:22:20 | INFO | [449/500] example_id=5ab7f7465542993667794071
2026-08-23 15:22:20 | INFO | Question: What type of engine powered both the Saab 36 and the Avro Vulcan?
2026-08-23 15:22:20 | INFO | [450/500] example_id=5a8979f4554299669944a52e
2026-08-23 15:22:20 | INFO | Question: What is the middle name of the actress who plays Bobbi Bacha in Suburban Madness?
2026-08-23 15:22:20 | INFO | [451/500] example_id=5a8bd2965542997f31a41dd1
2026-08-23 15:22:20 | INFO | Question: Were both magazines Diva and Cleo founded in the same country?
2026-08-23 15:22:20 | INFO | [452/500] example_id=5a8da2b05542994ba4e3dcdc
2026-08-23 15:22:20 | INFO | Question: The Grieg crater is named for a Norwegian composer who composed during what era?
2026-08-23 15:22:20 | INFO | [453/500] example_id=5ac4f9db55429924173fb532
2026-08-23 15:22:20 | INFO | Question: Tritonia and Phyteuma are both names for a what of plants?
2026-08-23 15:22:20 | INFO | [454/500] example_id=5a8cee9b554299441c6b9f87
2026-08-23 15:22:20 | INFO | Question: Haier has North American rights to which appliance company headquartered in Louisville, Kentucky?
2026-08-23 15:22:20 | INFO | [455/500] example_id=5adfad2b554299603e41835c
2026-08-23 15:22:20 | INFO | Question: The song Arizona was recorded by Paul Revere and Mark Lindsay but who wrote the song?
2026-08-23 15:22:20 | INFO | [456/500] example_id=5a8220db5542995ce29dccc1
2026-08-23 15:22:20 | INFO | Question: Which was secretary to President Richard Nixon: Rose Mary Woods or H. R. Haldeman?
2026-08-23 15:24:04 | INFO | Prediction: Rolls-Royce Avon engines
2026-08-23 15:24:04 | INFO | Gold: British Bristol Olympus turbojet
2026-08-23 15:24:04 | INFO | Agent metadata: {'cot_sc_samples': 21, 'cot_sc_valid_answers': 21, 'cot_sc_winning_count': 5, 'cot_sc_confidence': 0.23809523809523808, 'cot_sc_winning_answer': 'Rolls-Royce Avon engines', 'cot_sc_vote_counts': {'rollsroyce avon engines': 5, 'jet engines': 3, 'rollsroyce': 2, 'turbojet': 1, 'turbofan engine': 1, 'rollsroyce turbojet engines': 1, 'rollsroyce engines': 1, 'turbojet engines': 1, 'turbocharged v8 engine and rollsroyce avon engines': 1, 'jet engine but different specific models': 1, 'no such engine exists': 1, 'turbojet engine': 1, 'turbojet and different models': 1, 'none': 1}, 'selected_path': 'cot_sc', 'fallback_used': True, 'cot_sc_paper_threshold': 10.5, 'cot_sc_threshold_met': False, 'react_termination_reason': 'action_loop'}
2026-08-23 15:24:04 | INFO | Answer | EM: 0.0000 | F1: 0.0000
2026-08-23 15:24:04 | INFO | Result | Correct: False | Running EM: 31.40% | Termination: fallback_cot_sc | Steps: 28 | Tool calls: 5 | Latency: 12.959s
2026-08-23 15:24:04 | INFO | Prediction: Jean
2026-08-23 15:24:04 | INFO | Gold: Ann
2026-08-23 15:24:04 | INFO | Agent metadata: {'cot_sc_samples': 21, 'cot_sc_valid_answers': 21, 'cot_sc_winning_count': 3, 'cot_sc_confidence': 0.14285714285714285, 'cot_sc_winning_answer': 'Jean', 'cot_sc_vote_counts': {'jean': 3, 'lynne': 2, 'cannot determine without additional information': 2, 'mcqueen': 1, 'ann': 1, 'lynn': 1, 'jane elizabeth doe hypothetical example': 1, 'cannot determine': 1, 'elizabeth': 1, 'joy': 1, 'not available in my current knowledge base': 1, 'not enough information provided': 1, 'patricia': 1, 'lyn': 1, 'sarah michelle gellar': 1, 'jane assuming actresss full name is sarah jane smith': 1, 'not enough information': 1}, 'selected_path': 'cot_sc', 'fallback_used': True, 'cot_sc_paper_threshold': 10.5, 'cot_sc_threshold_met': False, 'react_termination_reason': 'action_loop'}
2026-08-23 15:24:04 | INFO | Answer | EM: 0.0000 | F1: 0.0000
2026-08-23 15:24:04 | INFO | Result | Correct: False | Running EM: 31.33% | Termination: fallback_cot_sc | Steps: 28 | Tool calls: 5 | Latency: 12.959s
2026-08-23 15:24:04 | INFO | Prediction: no
2026-08-23 15:24:04 | INFO | Gold: no
2026-08-23 15:24:04 | INFO | Agent metadata: {'selected_path': 'react', 'fallback_used': False, 'react_termination_reason': 'completed'}
2026-08-23 15:24:04 | INFO | Answer | EM: 1.0000 | F1: 1.0000
2026-08-23 15:24:04 | INFO | Result | Correct: True | Running EM: 31.49% | Termination: react_completed | Steps: 3 | Tool calls: 2 | Latency: 12.959s
2026-08-23 15:24:04 | INFO | Prediction: Romantic era
2026-08-23 15:24:04 | INFO | Gold: Romantic
2026-08-23 15:24:04 | INFO | Agent metadata: {'selected_path': 'react', 'fallback_used': False, 'react_termination_reason': 'completed'}
2026-08-23 15:24:04 | INFO | Answer | EM: 0.0000 | F1: 0.6667
2026-08-23 15:24:04 | INFO | Result | Correct: False | Running EM: 31.42% | Termination: react_completed | Steps: 4 | Tool calls: 3 | Latency: 12.959s
2026-08-23 15:24:04 | INFO | Prediction: no
2026-08-23 15:24:04 | INFO | Gold: genus
2026-08-23 15:24:04 | INFO | Agent metadata: {'selected_path': 'react', 'fallback_used': False, 'react_termination_reason': 'completed'}
2026-08-23 15:24:04 | INFO | Answer | EM: 0.0000 | F1: 0.0000
2026-08-23 15:24:04 | INFO | Result | Correct: False | Running EM: 31.35% | Termination: react_completed | Steps: 5 | Tool calls: 4 | Latency: 12.959s
2026-08-23 15:24:04 | INFO | Prediction: GE Appliances
2026-08-23 15:24:04 | INFO | Gold: GE Appliances
2026-08-23 15:24:04 | INFO | Agent metadata: {'selected_path': 'react', 'fallback_used': False, 'react_termination_reason': 'completed'}
2026-08-23 15:24:04 | INFO | Answer | EM: 1.0000 | F1: 1.0000
2026-08-23 15:24:04 | INFO | Result | Correct: True | Running EM: 31.50% | Termination: react_completed | Steps: 3 | Tool calls: 2 | Latency: 12.959s
2026-08-23 15:24:04 | INFO | Prediction: Bob Crewe and Bob Gaudio
2026-08-23 15:24:04 | INFO | Gold: Kenny Young
2026-08-23 15:24:04 | INFO | Agent metadata: {'cot_sc_samples': 21, 'cot_sc_valid_answers': 21, 'cot_sc_winning_count': 3, 'cot_sc_confidence': 0.14285714285714285, 'cot_sc_winning_answer': 'Bob Crewe and Bob Gaudio', 'cot_sc_vote_counts': {'bob crewe and bob gaudio': 3, 'bob nolan': 2, 'bob rafelson and jim fox': 1, 'bob nolan and jim cronin': 1, 'bob taylor and jack jacobs': 1, 'bob wilson and randy newman': 1, 'bob rafaeli and bob crawford wrote song': 1, 'bob gaudio and bobby zane': 1, 'paul revere raiders': 1, 'bob gordon and garry hodgson': 1, 'barry manilow and norman gimbel': 1, 'bobby fuller': 1, 'jack rael and paul bailey': 1, 'jack greene': 1, 'bob brunning and lee hazlewood': 1, 'don siegelman and jimmie haskell': 1, 'bob lieder and lee hazlewood': 1, 'bob taylor and jim talbot': 1}, 'selected_path': 'cot_sc', 'fallback_used': True, 'cot_sc_paper_threshold': 10.5, 'cot_sc_threshold_met': False, 'react_termination_reason': 'action_loop'}
2026-08-23 15:24:04 | INFO | Answer | EM: 0.0000 | F1: 0.0000
2026-08-23 15:24:04 | INFO | Result | Correct: False | Running EM: 31.43% | Termination: fallback_cot_sc | Steps: 24 | Tool calls: 1 | Latency: 12.959s
2026-08-23 15:24:04 | INFO | Prediction: Rose Mary Woods
2026-08-23 15:24:04 | INFO | Gold: Rose Mary Woods
2026-08-23 15:24:04 | INFO | Agent metadata: {'selected_path': 'react', 'fallback_used': False, 'react_termination_reason': 'completed'}
2026-08-23 15:24:04 | INFO | Answer | EM: 1.0000 | F1: 1.0000
2026-08-23 15:24:04 | INFO | Result | Correct: True | Running EM: 31.58% | Termination: react_completed | Steps: 6 | Tool calls: 5 | Latency: 12.959s
2026-08-23 15:24:04 | INFO | Inference batch [457-464/500] size=8
2026-08-23 15:24:04 | INFO | [457/500] example_id=5ab4774d5542991751b4d781
2026-08-23 15:24:04 | INFO | Question: Crash is similar to what 16th century British card game in the sense that there is no betting?
2026-08-23 15:24:04 | INFO | [458/500] example_id=5add56ad5542992200553abf
2026-08-23 15:24:04 | INFO | Question: What resort in Biloxi, Mississippi does the Chief Operating Officer of the largest single hotel in the United States oversee?
2026-08-23 15:24:04 | INFO | [459/500] example_id=5ab44ab25542991779162c58
2026-08-23 15:24:04 | INFO | Question: What are both Camel Up and Outrage!?
2026-08-23 15:24:04 | INFO | [460/500] example_id=5a8b057255429971feec4611
2026-08-23 15:24:04 | INFO | Question: David Lightfoot worked on what film loosely based on the murders of tourists by Ivan Milat in the 1990's?
2026-08-23 15:24:04 | INFO | [461/500] example_id=5ae4be5c5542995ad6573e3a
2026-08-23 15:24:04 | INFO | Question: Who recorded the song written by Johnny Russell
2026-08-23 15:24:04 | INFO | [462/500] example_id=5abaf4535542996cc5e49f35
2026-08-23 15:24:04 | INFO | Question: Where was the coach of the 1999 Oklahoma State Cowboys football team hired in 2013?
2026-08-23 15:24:04 | INFO | [463/500] example_id=5adefcf15542995ec70e8f4c
2026-08-23 15:24:04 | INFO | Question: What position does the First Vice Captain of Juventus play?
2026-08-23 15:24:04 | INFO | [464/500] example_id=5a883afc5542994846c1ce48
2026-08-23 15:24:04 | INFO | Question: What city is the band that recorded Renegade from?
2026-08-23 15:25:47 | INFO | Prediction: Primero
2026-08-23 15:25:47 | INFO | Gold: In Crash, there is no betting, as in Brag
2026-08-23 15:25:47 | INFO | Agent metadata: {'selected_path': 'react', 'fallback_used': False, 'react_termination_reason': 'completed'}
2026-08-23 15:25:47 | INFO | Answer | EM: 0.0000 | F1: 0.0000
2026-08-23 15:25:47 | INFO | Result | Correct: False | Running EM: 31.51% | Termination: react_completed | Steps: 4 | Tool calls: 3 | Latency: 12.943s
2026-08-23 15:25:47 | INFO | Prediction: no
2026-08-23 15:25:47 | INFO | Gold: Beau Rivage
2026-08-23 15:25:47 | INFO | Agent metadata: {'selected_path': 'react', 'fallback_used': False, 'react_termination_reason': 'completed'}
2026-08-23 15:25:47 | INFO | Answer | EM: 0.0000 | F1: 0.0000
2026-08-23 15:25:47 | INFO | Result | Correct: False | Running EM: 31.44% | Termination: react_completed | Steps: 5 | Tool calls: 4 | Latency: 12.943s
2026-08-23 15:25:47 | INFO | Prediction: both Camel Up and Outrage! are board games
2026-08-23 15:25:47 | INFO | Gold: board game
2026-08-23 15:25:47 | INFO | Agent metadata: {'selected_path': 'react', 'fallback_used': False, 'react_termination_reason': 'completed'}
2026-08-23 15:25:47 | INFO | Answer | EM: 0.0000 | F1: 0.2000
2026-08-23 15:25:47 | INFO | Result | Correct: False | Running EM: 31.37% | Termination: react_completed | Steps: 5 | Tool calls: 4 | Latency: 12.943s
2026-08-23 15:25:47 | INFO | Prediction: yes
2026-08-23 15:25:47 | INFO | Gold: Wolf Creek
2026-08-23 15:25:47 | INFO | Agent metadata: {'selected_path': 'react', 'fallback_used': False, 'react_termination_reason': 'completed'}
2026-08-23 15:25:47 | INFO | Answer | EM: 0.0000 | F1: 0.0000
2026-08-23 15:25:47 | INFO | Result | Correct: False | Running EM: 31.30% | Termination: react_completed | Steps: 5 | Tool calls: 4 | Latency: 12.943s
2026-08-23 15:25:47 | INFO | Prediction: Buck Owens
2026-08-23 15:25:47 | INFO | Gold: Buck Owens
2026-08-23 15:25:47 | INFO | Agent metadata: {'selected_path': 'react', 'fallback_used': False, 'react_termination_reason': 'completed'}
2026-08-23 15:25:47 | INFO | Answer | EM: 1.0000 | F1: 1.0000
2026-08-23 15:25:47 | INFO | Result | Correct: True | Running EM: 31.45% | Termination: react_completed | Steps: 4 | Tool calls: 3 | Latency: 12.943s
2026-08-23 15:25:47 | INFO | Prediction: Oklahoma State University
2026-08-23 15:25:47 | INFO | Gold: Boulder High School
2026-08-23 15:25:47 | INFO | Agent metadata: {'cot_sc_samples': 21, 'cot_sc_valid_answers': 21, 'cot_sc_winning_count': 4, 'cot_sc_confidence': 0.19047619047619047, 'cot_sc_winning_answer': 'Oklahoma State University', 'cot_sc_vote_counts': {'oklahoma state university': 4, 'university of wyoming': 1, 'arkansas state university': 1, 'duke university': 1, 'eastern illinois university': 1, 'university of florida': 1, 'oklahoma state': 1, 'mississippi valley state university': 1, 'mississippi state': 1, 'mississippi valley state': 1, 'mississippi state university': 1, 'texas tech': 1, 'university of south carolina': 1, 'new mexico state aggies': 1, 'arkansas state red wolves football team': 1, 'ohio state university': 1, 'sam houston state university': 1, 'ohio state buckeyes': 1}, 'selected_path': 'cot_sc', 'fallback_used': True, 'cot_sc_paper_threshold': 10.5, 'cot_sc_threshold_met': False, 'react_termination_reason': 'action_loop'}
2026-08-23 15:25:47 | INFO | Answer | EM: 0.0000 | F1: 0.0000
2026-08-23 15:25:47 | INFO | Result | Correct: False | Running EM: 31.39% | Termination: fallback_cot_sc | Steps: 24 | Tool calls: 1 | Latency: 12.943s
2026-08-23 15:25:47 | INFO | Prediction: defender
2026-08-23 15:25:47 | INFO | Gold: centre-back
2026-08-23 15:25:47 | INFO | Agent metadata: {'cot_sc_samples': 21, 'cot_sc_valid_answers': 21, 'cot_sc_winning_count': 5, 'cot_sc_confidence': 0.23809523809523808, 'cot_sc_winning_answer': 'defender', 'cot_sc_vote_counts': {'defender': 5, 'this information is not available in my general knowledge': 1, 'position of first vice captain of juventus cannot be determined without recent team information': 1, 'midfielder or defender': 1, 'position of first vice captain of juventus does not indicate playing position on field': 1, 'not publicly disclosed varies by year': 1, 'position cannot be determined without knowing who currently holds title of first vice captain and what position that player plays': 1, 'not specified': 1, 'not applicable as position cannot be determined for first vice president of juventus': 1, 'center back': 1, 'defensive midfielder': 1, 'position of first vice captain in juventus can vary but it is typically key midfielder like miralem pjanic who holds this role': 1, 'position cannot be determined with given information': 1, 'not applicable requires specific individual information': 1, 'defensive midfielder or centreback': 1, 'not specified by position of first vice captain': 1, 'cannot determine without current holders position information': 1}, 'selected_path': 'cot_sc', 'fallback_used': True, 'cot_sc_paper_threshold': 10.5, 'cot_sc_threshold_met': False, 'react_termination_reason': 'max_steps_exceeded'}
2026-08-23 15:25:47 | INFO | Answer | EM: 0.0000 | F1: 0.0000
2026-08-23 15:25:47 | INFO | Result | Correct: False | Running EM: 31.32% | Termination: fallback_cot_sc | Steps: 28 | Tool calls: 7 | Latency: 12.943s
2026-08-23 15:25:47 | INFO | Prediction: Chicago
2026-08-23 15:25:47 | INFO | Gold: Chicago
2026-08-23 15:25:47 | INFO | Agent metadata: {'selected_path': 'react', 'fallback_used': False, 'react_termination_reason': 'completed'}
2026-08-23 15:25:47 | INFO | Answer | EM: 1.0000 | F1: 1.0000
2026-08-23 15:25:47 | INFO | Result | Correct: True | Running EM: 31.47% | Termination: react_completed | Steps: 3 | Tool calls: 2 | Latency: 12.943s
2026-08-23 15:25:47 | INFO | Inference batch [465-472/500] size=8
2026-08-23 15:25:47 | INFO | [465/500] example_id=5a721e0e55429971e9dc928d
2026-08-23 15:25:47 | INFO | Question: which university was founded first Duke University or Tufts University?
2026-08-23 15:25:47 | INFO | [466/500] example_id=5ab66e1355429954757d32b2
2026-08-23 15:25:47 | INFO | Question: Are Sunset Strip and American Hardcore both music documentaries?
2026-08-23 15:25:47 | INFO | [467/500] example_id=5a7fa08d55429969796c1af7
2026-08-23 15:25:47 | INFO | Question: Were the board games, Clans and Drunter und Drüber, both created by Leo Colovini?
2026-08-23 15:25:47 | INFO | [468/500] example_id=5ae8202255429952e35eaa3a
2026-08-23 15:25:47 | INFO | Question: What Japanese fashion label was founded by the creator of Dover Street Market?
2026-08-23 15:25:47 | INFO | [469/500] example_id=5ab57759554299637185c5a5
2026-08-23 15:25:47 | INFO | Question: Princess Marie-Clementine Bagration was the illegitimate daughter of the Austrian Empire's Foreign Minister whose resignation was forced by what?
2026-08-23 15:25:47 | INFO | [470/500] example_id=5ab96c93554299743d22eb63
2026-08-23 15:25:47 | INFO | Question: Which of the cities of Dujiangyan City and Ezhou has the larger population according to their latest census ?
2026-08-23 15:25:47 | INFO | [471/500] example_id=5ae2d8fb55429928c42394fa
2026-08-23 15:25:47 | INFO | Question: Who was the base where the 413th Flight Test Group is stationed named after?
2026-08-23 15:25:47 | INFO | [472/500] example_id=5ae2e61455429928c423953e
2026-08-23 15:25:47 | INFO | Question: What is the inspirational source behind the name of this studio album by the British rock band Queen released by EMI Records that was included in the The Crown Jewels?
2026-08-23 15:27:27 | INFO | Prediction: Duke University
2026-08-23 15:27:27 | INFO | Gold: Duke University
2026-08-23 15:27:27 | INFO | Agent metadata: {'selected_path': 'react', 'fallback_used': False, 'react_termination_reason': 'completed'}
2026-08-23 15:27:27 | INFO | Answer | EM: 1.0000 | F1: 1.0000
2026-08-23 15:27:27 | INFO | Result | Correct: True | Running EM: 31.61% | Termination: react_completed | Steps: 3 | Tool calls: 2 | Latency: 12.514s
2026-08-23 15:27:27 | INFO | Prediction: Yes
2026-08-23 15:27:27 | INFO | Gold: no
2026-08-23 15:27:27 | INFO | Agent metadata: {'cot_sc_samples': 21, 'cot_sc_valid_answers': 21, 'cot_sc_winning_count': 14, 'cot_sc_confidence': 0.6666666666666666, 'cot_sc_winning_answer': 'Yes', 'cot_sc_vote_counts': {'yes': 14, 'no': 7}, 'selected_path': 'cot_sc', 'fallback_used': True, 'cot_sc_paper_threshold': 10.5, 'cot_sc_threshold_met': True, 'react_termination_reason': 'max_steps_exceeded'}
2026-08-23 15:27:27 | INFO | Answer | EM: 0.0000 | F1: 0.0000
2026-08-23 15:27:27 | INFO | Result | Correct: False | Running EM: 31.55% | Termination: fallback_cot_sc | Steps: 28 | Tool calls: 7 | Latency: 12.514s
2026-08-23 15:27:27 | INFO | Prediction: no
2026-08-23 15:27:27 | INFO | Gold: Drunter und Drüber is a multiplayer board game invented by Klaus Teuber
2026-08-23 15:27:27 | INFO | Agent metadata: {'selected_path': 'react', 'fallback_used': False, 'react_termination_reason': 'completed'}
2026-08-23 15:27:27 | INFO | Answer | EM: 0.0000 | F1: 0.0000
2026-08-23 15:27:27 | INFO | Result | Correct: False | Running EM: 31.48% | Termination: react_completed | Steps: 3 | Tool calls: 2 | Latency: 12.514s
2026-08-23 15:27:27 | INFO | Prediction: Comme des Garçons
2026-08-23 15:27:27 | INFO | Gold: Comme des Garçons
2026-08-23 15:27:27 | INFO | Agent metadata: {'selected_path': 'react', 'fallback_used': False, 'react_termination_reason': 'completed'}
2026-08-23 15:27:27 | INFO | Answer | EM: 1.0000 | F1: 1.0000
2026-08-23 15:27:27 | INFO | Result | Correct: True | Running EM: 31.62% | Termination: react_completed | Steps: 5 | Tool calls: 4 | Latency: 12.514s
2026-08-23 15:27:27 | INFO | Prediction: the refusal of Emperor Joseph II to remove the ban on stage plays in Vienna
2026-08-23 15:27:27 | INFO | Gold: the liberal revolutions of 1848
2026-08-23 15:27:27 | INFO | Agent metadata: {'cot_sc_samples': 21, 'cot_sc_valid_answers': 21, 'cot_sc_winning_count': 1, 'cot_sc_confidence': 0.047619047619047616, 'cot_sc_winning_answer': 'the refusal of Emperor Joseph II to remove the ban on stage plays in Vienna', 'cot_sc_vote_counts': {'refusal of emperor joseph ii to remove ban on stage plays in vienna': 1, 'viennese court scandal': 1, 'resignation of count karl von buol austrias foreign minister was forced by political scandal surrounding his affair with princess marieclementine bagration': 1, 'outbreak of napoleonic war in 1805': 1, 'peace of paris in 1856': 1, 'vienna耽搁事件': 1, 'failure to prevent war of fourth coalition': 1, 'count karl von buols resignation was forced by austrian emperor francis i': 1, 'battle of austerlitz in 1805': 1, 'three musketeers campaign against him': 1, 'revolutions of 1848 in german states': 1, 'war of austrian succession': 1, 'rejection of austrohungarian compromise of 1867': 1, 'failure to prevent outbreak of seven years war in 1756': 1, 'rejection of austrian candidate for archbishopric of cologne': 1, 'affair of poop deck': 1, 'treaty of jassy': 1, 'count karl von buols resignation was forced by austrian emperor due to his affair with marie christine of lorraine': 1, 'war of third coalition': 1, 'count karl von buols resignation was forced by public scandal surrounding princess marieclementine bagrations affair': 1, 'failure of austroturkish war of 1787–1791': 1}, 'selected_path': 'cot_sc', 'fallback_used': True, 'cot_sc_paper_threshold': 10.5, 'cot_sc_threshold_met': False, 'react_termination_reason': 'max_steps_exceeded'}
2026-08-23 15:27:27 | INFO | Answer | EM: 0.0000 | F1: 0.1176
2026-08-23 15:27:27 | INFO | Result | Correct: False | Running EM: 31.56% | Termination: fallback_cot_sc | Steps: 28 | Tool calls: 7 | Latency: 12.514s
2026-08-23 15:27:27 | INFO | Prediction: Ezhou
2026-08-23 15:27:27 | INFO | Gold: Ezhou
2026-08-23 15:27:27 | INFO | Agent metadata: {'selected_path': 'react', 'fallback_used': False, 'react_termination_reason': 'completed'}
2026-08-23 15:27:27 | INFO | Answer | EM: 1.0000 | F1: 1.0000
2026-08-23 15:27:27 | INFO | Result | Correct: True | Running EM: 31.70% | Termination: react_completed | Steps: 4 | Tool calls: 3 | Latency: 12.514s
2026-08-23 15:27:27 | INFO | Prediction: Brigadier General Augustine Warner Robins
2026-08-23 15:27:27 | INFO | Gold: Brig Gen Augustine Warner Robins
2026-08-23 15:27:27 | INFO | Agent metadata: {'selected_path': 'react', 'fallback_used': False, 'react_termination_reason': 'completed'}
2026-08-23 15:27:27 | INFO | Answer | EM: 0.0000 | F1: 0.6000
2026-08-23 15:27:27 | INFO | Result | Correct: False | Running EM: 31.63% | Termination: react_completed | Steps: 3 | Tool calls: 2 | Latency: 12.514s
2026-08-23 15:27:27 | INFO | Prediction: the Marx Brothers' film of the same name
2026-08-23 15:27:27 | INFO | Gold: Marx Brothers film
2026-08-23 15:27:27 | INFO | Agent metadata: {'selected_path': 'react', 'fallback_used': False, 'react_termination_reason': 'completed'}
2026-08-23 15:27:27 | INFO | Answer | EM: 0.0000 | F1: 0.6667
2026-08-23 15:27:27 | INFO | Result | Correct: False | Running EM: 31.57% | Termination: react_completed | Steps: 5 | Tool calls: 4 | Latency: 12.514s
2026-08-23 15:27:27 | INFO | Inference batch [473-480/500] size=8
2026-08-23 15:27:27 | INFO | [473/500] example_id=5ac0aa595542992a796ded5a
2026-08-23 15:27:27 | INFO | Question: Luis Gianneo was teacher of which chief exponent of Argentine folk music?
2026-08-23 15:27:27 | INFO | [474/500] example_id=5abcf46255429959677d6b6b
2026-08-23 15:27:27 | INFO | Question: The composer for the music in the film "A Clockwork Orange" was born in which state?
2026-08-23 15:27:27 | INFO | [475/500] example_id=5ac2ab9455429967731025f0
2026-08-23 15:27:27 | INFO | Question: Which award did the Tunisian-Dutch actor that starred in Collide win?
2026-08-23 15:27:27 | INFO | [476/500] example_id=5a8f4c8d554299458435d5a3
2026-08-23 15:27:27 | INFO | Question: Scott Parkin has been a vocal critic of Exxonmobil and another corporation that has operations in how many countries ?
2026-08-23 15:27:27 | INFO | [477/500] example_id=5a7717635542994aec3b71e3
2026-08-23 15:27:27 | INFO | Question: Who is the writer for an American teen sitcom created by Kim Bass for Nickelodeon?
2026-08-23 15:27:27 | INFO | [478/500] example_id=5a89019a5542995153361259
2026-08-23 15:27:27 | INFO | Question: Mazda's Mazda6 belongs to which country's car manufacturer?
2026-08-23 15:27:27 | INFO | [479/500] example_id=5a849c135542992a431d1a7a
2026-08-23 15:27:27 | INFO | Question: What was the 2016 population of the city on the Bay Fundy which had an office of the Bank of British North America?
2026-08-23 15:27:27 | INFO | [480/500] example_id=5addf3d65542990dbb2f7f0e
2026-08-23 15:27:27 | INFO | Question: Are Ballota and Myosotis both evergreens?
2026-08-23 15:29:46 | INFO | Prediction: Ariel Ramirez
2026-08-23 15:29:46 | INFO | Gold: Ariel Ramírez
2026-08-23 15:29:46 | INFO | Agent metadata: {'selected_path': 'react', 'fallback_used': False, 'react_termination_reason': 'completed'}
2026-08-23 15:29:46 | INFO | Answer | EM: 0.0000 | F1: 0.5000
2026-08-23 15:29:46 | INFO | Result | Correct: False | Running EM: 31.50% | Termination: react_completed | Steps: 3 | Tool calls: 2 | Latency: 17.367s
2026-08-23 15:29:46 | INFO | Prediction: Rhode Island
2026-08-23 15:29:46 | INFO | Gold: Rhode Island
2026-08-23 15:29:46 | INFO | Agent metadata: {'selected_path': 'react', 'fallback_used': False, 'react_termination_reason': 'completed'}
2026-08-23 15:29:46 | INFO | Answer | EM: 1.0000 | F1: 1.0000
2026-08-23 15:29:46 | INFO | Result | Correct: True | Running EM: 31.65% | Termination: react_completed | Steps: 3 | Tool calls: 2 | Latency: 17.367s
2026-08-23 15:29:46 | INFO | Prediction: Best Actor Award at the Dubai International Film Festival
2026-08-23 15:29:46 | INFO | Gold: Best Actor in 2013
2026-08-23 15:29:46 | INFO | Agent metadata: {'cot_sc_samples': 21, 'cot_sc_valid_answers': 21, 'cot_sc_winning_count': 4, 'cot_sc_confidence': 0.19047619047619047, 'cot_sc_winning_answer': 'Best Actor Award at the Dubai International Film Festival', 'cot_sc_vote_counts': {'best actor award at dubai international film festival': 4, 'best actor award at amsterdam film festival': 2, 'césar award for best actor': 1, 'prix de la révélation revelation prize': 1, 'question requires more specific information to provide accurate answer': 1, 'european film award for best actor for intouchables not collide': 1, 'maghreb award for best actor at cairo international film festival': 1, 'best actor award at marrakech international film festival': 1, 'goya award for best actor': 1, 'prix de la révélation féminine best emerging female actress': 1, 'critics week grand prize at cannes film festival': 1, 'european film award for best actor': 1, 'best actor award at cannes film festival': 1, 'not applicable as there is no known tunisiandutch actor who starred in collide': 1, 'best actor award at african movie academy awards': 1, 'magritte award for best supporting actor': 1, 'europa cinemas label award': 1}, 'selected_path': 'cot_sc', 'fallback_used': True, 'cot_sc_paper_threshold': 10.5, 'cot_sc_threshold_met': False, 'react_termination_reason': 'max_steps_exceeded'}
2026-08-23 15:29:46 | INFO | Answer | EM: 0.0000 | F1: 0.3333
2026-08-23 15:29:46 | INFO | Result | Correct: False | Running EM: 31.58% | Termination: fallback_cot_sc | Steps: 28 | Tool calls: 7 | Latency: 17.367s
2026-08-23 15:29:46 | INFO | Prediction: 180 countries
2026-08-23 15:29:46 | INFO | Gold: more than 70 countries
2026-08-23 15:29:46 | INFO | Agent metadata: {'cot_sc_samples': 21, 'cot_sc_valid_answers': 21, 'cot_sc_winning_count': 8, 'cot_sc_confidence': 0.38095238095238093, 'cot_sc_winning_answer': '180 countries', 'cot_sc_vote_counts': {'180 countries': 8, '82': 2, 'bp': 2, '82 countries': 1, '28countries': 1, 'bp which operates in over 100 countries': 1, '100': 1, '30 countries': 1, '70': 1, '18 countries': 1, '100多个国家': 1, '82countries': 1}, 'selected_path': 'cot_sc', 'fallback_used': True, 'cot_sc_paper_threshold': 10.5, 'cot_sc_threshold_met': False, 'react_termination_reason': 'max_steps_exceeded'}
2026-08-23 15:29:46 | INFO | Answer | EM: 0.0000 | F1: 0.3333
2026-08-23 15:29:46 | INFO | Result | Correct: False | Running EM: 31.51% | Termination: fallback_cot_sc | Steps: 28 | Tool calls: 6 | Latency: 17.367s
2026-08-23 15:29:46 | INFO | Prediction: David Klein
2026-08-23 15:29:46 | INFO | Gold: Wayne Conley
2026-08-23 15:29:46 | INFO | Agent metadata: {'cot_sc_samples': 21, 'cot_sc_valid_answers': 19, 'cot_sc_winning_count': 3, 'cot_sc_confidence': 0.14285714285714285, 'cot_sc_winning_answer': 'David Klein', 'cot_sc_vote_counts': {'david klein': 3, 'jeff richmond': 3, 'dan schneider': 2, 'kevin porter jr': 1, 'david勤思': 1, 'moira kelly': 1, 'carly rowell': 1, 'kevin hart': 1, 'austin winsberg': 1, 'david schwimmer 和 michael rechtshaffen 是该节目的主要创作者和编剧。': 1, 'josh selig jordan k fischer jessica rolph and others': 1, 'evan r smith': 1, 'evan lurie': 1, 'ross bagdasarian jr': 1}, 'selected_path': 'cot_sc', 'fallback_used': True, 'cot_sc_paper_threshold': 10.5, 'cot_sc_threshold_met': False, 'react_termination_reason': 'action_loop'}
2026-08-23 15:29:46 | INFO | Answer | EM: 0.0000 | F1: 0.0000
2026-08-23 15:29:46 | INFO | Result | Correct: False | Running EM: 31.45% | Termination: fallback_cot_sc | Steps: 27 | Tool calls: 4 | Latency: 17.367s
2026-08-23 15:29:46 | INFO | Prediction: Japan
2026-08-23 15:29:46 | INFO | Gold: Japanese
2026-08-23 15:29:46 | INFO | Agent metadata: {'selected_path': 'react', 'fallback_used': False, 'react_termination_reason': 'completed'}
2026-08-23 15:29:46 | INFO | Answer | EM: 0.0000 | F1: 0.0000
2026-08-23 15:29:46 | INFO | Result | Correct: False | Running EM: 31.38% | Termination: react_completed | Steps: 2 | Tool calls: 1 | Latency: 17.367s
2026-08-23 15:29:46 | INFO | Prediction: 65,000
2026-08-23 15:29:46 | INFO | Gold: 67,575
2026-08-23 15:29:46 | INFO | Agent metadata: {'cot_sc_samples': 21, 'cot_sc_valid_answers': 21, 'cot_sc_winning_count': 5, 'cot_sc_confidence': 0.23809523809523808, 'cot_sc_winning_answer': '65,000', 'cot_sc_vote_counts': {'65000': 5, '63644': 1, '65680': 1, '65513': 1, '65300': 1, '65133': 1, '65100': 1, '409360': 1, '68176': 1, '65337': 1, '65537': 1, '69000': 1, '65108': 1, 'exact 2016 population is not available through my current knowledge but it would be significantly higher than 16000 based on historical growth trends': 1, '65344': 1, '68130': 1, '65115': 1}, 'selected_path': 'cot_sc', 'fallback_used': True, 'cot_sc_paper_threshold': 10.5, 'cot_sc_threshold_met': False, 'react_termination_reason': 'max_steps_exceeded'}
2026-08-23 15:29:46 | INFO | Answer | EM: 0.0000 | F1: 0.0000
2026-08-23 15:29:46 | INFO | Result | Correct: False | Running EM: 31.32% | Termination: fallback_cot_sc | Steps: 28 | Tool calls: 7 | Latency: 17.367s
2026-08-23 15:29:46 | INFO | Prediction: No
2026-08-23 15:29:46 | INFO | Gold: no
2026-08-23 15:29:46 | INFO | Agent metadata: {'cot_sc_samples': 21, 'cot_sc_valid_answers': 21, 'cot_sc_winning_count': 21, 'cot_sc_confidence': 1.0, 'cot_sc_winning_answer': 'No', 'cot_sc_vote_counts': {'no': 21}, 'selected_path': 'cot_sc', 'fallback_used': True, 'cot_sc_paper_threshold': 10.5, 'cot_sc_threshold_met': True, 'react_termination_reason': 'max_steps_exceeded'}
2026-08-23 15:29:46 | INFO | Answer | EM: 1.0000 | F1: 1.0000
2026-08-23 15:29:46 | INFO | Result | Correct: True | Running EM: 31.46% | Termination: fallback_cot_sc | Steps: 28 | Tool calls: 7 | Latency: 17.367s
2026-08-23 15:29:46 | INFO | Inference batch [481-488/500] size=8
2026-08-23 15:29:46 | INFO | [481/500] example_id=5a802b595542995d8a8ddf51
2026-08-23 15:29:46 | INFO | Question: What is the familiar name for the first operation in the Battle of Normandy, also codenamed Operation Overlord?
2026-08-23 15:29:46 | INFO | [482/500] example_id=5a7e5ec25542991319bc947a
2026-08-23 15:29:46 | INFO | Question: Which tennis player is younger, John Newcombe or Květa Peschke?
2026-08-23 15:29:46 | INFO | [483/500] example_id=5a7dbc175542995ed0d1666b
2026-08-23 15:29:46 | INFO | Question: What russian Marxist revolutionary born in 1875 was part of the Vpered organization?
2026-08-23 15:29:46 | INFO | [484/500] example_id=5abe953b5542993f32c2a170
2026-08-23 15:29:46 | INFO | Question: what is one of the stars of  The Newcomers known for
2026-08-23 15:29:46 | INFO | [485/500] example_id=5a7521c55542993748c897c6
2026-08-23 15:29:46 | INFO | Question: Temagami-Lorrain Mine and Burwash Mine were both mines created during the early 1900s; which one yielded a 16-ton bulk sample of gold ore in 1935?
2026-08-23 15:29:46 | INFO | [486/500] example_id=5a8591715542994c784ddb27
2026-08-23 15:29:46 | INFO | Question: What was the breakthrough role of the actor starring in Good Boy! and was a native of Atlanta?
2026-08-23 15:29:46 | INFO | [487/500] example_id=5a82fcbd55429954d2e2ebe8
2026-08-23 15:29:46 | INFO | Question: Russia Soviet pianist, composer and teacher, Tatiana Nikolayeva taught what Polish pianist and music educator?
2026-08-23 15:29:46 | INFO | [488/500] example_id=5abce7d755429959677d6b3a
2026-08-23 15:29:46 | INFO | Question: Docks has hosted the funk rock band formed in what city in 1983?
2026-08-23 15:32:03 | INFO | Prediction: Operation Neptune
2026-08-23 15:32:03 | INFO | Gold: D-Day
2026-08-23 15:32:03 | INFO | Agent metadata: {'selected_path': 'react', 'fallback_used': False, 'react_termination_reason': 'completed'}
2026-08-23 15:32:03 | INFO | Answer | EM: 0.0000 | F1: 0.0000
2026-08-23 15:32:03 | INFO | Result | Correct: False | Running EM: 31.39% | Termination: react_completed | Steps: 3 | Tool calls: 2 | Latency: 17.112s
2026-08-23 15:32:03 | INFO | Prediction: no
2026-08-23 15:32:03 | INFO | Gold: Květa Peschke
2026-08-23 15:32:03 | INFO | Agent metadata: {'selected_path': 'react', 'fallback_used': False, 'react_termination_reason': 'completed'}
2026-08-23 15:32:03 | INFO | Answer | EM: 0.0000 | F1: 0.0000
2026-08-23 15:32:03 | INFO | Result | Correct: False | Running EM: 31.33% | Termination: react_completed | Steps: 3 | Tool calls: 2 | Latency: 17.112s
2026-08-23 15:32:03 | INFO | Prediction: Grigory Zinoviev
2026-08-23 15:32:03 | INFO | Gold: Anatoly Vasilyevich Lunacharsky
2026-08-23 15:32:03 | INFO | Agent metadata: {'cot_sc_samples': 21, 'cot_sc_valid_answers': 21, 'cot_sc_winning_count': 9, 'cot_sc_confidence': 0.42857142857142855, 'cot_sc_winning_answer': 'Grigory Zinoviev', 'cot_sc_vote_counts': {'grigory zinoviev': 9, 'gregory zinoviev': 5, 'there isnt perfect match but leon trotsky born in 1879 was prominent russian marxist revolutionary who was part of bolshevik party': 1, 'lev davidovich trotsky': 1, 'alexander bogdanov': 1, 'leon trotsky': 1, 'leonid krassin': 1, 'lev trotsky': 1, 'grigory voitinsky': 1}, 'selected_path': 'cot_sc', 'fallback_used': True, 'cot_sc_paper_threshold': 10.5, 'cot_sc_threshold_met': False, 'react_termination_reason': 'max_steps_exceeded'}
2026-08-23 15:32:03 | INFO | Answer | EM: 0.0000 | F1: 0.0000
2026-08-23 15:32:03 | INFO | Result | Correct: False | Running EM: 31.26% | Termination: fallback_cot_sc | Steps: 28 | Tool calls: 7 | Latency: 17.112s
2026-08-23 15:32:03 | INFO | Prediction: known for her role in the television series This Is Us
2026-08-23 15:32:03 | INFO | Gold: superhero roles as the Marvel Comics
2026-08-23 15:32:03 | INFO | Agent metadata: {'cot_sc_samples': 21, 'cot_sc_valid_answers': 21, 'cot_sc_winning_count': 1, 'cot_sc_confidence': 0.047619047619047616, 'cot_sc_winning_answer': 'known for her role in the television series This Is Us', 'cot_sc_vote_counts': {'known for her role in television series this is us': 1, 'shola lynch is known for directing documentaries such as hip hop evolution and blackbird marilyn mccoo billy davis jr story': 1, 'known for his work as activist and his experiences as indian immigrant in united states': 1, 'raghda nasser is known for her advocacy work and her role as community leader helping other refugees settle in america': 1, 'sharmeen obaidchinny is known for winning multiple academy awards for her documentaries': 1, 'shireen lewis is known for her advocacy work and founding group no more homeless families': 1, 'shireen khan known for her activism and work with refugee communities': 1, 'sharmaine cooper known for her activism and work with refugee communities': 1, 'shadia hallak is known for her activism and advocacy work for syrian refugees': 1, 'filmmaker and journalist': 1, 'known for her work as activist and community organizer': 1, 'poetry and spoken word performances': 1, 'shima baradaran is known for her role as mitra in this is us': 1, 'her role in xmen film series': 1, 'danny trejo is known for his roles in action movies and as former biker': 1, 'oksana dycks activism and work with immigrant communities': 1, 'shimon cohen is known for his work as comedian and actor': 1, 'danny trejo known for his roles in hollywood films and television shows as well as being former bouncer and boxer': 1, 'his work in japanese theater and film': 1, 'luisa omielan known for her advocacy work and youtube channel': 1, 'saeed tajifarouki is known for his work as journalist and author': 1}, 'selected_path': 'cot_sc', 'fallback_used': True, 'cot_sc_paper_threshold': 10.5, 'cot_sc_threshold_met': False, 'react_termination_reason': 'action_loop'}
2026-08-23 15:32:03 | INFO | Answer | EM: 0.0000 | F1: 0.0000
2026-08-23 15:32:03 | INFO | Result | Correct: False | Running EM: 31.20% | Termination: fallback_cot_sc | Steps: 28 | Tool calls: 4 | Latency: 17.112s
2026-08-23 15:32:03 | INFO | Prediction: Burwash Mine
2026-08-23 15:32:03 | INFO | Gold: Burwash Mine
2026-08-23 15:32:03 | INFO | Agent metadata: {'selected_path': 'react', 'fallback_used': False, 'react_termination_reason': 'completed'}
2026-08-23 15:32:03 | INFO | Answer | EM: 1.0000 | F1: 1.0000
2026-08-23 15:32:03 | INFO | Result | Correct: True | Running EM: 31.34% | Termination: react_completed | Steps: 3 | Tool calls: 2 | Latency: 17.112s
2026-08-23 15:32:03 | INFO | Prediction: Brian Tyree Henry's breakthrough role was in the television series "Atlanta".
2026-08-23 15:32:03 | INFO | Gold: Tai Frasier in "Clueless"
2026-08-23 15:32:03 | INFO | Agent metadata: {'cot_sc_samples': 21, 'cot_sc_valid_answers': 21, 'cot_sc_winning_count': 3, 'cot_sc_confidence': 0.14285714285714285, 'cot_sc_winning_answer': 'Brian Tyree Henry\'s breakthrough role was in the television series "Atlanta".', 'cot_sc_vote_counts': {'brian tyree henrys breakthrough role was in television series atlanta': 3, 'nate sinclair in riverdale': 1, 'lady bird': 1, 'lucas till': 1, 'key peele': 1, 'cooper andrews breakthrough role was in tv series izombie': 1, 'in television series atlanta': 1, 'suite life of zack cody': 1, 'drake bell': 1, 'playing lucas brown in good trouble': 1, 'deacon king cobb': 1, 'john mulaneys breakthrough role was in netflix special new in town': 1, 'calum worthys breakthrough role was in television series skins': 1, 'calum worthys breakthrough role was in jane virgin': 1, 'cole bailey in south of nowhere': 1, 'jordan fishers breakthrough role was in broadway musical dear evan hansen': 1, 'kj apas breakthrough role was playing flash in flash series': 1, 'kevin newman in night at museum series': 1, 'brian tyree henrys breakthrough role was in web series atlanta': 1}, 'selected_path': 'cot_sc', 'fallback_used': True, 'cot_sc_paper_threshold': 10.5, 'cot_sc_threshold_met': False, 'react_termination_reason': 'max_steps_exceeded'}
2026-08-23 15:32:03 | INFO | Answer | EM: 0.0000 | F1: 0.1429
2026-08-23 15:32:03 | INFO | Result | Correct: False | Running EM: 31.28% | Termination: fallback_cot_sc | Steps: 28 | Tool calls: 5 | Latency: 17.112s
2026-08-23 15:32:03 | INFO | Prediction: Krystian Zimerman
2026-08-23 15:32:03 | INFO | Gold: Maria Szraiber
2026-08-23 15:32:03 | INFO | Agent metadata: {'cot_sc_samples': 21, 'cot_sc_valid_answers': 21, 'cot_sc_winning_count': 13, 'cot_sc_confidence': 0.6190476190476191, 'cot_sc_winning_answer': 'Krystian Zimerman', 'cot_sc_vote_counts': {'krystian zimerman': 13, 'krzysztof penderecki': 6, 'wojciech kilar': 1, 'jerzy fitelberg': 1}, 'selected_path': 'cot_sc', 'fallback_used': True, 'cot_sc_paper_threshold': 10.5, 'cot_sc_threshold_met': True, 'react_termination_reason': 'max_steps_exceeded'}
2026-08-23 15:32:03 | INFO | Answer | EM: 0.0000 | F1: 0.0000
2026-08-23 15:32:03 | INFO | Result | Correct: False | Running EM: 31.21% | Termination: fallback_cot_sc | Steps: 28 | Tool calls: 7 | Latency: 17.112s
2026-08-23 15:32:03 | INFO | Prediction: Boston
2026-08-23 15:32:03 | INFO | Gold: Los Angeles
2026-08-23 15:32:03 | INFO | Agent metadata: {'cot_sc_samples': 21, 'cot_sc_valid_answers': 21, 'cot_sc_winning_count': 4, 'cot_sc_confidence': 0.19047619047619047, 'cot_sc_winning_answer': 'Boston', 'cot_sc_vote_counts': {'boston': 4, 'new york city': 4, 'los angeles': 2, 'seattle': 2, 'flint michigan': 1, 'brooklyn': 1, 'washington dc': 1, 'athens georgia': 1, 'hartford': 1, 'miami': 1, 'san diego': 1, 'oakland': 1, 'dice': 1}, 'selected_path': 'cot_sc', 'fallback_used': True, 'cot_sc_paper_threshold': 10.5, 'cot_sc_threshold_met': False, 'react_termination_reason': 'max_steps_exceeded'}
2026-08-23 15:32:03 | INFO | Answer | EM: 0.0000 | F1: 0.0000
2026-08-23 15:32:03 | INFO | Result | Correct: False | Running EM: 31.15% | Termination: fallback_cot_sc | Steps: 28 | Tool calls: 6 | Latency: 17.112s
2026-08-23 15:32:03 | INFO | Inference batch [489-496/500] size=8
2026-08-23 15:32:03 | INFO | [489/500] example_id=5ab9535a5542996be202047e
2026-08-23 15:32:03 | INFO | Question: How many episodes were in the season of "Rick and Morty" that featured an episode called "The Ricks Must Be Crazy"?
2026-08-23 15:32:03 | INFO | [490/500] example_id=5ae1faf15542997f29b3c1e3
2026-08-23 15:32:03 | INFO | Question: William Davis Ticknor, Sr. served on the board of a chemical and biotechnology company created in what year?
2026-08-23 15:32:03 | INFO | [491/500] example_id=5a7f22005542993067513656
2026-08-23 15:32:03 | INFO | Question: Among Kele Okereke and Jon Hume who made the New Zealand band Evermore?
2026-08-23 15:32:03 | INFO | [492/500] example_id=5a8a231a55429930ff3c0cb4
2026-08-23 15:32:03 | INFO | Question: Kasimir Bileski was a noted stamp dealer based in a Canadian province that is bordered by which 2 US states?
2026-08-23 15:32:03 | INFO | [493/500] example_id=5ae37d265542994393b9e6e7
2026-08-23 15:32:03 | INFO | Question: Which of the people featured on Wall of Fame is the daughter of Bernie Ecclestone?
2026-08-23 15:32:03 | INFO | [494/500] example_id=5a8e83545542990e94052b28
2026-08-23 15:32:03 | INFO | Question: Where was the founder of the Trussed Concrete Steel Company raised?
2026-08-23 15:32:03 | INFO | [495/500] example_id=5ac5188255429924173fb5a3
2026-08-23 15:32:03 | INFO | Question: About how many people are employed by the company founded by Denise Coates?
2026-08-23 15:32:03 | INFO | [496/500] example_id=5a7351785542994cef4bc539
2026-08-23 15:32:03 | INFO | Question: Was Atom Egoyans biggest commercial success on stage or on film?
2026-08-23 15:34:12 | INFO | Prediction: 10 episodes
2026-08-23 15:34:12 | INFO | Gold: ten
2026-08-23 15:34:12 | INFO | Agent metadata: {'cot_sc_samples': 21, 'cot_sc_valid_answers': 21, 'cot_sc_winning_count': 15, 'cot_sc_confidence': 0.7142857142857143, 'cot_sc_winning_answer': '10 episodes', 'cot_sc_vote_counts': {'10 episodes': 15, '14 episodes': 3, '8 episodes': 2, '12 episodes': 1}, 'selected_path': 'cot_sc', 'fallback_used': True, 'cot_sc_paper_threshold': 10.5, 'cot_sc_threshold_met': True, 'react_termination_reason': 'max_steps_exceeded'}
2026-08-23 15:34:12 | INFO | Answer | EM: 0.0000 | F1: 0.0000
2026-08-23 15:34:12 | INFO | Result | Correct: False | Running EM: 31.08% | Termination: fallback_cot_sc | Steps: 28 | Tool calls: 6 | Latency: 16.129s
2026-08-23 15:34:12 | INFO | Prediction: 1919
2026-08-23 15:34:12 | INFO | Gold: 1919
2026-08-23 15:34:12 | INFO | Agent metadata: {'selected_path': 'react', 'fallback_used': False, 'react_termination_reason': 'completed'}
2026-08-23 15:34:12 | INFO | Answer | EM: 1.0000 | F1: 1.0000
2026-08-23 15:34:12 | INFO | Result | Correct: True | Running EM: 31.22% | Termination: react_completed | Steps: 3 | Tool calls: 2 | Latency: 16.129s
2026-08-23 15:34:12 | INFO | Prediction: Jon Hume
2026-08-23 15:34:12 | INFO | Gold: Jon Hume
2026-08-23 15:34:12 | INFO | Agent metadata: {'selected_path': 'react', 'fallback_used': False, 'react_termination_reason': 'completed'}
2026-08-23 15:34:12 | INFO | Answer | EM: 1.0000 | F1: 1.0000
2026-08-23 15:34:12 | INFO | Result | Correct: True | Running EM: 31.36% | Termination: react_completed | Steps: 3 | Tool calls: 2 | Latency: 16.129s
2026-08-23 15:34:12 | INFO | Prediction: Michigan and New York
2026-08-23 15:34:12 | INFO | Gold: North Dakota and Minnesota
2026-08-23 15:34:12 | INFO | Agent metadata: {'cot_sc_samples': 21, 'cot_sc_valid_answers': 21, 'cot_sc_winning_count': 13, 'cot_sc_confidence': 0.6190476190476191, 'cot_sc_winning_answer': 'Michigan and New York', 'cot_sc_vote_counts': {'michigan and new york': 13, 'new brunswick and maine': 1, 'maine and new brunswick': 1, 'none as nova scotia is not directly bordered by any us states': 1, 'new hampshire and maine': 1, 'new brunswick maine': 1, 'maine and new hampshire': 1, 'idaho and washington': 1, 'washington and idaho': 1}, 'selected_path': 'cot_sc', 'fallback_used': True, 'cot_sc_paper_threshold': 10.5, 'cot_sc_threshold_met': True, 'react_termination_reason': 'max_steps_exceeded'}
2026-08-23 15:34:12 | INFO | Answer | EM: 0.0000 | F1: 0.2500
2026-08-23 15:34:12 | INFO | Result | Correct: False | Running EM: 31.30% | Termination: fallback_cot_sc | Steps: 28 | Tool calls: 7 | Latency: 16.129s
2026-08-23 15:34:12 | INFO | Prediction: Catherine Ecclestone
2026-08-23 15:34:12 | INFO | Gold: Tamara Ecclestone
2026-08-23 15:34:12 | INFO | Agent metadata: {'cot_sc_samples': 21, 'cot_sc_valid_answers': 21, 'cot_sc_winning_count': 7, 'cot_sc_confidence': 0.3333333333333333, 'cot_sc_winning_answer': 'Catherine Ecclestone', 'cot_sc_vote_counts': {'catherine ecclestone': 7, 'claire williams': 4, 'pauline ecclestone': 3, 'chloe ecclestone': 1, 'claire wood': 1, 'laura ecclestone': 1, 'not enough information': 1, 'no one on wall of fame is daughter of bernie ecclestone as honorees are typically individuals significant to sport of formula one': 1, 'charlotte ecclestone': 1, 'claire ecclestone': 1}, 'selected_path': 'cot_sc', 'fallback_used': True, 'cot_sc_paper_threshold': 10.5, 'cot_sc_threshold_met': False, 'react_termination_reason': 'max_steps_exceeded'}
2026-08-23 15:34:12 | INFO | Answer | EM: 0.0000 | F1: 0.5000
2026-08-23 15:34:12 | INFO | Result | Correct: False | Running EM: 31.24% | Termination: fallback_cot_sc | Steps: 28 | Tool calls: 6 | Latency: 16.129s
2026-08-23 15:34:12 | INFO | Prediction: Detroit, Michigan
2026-08-23 15:34:12 | INFO | Gold: Detroit, Michigan
2026-08-23 15:34:12 | INFO | Agent metadata: {'selected_path': 'react', 'fallback_used': False, 'react_termination_reason': 'completed'}
2026-08-23 15:34:12 | INFO | Answer | EM: 1.0000 | F1: 1.0000
2026-08-23 15:34:12 | INFO | Result | Correct: True | Running EM: 31.38% | Termination: react_completed | Steps: 3 | Tool calls: 2 | Latency: 16.129s
2026-08-23 15:34:12 | INFO | Prediction: Approximately 12,000 people
2026-08-23 15:34:12 | INFO | Gold: 3,000
2026-08-23 15:34:12 | INFO | Agent metadata: {'cot_sc_samples': 21, 'cot_sc_valid_answers': 21, 'cot_sc_winning_count': 1, 'cot_sc_confidence': 0.047619047619047616, 'cot_sc_winning_answer': 'Approximately 12,000 people', 'cot_sc_vote_counts': {'approximately 12000 people': 1, 'approximately 300500': 1, 'around 200 people': 1, 'over 6500 people': 1, 'several hundred people': 1, 'over 7500 employees': 1, '12000 employees': 1, 'several thousand people': 1, 'several hundred to few thousand people': 1, 'around 7000 to 8000 people': 1, 'fewer than 1000 employees': 1, 'about 10000 people': 1, 'exact number is not publicly known': 1, 'around 500 to 1000 people': 1, 'about 350 people': 1, 'over 3500 employees': 1, 'approximately 57000 people': 1, 'around 1500 people': 1, 'several hundred to thousands': 1, 'about 12000 employees': 1, 'around 6000 to 7000 employees': 1}, 'selected_path': 'cot_sc', 'fallback_used': True, 'cot_sc_paper_threshold': 10.5, 'cot_sc_threshold_met': False, 'react_termination_reason': 'action_loop'}
2026-08-23 15:34:12 | INFO | Answer | EM: 0.0000 | F1: 0.0000
2026-08-23 15:34:12 | INFO | Result | Correct: False | Running EM: 31.31% | Termination: fallback_cot_sc | Steps: 25 | Tool calls: 2 | Latency: 16.129s
2026-08-23 15:34:12 | INFO | Prediction: On film
2026-08-23 15:34:12 | INFO | Gold: erotic thriller film
2026-08-23 15:34:12 | INFO | Agent metadata: {'cot_sc_samples': 21, 'cot_sc_valid_answers': 21, 'cot_sc_winning_count': 13, 'cot_sc_confidence': 0.6190476190476191, 'cot_sc_winning_answer': 'On film', 'cot_sc_vote_counts': {'on film': 13, 'film': 2, 'based on available information atom egoyans biggest commercial success appears to be with his film ararat': 1, 'his biggest commercial success was likely on stage with life is dream': 1, 'cannot determine without specific revenue or box office data': 1, 'information needed to determine this is not available in my current knowledge': 1, 'cannot determine based on given information': 1, 'not enough information to determine': 1}, 'selected_path': 'cot_sc', 'fallback_used': True, 'cot_sc_paper_threshold': 10.5, 'cot_sc_threshold_met': True, 'react_termination_reason': 'action_loop'}
2026-08-23 15:34:12 | INFO | Answer | EM: 0.0000 | F1: 0.4000
2026-08-23 15:34:12 | INFO | Result | Correct: False | Running EM: 31.25% | Termination: fallback_cot_sc | Steps: 28 | Tool calls: 4 | Latency: 16.129s
2026-08-23 15:34:12 | INFO | Inference batch [497-500/500] size=4
2026-08-23 15:34:12 | INFO | [497/500] example_id=5a74f63e5542993748c89758
2026-08-23 15:34:12 | INFO | Question: A Troll in Central Park and All Dogs Go to Heaven were both directed by which person?
2026-08-23 15:34:12 | INFO | [498/500] example_id=5a8a03245542992e4fca84d5
2026-08-23 15:34:12 | INFO | Question: What profession does Spice Girls discography and Emma Bunton have in common?
2026-08-23 15:34:12 | INFO | [499/500] example_id=5abf8e135542990832d3a14f
2026-08-23 15:34:12 | INFO | Question: whiich Australian racing driver won the 44-lap race for the Red Bull Racing team?
2026-08-23 15:34:12 | INFO | [500/500] example_id=5ab5d6155542997d4ad1f1fa
2026-08-23 15:34:12 | INFO | Question: What band was the man who compiled the tracks for The Early Years a part of when they were inducted into the Rock and Roll Hall of Fame?
2026-08-23 15:36:43 | INFO | Prediction: Don Bluth
2026-08-23 15:36:43 | INFO | Gold: Don Bluth
2026-08-23 15:36:43 | INFO | Agent metadata: {'selected_path': 'react', 'fallback_used': False, 'react_termination_reason': 'completed'}
2026-08-23 15:36:43 | INFO | Answer | EM: 1.0000 | F1: 1.0000
2026-08-23 15:36:43 | INFO | Result | Correct: True | Running EM: 31.39% | Termination: react_completed | Steps: 3 | Tool calls: 2 | Latency: 37.556s
2026-08-23 15:36:43 | INFO | Prediction: musician
2026-08-23 15:36:43 | INFO | Gold: singer
2026-08-23 15:36:43 | INFO | Agent metadata: {'cot_sc_samples': 21, 'cot_sc_valid_answers': 21, 'cot_sc_winning_count': 7, 'cot_sc_confidence': 0.3333333333333333, 'cot_sc_winning_answer': 'musician', 'cot_sc_vote_counts': {'musician': 7, 'singer': 4, 'musician or singer': 3, 'musiciansinger': 3, 'musicians and singers': 1, 'singing': 1, 'singer musician': 1, 'musicianssingers': 1}, 'selected_path': 'cot_sc', 'fallback_used': True, 'cot_sc_paper_threshold': 10.5, 'cot_sc_threshold_met': False, 'react_termination_reason': 'max_steps_exceeded'}
2026-08-23 15:36:43 | INFO | Answer | EM: 0.0000 | F1: 0.0000
2026-08-23 15:36:43 | INFO | Result | Correct: False | Running EM: 31.33% | Termination: fallback_cot_sc | Steps: 28 | Tool calls: 7 | Latency: 37.556s
2026-08-23 15:36:43 | INFO | Prediction: Daniel Ricciardo
2026-08-23 15:36:43 | INFO | Gold: Daniel Ricciardo
2026-08-23 15:36:43 | INFO | Agent metadata: {'cot_sc_samples': 21, 'cot_sc_valid_answers': 21, 'cot_sc_winning_count': 3, 'cot_sc_confidence': 0.14285714285714285, 'cot_sc_winning_answer': 'Daniel Ricciardo', 'cot_sc_vote_counts': {'daniel ricciardo': 3, 'information provided does not match any known australian racing driver winning 44lap race for red bull racing': 1, 'no australian racing driver won 44lap race for red bull racing team': 1, 'question as stated may refer to specific race not widely known but notable australian racing driver associated with red bull racing is daniel ricciardo': 1, 'daniel ricciardo assuming question refers to f1 race as he is prominent australian driver for red bull': 1, 'information provided doesnt match any known specific 44lap race win by australian driver for red bull racing team': 1, 'not enough specific information provided to determine exact driver': 1, '需要更多具体信息来回答这个问题。': 1, 'daniel ricciardo this is inference based on available information as no specific 44lap race for red bull racing is mentioned': 1, 'not enough information provided to determine specific race and driver': 1, 'more context or year needed to determine specific australian racing driver': 1, 'question does not provide enough specific information to determine particular australian racing driver who won 44lap race for red bull racing': 1, 'not enough information provided to give specific answer': 1, 'there is no record of australian racing driver winning 44lap race for red bull racing team': 1, 'question does not provide sufficient details to determine specific race or year making it challenging to identify exact driver': 1, 'not enough information to determine specific driver': 1, 'not enough information provided to determine specific winner': 1, 'scott mclaughlin': 1, 'information provided does not specify particular race or year making it difficult to identify specific australian driver who won for red bull racing': 1}, 'selected_path': 'cot_sc', 'fallback_used': True, 'cot_sc_paper_threshold': 10.5, 'cot_sc_threshold_met': False, 'react_termination_reason': 'action_loop'}
2026-08-23 15:36:43 | INFO | Answer | EM: 1.0000 | F1: 1.0000
2026-08-23 15:36:43 | INFO | Result | Correct: True | Running EM: 31.46% | Termination: fallback_cot_sc | Steps: 25 | Tool calls: 2 | Latency: 37.556s
2026-08-23 15:36:43 | INFO | Prediction: Crosby, Stills, Nash & Young
2026-08-23 15:36:43 | INFO | Gold: Deep Purple
2026-08-23 15:36:43 | INFO | Agent metadata: {'cot_sc_samples': 21, 'cot_sc_valid_answers': 21, 'cot_sc_winning_count': 3, 'cot_sc_confidence': 0.14285714285714285, 'cot_sc_winning_answer': 'Crosby, Stills, Nash & Young', 'cot_sc_vote_counts': {'crosby stills nash young': 3, 'hazard': 2, 'nazz': 2, 'casablanca records': 1, 'grateful dead': 1, 'cameo': 1, 'who': 1, 'chic': 1, 'led zeppelin': 1, 'kiss': 1, 'springsteen and e street band': 1, 'captain beyond': 1, 'eagles': 1, 'beach boys': 1, 'low spark of high hope': 1, 'tommy james and shondells': 1, 'utopia': 1}, 'selected_path': 'cot_sc', 'fallback_used': True, 'cot_sc_paper_threshold': 10.5, 'cot_sc_threshold_met': False, 'react_termination_reason': 'max_steps_exceeded'}
2026-08-23 15:36:43 | INFO | Answer | EM: 0.0000 | F1: 0.0000
2026-08-23 15:36:43 | INFO | Result | Correct: False | Running EM: 31.40% | Termination: fallback_cot_sc | Steps: 28 | Tool calls: 7 | Latency: 37.556s
2026-08-23 15:36:43 | INFO | === FINAL HOTPOTQA METRICS ===
2026-08-23 15:36:43 | INFO | metric.em=0.314000
2026-08-23 15:36:43 | INFO | metric.f1=0.435374
2026-08-23 15:36:43 | INFO | metric.prec=0.453714
2026-08-23 15:36:43 | INFO | metric.recall=0.450126
2026-08-23 15:36:43 | INFO | metric.sp_em=0.000000
2026-08-23 15:36:43 | INFO | metric.sp_f1=0.000000
2026-08-23 15:36:43 | INFO | metric.sp_prec=0.000000
2026-08-23 15:36:43 | INFO | metric.sp_recall=0.000000
2026-08-23 15:36:43 | INFO | metric.joint_em=0.000000
2026-08-23 15:36:43 | INFO | metric.joint_f1=0.000000
2026-08-23 15:36:43 | INFO | metric.joint_prec=0.000000
2026-08-23 15:36:43 | INFO | metric.joint_recall=0.000000
2026-08-23 15:36:43 | INFO | metric.supporting_fact_prediction_coverage=0.000000
2026-08-23 15:36:43 | INFO | metric.total_examples=500
2026-08-23 15:36:43 | INFO | metric.correct=157
2026-08-23 15:36:43 | INFO | metric.incorrect=343
2026-08-23 15:36:43 | INFO | metric.average_steps=15.250000
2026-08-23 15:36:43 | INFO | metric.average_tool_calls=4.332000
2026-08-23 15:36:43 | INFO | metric.runtime_seconds=7919.134546
2026-08-23 15:36:43 | INFO | metric.termination_reasons={'fallback_cot_sc': 240, 'react_completed': 260}
2026-08-23 15:36:43 | WARNING | No supporting-fact pairs were predicted. Official sp_* and joint_* metrics therefore score empty evidence predictions; no evidence was fabricated.
2026-08-23 15:36:43 | INFO | === END FINAL HOTPOTQA METRICS ===
2026-08-23 15:36:43 | INFO | Benchmark complete: exact_match=0.3140
2026-08-23 15:36:43 | INFO | Metrics: /content/ReACT_ICLR_2023_Reproduction/outputs/hotpotqa/react-cot-sc/2026-08-23_132325/metrics.json
