2026-09-17 19:03:39 | INFO | Starting benchmark: task=fever method=cot-sc
2026-09-17 19:03:39 | INFO | Code version: 0.11.0
2026-09-17 19:03:39 | INFO | Run directory: /content/drive/MyDrive/ReACT_ICLR_2023_Reproduction/fever_benchmarks/qwen25_7b_seed42/80066d6d/paper/outputs/fever/cot-sc/2026-09-17_190339
2026-09-17 19:03:39 | INFO | Inference batch size: 16
2026-09-17 19:03:39 | INFO | Loading 500 fever samples with seed=42
2026-09-17 19:03:47 | INFO | Loading tokenizer: Qwen/Qwen2.5-7B-Instruct
2026-09-17 19:03:49 | INFO | Loading model: Qwen/Qwen2.5-7B-Instruct device=cuda dtype=torch.bfloat16
2026-09-17 19:03:54 | INFO | Model ready: Qwen/Qwen2.5-7B-Instruct
2026-09-17 19:03:54 | INFO | Inference batch [1-16/500] size=16
2026-09-17 19:03:54 | INFO | [1/500] example_id=189453
2026-09-17 19:03:54 | INFO | Claim: Yandex is an application.
2026-09-17 19:03:54 | INFO | [2/500] example_id=97871
2026-09-17 19:03:54 | INFO | Claim: Peking University was founded in the eighteenth century.
2026-09-17 19:03:54 | INFO | [3/500] example_id=123477
2026-09-17 19:03:54 | INFO | Claim: Tenacious D was formed in 1942.
2026-09-17 19:03:54 | INFO | [4/500] example_id=84860
2026-09-17 19:03:54 | INFO | Claim: An example of a virus is rabies.
2026-09-17 19:03:54 | INFO | [5/500] example_id=194478
2026-09-17 19:03:54 | INFO | Claim: Tilda Swinton is a vegan.
2026-09-17 19:03:54 | INFO | [6/500] example_id=194761
2026-09-17 19:03:54 | INFO | Claim: Larry the Cable Guy series finale aired on August 28th, 2013.
2026-09-17 19:03:54 | INFO | [7/500] example_id=186603
2026-09-17 19:03:54 | INFO | Claim: Asylum Records is an American record label founded in 1971 by David Geffen and musician Elliot Roberts.
2026-09-17 19:03:54 | INFO | [8/500] example_id=167460
2026-09-17 19:03:54 | INFO | Claim: Cadet Kelly was released in 2003.
2026-09-17 19:03:54 | INFO | [9/500] example_id=172744
2026-09-17 19:03:54 | INFO | Claim: The Beach was adapted for film by John Hodge in 1999.
2026-09-17 19:03:54 | INFO | [10/500] example_id=127869
2026-09-17 19:03:54 | INFO | Claim: The Saw franchise grossed over $800 million.
2026-09-17 19:03:54 | INFO | [11/500] example_id=216382
2026-09-17 19:03:54 | INFO | Claim: Homer Hickman is illiterate.
2026-09-17 19:03:54 | INFO | [12/500] example_id=71757
2026-09-17 19:03:54 | INFO | Claim: Thomas Jefferson is incapable of being a presidential scholar.
2026-09-17 19:03:54 | INFO | [13/500] example_id=99236
2026-09-17 19:03:54 | INFO | Claim: Civilization IV received mixed reviews.
2026-09-17 19:03:54 | INFO | [14/500] example_id=129932
2026-09-17 19:03:54 | INFO | Claim: TakePart is the digital division of Participant Media.
2026-09-17 19:03:54 | INFO | [15/500] example_id=159577
2026-09-17 19:03:54 | INFO | Claim: Dan O'Bannon was a pacifist.
2026-09-17 19:03:54 | INFO | [16/500] example_id=70643
2026-09-17 19:03:54 | INFO | Claim: Brian Michael Bendis has written legislation.
2026-09-17 19:05:50 | INFO | Prediction: REFUTES
2026-09-17 19:05:50 | INFO | Gold: REFUTES
2026-09-17 19:05:50 | INFO | Winning label: REFUTES
2026-09-17 19:05:50 | INFO | Winning count: 19/21
2026-09-17 19:05:50 | INFO | Votes: {'REFUTES': 19, 'NOT ENOUGH INFO': 2}
2026-09-17 19:05:50 | INFO | Label accuracy: 1.0000
2026-09-17 19:05:50 | INFO | Result | Correct: True | Running Accuracy: 100.00% | Termination: cot_sc_majority | Steps: 21 | Tool calls: 0 | Latency: 7.198s
2026-09-17 19:05:50 | INFO | Prediction: REFUTES
2026-09-17 19:05:50 | INFO | Gold: REFUTES
2026-09-17 19:05:50 | INFO | Winning label: REFUTES
2026-09-17 19:05:50 | INFO | Winning count: 21/21
2026-09-17 19:05:50 | INFO | Votes: {'REFUTES': 21}
2026-09-17 19:05:50 | INFO | Label accuracy: 1.0000
2026-09-17 19:05:50 | INFO | Result | Correct: True | Running Accuracy: 100.00% | Termination: cot_sc_majority | Steps: 21 | Tool calls: 0 | Latency: 7.198s
2026-09-17 19:05:50 | INFO | Prediction: REFUTES
2026-09-17 19:05:50 | INFO | Gold: REFUTES
2026-09-17 19:05:50 | INFO | Winning label: REFUTES
2026-09-17 19:05:50 | INFO | Winning count: 21/21
2026-09-17 19:05:50 | INFO | Votes: {'REFUTES': 21}
2026-09-17 19:05:50 | INFO | Label accuracy: 1.0000
2026-09-17 19:05:50 | INFO | Result | Correct: True | Running Accuracy: 100.00% | Termination: cot_sc_majority | Steps: 21 | Tool calls: 0 | Latency: 7.198s
2026-09-17 19:05:50 | INFO | Prediction: SUPPORTS
2026-09-17 19:05:50 | INFO | Gold: SUPPORTS
2026-09-17 19:05:50 | INFO | Winning label: SUPPORTS
2026-09-17 19:05:50 | INFO | Winning count: 21/21
2026-09-17 19:05:50 | INFO | Votes: {'SUPPORTS': 21}
2026-09-17 19:05:50 | INFO | Label accuracy: 1.0000
2026-09-17 19:05:50 | INFO | Result | Correct: True | Running Accuracy: 100.00% | Termination: cot_sc_majority | Steps: 21 | Tool calls: 0 | Latency: 7.198s
2026-09-17 19:05:50 | INFO | Prediction: NOT ENOUGH INFO
2026-09-17 19:05:50 | INFO | Gold: NOT ENOUGH INFO
2026-09-17 19:05:50 | INFO | Winning label: NOT ENOUGH INFO
2026-09-17 19:05:50 | INFO | Winning count: 20/21
2026-09-17 19:05:50 | INFO | Votes: {'NOT ENOUGH INFO': 20}
2026-09-17 19:05:50 | INFO | Label accuracy: 1.0000
2026-09-17 19:05:50 | INFO | Result | Correct: True | Running Accuracy: 100.00% | Termination: cot_sc_majority | Steps: 21 | Tool calls: 0 | Latency: 7.198s
2026-09-17 19:05:50 | INFO | Prediction: SUPPORTS
2026-09-17 19:05:50 | INFO | Gold: SUPPORTS
2026-09-17 19:05:50 | INFO | Winning label: SUPPORTS
2026-09-17 19:05:50 | INFO | Winning count: 17/21
2026-09-17 19:05:50 | INFO | Votes: {'SUPPORTS': 17, 'REFUTES': 2, 'NOT ENOUGH INFO': 2}
2026-09-17 19:05:50 | INFO | Label accuracy: 1.0000
2026-09-17 19:05:50 | INFO | Result | Correct: True | Running Accuracy: 100.00% | Termination: cot_sc_majority | Steps: 21 | Tool calls: 0 | Latency: 7.198s
2026-09-17 19:05:50 | INFO | Prediction: SUPPORTS
2026-09-17 19:05:50 | INFO | Gold: NOT ENOUGH INFO
2026-09-17 19:05:50 | INFO | Winning label: SUPPORTS
2026-09-17 19:05:50 | INFO | Winning count: 19/21
2026-09-17 19:05:50 | INFO | Votes: {'SUPPORTS': 19, 'REFUTES': 2}
2026-09-17 19:05:50 | INFO | Label accuracy: 0.0000
2026-09-17 19:05:50 | INFO | Result | Correct: False | Running Accuracy: 85.71% | Termination: cot_sc_majority | Steps: 21 | Tool calls: 0 | Latency: 7.198s
2026-09-17 19:05:50 | INFO | Prediction: NOT ENOUGH INFO
2026-09-17 19:05:50 | INFO | Gold: REFUTES
2026-09-17 19:05:50 | INFO | Winning label: NOT ENOUGH INFO
2026-09-17 19:05:50 | INFO | Winning count: 14/21
2026-09-17 19:05:50 | INFO | Votes: {'NOT ENOUGH INFO': 14, 'REFUTES': 4, 'SUPPORTS': 2}
2026-09-17 19:05:50 | INFO | Label accuracy: 0.0000
2026-09-17 19:05:50 | INFO | Result | Correct: False | Running Accuracy: 75.00% | Termination: cot_sc_majority | Steps: 21 | Tool calls: 0 | Latency: 7.198s
2026-09-17 19:05:50 | INFO | Prediction: REFUTES
2026-09-17 19:05:50 | INFO | Gold: NOT ENOUGH INFO
2026-09-17 19:05:50 | INFO | Winning label: REFUTES
2026-09-17 19:05:50 | INFO | Winning count: 13/21
2026-09-17 19:05:50 | INFO | Votes: {'REFUTES': 13, 'SUPPORTS': 4, 'NOT ENOUGH INFO': 3}
2026-09-17 19:05:50 | INFO | Label accuracy: 0.0000
2026-09-17 19:05:50 | INFO | Result | Correct: False | Running Accuracy: 66.67% | Termination: cot_sc_majority | Steps: 21 | Tool calls: 0 | Latency: 7.198s
2026-09-17 19:05:50 | INFO | Prediction: SUPPORTS
2026-09-17 19:05:50 | INFO | Gold: SUPPORTS
2026-09-17 19:05:50 | INFO | Winning label: SUPPORTS
2026-09-17 19:05:50 | INFO | Winning count: 18/21
2026-09-17 19:05:50 | INFO | Votes: {'SUPPORTS': 18, 'NOT ENOUGH INFO': 3}
2026-09-17 19:05:50 | INFO | Label accuracy: 1.0000
2026-09-17 19:05:50 | INFO | Result | Correct: True | Running Accuracy: 70.00% | Termination: cot_sc_majority | Steps: 21 | Tool calls: 0 | Latency: 7.198s
2026-09-17 19:05:50 | INFO | Prediction: NOT ENOUGH INFO
2026-09-17 19:05:50 | INFO | Gold: REFUTES
2026-09-17 19:05:50 | INFO | Winning label: NOT ENOUGH INFO
2026-09-17 19:05:50 | INFO | Winning count: 21/21
2026-09-17 19:05:50 | INFO | Votes: {'NOT ENOUGH INFO': 21}
2026-09-17 19:05:50 | INFO | Label accuracy: 0.0000
2026-09-17 19:05:50 | INFO | Result | Correct: False | Running Accuracy: 63.64% | Termination: cot_sc_majority | Steps: 21 | Tool calls: 0 | Latency: 7.198s
2026-09-17 19:05:50 | INFO | Prediction: REFUTES
2026-09-17 19:05:50 | INFO | Gold: NOT ENOUGH INFO
2026-09-17 19:05:50 | INFO | Winning label: REFUTES
2026-09-17 19:05:50 | INFO | Winning count: 13/21
2026-09-17 19:05:50 | INFO | Votes: {'REFUTES': 13, 'NOT ENOUGH INFO': 7, 'SUPPORTS': 1}
2026-09-17 19:05:50 | INFO | Label accuracy: 0.0000
2026-09-17 19:05:50 | INFO | Result | Correct: False | Running Accuracy: 58.33% | Termination: cot_sc_majority | Steps: 21 | Tool calls: 0 | Latency: 7.198s
2026-09-17 19:05:50 | INFO | Prediction: SUPPORTS
2026-09-17 19:05:50 | INFO | Gold: REFUTES
2026-09-17 19:05:50 | INFO | Winning label: SUPPORTS
2026-09-17 19:05:50 | INFO | Winning count: 19/21
2026-09-17 19:05:50 | INFO | Votes: {'SUPPORTS': 19, 'NOT ENOUGH INFO': 1, 'REFUTES': 1}
2026-09-17 19:05:50 | INFO | Label accuracy: 0.0000
2026-09-17 19:05:50 | INFO | Result | Correct: False | Running Accuracy: 53.85% | Termination: cot_sc_majority | Steps: 21 | Tool calls: 0 | Latency: 7.198s
2026-09-17 19:05:50 | INFO | Prediction: SUPPORTS
2026-09-17 19:05:50 | INFO | Gold: SUPPORTS
2026-09-17 19:05:50 | INFO | Winning label: SUPPORTS
2026-09-17 19:05:50 | INFO | Winning count: 20/21
2026-09-17 19:05:50 | INFO | Votes: {'SUPPORTS': 20, 'NOT ENOUGH INFO': 1}
2026-09-17 19:05:50 | INFO | Label accuracy: 1.0000
2026-09-17 19:05:50 | INFO | Result | Correct: True | Running Accuracy: 57.14% | Termination: cot_sc_majority | Steps: 21 | Tool calls: 0 | Latency: 7.198s
2026-09-17 19:05:50 | INFO | Prediction: NOT ENOUGH INFO
2026-09-17 19:05:50 | INFO | Gold: NOT ENOUGH INFO
2026-09-17 19:05:50 | INFO | Winning label: NOT ENOUGH INFO
2026-09-17 19:05:50 | INFO | Winning count: 20/21
2026-09-17 19:05:50 | INFO | Votes: {'NOT ENOUGH INFO': 20}
2026-09-17 19:05:50 | INFO | Label accuracy: 1.0000
2026-09-17 19:05:50 | INFO | Result | Correct: True | Running Accuracy: 60.00% | Termination: cot_sc_majority | Steps: 21 | Tool calls: 0 | Latency: 7.198s
2026-09-17 19:05:50 | INFO | Prediction: REFUTES
2026-09-17 19:05:50 | INFO | Gold: NOT ENOUGH INFO
2026-09-17 19:05:50 | INFO | Winning label: REFUTES
2026-09-17 19:05:50 | INFO | Winning count: 18/21
2026-09-17 19:05:50 | INFO | Votes: {'REFUTES': 18, 'NOT ENOUGH INFO': 1}
2026-09-17 19:05:50 | INFO | Label accuracy: 0.0000
2026-09-17 19:05:50 | INFO | Result | Correct: False | Running Accuracy: 56.25% | Termination: cot_sc_majority | Steps: 21 | Tool calls: 0 | Latency: 7.198s
2026-09-17 19:05:50 | INFO | Inference batch [17-32/500] size=16
2026-09-17 19:05:50 | INFO | [17/500] example_id=16162
2026-09-17 19:05:50 | INFO | Claim: Gin derives its main flavour from juniper berries from Scotland.
2026-09-17 19:05:50 | INFO | [18/500] example_id=146772
2026-09-17 19:05:50 | INFO | Claim: Akkineni Nageswara Rao stars in Daag the movie.
2026-09-17 19:05:50 | INFO | [19/500] example_id=131009
2026-09-17 19:05:50 | INFO | Claim: West Ham United F.C. is not a football club.
2026-09-17 19:05:50 | INFO | [20/500] example_id=187775
2026-09-17 19:05:50 | INFO | Claim: The Sterile Cuckoo was adapted by Alvin Sargent.
2026-09-17 19:05:50 | INFO | [21/500] example_id=27041
2026-09-17 19:05:50 | INFO | Claim: Fidel Castro transferred his responsibilities to his brother.
2026-09-17 19:05:50 | INFO | [22/500] example_id=57186
2026-09-17 19:05:50 | INFO | Claim: Janet Leigh was the author of cookbooks.
2026-09-17 19:05:50 | INFO | [23/500] example_id=141870
2026-09-17 19:05:50 | INFO | Claim: The Colosseum is in ruin.
2026-09-17 19:05:50 | INFO | [24/500] example_id=161569
2026-09-17 19:05:50 | INFO | Claim: Baz Luhrmann's film Australia stars Hugh Jackman as Waluigi.
2026-09-17 19:05:50 | INFO | [25/500] example_id=60350
2026-09-17 19:05:50 | INFO | Claim: Shinji Mikami is a director.
2026-09-17 19:05:50 | INFO | [26/500] example_id=71876
2026-09-17 19:05:50 | INFO | Claim: Recovery is a Drake album.
2026-09-17 19:05:50 | INFO | [27/500] example_id=73295
2026-09-17 19:05:50 | INFO | Claim: Terry Crews played in the MLB.
2026-09-17 19:05:50 | INFO | [28/500] example_id=186590
2026-09-17 19:05:50 | INFO | Claim: In 1971 Asylum Records the American record label was founded by David Geffen and his partner Elliot Roberts.
2026-09-17 19:05:50 | INFO | [29/500] example_id=129575
2026-09-17 19:05:50 | INFO | Claim: Villa Park hosted a football match in 2012.
2026-09-17 19:05:50 | INFO | [30/500] example_id=14767
2026-09-17 19:05:50 | INFO | Claim: Colin Kaepernick was backup to the president.
2026-09-17 19:05:50 | INFO | [31/500] example_id=208434
2026-09-17 19:05:50 | INFO | Claim: Excuse My French is a restaurant.
2026-09-17 19:05:50 | INFO | [32/500] example_id=173495
2026-09-17 19:05:50 | INFO | Claim: Sancho Panza is a fictional character in a novel written by an Australian writer born in 1616.
2026-09-17 19:07:50 | INFO | Prediction: REFUTES
2026-09-17 19:07:50 | INFO | Gold: NOT ENOUGH INFO
2026-09-17 19:07:50 | INFO | Winning label: REFUTES
2026-09-17 19:07:50 | INFO | Winning count: 12/21
2026-09-17 19:07:50 | INFO | Votes: {'REFUTES': 12, 'NOT ENOUGH INFO': 9}
2026-09-17 19:07:50 | INFO | Label accuracy: 0.0000
2026-09-17 19:07:50 | INFO | Result | Correct: False | Running Accuracy: 52.94% | Termination: cot_sc_majority | Steps: 21 | Tool calls: 0 | Latency: 7.521s
2026-09-17 19:07:50 | INFO | Prediction: SUPPORTS
2026-09-17 19:07:50 | INFO | Gold: NOT ENOUGH INFO
2026-09-17 19:07:50 | INFO | Winning label: SUPPORTS
2026-09-17 19:07:50 | INFO | Winning count: 13/21
2026-09-17 19:07:50 | INFO | Votes: {'SUPPORTS': 13, 'NOT ENOUGH INFO': 5, 'REFUTES': 2}
2026-09-17 19:07:50 | INFO | Label accuracy: 0.0000
2026-09-17 19:07:50 | INFO | Result | Correct: False | Running Accuracy: 50.00% | Termination: cot_sc_majority | Steps: 21 | Tool calls: 0 | Latency: 7.521s
2026-09-17 19:07:50 | INFO | Prediction: REFUTES
2026-09-17 19:07:50 | INFO | Gold: REFUTES
2026-09-17 19:07:50 | INFO | Winning label: REFUTES
2026-09-17 19:07:50 | INFO | Winning count: 21/21
2026-09-17 19:07:50 | INFO | Votes: {'REFUTES': 21}
2026-09-17 19:07:50 | INFO | Label accuracy: 1.0000
2026-09-17 19:07:50 | INFO | Result | Correct: True | Running Accuracy: 52.63% | Termination: cot_sc_majority | Steps: 21 | Tool calls: 0 | Latency: 7.521s
2026-09-17 19:07:50 | INFO | Prediction: NOT ENOUGH INFO
2026-09-17 19:07:50 | INFO | Gold: SUPPORTS
2026-09-17 19:07:50 | INFO | Winning label: NOT ENOUGH INFO
2026-09-17 19:07:50 | INFO | Winning count: 12/21
2026-09-17 19:07:50 | INFO | Votes: {'NOT ENOUGH INFO': 12, 'SUPPORTS': 8, 'REFUTES': 1}
2026-09-17 19:07:50 | INFO | Label accuracy: 0.0000
2026-09-17 19:07:50 | INFO | Result | Correct: False | Running Accuracy: 50.00% | Termination: cot_sc_majority | Steps: 21 | Tool calls: 0 | Latency: 7.521s
2026-09-17 19:07:50 | INFO | Prediction: SUPPORTS
2026-09-17 19:07:50 | INFO | Gold: SUPPORTS
2026-09-17 19:07:50 | INFO | Winning label: SUPPORTS
2026-09-17 19:07:50 | INFO | Winning count: 21/21
2026-09-17 19:07:50 | INFO | Votes: {'SUPPORTS': 21}
2026-09-17 19:07:50 | INFO | Label accuracy: 1.0000
2026-09-17 19:07:50 | INFO | Result | Correct: True | Running Accuracy: 52.38% | Termination: cot_sc_majority | Steps: 21 | Tool calls: 0 | Latency: 7.521s
2026-09-17 19:07:50 | INFO | Prediction: REFUTES
2026-09-17 19:07:50 | INFO | Gold: NOT ENOUGH INFO
2026-09-17 19:07:50 | INFO | Winning label: REFUTES
2026-09-17 19:07:50 | INFO | Winning count: 20/21
2026-09-17 19:07:50 | INFO | Votes: {'REFUTES': 20}
2026-09-17 19:07:50 | INFO | Label accuracy: 0.0000
2026-09-17 19:07:50 | INFO | Result | Correct: False | Running Accuracy: 50.00% | Termination: cot_sc_majority | Steps: 21 | Tool calls: 0 | Latency: 7.521s
2026-09-17 19:07:50 | INFO | Prediction: SUPPORTS
2026-09-17 19:07:50 | INFO | Gold: SUPPORTS
2026-09-17 19:07:50 | INFO | Winning label: SUPPORTS
2026-09-17 19:07:50 | INFO | Winning count: 21/21
2026-09-17 19:07:50 | INFO | Votes: {'SUPPORTS': 21}
2026-09-17 19:07:50 | INFO | Label accuracy: 1.0000
2026-09-17 19:07:50 | INFO | Result | Correct: True | Running Accuracy: 52.17% | Termination: cot_sc_majority | Steps: 21 | Tool calls: 0 | Latency: 7.521s
2026-09-17 19:07:50 | INFO | Prediction: REFUTES
2026-09-17 19:07:50 | INFO | Gold: NOT ENOUGH INFO
2026-09-17 19:07:50 | INFO | Winning label: REFUTES
2026-09-17 19:07:50 | INFO | Winning count: 21/21
2026-09-17 19:07:50 | INFO | Votes: {'REFUTES': 21}
2026-09-17 19:07:50 | INFO | Label accuracy: 0.0000
2026-09-17 19:07:50 | INFO | Result | Correct: False | Running Accuracy: 50.00% | Termination: cot_sc_majority | Steps: 21 | Tool calls: 0 | Latency: 7.521s
2026-09-17 19:07:50 | INFO | Prediction: SUPPORTS
2026-09-17 19:07:50 | INFO | Gold: SUPPORTS
2026-09-17 19:07:50 | INFO | Winning label: SUPPORTS
2026-09-17 19:07:50 | INFO | Winning count: 16/21
2026-09-17 19:07:50 | INFO | Votes: {'SUPPORTS': 16, 'NOT ENOUGH INFO': 5}
2026-09-17 19:07:50 | INFO | Label accuracy: 1.0000
2026-09-17 19:07:50 | INFO | Result | Correct: True | Running Accuracy: 52.00% | Termination: cot_sc_majority | Steps: 21 | Tool calls: 0 | Latency: 7.521s
2026-09-17 19:07:50 | INFO | Prediction: SUPPORTS
2026-09-17 19:07:50 | INFO | Gold: REFUTES
2026-09-17 19:07:50 | INFO | Winning label: SUPPORTS
2026-09-17 19:07:50 | INFO | Winning count: 18/21
2026-09-17 19:07:50 | INFO | Votes: {'SUPPORTS': 18, 'NOT ENOUGH INFO': 2, 'REFUTES': 1}
2026-09-17 19:07:50 | INFO | Label accuracy: 0.0000
2026-09-17 19:07:50 | INFO | Result | Correct: False | Running Accuracy: 50.00% | Termination: cot_sc_majority | Steps: 21 | Tool calls: 0 | Latency: 7.521s
2026-09-17 19:07:50 | INFO | Prediction: REFUTES
2026-09-17 19:07:50 | INFO | Gold: REFUTES
2026-09-17 19:07:50 | INFO | Winning label: REFUTES
2026-09-17 19:07:50 | INFO | Winning count: 18/21
2026-09-17 19:07:50 | INFO | Votes: {'REFUTES': 18, 'SUPPORTS': 3}
2026-09-17 19:07:50 | INFO | Label accuracy: 1.0000
2026-09-17 19:07:50 | INFO | Result | Correct: True | Running Accuracy: 51.85% | Termination: cot_sc_majority | Steps: 21 | Tool calls: 0 | Latency: 7.521s
2026-09-17 19:07:50 | INFO | Prediction: SUPPORTS
2026-09-17 19:07:50 | INFO | Gold: SUPPORTS
2026-09-17 19:07:50 | INFO | Winning label: SUPPORTS
2026-09-17 19:07:50 | INFO | Winning count: 19/21
2026-09-17 19:07:50 | INFO | Votes: {'SUPPORTS': 19, 'REFUTES': 2}
2026-09-17 19:07:50 | INFO | Label accuracy: 1.0000
2026-09-17 19:07:50 | INFO | Result | Correct: True | Running Accuracy: 53.57% | Termination: cot_sc_majority | Steps: 21 | Tool calls: 0 | Latency: 7.521s
2026-09-17 19:07:50 | INFO | Prediction: NOT ENOUGH INFO
2026-09-17 19:07:50 | INFO | Gold: SUPPORTS
2026-09-17 19:07:50 | INFO | Winning label: NOT ENOUGH INFO
2026-09-17 19:07:50 | INFO | Winning count: 19/21
2026-09-17 19:07:50 | INFO | Votes: {'NOT ENOUGH INFO': 19, 'SUPPORTS': 1}
2026-09-17 19:07:50 | INFO | Label accuracy: 0.0000
2026-09-17 19:07:50 | INFO | Result | Correct: False | Running Accuracy: 51.72% | Termination: cot_sc_majority | Steps: 21 | Tool calls: 0 | Latency: 7.521s
2026-09-17 19:07:50 | INFO | Prediction: REFUTES
2026-09-17 19:07:50 | INFO | Gold: REFUTES
2026-09-17 19:07:50 | INFO | Winning label: REFUTES
2026-09-17 19:07:50 | INFO | Winning count: 21/21
2026-09-17 19:07:50 | INFO | Votes: {'REFUTES': 21}
2026-09-17 19:07:50 | INFO | Label accuracy: 1.0000
2026-09-17 19:07:50 | INFO | Result | Correct: True | Running Accuracy: 53.33% | Termination: cot_sc_majority | Steps: 21 | Tool calls: 0 | Latency: 7.521s
2026-09-17 19:07:50 | INFO | Prediction: REFUTES
2026-09-17 19:07:50 | INFO | Gold: NOT ENOUGH INFO
2026-09-17 19:07:50 | INFO | Winning label: REFUTES
2026-09-17 19:07:50 | INFO | Winning count: 14/21
2026-09-17 19:07:50 | INFO | Votes: {'REFUTES': 14, 'NOT ENOUGH INFO': 5, 'SUPPORTS': 2}
2026-09-17 19:07:50 | INFO | Label accuracy: 0.0000
2026-09-17 19:07:50 | INFO | Result | Correct: False | Running Accuracy: 51.61% | Termination: cot_sc_majority | Steps: 21 | Tool calls: 0 | Latency: 7.521s
2026-09-17 19:07:50 | INFO | Prediction: REFUTES
2026-09-17 19:07:50 | INFO | Gold: REFUTES
2026-09-17 19:07:50 | INFO | Winning label: REFUTES
2026-09-17 19:07:50 | INFO | Winning count: 21/21
2026-09-17 19:07:50 | INFO | Votes: {'REFUTES': 21}
2026-09-17 19:07:50 | INFO | Label accuracy: 1.0000
2026-09-17 19:07:50 | INFO | Result | Correct: True | Running Accuracy: 53.12% | Termination: cot_sc_majority | Steps: 21 | Tool calls: 0 | Latency: 7.521s
2026-09-17 19:07:50 | INFO | Inference batch [33-48/500] size=16
2026-09-17 19:07:50 | INFO | [33/500] example_id=104814
2026-09-17 19:07:50 | INFO | Claim: Janelle Monáe is signed to the Pittsburgh Penguins.
2026-09-17 19:07:50 | INFO | [34/500] example_id=179300
2026-09-17 19:07:50 | INFO | Claim: Franchising is regulated in Nebraska.
2026-09-17 19:07:50 | INFO | [35/500] example_id=147721
2026-09-17 19:07:50 | INFO | Claim: Ripon College is located in Wisconsin.
2026-09-17 19:07:50 | INFO | [36/500] example_id=179320
2026-09-17 19:07:50 | INFO | Claim: Osamu Tezuka's mother had to erase pages in his notebook.
2026-09-17 19:07:50 | INFO | [37/500] example_id=187323
2026-09-17 19:07:50 | INFO | Claim: Diana, Princess of Wales divorced.
2026-09-17 19:07:50 | INFO | [38/500] example_id=96906
2026-09-17 19:07:50 | INFO | Claim: The Arctic will be unaffected by global warming.
2026-09-17 19:07:50 | INFO | [39/500] example_id=171087
2026-09-17 19:07:50 | INFO | Claim: In 1951, Lalla Ward was born.
2026-09-17 19:07:50 | INFO | [40/500] example_id=7178
2026-09-17 19:07:50 | INFO | Claim: Taran Killam is a comedian.
2026-09-17 19:07:50 | INFO | [41/500] example_id=207261
2026-09-17 19:07:50 | INFO | Claim: The rate of endometrial cancer has changed.
2026-09-17 19:07:50 | INFO | [42/500] example_id=100358
2026-09-17 19:07:50 | INFO | Claim: French Indochina was officially known as the Indochinese Union after 1887.
2026-09-17 19:07:50 | INFO | [43/500] example_id=71161
2026-09-17 19:07:50 | INFO | Claim: Edmund H. North was a screenwriter.
2026-09-17 19:07:50 | INFO | [44/500] example_id=26675
2026-09-17 19:07:50 | INFO | Claim: Tottenham Hotspur F.C. was the first British club to win a UEFA club competition.
2026-09-17 19:07:50 | INFO | [45/500] example_id=194370
2026-09-17 19:07:50 | INFO | Claim: Happiness in Slavery is a song.
2026-09-17 19:07:50 | INFO | [46/500] example_id=179343
2026-09-17 19:07:50 | INFO | Claim: Osamu Tezuka was a child.
2026-09-17 19:07:50 | INFO | [47/500] example_id=20291
2026-09-17 19:07:50 | INFO | Claim: Meteora is an album by an American band.
2026-09-17 19:07:50 | INFO | [48/500] example_id=167981
2026-09-17 19:07:50 | INFO | Claim: Don Bradman's status as a national icon was recognized.
2026-09-17 19:09:46 | INFO | Prediction: REFUTES
2026-09-17 19:09:46 | INFO | Gold: NOT ENOUGH INFO
2026-09-17 19:09:46 | INFO | Winning label: REFUTES
2026-09-17 19:09:46 | INFO | Winning count: 21/21
2026-09-17 19:09:46 | INFO | Votes: {'REFUTES': 21}
2026-09-17 19:09:46 | INFO | Label accuracy: 0.0000
2026-09-17 19:09:46 | INFO | Result | Correct: False | Running Accuracy: 51.52% | Termination: cot_sc_majority | Steps: 21 | Tool calls: 0 | Latency: 7.220s
2026-09-17 19:09:46 | INFO | Prediction: NOT ENOUGH INFO
2026-09-17 19:09:46 | INFO | Gold: NOT ENOUGH INFO
2026-09-17 19:09:46 | INFO | Winning label: NOT ENOUGH INFO
2026-09-17 19:09:46 | INFO | Winning count: 11/21
2026-09-17 19:09:46 | INFO | Votes: {'NOT ENOUGH INFO': 11, 'SUPPORTS': 10}
2026-09-17 19:09:46 | INFO | Label accuracy: 1.0000
2026-09-17 19:09:46 | INFO | Result | Correct: True | Running Accuracy: 52.94% | Termination: cot_sc_majority | Steps: 21 | Tool calls: 0 | Latency: 7.220s
2026-09-17 19:09:46 | INFO | Prediction: SUPPORTS
2026-09-17 19:09:46 | INFO | Gold: SUPPORTS
2026-09-17 19:09:46 | INFO | Winning label: SUPPORTS
2026-09-17 19:09:46 | INFO | Winning count: 21/21
2026-09-17 19:09:46 | INFO | Votes: {'SUPPORTS': 21}
2026-09-17 19:09:46 | INFO | Label accuracy: 1.0000
2026-09-17 19:09:46 | INFO | Result | Correct: True | Running Accuracy: 54.29% | Termination: cot_sc_majority | Steps: 21 | Tool calls: 0 | Latency: 7.220s
2026-09-17 19:09:46 | INFO | Prediction: NOT ENOUGH INFO
2026-09-17 19:09:46 | INFO | Gold: SUPPORTS
2026-09-17 19:09:46 | INFO | Winning label: NOT ENOUGH INFO
2026-09-17 19:09:46 | INFO | Winning count: 20/21
2026-09-17 19:09:46 | INFO | Votes: {'NOT ENOUGH INFO': 20}
2026-09-17 19:09:46 | INFO | Label accuracy: 0.0000
2026-09-17 19:09:46 | INFO | Result | Correct: False | Running Accuracy: 52.78% | Termination: cot_sc_majority | Steps: 21 | Tool calls: 0 | Latency: 7.220s
2026-09-17 19:09:46 | INFO | Prediction: SUPPORTS
2026-09-17 19:09:46 | INFO | Gold: SUPPORTS
2026-09-17 19:09:46 | INFO | Winning label: SUPPORTS
2026-09-17 19:09:46 | INFO | Winning count: 17/21
2026-09-17 19:09:46 | INFO | Votes: {'SUPPORTS': 17, 'REFUTES': 3}
2026-09-17 19:09:46 | INFO | Label accuracy: 1.0000
2026-09-17 19:09:46 | INFO | Result | Correct: True | Running Accuracy: 54.05% | Termination: cot_sc_majority | Steps: 21 | Tool calls: 0 | Latency: 7.220s
2026-09-17 19:09:46 | INFO | Prediction: REFUTES
2026-09-17 19:09:46 | INFO | Gold: REFUTES
2026-09-17 19:09:46 | INFO | Winning label: REFUTES
2026-09-17 19:09:46 | INFO | Winning count: 21/21
2026-09-17 19:09:46 | INFO | Votes: {'REFUTES': 21}
2026-09-17 19:09:46 | INFO | Label accuracy: 1.0000
2026-09-17 19:09:46 | INFO | Result | Correct: True | Running Accuracy: 55.26% | Termination: cot_sc_majority | Steps: 21 | Tool calls: 0 | Latency: 7.220s
2026-09-17 19:09:46 | INFO | Prediction: REFUTES
2026-09-17 19:09:46 | INFO | Gold: SUPPORTS
2026-09-17 19:09:46 | INFO | Winning label: REFUTES
2026-09-17 19:09:46 | INFO | Winning count: 18/21
2026-09-17 19:09:46 | INFO | Votes: {'REFUTES': 18, 'SUPPORTS': 2}
2026-09-17 19:09:46 | INFO | Label accuracy: 0.0000
2026-09-17 19:09:46 | INFO | Result | Correct: False | Running Accuracy: 53.85% | Termination: cot_sc_majority | Steps: 21 | Tool calls: 0 | Latency: 7.220s
2026-09-17 19:09:46 | INFO | Prediction: SUPPORTS
2026-09-17 19:09:46 | INFO | Gold: SUPPORTS
2026-09-17 19:09:46 | INFO | Winning label: SUPPORTS
2026-09-17 19:09:46 | INFO | Winning count: 21/21
2026-09-17 19:09:46 | INFO | Votes: {'SUPPORTS': 21}
2026-09-17 19:09:46 | INFO | Label accuracy: 1.0000
2026-09-17 19:09:46 | INFO | Result | Correct: True | Running Accuracy: 55.00% | Termination: cot_sc_majority | Steps: 21 | Tool calls: 0 | Latency: 7.220s
2026-09-17 19:09:46 | INFO | Prediction: NOT ENOUGH INFO
2026-09-17 19:09:46 | INFO | Gold: SUPPORTS
2026-09-17 19:09:46 | INFO | Winning label: NOT ENOUGH INFO
2026-09-17 19:09:46 | INFO | Winning count: 20/21
2026-09-17 19:09:46 | INFO | Votes: {'NOT ENOUGH INFO': 20, 'SUPPORTS': 1}
2026-09-17 19:09:46 | INFO | Label accuracy: 0.0000
2026-09-17 19:09:46 | INFO | Result | Correct: False | Running Accuracy: 53.66% | Termination: cot_sc_majority | Steps: 21 | Tool calls: 0 | Latency: 7.220s
2026-09-17 19:09:46 | INFO | Prediction: SUPPORTS
2026-09-17 19:09:46 | INFO | Gold: SUPPORTS
2026-09-17 19:09:46 | INFO | Winning label: SUPPORTS
2026-09-17 19:09:46 | INFO | Winning count: 18/21
2026-09-17 19:09:46 | INFO | Votes: {'SUPPORTS': 18, 'REFUTES': 2, 'NOT ENOUGH INFO': 1}
2026-09-17 19:09:46 | INFO | Label accuracy: 1.0000
2026-09-17 19:09:46 | INFO | Result | Correct: True | Running Accuracy: 54.76% | Termination: cot_sc_majority | Steps: 21 | Tool calls: 0 | Latency: 7.220s
2026-09-17 19:09:46 | INFO | Prediction: SUPPORTS
2026-09-17 19:09:46 | INFO | Gold: SUPPORTS
2026-09-17 19:09:46 | INFO | Winning label: SUPPORTS
2026-09-17 19:09:46 | INFO | Winning count: 16/21
2026-09-17 19:09:46 | INFO | Votes: {'SUPPORTS': 16, 'NOT ENOUGH INFO': 4}
2026-09-17 19:09:46 | INFO | Label accuracy: 1.0000
2026-09-17 19:09:46 | INFO | Result | Correct: True | Running Accuracy: 55.81% | Termination: cot_sc_majority | Steps: 21 | Tool calls: 0 | Latency: 7.220s
2026-09-17 19:09:46 | INFO | Prediction: NOT ENOUGH INFO
2026-09-17 19:09:46 | INFO | Gold: SUPPORTS
2026-09-17 19:09:46 | INFO | Winning label: NOT ENOUGH INFO
2026-09-17 19:09:46 | INFO | Winning count: 13/21
2026-09-17 19:09:46 | INFO | Votes: {'NOT ENOUGH INFO': 13, 'REFUTES': 6, 'SUPPORTS': 1}
2026-09-17 19:09:46 | INFO | Label accuracy: 0.0000
2026-09-17 19:09:46 | INFO | Result | Correct: False | Running Accuracy: 54.55% | Termination: cot_sc_majority | Steps: 21 | Tool calls: 0 | Latency: 7.220s
2026-09-17 19:09:46 | INFO | Prediction: REFUTES
2026-09-17 19:09:46 | INFO | Gold: SUPPORTS
2026-09-17 19:09:46 | INFO | Winning label: REFUTES
2026-09-17 19:09:46 | INFO | Winning count: 19/21
2026-09-17 19:09:46 | INFO | Votes: {'REFUTES': 19, 'NOT ENOUGH INFO': 2}
2026-09-17 19:09:46 | INFO | Label accuracy: 0.0000
2026-09-17 19:09:46 | INFO | Result | Correct: False | Running Accuracy: 53.33% | Termination: cot_sc_majority | Steps: 21 | Tool calls: 0 | Latency: 7.220s
2026-09-17 19:09:46 | INFO | Prediction: SUPPORTS
2026-09-17 19:09:46 | INFO | Gold: SUPPORTS
2026-09-17 19:09:46 | INFO | Winning label: SUPPORTS
2026-09-17 19:09:46 | INFO | Winning count: 13/21
2026-09-17 19:09:46 | INFO | Votes: {'SUPPORTS': 13, 'REFUTES': 5, 'NOT ENOUGH INFO': 1}
2026-09-17 19:09:46 | INFO | Label accuracy: 1.0000
2026-09-17 19:09:46 | INFO | Result | Correct: True | Running Accuracy: 54.35% | Termination: cot_sc_majority | Steps: 21 | Tool calls: 0 | Latency: 7.220s
2026-09-17 19:09:46 | INFO | Prediction: SUPPORTS
2026-09-17 19:09:46 | INFO | Gold: SUPPORTS
2026-09-17 19:09:46 | INFO | Winning label: SUPPORTS
2026-09-17 19:09:46 | INFO | Winning count: 15/21
2026-09-17 19:09:46 | INFO | Votes: {'SUPPORTS': 15, 'REFUTES': 6}
2026-09-17 19:09:46 | INFO | Label accuracy: 1.0000
2026-09-17 19:09:46 | INFO | Result | Correct: True | Running Accuracy: 55.32% | Termination: cot_sc_majority | Steps: 21 | Tool calls: 0 | Latency: 7.220s
2026-09-17 19:09:46 | INFO | Prediction: SUPPORTS
2026-09-17 19:09:46 | INFO | Gold: SUPPORTS
2026-09-17 19:09:46 | INFO | Winning label: SUPPORTS
2026-09-17 19:09:46 | INFO | Winning count: 21/21
2026-09-17 19:09:46 | INFO | Votes: {'SUPPORTS': 21}
2026-09-17 19:09:46 | INFO | Label accuracy: 1.0000
2026-09-17 19:09:46 | INFO | Result | Correct: True | Running Accuracy: 56.25% | Termination: cot_sc_majority | Steps: 21 | Tool calls: 0 | Latency: 7.220s
2026-09-17 19:09:46 | INFO | Inference batch [49-64/500] size=16
2026-09-17 19:09:46 | INFO | [49/500] example_id=194016
2026-09-17 19:09:46 | INFO | Claim: Kim Jong-il is designated a posthumous title.
2026-09-17 19:09:46 | INFO | [50/500] example_id=181633
2026-09-17 19:09:46 | INFO | Claim: Mogadishu is a place.
2026-09-17 19:09:46 | INFO | [51/500] example_id=12618
2026-09-17 19:09:46 | INFO | Claim: Numb (Linkin Park song) was the most played song in Rock Band 3.
2026-09-17 19:09:46 | INFO | [52/500] example_id=213944
2026-09-17 19:09:46 | INFO | Claim: Gray Matter Interactive Studios, Inc. was a top rated game developer.
2026-09-17 19:09:46 | INFO | [53/500] example_id=88868
2026-09-17 19:09:46 | INFO | Claim: Aleister Crowley was a poet.
2026-09-17 19:09:46 | INFO | [54/500] example_id=39212
2026-09-17 19:09:46 | INFO | Claim: Eddie Guerrero disliked alcoholism.
2026-09-17 19:09:46 | INFO | [55/500] example_id=82838
2026-09-17 19:09:46 | INFO | Claim: Psych is a comedy-drama.
2026-09-17 19:09:46 | INFO | [56/500] example_id=223350
2026-09-17 19:09:46 | INFO | Claim: December was the month when the principal photography of The Disaster Artist (film) started.
2026-09-17 19:09:46 | INFO | [57/500] example_id=37537
2026-09-17 19:09:46 | INFO | Claim: A View to a Kill is a romance movie.
2026-09-17 19:09:46 | INFO | [58/500] example_id=200392
2026-09-17 19:09:46 | INFO | Claim: Tom DeLonge formed a band in his sophomore year of high school.
2026-09-17 19:09:46 | INFO | [59/500] example_id=72975
2026-09-17 19:09:46 | INFO | Claim: Star Trek: Discovery is a science fiction television series.
2026-09-17 19:09:46 | INFO | [60/500] example_id=36832
2026-09-17 19:09:46 | INFO | Claim: The Republic of Macedonia is in a place with various and disputed borders.
2026-09-17 19:09:46 | INFO | [61/500] example_id=223667
2026-09-17 19:09:46 | INFO | Claim: Ludwig van Beethoven was taught by his father Johann.
2026-09-17 19:09:46 | INFO | [62/500] example_id=160508
2026-09-17 19:09:46 | INFO | Claim: Kesha's full name is Kesha Rosa Sebert, a name given to her by her parents.
2026-09-17 19:09:46 | INFO | [63/500] example_id=126229
2026-09-17 19:09:46 | INFO | Claim: Edison Machine Works was barely a manufacturing company.
2026-09-17 19:09:46 | INFO | [64/500] example_id=104244
2026-09-17 19:09:46 | INFO | Claim: Starrcade was eventually broadcast via pay-per-view television.
2026-09-17 19:11:38 | INFO | Prediction: SUPPORTS
2026-09-17 19:11:38 | INFO | Gold: NOT ENOUGH INFO
2026-09-17 19:11:38 | INFO | Winning label: SUPPORTS
2026-09-17 19:11:38 | INFO | Winning count: 21/21
2026-09-17 19:11:38 | INFO | Votes: {'SUPPORTS': 21}
2026-09-17 19:11:38 | INFO | Label accuracy: 0.0000
2026-09-17 19:11:38 | INFO | Result | Correct: False | Running Accuracy: 55.10% | Termination: cot_sc_majority | Steps: 21 | Tool calls: 0 | Latency: 7.024s
2026-09-17 19:11:38 | INFO | Prediction: SUPPORTS
2026-09-17 19:11:38 | INFO | Gold: SUPPORTS
2026-09-17 19:11:38 | INFO | Winning label: SUPPORTS
2026-09-17 19:11:38 | INFO | Winning count: 21/21
2026-09-17 19:11:38 | INFO | Votes: {'SUPPORTS': 21}
2026-09-17 19:11:38 | INFO | Label accuracy: 1.0000
2026-09-17 19:11:38 | INFO | Result | Correct: True | Running Accuracy: 56.00% | Termination: cot_sc_majority | Steps: 21 | Tool calls: 0 | Latency: 7.024s
2026-09-17 19:11:38 | INFO | Prediction: NOT ENOUGH INFO
2026-09-17 19:11:38 | INFO | Gold: NOT ENOUGH INFO
2026-09-17 19:11:38 | INFO | Winning label: NOT ENOUGH INFO
2026-09-17 19:11:38 | INFO | Winning count: 18/21
2026-09-17 19:11:38 | INFO | Votes: {'NOT ENOUGH INFO': 18, 'SUPPORTS': 3}
2026-09-17 19:11:38 | INFO | Label accuracy: 1.0000
2026-09-17 19:11:38 | INFO | Result | Correct: True | Running Accuracy: 56.86% | Termination: cot_sc_majority | Steps: 21 | Tool calls: 0 | Latency: 7.024s
2026-09-17 19:11:38 | INFO | Prediction: NOT ENOUGH INFO
2026-09-17 19:11:38 | INFO | Gold: NOT ENOUGH INFO
2026-09-17 19:11:38 | INFO | Winning label: NOT ENOUGH INFO
2026-09-17 19:11:38 | INFO | Winning count: 20/21
2026-09-17 19:11:38 | INFO | Votes: {'NOT ENOUGH INFO': 20, 'SUPPORTS': 1}
2026-09-17 19:11:38 | INFO | Label accuracy: 1.0000
2026-09-17 19:11:38 | INFO | Result | Correct: True | Running Accuracy: 57.69% | Termination: cot_sc_majority | Steps: 21 | Tool calls: 0 | Latency: 7.024s
2026-09-17 19:11:38 | INFO | Prediction: SUPPORTS
2026-09-17 19:11:38 | INFO | Gold: SUPPORTS
2026-09-17 19:11:38 | INFO | Winning label: SUPPORTS
2026-09-17 19:11:38 | INFO | Winning count: 21/21
2026-09-17 19:11:38 | INFO | Votes: {'SUPPORTS': 21}
2026-09-17 19:11:38 | INFO | Label accuracy: 1.0000
2026-09-17 19:11:38 | INFO | Result | Correct: True | Running Accuracy: 58.49% | Termination: cot_sc_majority | Steps: 21 | Tool calls: 0 | Latency: 7.024s
2026-09-17 19:11:38 | INFO | Prediction: NOT ENOUGH INFO
2026-09-17 19:11:38 | INFO | Gold: NOT ENOUGH INFO
2026-09-17 19:11:38 | INFO | Winning label: NOT ENOUGH INFO
2026-09-17 19:11:38 | INFO | Winning count: 20/21
2026-09-17 19:11:38 | INFO | Votes: {'NOT ENOUGH INFO': 20, 'REFUTES': 1}
2026-09-17 19:11:38 | INFO | Label accuracy: 1.0000
2026-09-17 19:11:38 | INFO | Result | Correct: True | Running Accuracy: 59.26% | Termination: cot_sc_majority | Steps: 21 | Tool calls: 0 | Latency: 7.024s
2026-09-17 19:11:38 | INFO | Prediction: SUPPORTS
2026-09-17 19:11:38 | INFO | Gold: SUPPORTS
2026-09-17 19:11:38 | INFO | Winning label: SUPPORTS
2026-09-17 19:11:38 | INFO | Winning count: 21/21
2026-09-17 19:11:38 | INFO | Votes: {'SUPPORTS': 21}
2026-09-17 19:11:38 | INFO | Label accuracy: 1.0000
2026-09-17 19:11:38 | INFO | Result | Correct: True | Running Accuracy: 60.00% | Termination: cot_sc_majority | Steps: 21 | Tool calls: 0 | Latency: 7.024s
2026-09-17 19:11:38 | INFO | Prediction: SUPPORTS
2026-09-17 19:11:38 | INFO | Gold: SUPPORTS
2026-09-17 19:11:38 | INFO | Winning label: SUPPORTS
2026-09-17 19:11:38 | INFO | Winning count: 11/21
2026-09-17 19:11:38 | INFO | Votes: {'SUPPORTS': 11, 'REFUTES': 7, 'NOT ENOUGH INFO': 3}
2026-09-17 19:11:38 | INFO | Label accuracy: 1.0000
2026-09-17 19:11:38 | INFO | Result | Correct: True | Running Accuracy: 60.71% | Termination: cot_sc_majority | Steps: 21 | Tool calls: 0 | Latency: 7.024s
2026-09-17 19:11:38 | INFO | Prediction: REFUTES
2026-09-17 19:11:38 | INFO | Gold: REFUTES
2026-09-17 19:11:38 | INFO | Winning label: REFUTES
2026-09-17 19:11:38 | INFO | Winning count: 21/21
2026-09-17 19:11:38 | INFO | Votes: {'REFUTES': 21}
2026-09-17 19:11:38 | INFO | Label accuracy: 1.0000
2026-09-17 19:11:38 | INFO | Result | Correct: True | Running Accuracy: 61.40% | Termination: cot_sc_majority | Steps: 21 | Tool calls: 0 | Latency: 7.024s
2026-09-17 19:11:38 | INFO | Prediction: SUPPORTS
2026-09-17 19:11:38 | INFO | Gold: NOT ENOUGH INFO
2026-09-17 19:11:38 | INFO | Winning label: SUPPORTS
2026-09-17 19:11:38 | INFO | Winning count: 11/21
2026-09-17 19:11:38 | INFO | Votes: {'SUPPORTS': 11, 'NOT ENOUGH INFO': 10}
2026-09-17 19:11:38 | INFO | Label accuracy: 0.0000
2026-09-17 19:11:38 | INFO | Result | Correct: False | Running Accuracy: 60.34% | Termination: cot_sc_majority | Steps: 21 | Tool calls: 0 | Latency: 7.024s
2026-09-17 19:11:38 | INFO | Prediction: SUPPORTS
2026-09-17 19:11:38 | INFO | Gold: SUPPORTS
2026-09-17 19:11:38 | INFO | Winning label: SUPPORTS
2026-09-17 19:11:38 | INFO | Winning count: 21/21
2026-09-17 19:11:38 | INFO | Votes: {'SUPPORTS': 21}
2026-09-17 19:11:38 | INFO | Label accuracy: 1.0000
2026-09-17 19:11:38 | INFO | Result | Correct: True | Running Accuracy: 61.02% | Termination: cot_sc_majority | Steps: 21 | Tool calls: 0 | Latency: 7.024s
2026-09-17 19:11:38 | INFO | Prediction: SUPPORTS
2026-09-17 19:11:38 | INFO | Gold: SUPPORTS
2026-09-17 19:11:38 | INFO | Winning label: SUPPORTS
2026-09-17 19:11:38 | INFO | Winning count: 15/21
2026-09-17 19:11:38 | INFO | Votes: {'SUPPORTS': 15, 'NOT ENOUGH INFO': 4, 'REFUTES': 1}
2026-09-17 19:11:38 | INFO | Label accuracy: 1.0000
2026-09-17 19:11:38 | INFO | Result | Correct: True | Running Accuracy: 61.67% | Termination: cot_sc_majority | Steps: 21 | Tool calls: 0 | Latency: 7.024s
2026-09-17 19:11:38 | INFO | Prediction: SUPPORTS
2026-09-17 19:11:38 | INFO | Gold: SUPPORTS
2026-09-17 19:11:38 | INFO | Winning label: SUPPORTS
2026-09-17 19:11:38 | INFO | Winning count: 21/21
2026-09-17 19:11:38 | INFO | Votes: {'SUPPORTS': 21}
2026-09-17 19:11:38 | INFO | Label accuracy: 1.0000
2026-09-17 19:11:38 | INFO | Result | Correct: True | Running Accuracy: 62.30% | Termination: cot_sc_majority | Steps: 21 | Tool calls: 0 | Latency: 7.024s
2026-09-17 19:11:38 | INFO | Prediction: SUPPORTS
2026-09-17 19:11:38 | INFO | Gold: SUPPORTS
2026-09-17 19:11:38 | INFO | Winning label: SUPPORTS
2026-09-17 19:11:38 | INFO | Winning count: 21/21
2026-09-17 19:11:38 | INFO | Votes: {'SUPPORTS': 21}
2026-09-17 19:11:38 | INFO | Label accuracy: 1.0000
2026-09-17 19:11:38 | INFO | Result | Correct: True | Running Accuracy: 62.90% | Termination: cot_sc_majority | Steps: 21 | Tool calls: 0 | Latency: 7.024s
2026-09-17 19:11:38 | INFO | Prediction: REFUTES
2026-09-17 19:11:38 | INFO | Gold: REFUTES
2026-09-17 19:11:38 | INFO | Winning label: REFUTES
2026-09-17 19:11:38 | INFO | Winning count: 17/21
2026-09-17 19:11:38 | INFO | Votes: {'REFUTES': 17, 'NOT ENOUGH INFO': 4}
2026-09-17 19:11:38 | INFO | Label accuracy: 1.0000
2026-09-17 19:11:38 | INFO | Result | Correct: True | Running Accuracy: 63.49% | Termination: cot_sc_majority | Steps: 21 | Tool calls: 0 | Latency: 7.024s
2026-09-17 19:11:38 | INFO | Prediction: SUPPORTS
2026-09-17 19:11:38 | INFO | Gold: SUPPORTS
2026-09-17 19:11:38 | INFO | Winning label: SUPPORTS
2026-09-17 19:11:38 | INFO | Winning count: 16/21
2026-09-17 19:11:38 | INFO | Votes: {'SUPPORTS': 16, 'NOT ENOUGH INFO': 4}
2026-09-17 19:11:38 | INFO | Label accuracy: 1.0000
2026-09-17 19:11:38 | INFO | Result | Correct: True | Running Accuracy: 64.06% | Termination: cot_sc_majority | Steps: 21 | Tool calls: 0 | Latency: 7.024s
2026-09-17 19:11:38 | INFO | Inference batch [65-80/500] size=16
2026-09-17 19:11:38 | INFO | [65/500] example_id=133476
2026-09-17 19:11:38 | INFO | Claim: L.A. Reid has served as the CEO of Epic Records.
2026-09-17 19:11:38 | INFO | [66/500] example_id=202796
2026-09-17 19:11:38 | INFO | Claim: Despicable Me 2 was written by Cinco Paul in 2014.
2026-09-17 19:11:38 | INFO | [67/500] example_id=173717
2026-09-17 19:11:38 | INFO | Claim: Earl Scruggs's birthday is January 6th, 1924.
2026-09-17 19:11:38 | INFO | [68/500] example_id=168048
2026-09-17 19:11:38 | INFO | Claim: Larry Wilmore is a man.
2026-09-17 19:11:38 | INFO | [69/500] example_id=143533
2026-09-17 19:11:38 | INFO | Claim: Knocked Up is a motion picture.
2026-09-17 19:11:38 | INFO | [70/500] example_id=120046
2026-09-17 19:11:38 | INFO | Claim: Johnny Galecki played an uneducated character in The Big Bang Theory.
2026-09-17 19:11:38 | INFO | [71/500] example_id=7244
2026-09-17 19:11:38 | INFO | Claim: Creedence Clearwater Revival was informally abbreviated to CCR in 1970.
2026-09-17 19:11:38 | INFO | [72/500] example_id=77813
2026-09-17 19:11:38 | INFO | Claim: Eddie Guerrero was addicted to heroin.
2026-09-17 19:11:38 | INFO | [73/500] example_id=139384
2026-09-17 19:11:38 | INFO | Claim: Recovery features a singer.
2026-09-17 19:11:38 | INFO | [74/500] example_id=102920
2026-09-17 19:11:38 | INFO | Claim: Aristotle spent time in Greece.
2026-09-17 19:11:38 | INFO | [75/500] example_id=142161
2026-09-17 19:11:38 | INFO | Claim: Match Point explores exclusively the role of misfortune in life.
2026-09-17 19:11:38 | INFO | [76/500] example_id=69902
2026-09-17 19:11:38 | INFO | Claim: Omar Khadr was married.
2026-09-17 19:11:38 | INFO | [77/500] example_id=12252
2026-09-17 19:11:38 | INFO | Claim: Lost has twelve seasons.
2026-09-17 19:11:38 | INFO | [78/500] example_id=63321
2026-09-17 19:11:38 | INFO | Claim: West Ham United F.C. was founded by Buddhists.
2026-09-17 19:11:38 | INFO | [79/500] example_id=88360
2026-09-17 19:11:38 | INFO | Claim: The Quran is believed to be a revelation from Jesus Christ.
2026-09-17 19:11:38 | INFO | [80/500] example_id=154464
2026-09-17 19:11:38 | INFO | Claim: Aleister Crowley died on Monday, December 1, 1947.
2026-09-17 19:13:38 | INFO | Prediction: SUPPORTS
2026-09-17 19:13:38 | INFO | Gold: SUPPORTS
2026-09-17 19:13:38 | INFO | Winning label: SUPPORTS
2026-09-17 19:13:38 | INFO | Winning count: 11/21
2026-09-17 19:13:38 | INFO | Votes: {'SUPPORTS': 11, 'NOT ENOUGH INFO': 5, 'REFUTES': 4}
2026-09-17 19:13:38 | INFO | Label accuracy: 1.0000
2026-09-17 19:13:38 | INFO | Result | Correct: True | Running Accuracy: 64.62% | Termination: cot_sc_majority | Steps: 21 | Tool calls: 0 | Latency: 7.457s
2026-09-17 19:13:38 | INFO | Prediction: REFUTES
2026-09-17 19:13:38 | INFO | Gold: NOT ENOUGH INFO
2026-09-17 19:13:38 | INFO | Winning label: REFUTES
2026-09-17 19:13:38 | INFO | Winning count: 14/21
2026-09-17 19:13:38 | INFO | Votes: {'REFUTES': 14, 'NOT ENOUGH INFO': 6}
2026-09-17 19:13:38 | INFO | Label accuracy: 0.0000
2026-09-17 19:13:38 | INFO | Result | Correct: False | Running Accuracy: 63.64% | Termination: cot_sc_majority | Steps: 21 | Tool calls: 0 | Latency: 7.457s
2026-09-17 19:13:38 | INFO | Prediction: SUPPORTS
2026-09-17 19:13:38 | INFO | Gold: SUPPORTS
2026-09-17 19:13:38 | INFO | Winning label: SUPPORTS
2026-09-17 19:13:38 | INFO | Winning count: 20/21
2026-09-17 19:13:38 | INFO | Votes: {'SUPPORTS': 20, 'NOT ENOUGH INFO': 1}
2026-09-17 19:13:38 | INFO | Label accuracy: 1.0000
2026-09-17 19:13:38 | INFO | Result | Correct: True | Running Accuracy: 64.18% | Termination: cot_sc_majority | Steps: 21 | Tool calls: 0 | Latency: 7.457s
2026-09-17 19:13:38 | INFO | Prediction: SUPPORTS
2026-09-17 19:13:38 | INFO | Gold: NOT ENOUGH INFO
2026-09-17 19:13:38 | INFO | Winning label: SUPPORTS
2026-09-17 19:13:38 | INFO | Winning count: 21/21
2026-09-17 19:13:38 | INFO | Votes: {'SUPPORTS': 21}
2026-09-17 19:13:38 | INFO | Label accuracy: 0.0000
2026-09-17 19:13:38 | INFO | Result | Correct: False | Running Accuracy: 63.24% | Termination: cot_sc_majority | Steps: 21 | Tool calls: 0 | Latency: 7.457s
2026-09-17 19:13:38 | INFO | Prediction: SUPPORTS
2026-09-17 19:13:38 | INFO | Gold: SUPPORTS
2026-09-17 19:13:38 | INFO | Winning label: SUPPORTS
2026-09-17 19:13:38 | INFO | Winning count: 21/21
2026-09-17 19:13:38 | INFO | Votes: {'SUPPORTS': 21}
2026-09-17 19:13:38 | INFO | Label accuracy: 1.0000
2026-09-17 19:13:38 | INFO | Result | Correct: True | Running Accuracy: 63.77% | Termination: cot_sc_majority | Steps: 21 | Tool calls: 0 | Latency: 7.457s
2026-09-17 19:13:38 | INFO | Prediction: REFUTES
2026-09-17 19:13:38 | INFO | Gold: REFUTES
2026-09-17 19:13:38 | INFO | Winning label: REFUTES
2026-09-17 19:13:38 | INFO | Winning count: 21/21
2026-09-17 19:13:38 | INFO | Votes: {'REFUTES': 21}
2026-09-17 19:13:38 | INFO | Label accuracy: 1.0000
2026-09-17 19:13:38 | INFO | Result | Correct: True | Running Accuracy: 64.29% | Termination: cot_sc_majority | Steps: 21 | Tool calls: 0 | Latency: 7.457s
2026-09-17 19:13:38 | INFO | Prediction: SUPPORTS
2026-09-17 19:13:38 | INFO | Gold: NOT ENOUGH INFO
2026-09-17 19:13:38 | INFO | Winning label: SUPPORTS
2026-09-17 19:13:38 | INFO | Winning count: 10/21
2026-09-17 19:13:38 | INFO | Votes: {'SUPPORTS': 10, 'NOT ENOUGH INFO': 6, 'REFUTES': 4}
2026-09-17 19:13:38 | INFO | Label accuracy: 0.0000
2026-09-17 19:13:38 | INFO | Result | Correct: False | Running Accuracy: 63.38% | Termination: cot_sc_plurality | Steps: 21 | Tool calls: 0 | Latency: 7.457s
2026-09-17 19:13:38 | INFO | Prediction: NOT ENOUGH INFO
2026-09-17 19:13:38 | INFO | Gold: NOT ENOUGH INFO
2026-09-17 19:13:38 | INFO | Winning label: NOT ENOUGH INFO
2026-09-17 19:13:38 | INFO | Winning count: 11/21
2026-09-17 19:13:38 | INFO | Votes: {'NOT ENOUGH INFO': 11, 'SUPPORTS': 10}
2026-09-17 19:13:38 | INFO | Label accuracy: 1.0000
2026-09-17 19:13:38 | INFO | Result | Correct: True | Running Accuracy: 63.89% | Termination: cot_sc_majority | Steps: 21 | Tool calls: 0 | Latency: 7.457s
2026-09-17 19:13:38 | INFO | Prediction: NOT ENOUGH INFO
2026-09-17 19:13:38 | INFO | Gold: NOT ENOUGH INFO
2026-09-17 19:13:38 | INFO | Winning label: NOT ENOUGH INFO
2026-09-17 19:13:38 | INFO | Winning count: 16/21
2026-09-17 19:13:38 | INFO | Votes: {'NOT ENOUGH INFO': 16, 'SUPPORTS': 4}
2026-09-17 19:13:38 | INFO | Label accuracy: 1.0000
2026-09-17 19:13:38 | INFO | Result | Correct: True | Running Accuracy: 64.38% | Termination: cot_sc_majority | Steps: 21 | Tool calls: 0 | Latency: 7.457s
2026-09-17 19:13:38 | INFO | Prediction: SUPPORTS
2026-09-17 19:13:38 | INFO | Gold: SUPPORTS
2026-09-17 19:13:38 | INFO | Winning label: SUPPORTS
2026-09-17 19:13:38 | INFO | Winning count: 20/21
2026-09-17 19:13:38 | INFO | Votes: {'SUPPORTS': 20}
2026-09-17 19:13:38 | INFO | Label accuracy: 1.0000
2026-09-17 19:13:38 | INFO | Result | Correct: True | Running Accuracy: 64.86% | Termination: cot_sc_majority | Steps: 21 | Tool calls: 0 | Latency: 7.457s
2026-09-17 19:13:38 | INFO | Prediction: REFUTES
2026-09-17 19:13:38 | INFO | Gold: REFUTES
2026-09-17 19:13:38 | INFO | Winning label: REFUTES
2026-09-17 19:13:38 | INFO | Winning count: 19/21
2026-09-17 19:13:38 | INFO | Votes: {'REFUTES': 19, 'NOT ENOUGH INFO': 2}
2026-09-17 19:13:38 | INFO | Label accuracy: 1.0000
2026-09-17 19:13:38 | INFO | Result | Correct: True | Running Accuracy: 65.33% | Termination: cot_sc_majority | Steps: 21 | Tool calls: 0 | Latency: 7.457s
2026-09-17 19:13:38 | INFO | Prediction: NOT ENOUGH INFO
2026-09-17 19:13:38 | INFO | Gold: NOT ENOUGH INFO
2026-09-17 19:13:38 | INFO | Winning label: NOT ENOUGH INFO
2026-09-17 19:13:38 | INFO | Winning count: 17/21
2026-09-17 19:13:38 | INFO | Votes: {'NOT ENOUGH INFO': 17, 'REFUTES': 2, 'SUPPORTS': 2}
2026-09-17 19:13:38 | INFO | Label accuracy: 1.0000
2026-09-17 19:13:38 | INFO | Result | Correct: True | Running Accuracy: 65.79% | Termination: cot_sc_majority | Steps: 21 | Tool calls: 0 | Latency: 7.457s
2026-09-17 19:13:38 | INFO | Prediction: REFUTES
2026-09-17 19:13:38 | INFO | Gold: REFUTES
2026-09-17 19:13:38 | INFO | Winning label: REFUTES
2026-09-17 19:13:38 | INFO | Winning count: 21/21
2026-09-17 19:13:38 | INFO | Votes: {'REFUTES': 21}
2026-09-17 19:13:38 | INFO | Label accuracy: 1.0000
2026-09-17 19:13:38 | INFO | Result | Correct: True | Running Accuracy: 66.23% | Termination: cot_sc_majority | Steps: 21 | Tool calls: 0 | Latency: 7.457s
2026-09-17 19:13:38 | INFO | Prediction: REFUTES
2026-09-17 19:13:38 | INFO | Gold: NOT ENOUGH INFO
2026-09-17 19:13:38 | INFO | Winning label: REFUTES
2026-09-17 19:13:38 | INFO | Winning count: 20/21
2026-09-17 19:13:38 | INFO | Votes: {'REFUTES': 20, 'NOT ENOUGH INFO': 1}
2026-09-17 19:13:38 | INFO | Label accuracy: 0.0000
2026-09-17 19:13:38 | INFO | Result | Correct: False | Running Accuracy: 65.38% | Termination: cot_sc_majority | Steps: 21 | Tool calls: 0 | Latency: 7.457s
2026-09-17 19:13:38 | INFO | Prediction: REFUTES
2026-09-17 19:13:38 | INFO | Gold: NOT ENOUGH INFO
2026-09-17 19:13:38 | INFO | Winning label: REFUTES
2026-09-17 19:13:38 | INFO | Winning count: 16/21
2026-09-17 19:13:38 | INFO | Votes: {'REFUTES': 16, 'NOT ENOUGH INFO': 3}
2026-09-17 19:13:38 | INFO | Label accuracy: 0.0000
2026-09-17 19:13:38 | INFO | Result | Correct: False | Running Accuracy: 64.56% | Termination: cot_sc_majority | Steps: 21 | Tool calls: 0 | Latency: 7.457s
2026-09-17 19:13:38 | INFO | Prediction: SUPPORTS
2026-09-17 19:13:38 | INFO | Gold: NOT ENOUGH INFO
2026-09-17 19:13:38 | INFO | Winning label: SUPPORTS
2026-09-17 19:13:38 | INFO | Winning count: 12/21
2026-09-17 19:13:38 | INFO | Votes: {'SUPPORTS': 12, 'REFUTES': 9}
2026-09-17 19:13:38 | INFO | Label accuracy: 0.0000
2026-09-17 19:13:38 | INFO | Result | Correct: False | Running Accuracy: 63.75% | Termination: cot_sc_majority | Steps: 21 | Tool calls: 0 | Latency: 7.457s
2026-09-17 19:13:38 | INFO | Inference batch [81-96/500] size=16
2026-09-17 19:13:38 | INFO | [81/500] example_id=65917
2026-09-17 19:13:38 | INFO | Claim: Tremont Street Subway is incapable of being part of the MBTA.
2026-09-17 19:13:38 | INFO | [82/500] example_id=99353
2026-09-17 19:13:38 | INFO | Claim: The NAACP Image Award for Outstanding Supporting Actor in a Drama Series was first given in Hollywood.
2026-09-17 19:13:38 | INFO | [83/500] example_id=3923
2026-09-17 19:13:38 | INFO | Claim: Pirates of the Caribbean was made in Tokyo Disneyland in 1963.
2026-09-17 19:13:38 | INFO | [84/500] example_id=89428
2026-09-17 19:13:38 | INFO | Claim: John Deighton developed psychological problems.
2026-09-17 19:13:38 | INFO | [85/500] example_id=175468
2026-09-17 19:13:38 | INFO | Claim: Christian Gottlob Neefe was an opera writer.
2026-09-17 19:13:38 | INFO | [86/500] example_id=47202
2026-09-17 19:13:38 | INFO | Claim: Penguin Books is in the book business.
2026-09-17 19:13:38 | INFO | [87/500] example_id=190751
2026-09-17 19:13:38 | INFO | Claim: Marjorie Gross wrote for film exclusively.
2026-09-17 19:13:38 | INFO | [88/500] example_id=192981
2026-09-17 19:13:38 | INFO | Claim: Roland Emmerich is gay.
2026-09-17 19:13:38 | INFO | [89/500] example_id=203995
2026-09-17 19:13:38 | INFO | Claim: Glee.com was released by Community Connect Inc..
2026-09-17 19:13:38 | INFO | [90/500] example_id=19655
2026-09-17 19:13:38 | INFO | Claim: Tiber Oil Field was discovered in September 1909.
2026-09-17 19:13:38 | INFO | [91/500] example_id=159932
2026-09-17 19:13:38 | INFO | Claim: Christa McAuliffe taught social studies.
2026-09-17 19:13:38 | INFO | [92/500] example_id=18142
2026-09-17 19:13:38 | INFO | Claim: The University of Illinois at Chicago is located in Buffalo, New York.
2026-09-17 19:13:38 | INFO | [93/500] example_id=161848
2026-09-17 19:13:38 | INFO | Claim: A Grammy winner is Robert Lopez.
2026-09-17 19:13:38 | INFO | [94/500] example_id=87464
2026-09-17 19:13:38 | INFO | Claim: Shawn Carlson is only a business writer.
2026-09-17 19:13:38 | INFO | [95/500] example_id=112295
2026-09-17 19:13:38 | INFO | Claim: The Road to El Dorado stars Robin Williams.
2026-09-17 19:13:38 | INFO | [96/500] example_id=137414
2026-09-17 19:13:38 | INFO | Claim: Stanley Williams lost his life in 2005.
2026-09-17 19:15:39 | INFO | Prediction: REFUTES
2026-09-17 19:15:39 | INFO | Gold: REFUTES
2026-09-17 19:15:39 | INFO | Winning label: REFUTES
2026-09-17 19:15:39 | INFO | Winning count: 21/21
2026-09-17 19:15:39 | INFO | Votes: {'REFUTES': 21}
2026-09-17 19:15:39 | INFO | Label accuracy: 1.0000
2026-09-17 19:15:39 | INFO | Result | Correct: True | Running Accuracy: 64.20% | Termination: cot_sc_majority | Steps: 21 | Tool calls: 0 | Latency: 7.555s
2026-09-17 19:15:39 | INFO | Prediction: NOT ENOUGH INFO
2026-09-17 19:15:39 | INFO | Gold: NOT ENOUGH INFO
2026-09-17 19:15:39 | INFO | Winning label: NOT ENOUGH INFO
2026-09-17 19:15:39 | INFO | Winning count: 19/21
2026-09-17 19:15:39 | INFO | Votes: {'NOT ENOUGH INFO': 19, 'REFUTES': 2}
2026-09-17 19:15:39 | INFO | Label accuracy: 1.0000
2026-09-17 19:15:39 | INFO | Result | Correct: True | Running Accuracy: 64.63% | Termination: cot_sc_majority | Steps: 21 | Tool calls: 0 | Latency: 7.555s
2026-09-17 19:15:39 | INFO | Prediction: REFUTES
2026-09-17 19:15:39 | INFO | Gold: NOT ENOUGH INFO
2026-09-17 19:15:39 | INFO | Winning label: REFUTES
2026-09-17 19:15:39 | INFO | Winning count: 21/21
2026-09-17 19:15:39 | INFO | Votes: {'REFUTES': 21}
2026-09-17 19:15:39 | INFO | Label accuracy: 0.0000
2026-09-17 19:15:39 | INFO | Result | Correct: False | Running Accuracy: 63.86% | Termination: cot_sc_majority | Steps: 21 | Tool calls: 0 | Latency: 7.555s
2026-09-17 19:15:39 | INFO | Prediction: NOT ENOUGH INFO
2026-09-17 19:15:39 | INFO | Gold: NOT ENOUGH INFO
2026-09-17 19:15:39 | INFO | Winning label: NOT ENOUGH INFO
2026-09-17 19:15:39 | INFO | Winning count: 20/21
2026-09-17 19:15:39 | INFO | Votes: {'NOT ENOUGH INFO': 20}
2026-09-17 19:15:39 | INFO | Label accuracy: 1.0000
2026-09-17 19:15:39 | INFO | Result | Correct: True | Running Accuracy: 64.29% | Termination: cot_sc_majority | Steps: 21 | Tool calls: 0 | Latency: 7.555s
2026-09-17 19:15:39 | INFO | Prediction: REFUTES
2026-09-17 19:15:39 | INFO | Gold: SUPPORTS
2026-09-17 19:15:39 | INFO | Winning label: REFUTES
2026-09-17 19:15:39 | INFO | Winning count: 11/21
2026-09-17 19:15:39 | INFO | Votes: {'REFUTES': 11, 'NOT ENOUGH INFO': 9}
2026-09-17 19:15:39 | INFO | Label accuracy: 0.0000
2026-09-17 19:15:39 | INFO | Result | Correct: False | Running Accuracy: 63.53% | Termination: cot_sc_majority | Steps: 21 | Tool calls: 0 | Latency: 7.555s
2026-09-17 19:15:39 | INFO | Prediction: SUPPORTS
2026-09-17 19:15:39 | INFO | Gold: SUPPORTS
2026-09-17 19:15:39 | INFO | Winning label: SUPPORTS
2026-09-17 19:15:39 | INFO | Winning count: 21/21
2026-09-17 19:15:39 | INFO | Votes: {'SUPPORTS': 21}
2026-09-17 19:15:39 | INFO | Label accuracy: 1.0000
2026-09-17 19:15:39 | INFO | Result | Correct: True | Running Accuracy: 63.95% | Termination: cot_sc_majority | Steps: 21 | Tool calls: 0 | Latency: 7.555s
2026-09-17 19:15:39 | INFO | Prediction: NOT ENOUGH INFO
2026-09-17 19:15:39 | INFO | Gold: REFUTES
2026-09-17 19:15:39 | INFO | Winning label: NOT ENOUGH INFO
2026-09-17 19:15:39 | INFO | Winning count: 18/21
2026-09-17 19:15:39 | INFO | Votes: {'NOT ENOUGH INFO': 18, 'REFUTES': 2}
2026-09-17 19:15:39 | INFO | Label accuracy: 0.0000
2026-09-17 19:15:39 | INFO | Result | Correct: False | Running Accuracy: 63.22% | Termination: cot_sc_majority | Steps: 21 | Tool calls: 0 | Latency: 7.555s
2026-09-17 19:15:39 | INFO | Prediction: NOT ENOUGH INFO
2026-09-17 19:15:39 | INFO | Gold: SUPPORTS
2026-09-17 19:15:39 | INFO | Winning label: NOT ENOUGH INFO
2026-09-17 19:15:39 | INFO | Winning count: 21/21
2026-09-17 19:15:39 | INFO | Votes: {'NOT ENOUGH INFO': 21}
2026-09-17 19:15:39 | INFO | Label accuracy: 0.0000
2026-09-17 19:15:39 | INFO | Result | Correct: False | Running Accuracy: 62.50% | Termination: cot_sc_majority | Steps: 21 | Tool calls: 0 | Latency: 7.555s
2026-09-17 19:15:39 | INFO | Prediction: SUPPORTS
2026-09-17 19:15:39 | INFO | Gold: SUPPORTS
2026-09-17 19:15:39 | INFO | Winning label: SUPPORTS
2026-09-17 19:15:39 | INFO | Winning count: 9/21
2026-09-17 19:15:39 | INFO | Votes: {'SUPPORTS': 9, 'REFUTES': 8, 'NOT ENOUGH INFO': 4}
2026-09-17 19:15:39 | INFO | Label accuracy: 1.0000
2026-09-17 19:15:39 | INFO | Result | Correct: True | Running Accuracy: 62.92% | Termination: cot_sc_plurality | Steps: 21 | Tool calls: 0 | Latency: 7.555s
2026-09-17 19:15:39 | INFO | Prediction: NOT ENOUGH INFO
2026-09-17 19:15:39 | INFO | Gold: REFUTES
2026-09-17 19:15:39 | INFO | Winning label: NOT ENOUGH INFO
2026-09-17 19:15:39 | INFO | Winning count: 17/21
2026-09-17 19:15:39 | INFO | Votes: {'NOT ENOUGH INFO': 17, 'SUPPORTS': 3, 'REFUTES': 1}
2026-09-17 19:15:39 | INFO | Label accuracy: 0.0000
2026-09-17 19:15:39 | INFO | Result | Correct: False | Running Accuracy: 62.22% | Termination: cot_sc_majority | Steps: 21 | Tool calls: 0 | Latency: 7.555s
2026-09-17 19:15:39 | INFO | Prediction: SUPPORTS
2026-09-17 19:15:39 | INFO | Gold: SUPPORTS
2026-09-17 19:15:39 | INFO | Winning label: SUPPORTS
2026-09-17 19:15:39 | INFO | Winning count: 16/21
2026-09-17 19:15:39 | INFO | Votes: {'SUPPORTS': 16, 'NOT ENOUGH INFO': 4}
2026-09-17 19:15:39 | INFO | Label accuracy: 1.0000
2026-09-17 19:15:39 | INFO | Result | Correct: True | Running Accuracy: 62.64% | Termination: cot_sc_majority | Steps: 21 | Tool calls: 0 | Latency: 7.555s
2026-09-17 19:15:39 | INFO | Prediction: REFUTES
2026-09-17 19:15:39 | INFO | Gold: REFUTES
2026-09-17 19:15:39 | INFO | Winning label: REFUTES
2026-09-17 19:15:39 | INFO | Winning count: 21/21
2026-09-17 19:15:39 | INFO | Votes: {'REFUTES': 21}
2026-09-17 19:15:39 | INFO | Label accuracy: 1.0000
2026-09-17 19:15:39 | INFO | Result | Correct: True | Running Accuracy: 63.04% | Termination: cot_sc_majority | Steps: 21 | Tool calls: 0 | Latency: 7.555s
2026-09-17 19:15:39 | INFO | Prediction: SUPPORTS
2026-09-17 19:15:39 | INFO | Gold: SUPPORTS
2026-09-17 19:15:39 | INFO | Winning label: SUPPORTS
2026-09-17 19:15:39 | INFO | Winning count: 17/21
2026-09-17 19:15:39 | INFO | Votes: {'SUPPORTS': 17, 'NOT ENOUGH INFO': 4}
2026-09-17 19:15:39 | INFO | Label accuracy: 1.0000
2026-09-17 19:15:39 | INFO | Result | Correct: True | Running Accuracy: 63.44% | Termination: cot_sc_majority | Steps: 21 | Tool calls: 0 | Latency: 7.555s
2026-09-17 19:15:39 | INFO | Prediction: NOT ENOUGH INFO
2026-09-17 19:15:39 | INFO | Gold: REFUTES
2026-09-17 19:15:39 | INFO | Winning label: NOT ENOUGH INFO
2026-09-17 19:15:39 | INFO | Winning count: 18/21
2026-09-17 19:15:39 | INFO | Votes: {'NOT ENOUGH INFO': 18, 'SUPPORTS': 1}
2026-09-17 19:15:39 | INFO | Label accuracy: 0.0000
2026-09-17 19:15:39 | INFO | Result | Correct: False | Running Accuracy: 62.77% | Termination: cot_sc_majority | Steps: 21 | Tool calls: 0 | Latency: 7.555s
2026-09-17 19:15:39 | INFO | Prediction: SUPPORTS
2026-09-17 19:15:39 | INFO | Gold: REFUTES
2026-09-17 19:15:39 | INFO | Winning label: SUPPORTS
2026-09-17 19:15:39 | INFO | Winning count: 16/21
2026-09-17 19:15:39 | INFO | Votes: {'SUPPORTS': 16, 'REFUTES': 3}
2026-09-17 19:15:39 | INFO | Label accuracy: 0.0000
2026-09-17 19:15:39 | INFO | Result | Correct: False | Running Accuracy: 62.11% | Termination: cot_sc_majority | Steps: 21 | Tool calls: 0 | Latency: 7.555s
2026-09-17 19:15:39 | INFO | Prediction: SUPPORTS
2026-09-17 19:15:39 | INFO | Gold: SUPPORTS
2026-09-17 19:15:39 | INFO | Winning label: SUPPORTS
2026-09-17 19:15:39 | INFO | Winning count: 16/21
2026-09-17 19:15:39 | INFO | Votes: {'SUPPORTS': 16, 'NOT ENOUGH INFO': 4, 'REFUTES': 1}
2026-09-17 19:15:39 | INFO | Label accuracy: 1.0000
2026-09-17 19:15:39 | INFO | Result | Correct: True | Running Accuracy: 62.50% | Termination: cot_sc_majority | Steps: 21 | Tool calls: 0 | Latency: 7.555s
2026-09-17 19:15:39 | INFO | Inference batch [97-112/500] size=16
2026-09-17 19:15:39 | INFO | [97/500] example_id=45625
2026-09-17 19:15:39 | INFO | Claim: John Deighton worked a parcel of land that had gold.
2026-09-17 19:15:39 | INFO | [98/500] example_id=117023
2026-09-17 19:15:39 | INFO | Claim: Highway to Heaven is an American movie series.
2026-09-17 19:15:39 | INFO | [99/500] example_id=57897
2026-09-17 19:15:39 | INFO | Claim: Folklore includes tigers.
2026-09-17 19:15:39 | INFO | [100/500] example_id=137391
2026-09-17 19:15:39 | INFO | Claim: Melancholia is a disease.
2026-09-17 19:15:39 | INFO | [101/500] example_id=8926
2026-09-17 19:15:39 | INFO | Claim: Advertising is rarely a visual form of marketing communication.
2026-09-17 19:15:39 | INFO | [102/500] example_id=112345
2026-09-17 19:15:39 | INFO | Claim: Part of Dilwale Dulhania Le Jayenge was filmed in France.
2026-09-17 19:15:39 | INFO | [103/500] example_id=158425
2026-09-17 19:15:39 | INFO | Claim: The Penibaetic System is an organization of cattle ranches.
2026-09-17 19:15:39 | INFO | [104/500] example_id=172748
2026-09-17 19:15:39 | INFO | Claim: The Beach first came out in 2000.
2026-09-17 19:15:39 | INFO | [105/500] example_id=209096
2026-09-17 19:15:39 | INFO | Claim: Stadium Arcadium was released in 2006.
2026-09-17 19:15:39 | INFO | [106/500] example_id=130638
2026-09-17 19:15:39 | INFO | Claim: Harvard University is a liberal arts university.
2026-09-17 19:15:39 | INFO | [107/500] example_id=10827
2026-09-17 19:15:39 | INFO | Claim: Derek Hough has worked with death.
2026-09-17 19:15:39 | INFO | [108/500] example_id=13952
2026-09-17 19:15:39 | INFO | Claim: Alexandra Daddario is a human.
2026-09-17 19:15:39 | INFO | [109/500] example_id=151642
2026-09-17 19:15:39 | INFO | Claim: Folklore excludes proverbs.
2026-09-17 19:15:39 | INFO | [110/500] example_id=201375
2026-09-17 19:15:39 | INFO | Claim: Varsity Blues (film) is incapable of being filmed.
2026-09-17 19:15:39 | INFO | [111/500] example_id=100428
2026-09-17 19:15:39 | INFO | Claim: Lost (TV series) is a series of stories.
2026-09-17 19:15:39 | INFO | [112/500] example_id=7162
2026-09-17 19:15:39 | INFO | Claim: Sayyeshaa made her Hollywood debut in Shivaay.
2026-09-17 19:17:36 | INFO | Prediction: NOT ENOUGH INFO
2026-09-17 19:17:36 | INFO | Gold: NOT ENOUGH INFO
2026-09-17 19:17:36 | INFO | Winning label: NOT ENOUGH INFO
2026-09-17 19:17:36 | INFO | Winning count: 20/21
2026-09-17 19:17:36 | INFO | Votes: {'NOT ENOUGH INFO': 20}
2026-09-17 19:17:36 | INFO | Label accuracy: 1.0000
2026-09-17 19:17:36 | INFO | Result | Correct: True | Running Accuracy: 62.89% | Termination: cot_sc_majority | Steps: 21 | Tool calls: 0 | Latency: 7.349s
2026-09-17 19:17:36 | INFO | Prediction: REFUTES
2026-09-17 19:17:36 | INFO | Gold: REFUTES
2026-09-17 19:17:36 | INFO | Winning label: REFUTES
2026-09-17 19:17:36 | INFO | Winning count: 21/21
2026-09-17 19:17:36 | INFO | Votes: {'REFUTES': 21}
2026-09-17 19:17:36 | INFO | Label accuracy: 1.0000
2026-09-17 19:17:36 | INFO | Result | Correct: True | Running Accuracy: 63.27% | Termination: cot_sc_majority | Steps: 21 | Tool calls: 0 | Latency: 7.349s
2026-09-17 19:17:36 | INFO | Prediction: REFUTES
2026-09-17 19:17:36 | INFO | Gold: NOT ENOUGH INFO
2026-09-17 19:17:36 | INFO | Winning label: REFUTES
2026-09-17 19:17:36 | INFO | Winning count: 10/21
2026-09-17 19:17:36 | INFO | Votes: {'REFUTES': 10, 'NOT ENOUGH INFO': 10, 'SUPPORTS': 1}
2026-09-17 19:17:36 | INFO | Label accuracy: 0.0000
2026-09-17 19:17:36 | INFO | Result | Correct: False | Running Accuracy: 62.63% | Termination: cot_sc_plurality | Steps: 21 | Tool calls: 0 | Latency: 7.349s
2026-09-17 19:17:36 | INFO | Prediction: NOT ENOUGH INFO
2026-09-17 19:17:36 | INFO | Gold: REFUTES
2026-09-17 19:17:36 | INFO | Winning label: NOT ENOUGH INFO
2026-09-17 19:17:36 | INFO | Winning count: 12/21
2026-09-17 19:17:36 | INFO | Votes: {'NOT ENOUGH INFO': 12, 'SUPPORTS': 7, 'REFUTES': 1}
2026-09-17 19:17:36 | INFO | Label accuracy: 0.0000
2026-09-17 19:17:36 | INFO | Result | Correct: False | Running Accuracy: 62.00% | Termination: cot_sc_majority | Steps: 21 | Tool calls: 0 | Latency: 7.349s
2026-09-17 19:17:36 | INFO | Prediction: REFUTES
2026-09-17 19:17:36 | INFO | Gold: REFUTES
2026-09-17 19:17:36 | INFO | Winning label: REFUTES
2026-09-17 19:17:36 | INFO | Winning count: 21/21
2026-09-17 19:17:36 | INFO | Votes: {'REFUTES': 21}
2026-09-17 19:17:36 | INFO | Label accuracy: 1.0000
2026-09-17 19:17:36 | INFO | Result | Correct: True | Running Accuracy: 62.38% | Termination: cot_sc_majority | Steps: 21 | Tool calls: 0 | Latency: 7.349s
2026-09-17 19:17:36 | INFO | Prediction: SUPPORTS
2026-09-17 19:17:36 | INFO | Gold: REFUTES
2026-09-17 19:17:36 | INFO | Winning label: SUPPORTS
2026-09-17 19:17:36 | INFO | Winning count: 13/21
2026-09-17 19:17:36 | INFO | Votes: {'SUPPORTS': 13, 'REFUTES': 6, 'NOT ENOUGH INFO': 2}
2026-09-17 19:17:36 | INFO | Label accuracy: 0.0000
2026-09-17 19:17:36 | INFO | Result | Correct: False | Running Accuracy: 61.76% | Termination: cot_sc_majority | Steps: 21 | Tool calls: 0 | Latency: 7.349s
2026-09-17 19:17:36 | INFO | Prediction: REFUTES
2026-09-17 19:17:36 | INFO | Gold: REFUTES
2026-09-17 19:17:36 | INFO | Winning label: REFUTES
2026-09-17 19:17:36 | INFO | Winning count: 21/21
2026-09-17 19:17:36 | INFO | Votes: {'REFUTES': 21}
2026-09-17 19:17:36 | INFO | Label accuracy: 1.0000
2026-09-17 19:17:36 | INFO | Result | Correct: True | Running Accuracy: 62.14% | Termination: cot_sc_majority | Steps: 21 | Tool calls: 0 | Latency: 7.349s
2026-09-17 19:17:36 | INFO | Prediction: SUPPORTS
2026-09-17 19:17:36 | INFO | Gold: SUPPORTS
2026-09-17 19:17:36 | INFO | Winning label: SUPPORTS
2026-09-17 19:17:36 | INFO | Winning count: 20/21
2026-09-17 19:17:36 | INFO | Votes: {'SUPPORTS': 20, 'NOT ENOUGH INFO': 1}
2026-09-17 19:17:36 | INFO | Label accuracy: 1.0000
2026-09-17 19:17:36 | INFO | Result | Correct: True | Running Accuracy: 62.50% | Termination: cot_sc_majority | Steps: 21 | Tool calls: 0 | Latency: 7.349s
2026-09-17 19:17:36 | INFO | Prediction: SUPPORTS
2026-09-17 19:17:36 | INFO | Gold: SUPPORTS
2026-09-17 19:17:36 | INFO | Winning label: SUPPORTS
2026-09-17 19:17:36 | INFO | Winning count: 20/21
2026-09-17 19:17:36 | INFO | Votes: {'SUPPORTS': 20, 'REFUTES': 1}
2026-09-17 19:17:36 | INFO | Label accuracy: 1.0000
2026-09-17 19:17:36 | INFO | Result | Correct: True | Running Accuracy: 62.86% | Termination: cot_sc_majority | Steps: 21 | Tool calls: 0 | Latency: 7.349s
2026-09-17 19:17:36 | INFO | Prediction: SUPPORTS
2026-09-17 19:17:36 | INFO | Gold: NOT ENOUGH INFO
2026-09-17 19:17:36 | INFO | Winning label: SUPPORTS
2026-09-17 19:17:36 | INFO | Winning count: 13/21
2026-09-17 19:17:36 | INFO | Votes: {'SUPPORTS': 13, 'REFUTES': 5}
2026-09-17 19:17:36 | INFO | Label accuracy: 0.0000
2026-09-17 19:17:36 | INFO | Result | Correct: False | Running Accuracy: 62.26% | Termination: cot_sc_majority | Steps: 21 | Tool calls: 0 | Latency: 7.349s
2026-09-17 19:17:36 | INFO | Prediction: NOT ENOUGH INFO
2026-09-17 19:17:36 | INFO | Gold: NOT ENOUGH INFO
2026-09-17 19:17:36 | INFO | Winning label: NOT ENOUGH INFO
2026-09-17 19:17:36 | INFO | Winning count: 11/21
2026-09-17 19:17:36 | INFO | Votes: {'NOT ENOUGH INFO': 11, 'REFUTES': 10}
2026-09-17 19:17:36 | INFO | Label accuracy: 1.0000
2026-09-17 19:17:36 | INFO | Result | Correct: True | Running Accuracy: 62.62% | Termination: cot_sc_majority | Steps: 21 | Tool calls: 0 | Latency: 7.349s
2026-09-17 19:17:36 | INFO | Prediction: SUPPORTS
2026-09-17 19:17:36 | INFO | Gold: NOT ENOUGH INFO
2026-09-17 19:17:36 | INFO | Winning label: SUPPORTS
2026-09-17 19:17:36 | INFO | Winning count: 21/21
2026-09-17 19:17:36 | INFO | Votes: {'SUPPORTS': 21}
2026-09-17 19:17:36 | INFO | Label accuracy: 0.0000
2026-09-17 19:17:36 | INFO | Result | Correct: False | Running Accuracy: 62.04% | Termination: cot_sc_majority | Steps: 21 | Tool calls: 0 | Latency: 7.349s
2026-09-17 19:17:36 | INFO | Prediction: REFUTES
2026-09-17 19:17:36 | INFO | Gold: REFUTES
2026-09-17 19:17:36 | INFO | Winning label: REFUTES
2026-09-17 19:17:36 | INFO | Winning count: 10/21
2026-09-17 19:17:36 | INFO | Votes: {'REFUTES': 10, 'SUPPORTS': 6, 'NOT ENOUGH INFO': 5}
2026-09-17 19:17:36 | INFO | Label accuracy: 1.0000
2026-09-17 19:17:36 | INFO | Result | Correct: True | Running Accuracy: 62.39% | Termination: cot_sc_plurality | Steps: 21 | Tool calls: 0 | Latency: 7.349s
2026-09-17 19:17:36 | INFO | Prediction: REFUTES
2026-09-17 19:17:36 | INFO | Gold: REFUTES
2026-09-17 19:17:36 | INFO | Winning label: REFUTES
2026-09-17 19:17:36 | INFO | Winning count: 19/21
2026-09-17 19:17:36 | INFO | Votes: {'REFUTES': 19, 'NOT ENOUGH INFO': 2}
2026-09-17 19:17:36 | INFO | Label accuracy: 1.0000
2026-09-17 19:17:36 | INFO | Result | Correct: True | Running Accuracy: 62.73% | Termination: cot_sc_majority | Steps: 21 | Tool calls: 0 | Latency: 7.349s
2026-09-17 19:17:36 | INFO | Prediction: SUPPORTS
2026-09-17 19:17:36 | INFO | Gold: NOT ENOUGH INFO
2026-09-17 19:17:36 | INFO | Winning label: SUPPORTS
2026-09-17 19:17:36 | INFO | Winning count: 17/21
2026-09-17 19:17:36 | INFO | Votes: {'SUPPORTS': 17, 'REFUTES': 2}
2026-09-17 19:17:36 | INFO | Label accuracy: 0.0000
2026-09-17 19:17:36 | INFO | Result | Correct: False | Running Accuracy: 62.16% | Termination: cot_sc_majority | Steps: 21 | Tool calls: 0 | Latency: 7.349s
2026-09-17 19:17:36 | INFO | Prediction: NOT ENOUGH INFO
2026-09-17 19:17:36 | INFO | Gold: NOT ENOUGH INFO
2026-09-17 19:17:36 | INFO | Winning label: NOT ENOUGH INFO
2026-09-17 19:17:36 | INFO | Winning count: 17/21
2026-09-17 19:17:36 | INFO | Votes: {'NOT ENOUGH INFO': 17, 'SUPPORTS': 3}
2026-09-17 19:17:36 | INFO | Label accuracy: 1.0000
2026-09-17 19:17:36 | INFO | Result | Correct: True | Running Accuracy: 62.50% | Termination: cot_sc_majority | Steps: 21 | Tool calls: 0 | Latency: 7.349s
2026-09-17 19:17:36 | INFO | Inference batch [113-128/500] size=16
2026-09-17 19:17:36 | INFO | [113/500] example_id=178148
2026-09-17 19:17:36 | INFO | Claim: The World Trade Center was destroyed as the result of a series of TV shows.
2026-09-17 19:17:36 | INFO | [114/500] example_id=146332
2026-09-17 19:17:36 | INFO | Claim: Jenna Jameson has been on PSAs in Times Square.
2026-09-17 19:17:36 | INFO | [115/500] example_id=191442
2026-09-17 19:17:36 | INFO | Claim: Keith Urban was released in 1999.
2026-09-17 19:17:36 | INFO | [116/500] example_id=193911
2026-09-17 19:17:36 | INFO | Claim: Bea Arthur was conceived on May 13th, 1922.
2026-09-17 19:17:36 | INFO | [117/500] example_id=156440
2026-09-17 19:17:36 | INFO | Claim: Sheryl Lee was in a movie that was written and directed by Woody Allen.
2026-09-17 19:17:36 | INFO | [118/500] example_id=202447
2026-09-17 19:17:36 | INFO | Claim: Tinker Tailor Soldier Spy stars Jonah Hill.
2026-09-17 19:17:36 | INFO | [119/500] example_id=57259
2026-09-17 19:17:36 | INFO | Claim: Duane Chapman is a person.
2026-09-17 19:17:36 | INFO | [120/500] example_id=168961
2026-09-17 19:17:36 | INFO | Claim: Middle-earth is a real place.
2026-09-17 19:17:36 | INFO | [121/500] example_id=131701
2026-09-17 19:17:36 | INFO | Claim: Prescott, Arizona is located in the United States.
2026-09-17 19:17:36 | INFO | [122/500] example_id=75137
2026-09-17 19:17:36 | INFO | Claim: Carlos Santana is a person.
2026-09-17 19:17:36 | INFO | [123/500] example_id=229304
2026-09-17 19:17:36 | INFO | Claim: A working animal can perform tasks after being trained.
2026-09-17 19:17:36 | INFO | [124/500] example_id=68203
2026-09-17 19:17:36 | INFO | Claim: Reign Over Me is a Russian film.
2026-09-17 19:17:36 | INFO | [125/500] example_id=39986
2026-09-17 19:17:36 | INFO | Claim: Brian Michael Bendis has worked in Tokyo.
2026-09-17 19:17:36 | INFO | [126/500] example_id=137703
2026-09-17 19:17:36 | INFO | Claim: Francis I of France was also known as a very bad harmony singer.
2026-09-17 19:17:36 | INFO | [127/500] example_id=138949
2026-09-17 19:17:36 | INFO | Claim: Gin derives part of its flavour from berries.
2026-09-17 19:17:36 | INFO | [128/500] example_id=84187
2026-09-17 19:17:36 | INFO | Claim: Sean Penn was in a movie.
2026-09-17 19:19:33 | INFO | Prediction: REFUTES
2026-09-17 19:19:33 | INFO | Gold: NOT ENOUGH INFO
2026-09-17 19:19:33 | INFO | Winning label: REFUTES
2026-09-17 19:19:33 | INFO | Winning count: 21/21
2026-09-17 19:19:33 | INFO | Votes: {'REFUTES': 21}
2026-09-17 19:19:33 | INFO | Label accuracy: 0.0000
2026-09-17 19:19:33 | INFO | Result | Correct: False | Running Accuracy: 61.95% | Termination: cot_sc_majority | Steps: 21 | Tool calls: 0 | Latency: 7.304s
2026-09-17 19:19:33 | INFO | Prediction: NOT ENOUGH INFO
2026-09-17 19:19:33 | INFO | Gold: NOT ENOUGH INFO
2026-09-17 19:19:33 | INFO | Winning label: NOT ENOUGH INFO
2026-09-17 19:19:33 | INFO | Winning count: 17/21
2026-09-17 19:19:33 | INFO | Votes: {'NOT ENOUGH INFO': 17, 'REFUTES': 3, 'SUPPORTS': 1}
2026-09-17 19:19:33 | INFO | Label accuracy: 1.0000
2026-09-17 19:19:33 | INFO | Result | Correct: True | Running Accuracy: 62.28% | Termination: cot_sc_majority | Steps: 21 | Tool calls: 0 | Latency: 7.304s
2026-09-17 19:19:33 | INFO | Prediction: SUPPORTS
2026-09-17 19:19:33 | INFO | Gold: SUPPORTS
2026-09-17 19:19:33 | INFO | Winning label: SUPPORTS
2026-09-17 19:19:33 | INFO | Winning count: 12/21
2026-09-17 19:19:33 | INFO | Votes: {'SUPPORTS': 12, 'NOT ENOUGH INFO': 5, 'REFUTES': 2}
2026-09-17 19:19:33 | INFO | Label accuracy: 1.0000
2026-09-17 19:19:33 | INFO | Result | Correct: True | Running Accuracy: 62.61% | Termination: cot_sc_majority | Steps: 21 | Tool calls: 0 | Latency: 7.304s
2026-09-17 19:19:33 | INFO | Prediction: SUPPORTS
2026-09-17 19:19:33 | INFO | Gold: REFUTES
2026-09-17 19:19:33 | INFO | Winning label: SUPPORTS
2026-09-17 19:19:33 | INFO | Winning count: 12/21
2026-09-17 19:19:33 | INFO | Votes: {'SUPPORTS': 12, 'REFUTES': 5, 'NOT ENOUGH INFO': 4}
2026-09-17 19:19:33 | INFO | Label accuracy: 0.0000
2026-09-17 19:19:33 | INFO | Result | Correct: False | Running Accuracy: 62.07% | Termination: cot_sc_majority | Steps: 21 | Tool calls: 0 | Latency: 7.304s
2026-09-17 19:19:33 | INFO | Prediction: SUPPORTS
2026-09-17 19:19:33 | INFO | Gold: SUPPORTS
2026-09-17 19:19:33 | INFO | Winning label: SUPPORTS
2026-09-17 19:19:33 | INFO | Winning count: 21/21
2026-09-17 19:19:33 | INFO | Votes: {'SUPPORTS': 21}
2026-09-17 19:19:33 | INFO | Label accuracy: 1.0000
2026-09-17 19:19:33 | INFO | Result | Correct: True | Running Accuracy: 62.39% | Termination: cot_sc_majority | Steps: 21 | Tool calls: 0 | Latency: 7.304s
2026-09-17 19:19:33 | INFO | Prediction: REFUTES
2026-09-17 19:19:33 | INFO | Gold: NOT ENOUGH INFO
2026-09-17 19:19:33 | INFO | Winning label: REFUTES
2026-09-17 19:19:33 | INFO | Winning count: 21/21
2026-09-17 19:19:33 | INFO | Votes: {'REFUTES': 21}
2026-09-17 19:19:33 | INFO | Label accuracy: 0.0000
2026-09-17 19:19:33 | INFO | Result | Correct: False | Running Accuracy: 61.86% | Termination: cot_sc_majority | Steps: 21 | Tool calls: 0 | Latency: 7.304s
2026-09-17 19:19:33 | INFO | Prediction: SUPPORTS
2026-09-17 19:19:33 | INFO | Gold: SUPPORTS
2026-09-17 19:19:33 | INFO | Winning label: SUPPORTS
2026-09-17 19:19:33 | INFO | Winning count: 18/21
2026-09-17 19:19:33 | INFO | Votes: {'SUPPORTS': 18, 'NOT ENOUGH INFO': 3}
2026-09-17 19:19:33 | INFO | Label accuracy: 1.0000
2026-09-17 19:19:33 | INFO | Result | Correct: True | Running Accuracy: 62.18% | Termination: cot_sc_majority | Steps: 21 | Tool calls: 0 | Latency: 7.304s
2026-09-17 19:19:33 | INFO | Prediction: REFUTES
2026-09-17 19:19:33 | INFO | Gold: REFUTES
2026-09-17 19:19:33 | INFO | Winning label: REFUTES
2026-09-17 19:19:33 | INFO | Winning count: 21/21
2026-09-17 19:19:33 | INFO | Votes: {'REFUTES': 21}
2026-09-17 19:19:33 | INFO | Label accuracy: 1.0000
2026-09-17 19:19:33 | INFO | Result | Correct: True | Running Accuracy: 62.50% | Termination: cot_sc_majority | Steps: 21 | Tool calls: 0 | Latency: 7.304s
2026-09-17 19:19:33 | INFO | Prediction: SUPPORTS
2026-09-17 19:19:33 | INFO | Gold: SUPPORTS
2026-09-17 19:19:33 | INFO | Winning label: SUPPORTS
2026-09-17 19:19:33 | INFO | Winning count: 21/21
2026-09-17 19:19:33 | INFO | Votes: {'SUPPORTS': 21}
2026-09-17 19:19:33 | INFO | Label accuracy: 1.0000
2026-09-17 19:19:33 | INFO | Result | Correct: True | Running Accuracy: 62.81% | Termination: cot_sc_majority | Steps: 21 | Tool calls: 0 | Latency: 7.304s
2026-09-17 19:19:33 | INFO | Prediction: SUPPORTS
2026-09-17 19:19:33 | INFO | Gold: SUPPORTS
2026-09-17 19:19:33 | INFO | Winning label: SUPPORTS
2026-09-17 19:19:33 | INFO | Winning count: 21/21
2026-09-17 19:19:33 | INFO | Votes: {'SUPPORTS': 21}
2026-09-17 19:19:33 | INFO | Label accuracy: 1.0000
2026-09-17 19:19:33 | INFO | Result | Correct: True | Running Accuracy: 63.11% | Termination: cot_sc_majority | Steps: 21 | Tool calls: 0 | Latency: 7.304s
2026-09-17 19:19:33 | INFO | Prediction: SUPPORTS
2026-09-17 19:19:33 | INFO | Gold: SUPPORTS
2026-09-17 19:19:33 | INFO | Winning label: SUPPORTS
2026-09-17 19:19:33 | INFO | Winning count: 21/21
2026-09-17 19:19:33 | INFO | Votes: {'SUPPORTS': 21}
2026-09-17 19:19:33 | INFO | Label accuracy: 1.0000
2026-09-17 19:19:33 | INFO | Result | Correct: True | Running Accuracy: 63.41% | Termination: cot_sc_majority | Steps: 21 | Tool calls: 0 | Latency: 7.304s
2026-09-17 19:19:33 | INFO | Prediction: REFUTES
2026-09-17 19:19:33 | INFO | Gold: REFUTES
2026-09-17 19:19:33 | INFO | Winning label: REFUTES
2026-09-17 19:19:33 | INFO | Winning count: 21/21
2026-09-17 19:19:33 | INFO | Votes: {'REFUTES': 21}
2026-09-17 19:19:33 | INFO | Label accuracy: 1.0000
2026-09-17 19:19:33 | INFO | Result | Correct: True | Running Accuracy: 63.71% | Termination: cot_sc_majority | Steps: 21 | Tool calls: 0 | Latency: 7.304s
2026-09-17 19:19:33 | INFO | Prediction: NOT ENOUGH INFO
2026-09-17 19:19:33 | INFO | Gold: NOT ENOUGH INFO
2026-09-17 19:19:33 | INFO | Winning label: NOT ENOUGH INFO
2026-09-17 19:19:33 | INFO | Winning count: 12/21
2026-09-17 19:19:33 | INFO | Votes: {'NOT ENOUGH INFO': 12, 'REFUTES': 9}
2026-09-17 19:19:33 | INFO | Label accuracy: 1.0000
2026-09-17 19:19:33 | INFO | Result | Correct: True | Running Accuracy: 64.00% | Termination: cot_sc_majority | Steps: 21 | Tool calls: 0 | Latency: 7.304s
2026-09-17 19:19:33 | INFO | Prediction: REFUTES
2026-09-17 19:19:33 | INFO | Gold: NOT ENOUGH INFO
2026-09-17 19:19:33 | INFO | Winning label: REFUTES
2026-09-17 19:19:33 | INFO | Winning count: 17/21
2026-09-17 19:19:33 | INFO | Votes: {'REFUTES': 17, 'NOT ENOUGH INFO': 4}
2026-09-17 19:19:33 | INFO | Label accuracy: 0.0000
2026-09-17 19:19:33 | INFO | Result | Correct: False | Running Accuracy: 63.49% | Termination: cot_sc_majority | Steps: 21 | Tool calls: 0 | Latency: 7.304s
2026-09-17 19:19:33 | INFO | Prediction: SUPPORTS
2026-09-17 19:19:33 | INFO | Gold: SUPPORTS
2026-09-17 19:19:33 | INFO | Winning label: SUPPORTS
2026-09-17 19:19:33 | INFO | Winning count: 11/21
2026-09-17 19:19:33 | INFO | Votes: {'SUPPORTS': 11, 'NOT ENOUGH INFO': 2}
2026-09-17 19:19:33 | INFO | Label accuracy: 1.0000
2026-09-17 19:19:33 | INFO | Result | Correct: True | Running Accuracy: 63.78% | Termination: cot_sc_majority | Steps: 21 | Tool calls: 0 | Latency: 7.304s
2026-09-17 19:19:33 | INFO | Prediction: SUPPORTS
2026-09-17 19:19:33 | INFO | Gold: SUPPORTS
2026-09-17 19:19:33 | INFO | Winning label: SUPPORTS
2026-09-17 19:19:33 | INFO | Winning count: 20/21
2026-09-17 19:19:33 | INFO | Votes: {'SUPPORTS': 20, 'NOT ENOUGH INFO': 1}
2026-09-17 19:19:33 | INFO | Label accuracy: 1.0000
2026-09-17 19:19:33 | INFO | Result | Correct: True | Running Accuracy: 64.06% | Termination: cot_sc_majority | Steps: 21 | Tool calls: 0 | Latency: 7.304s
2026-09-17 19:19:33 | INFO | Inference batch [129-144/500] size=16
2026-09-17 19:19:33 | INFO | [129/500] example_id=66362
2026-09-17 19:19:33 | INFO | Claim: The Columbia River has gold sediments.
2026-09-17 19:19:33 | INFO | [130/500] example_id=129378
2026-09-17 19:19:33 | INFO | Claim: The first inauguration of Bill Clinton was on Neptune.
2026-09-17 19:19:33 | INFO | [131/500] example_id=42709
2026-09-17 19:19:33 | INFO | Claim: Duff McKagan refused to ever be a musician.
2026-09-17 19:19:33 | INFO | [132/500] example_id=50923
2026-09-17 19:19:33 | INFO | Claim: Andrew Kevin Walker is American.
2026-09-17 19:19:33 | INFO | [133/500] example_id=165658
2026-09-17 19:19:33 | INFO | Claim: Tom Baker has narrated a type of entertainment.
2026-09-17 19:19:33 | INFO | [134/500] example_id=20694
2026-09-17 19:19:33 | INFO | Claim: Mount Rushmore was built by Gutzon Borglum and his son.
2026-09-17 19:19:33 | INFO | [135/500] example_id=84612
2026-09-17 19:19:33 | INFO | Claim: Yara Shahidi is only German.
2026-09-17 19:19:33 | INFO | [136/500] example_id=91047
2026-09-17 19:19:33 | INFO | Claim: Harold Macmillan was fully German.
2026-09-17 19:19:33 | INFO | [137/500] example_id=216360
2026-09-17 19:19:33 | INFO | Claim: The Chagatai language was a trade language.
2026-09-17 19:19:33 | INFO | [138/500] example_id=121113
2026-09-17 19:19:33 | INFO | Claim: Billboard Dad is a genre of music.
2026-09-17 19:19:33 | INFO | [139/500] example_id=111958
2026-09-17 19:19:33 | INFO | Claim: The Hundred Years' War includes the Lancastrian War which Joan of Arc fought in.
2026-09-17 19:19:33 | INFO | [140/500] example_id=104594
2026-09-17 19:19:33 | INFO | Claim: In 2011, Colombiana was released.
2026-09-17 19:19:33 | INFO | [141/500] example_id=204349
2026-09-17 19:19:33 | INFO | Claim: The Cretaceous is a Paleogene extinction event in 2001.
2026-09-17 19:19:33 | INFO | [142/500] example_id=20769
2026-09-17 19:19:33 | INFO | Claim: Amyotrophic lateral sclerosis is an affliction.
2026-09-17 19:19:33 | INFO | [143/500] example_id=193449
2026-09-17 19:19:33 | INFO | Claim: Captain America's shield is incapable of being a defensive equipment.
2026-09-17 19:19:33 | INFO | [144/500] example_id=137888
2026-09-17 19:19:33 | INFO | Claim: Yara Shahidi is 32 years old.
2026-09-17 19:21:51 | INFO | Prediction: SUPPORTS
2026-09-17 19:21:51 | INFO | Gold: NOT ENOUGH INFO
2026-09-17 19:21:51 | INFO | Winning label: SUPPORTS
2026-09-17 19:21:51 | INFO | Winning count: 15/21
2026-09-17 19:21:51 | INFO | Votes: {'SUPPORTS': 15, 'NOT ENOUGH INFO': 3}
2026-09-17 19:21:51 | INFO | Label accuracy: 0.0000
2026-09-17 19:21:51 | INFO | Result | Correct: False | Running Accuracy: 63.57% | Termination: cot_sc_majority | Steps: 21 | Tool calls: 0 | Latency: 8.586s
2026-09-17 19:21:51 | INFO | Prediction: REFUTES
2026-09-17 19:21:51 | INFO | Gold: REFUTES
2026-09-17 19:21:51 | INFO | Winning label: REFUTES
2026-09-17 19:21:51 | INFO | Winning count: 21/21
2026-09-17 19:21:51 | INFO | Votes: {'REFUTES': 21}
2026-09-17 19:21:51 | INFO | Label accuracy: 1.0000
2026-09-17 19:21:51 | INFO | Result | Correct: True | Running Accuracy: 63.85% | Termination: cot_sc_majority | Steps: 21 | Tool calls: 0 | Latency: 8.586s
2026-09-17 19:21:51 | INFO | Prediction: REFUTES
2026-09-17 19:21:51 | INFO | Gold: REFUTES
2026-09-17 19:21:51 | INFO | Winning label: REFUTES
2026-09-17 19:21:51 | INFO | Winning count: 21/21
2026-09-17 19:21:51 | INFO | Votes: {'REFUTES': 21}
2026-09-17 19:21:51 | INFO | Label accuracy: 1.0000
2026-09-17 19:21:51 | INFO | Result | Correct: True | Running Accuracy: 64.12% | Termination: cot_sc_majority | Steps: 21 | Tool calls: 0 | Latency: 8.586s
2026-09-17 19:21:51 | INFO | Prediction: SUPPORTS
2026-09-17 19:21:51 | INFO | Gold: SUPPORTS
2026-09-17 19:21:51 | INFO | Winning label: SUPPORTS
2026-09-17 19:21:51 | INFO | Winning count: 20/21
2026-09-17 19:21:51 | INFO | Votes: {'SUPPORTS': 20, 'NOT ENOUGH INFO': 1}
2026-09-17 19:21:51 | INFO | Label accuracy: 1.0000
2026-09-17 19:21:51 | INFO | Result | Correct: True | Running Accuracy: 64.39% | Termination: cot_sc_majority | Steps: 21 | Tool calls: 0 | Latency: 8.586s
2026-09-17 19:21:51 | INFO | Prediction: SUPPORTS
2026-09-17 19:21:51 | INFO | Gold: SUPPORTS
2026-09-17 19:21:51 | INFO | Winning label: SUPPORTS
2026-09-17 19:21:51 | INFO | Winning count: 15/21
2026-09-17 19:21:51 | INFO | Votes: {'SUPPORTS': 15, 'NOT ENOUGH INFO': 6}
2026-09-17 19:21:51 | INFO | Label accuracy: 1.0000
2026-09-17 19:21:51 | INFO | Result | Correct: True | Running Accuracy: 64.66% | Termination: cot_sc_majority | Steps: 21 | Tool calls: 0 | Latency: 8.586s
2026-09-17 19:21:51 | INFO | Prediction: SUPPORTS
2026-09-17 19:21:51 | INFO | Gold: SUPPORTS
2026-09-17 19:21:51 | INFO | Winning label: SUPPORTS
2026-09-17 19:21:51 | INFO | Winning count: 20/21
2026-09-17 19:21:51 | INFO | Votes: {'SUPPORTS': 20}
2026-09-17 19:21:51 | INFO | Label accuracy: 1.0000
2026-09-17 19:21:51 | INFO | Result | Correct: True | Running Accuracy: 64.93% | Termination: cot_sc_majority | Steps: 21 | Tool calls: 0 | Latency: 8.586s
2026-09-17 19:21:51 | INFO | Prediction: REFUTES
2026-09-17 19:21:51 | INFO | Gold: NOT ENOUGH INFO
2026-09-17 19:21:51 | INFO | Winning label: REFUTES
2026-09-17 19:21:51 | INFO | Winning count: 21/21
2026-09-17 19:21:51 | INFO | Votes: {'REFUTES': 21}
2026-09-17 19:21:51 | INFO | Label accuracy: 0.0000
2026-09-17 19:21:51 | INFO | Result | Correct: False | Running Accuracy: 64.44% | Termination: cot_sc_majority | Steps: 21 | Tool calls: 0 | Latency: 8.586s
2026-09-17 19:21:51 | INFO | Prediction: REFUTES
2026-09-17 19:21:51 | INFO | Gold: REFUTES
2026-09-17 19:21:51 | INFO | Winning label: REFUTES
2026-09-17 19:21:51 | INFO | Winning count: 17/21
2026-09-17 19:21:51 | INFO | Votes: {'REFUTES': 17, 'NOT ENOUGH INFO': 3}
2026-09-17 19:21:51 | INFO | Label accuracy: 1.0000
2026-09-17 19:21:51 | INFO | Result | Correct: True | Running Accuracy: 64.71% | Termination: cot_sc_majority | Steps: 21 | Tool calls: 0 | Latency: 8.586s
2026-09-17 19:21:51 | INFO | Prediction: SUPPORTS
2026-09-17 19:21:51 | INFO | Gold: REFUTES
2026-09-17 19:21:51 | INFO | Winning label: SUPPORTS
2026-09-17 19:21:51 | INFO | Winning count: 16/21
2026-09-17 19:21:51 | INFO | Votes: {'SUPPORTS': 16, 'NOT ENOUGH INFO': 4}
2026-09-17 19:21:51 | INFO | Label accuracy: 0.0000
2026-09-17 19:21:51 | INFO | Result | Correct: False | Running Accuracy: 64.23% | Termination: cot_sc_majority | Steps: 21 | Tool calls: 0 | Latency: 8.586s
2026-09-17 19:21:51 | INFO | Prediction: REFUTES
2026-09-17 19:21:51 | INFO | Gold: NOT ENOUGH INFO
2026-09-17 19:21:51 | INFO | Winning label: REFUTES
2026-09-17 19:21:51 | INFO | Winning count: 20/21
2026-09-17 19:21:51 | INFO | Votes: {'REFUTES': 20, 'NOT ENOUGH INFO': 1}
2026-09-17 19:21:51 | INFO | Label accuracy: 0.0000
2026-09-17 19:21:51 | INFO | Result | Correct: False | Running Accuracy: 63.77% | Termination: cot_sc_majority | Steps: 21 | Tool calls: 0 | Latency: 8.586s
2026-09-17 19:21:51 | INFO | Prediction: REFUTES
2026-09-17 19:21:51 | INFO | Gold: NOT ENOUGH INFO
2026-09-17 19:21:51 | INFO | Winning label: REFUTES
2026-09-17 19:21:51 | INFO | Winning count: 19/21
2026-09-17 19:21:51 | INFO | Votes: {'REFUTES': 19, 'NOT ENOUGH INFO': 1}
2026-09-17 19:21:51 | INFO | Label accuracy: 0.0000
2026-09-17 19:21:51 | INFO | Result | Correct: False | Running Accuracy: 63.31% | Termination: cot_sc_majority | Steps: 21 | Tool calls: 0 | Latency: 8.586s
2026-09-17 19:21:51 | INFO | Prediction: SUPPORTS
2026-09-17 19:21:51 | INFO | Gold: SUPPORTS
2026-09-17 19:21:51 | INFO | Winning label: SUPPORTS
2026-09-17 19:21:51 | INFO | Winning count: 20/21
2026-09-17 19:21:51 | INFO | Votes: {'SUPPORTS': 20}
2026-09-17 19:21:51 | INFO | Label accuracy: 1.0000
2026-09-17 19:21:51 | INFO | Result | Correct: True | Running Accuracy: 63.57% | Termination: cot_sc_majority | Steps: 21 | Tool calls: 0 | Latency: 8.586s
2026-09-17 19:21:51 | INFO | Prediction: REFUTES
2026-09-17 19:21:51 | INFO | Gold: REFUTES
2026-09-17 19:21:51 | INFO | Winning label: REFUTES
2026-09-17 19:21:51 | INFO | Winning count: 21/21
2026-09-17 19:21:51 | INFO | Votes: {'REFUTES': 21}
2026-09-17 19:21:51 | INFO | Label accuracy: 1.0000
2026-09-17 19:21:51 | INFO | Result | Correct: True | Running Accuracy: 63.83% | Termination: cot_sc_majority | Steps: 21 | Tool calls: 0 | Latency: 8.586s
2026-09-17 19:21:51 | INFO | Prediction: SUPPORTS
2026-09-17 19:21:51 | INFO | Gold: NOT ENOUGH INFO
2026-09-17 19:21:51 | INFO | Winning label: SUPPORTS
2026-09-17 19:21:51 | INFO | Winning count: 21/21
2026-09-17 19:21:51 | INFO | Votes: {'SUPPORTS': 21}
2026-09-17 19:21:51 | INFO | Label accuracy: 0.0000
2026-09-17 19:21:51 | INFO | Result | Correct: False | Running Accuracy: 63.38% | Termination: cot_sc_majority | Steps: 21 | Tool calls: 0 | Latency: 8.586s
2026-09-17 19:21:51 | INFO | Prediction: REFUTES
2026-09-17 19:21:51 | INFO | Gold: REFUTES
2026-09-17 19:21:51 | INFO | Winning label: REFUTES
2026-09-17 19:21:51 | INFO | Winning count: 21/21
2026-09-17 19:21:51 | INFO | Votes: {'REFUTES': 21}
2026-09-17 19:21:51 | INFO | Label accuracy: 1.0000
2026-09-17 19:21:51 | INFO | Result | Correct: True | Running Accuracy: 63.64% | Termination: cot_sc_majority | Steps: 21 | Tool calls: 0 | Latency: 8.586s
2026-09-17 19:21:51 | INFO | Prediction: REFUTES
2026-09-17 19:21:51 | INFO | Gold: REFUTES
2026-09-17 19:21:51 | INFO | Winning label: REFUTES
2026-09-17 19:21:51 | INFO | Winning count: 17/21
2026-09-17 19:21:51 | INFO | Votes: {'REFUTES': 17, 'NOT ENOUGH INFO': 3}
2026-09-17 19:21:51 | INFO | Label accuracy: 1.0000
2026-09-17 19:21:51 | INFO | Result | Correct: True | Running Accuracy: 63.89% | Termination: cot_sc_majority | Steps: 21 | Tool calls: 0 | Latency: 8.586s
2026-09-17 19:21:51 | INFO | Inference batch [145-160/500] size=16
2026-09-17 19:21:51 | INFO | [145/500] example_id=106963
2026-09-17 19:21:51 | INFO | Claim: Marvel vs. Capcom: Infinite incorporates a new engine.
2026-09-17 19:21:51 | INFO | [146/500] example_id=177186
2026-09-17 19:21:51 | INFO | Claim: Dub music is a genre of music that grew out of reggae.
2026-09-17 19:21:51 | INFO | [147/500] example_id=110760
2026-09-17 19:21:51 | INFO | Claim: Shadowhunters began its second season in January 2017.
2026-09-17 19:21:51 | INFO | [148/500] example_id=160843
2026-09-17 19:21:51 | INFO | Claim: Kesha's full name is Kesha Nicolas Cage.
2026-09-17 19:21:51 | INFO | [149/500] example_id=14096
2026-09-17 19:21:51 | INFO | Claim: Angelsberg had a population of 283 in 2005.
2026-09-17 19:21:51 | INFO | [150/500] example_id=100505
2026-09-17 19:21:51 | INFO | Claim: West Ham United F.C. was not originally called Thames Ironworks.
2026-09-17 19:21:51 | INFO | [151/500] example_id=108281
2026-09-17 19:21:51 | INFO | Claim: Andrew Kevin Walker is only Chinese.
2026-09-17 19:21:51 | INFO | [152/500] example_id=144596
2026-09-17 19:21:51 | INFO | Claim: Omar Epps is involved in House.
2026-09-17 19:21:51 | INFO | [153/500] example_id=136970
2026-09-17 19:21:51 | INFO | Claim: The Battle of France was an art installation.
2026-09-17 19:21:51 | INFO | [154/500] example_id=172103
2026-09-17 19:21:51 | INFO | Claim: Selena Gomez & the Scene's debut album earned a Platinum certification.
2026-09-17 19:21:51 | INFO | [155/500] example_id=46970
2026-09-17 19:21:51 | INFO | Claim: Rachel Green was played by Courtney Cox.
2026-09-17 19:21:51 | INFO | [156/500] example_id=205638
2026-09-17 19:21:51 | INFO | Claim: St. Anger is an EP.
2026-09-17 19:21:51 | INFO | [157/500] example_id=181203
2026-09-17 19:21:51 | INFO | Claim: Southpaw was written by Kurt Sutter in 2011.
2026-09-17 19:21:51 | INFO | [158/500] example_id=158419
2026-09-17 19:21:51 | INFO | Claim: The Penibaetic System is the southernmost of the three systems of mountain ranges in the Iberian Peninsula.
2026-09-17 19:21:51 | INFO | [159/500] example_id=98066
2026-09-17 19:21:51 | INFO | Claim: Marco Polo was a person.
2026-09-17 19:21:51 | INFO | [160/500] example_id=181132
2026-09-17 19:21:51 | INFO | Claim: So You Think You Can Dance's premiere had viewers.
2026-09-17 19:23:34 | INFO | Prediction: SUPPORTS
2026-09-17 19:23:34 | INFO | Gold: NOT ENOUGH INFO
2026-09-17 19:23:34 | INFO | Winning label: SUPPORTS
2026-09-17 19:23:34 | INFO | Winning count: 17/21
2026-09-17 19:23:34 | INFO | Votes: {'SUPPORTS': 17, 'NOT ENOUGH INFO': 3, 'REFUTES': 1}
2026-09-17 19:23:34 | INFO | Label accuracy: 0.0000
2026-09-17 19:23:34 | INFO | Result | Correct: False | Running Accuracy: 63.45% | Termination: cot_sc_majority | Steps: 21 | Tool calls: 0 | Latency: 6.420s
2026-09-17 19:23:34 | INFO | Prediction: SUPPORTS
2026-09-17 19:23:34 | INFO | Gold: SUPPORTS
2026-09-17 19:23:34 | INFO | Winning label: SUPPORTS
2026-09-17 19:23:34 | INFO | Winning count: 21/21
2026-09-17 19:23:34 | INFO | Votes: {'SUPPORTS': 21}
2026-09-17 19:23:34 | INFO | Label accuracy: 1.0000
2026-09-17 19:23:34 | INFO | Result | Correct: True | Running Accuracy: 63.70% | Termination: cot_sc_majority | Steps: 21 | Tool calls: 0 | Latency: 6.420s
2026-09-17 19:23:34 | INFO | Prediction: SUPPORTS
2026-09-17 19:23:34 | INFO | Gold: SUPPORTS
2026-09-17 19:23:34 | INFO | Winning label: SUPPORTS
2026-09-17 19:23:34 | INFO | Winning count: 21/21
2026-09-17 19:23:34 | INFO | Votes: {'SUPPORTS': 21}
2026-09-17 19:23:34 | INFO | Label accuracy: 1.0000
2026-09-17 19:23:34 | INFO | Result | Correct: True | Running Accuracy: 63.95% | Termination: cot_sc_majority | Steps: 21 | Tool calls: 0 | Latency: 6.420s
2026-09-17 19:23:34 | INFO | Prediction: REFUTES
2026-09-17 19:23:34 | INFO | Gold: REFUTES
2026-09-17 19:23:34 | INFO | Winning label: REFUTES
2026-09-17 19:23:34 | INFO | Winning count: 21/21
2026-09-17 19:23:34 | INFO | Votes: {'REFUTES': 21}
2026-09-17 19:23:34 | INFO | Label accuracy: 1.0000
2026-09-17 19:23:34 | INFO | Result | Correct: True | Running Accuracy: 64.19% | Termination: cot_sc_majority | Steps: 21 | Tool calls: 0 | Latency: 6.420s
2026-09-17 19:23:34 | INFO | Prediction: NOT ENOUGH INFO
2026-09-17 19:23:34 | INFO | Gold: SUPPORTS
2026-09-17 19:23:34 | INFO | Winning label: NOT ENOUGH INFO
2026-09-17 19:23:34 | INFO | Winning count: 19/21
2026-09-17 19:23:34 | INFO | Votes: {'NOT ENOUGH INFO': 19, 'SUPPORTS': 2}
2026-09-17 19:23:34 | INFO | Label accuracy: 0.0000
2026-09-17 19:23:34 | INFO | Result | Correct: False | Running Accuracy: 63.76% | Termination: cot_sc_majority | Steps: 21 | Tool calls: 0 | Latency: 6.420s
2026-09-17 19:23:34 | INFO | Prediction: REFUTES
2026-09-17 19:23:34 | INFO | Gold: REFUTES
2026-09-17 19:23:34 | INFO | Winning label: REFUTES
2026-09-17 19:23:34 | INFO | Winning count: 20/21
2026-09-17 19:23:34 | INFO | Votes: {'REFUTES': 20, 'SUPPORTS': 1}
2026-09-17 19:23:34 | INFO | Label accuracy: 1.0000
2026-09-17 19:23:34 | INFO | Result | Correct: True | Running Accuracy: 64.00% | Termination: cot_sc_majority | Steps: 21 | Tool calls: 0 | Latency: 6.420s
2026-09-17 19:23:34 | INFO | Prediction: REFUTES
2026-09-17 19:23:34 | INFO | Gold: REFUTES
2026-09-17 19:23:34 | INFO | Winning label: REFUTES
2026-09-17 19:23:34 | INFO | Winning count: 18/21
2026-09-17 19:23:34 | INFO | Votes: {'REFUTES': 18, 'NOT ENOUGH INFO': 3}
2026-09-17 19:23:34 | INFO | Label accuracy: 1.0000
2026-09-17 19:23:34 | INFO | Result | Correct: True | Running Accuracy: 64.24% | Termination: cot_sc_majority | Steps: 21 | Tool calls: 0 | Latency: 6.420s
2026-09-17 19:23:34 | INFO | Prediction: SUPPORTS
2026-09-17 19:23:34 | INFO | Gold: SUPPORTS
2026-09-17 19:23:34 | INFO | Winning label: SUPPORTS
2026-09-17 19:23:34 | INFO | Winning count: 16/21
2026-09-17 19:23:34 | INFO | Votes: {'SUPPORTS': 16, 'NOT ENOUGH INFO': 4}
2026-09-17 19:23:34 | INFO | Label accuracy: 1.0000
2026-09-17 19:23:34 | INFO | Result | Correct: True | Running Accuracy: 64.47% | Termination: cot_sc_majority | Steps: 21 | Tool calls: 0 | Latency: 6.420s
2026-09-17 19:23:34 | INFO | Prediction: REFUTES
2026-09-17 19:23:34 | INFO | Gold: NOT ENOUGH INFO
2026-09-17 19:23:34 | INFO | Winning label: REFUTES
2026-09-17 19:23:34 | INFO | Winning count: 21/21
2026-09-17 19:23:34 | INFO | Votes: {'REFUTES': 21}
2026-09-17 19:23:34 | INFO | Label accuracy: 0.0000
2026-09-17 19:23:34 | INFO | Result | Correct: False | Running Accuracy: 64.05% | Termination: cot_sc_majority | Steps: 21 | Tool calls: 0 | Latency: 6.420s
2026-09-17 19:23:34 | INFO | Prediction: SUPPORTS
2026-09-17 19:23:34 | INFO | Gold: NOT ENOUGH INFO
2026-09-17 19:23:34 | INFO | Winning label: SUPPORTS
2026-09-17 19:23:34 | INFO | Winning count: 13/21
2026-09-17 19:23:34 | INFO | Votes: {'SUPPORTS': 13, 'NOT ENOUGH INFO': 7}
2026-09-17 19:23:34 | INFO | Label accuracy: 0.0000
2026-09-17 19:23:34 | INFO | Result | Correct: False | Running Accuracy: 63.64% | Termination: cot_sc_majority | Steps: 21 | Tool calls: 0 | Latency: 6.420s
2026-09-17 19:23:34 | INFO | Prediction: SUPPORTS
2026-09-17 19:23:34 | INFO | Gold: REFUTES
2026-09-17 19:23:34 | INFO | Winning label: SUPPORTS
2026-09-17 19:23:34 | INFO | Winning count: 21/21
2026-09-17 19:23:34 | INFO | Votes: {'SUPPORTS': 21}
2026-09-17 19:23:34 | INFO | Label accuracy: 0.0000
2026-09-17 19:23:34 | INFO | Result | Correct: False | Running Accuracy: 63.23% | Termination: cot_sc_majority | Steps: 21 | Tool calls: 0 | Latency: 6.420s
2026-09-17 19:23:34 | INFO | Prediction: REFUTES
2026-09-17 19:23:34 | INFO | Gold: NOT ENOUGH INFO
2026-09-17 19:23:34 | INFO | Winning label: REFUTES
2026-09-17 19:23:34 | INFO | Winning count: 20/21
2026-09-17 19:23:34 | INFO | Votes: {'REFUTES': 20, 'NOT ENOUGH INFO': 1}
2026-09-17 19:23:34 | INFO | Label accuracy: 0.0000
2026-09-17 19:23:34 | INFO | Result | Correct: False | Running Accuracy: 62.82% | Termination: cot_sc_majority | Steps: 21 | Tool calls: 0 | Latency: 6.420s
2026-09-17 19:23:34 | INFO | Prediction: REFUTES
2026-09-17 19:23:34 | INFO | Gold: NOT ENOUGH INFO
2026-09-17 19:23:34 | INFO | Winning label: REFUTES
2026-09-17 19:23:34 | INFO | Winning count: 21/21
2026-09-17 19:23:34 | INFO | Votes: {'REFUTES': 21}
2026-09-17 19:23:34 | INFO | Label accuracy: 0.0000
2026-09-17 19:23:34 | INFO | Result | Correct: False | Running Accuracy: 62.42% | Termination: cot_sc_majority | Steps: 21 | Tool calls: 0 | Latency: 6.420s
2026-09-17 19:23:34 | INFO | Prediction: SUPPORTS
2026-09-17 19:23:34 | INFO | Gold: SUPPORTS
2026-09-17 19:23:34 | INFO | Winning label: SUPPORTS
2026-09-17 19:23:34 | INFO | Winning count: 18/21
2026-09-17 19:23:34 | INFO | Votes: {'SUPPORTS': 18, 'NOT ENOUGH INFO': 3}
2026-09-17 19:23:34 | INFO | Label accuracy: 1.0000
2026-09-17 19:23:34 | INFO | Result | Correct: True | Running Accuracy: 62.66% | Termination: cot_sc_majority | Steps: 21 | Tool calls: 0 | Latency: 6.420s
2026-09-17 19:23:34 | INFO | Prediction: SUPPORTS
2026-09-17 19:23:34 | INFO | Gold: SUPPORTS
2026-09-17 19:23:34 | INFO | Winning label: SUPPORTS
2026-09-17 19:23:34 | INFO | Winning count: 21/21
2026-09-17 19:23:34 | INFO | Votes: {'SUPPORTS': 21}
2026-09-17 19:23:34 | INFO | Label accuracy: 1.0000
2026-09-17 19:23:34 | INFO | Result | Correct: True | Running Accuracy: 62.89% | Termination: cot_sc_majority | Steps: 21 | Tool calls: 0 | Latency: 6.420s
2026-09-17 19:23:34 | INFO | Prediction: SUPPORTS
2026-09-17 19:23:34 | INFO | Gold: SUPPORTS
2026-09-17 19:23:34 | INFO | Winning label: SUPPORTS
2026-09-17 19:23:34 | INFO | Winning count: 11/21
2026-09-17 19:23:34 | INFO | Votes: {'SUPPORTS': 11, 'NOT ENOUGH INFO': 10}
2026-09-17 19:23:34 | INFO | Label accuracy: 1.0000
2026-09-17 19:23:34 | INFO | Result | Correct: True | Running Accuracy: 63.12% | Termination: cot_sc_majority | Steps: 21 | Tool calls: 0 | Latency: 6.420s
2026-09-17 19:23:34 | INFO | Inference batch [161-176/500] size=16
2026-09-17 19:23:34 | INFO | [161/500] example_id=58514
2026-09-17 19:23:34 | INFO | Claim: In the End was written by a band.
2026-09-17 19:23:34 | INFO | [162/500] example_id=24152
2026-09-17 19:23:34 | INFO | Claim: Janelle Monáe has a full name.
2026-09-17 19:23:34 | INFO | [163/500] example_id=107163
2026-09-17 19:23:34 | INFO | Claim: Papua was almost called Irian Jaya.
2026-09-17 19:23:34 | INFO | [164/500] example_id=129015
2026-09-17 19:23:34 | INFO | Claim: Carlos Santana is retired.
2026-09-17 19:23:34 | INFO | [165/500] example_id=86645
2026-09-17 19:23:34 | INFO | Claim: Noel Fisher portrayed Harry Potter.
2026-09-17 19:23:34 | INFO | [166/500] example_id=185217
2026-09-17 19:23:34 | INFO | Claim: Home for the Holidays stars no actors or actresses.
2026-09-17 19:23:34 | INFO | [167/500] example_id=205731
2026-09-17 19:23:34 | INFO | Claim: First Motion Picture Unit produced films.
2026-09-17 19:23:34 | INFO | [168/500] example_id=164639
2026-09-17 19:23:34 | INFO | Claim: To Pimp a Butterfly sold under one million copies worldwide.
2026-09-17 19:23:34 | INFO | [169/500] example_id=170413
2026-09-17 19:23:34 | INFO | Claim: Michael Vick was born on July 4th, 1776.
2026-09-17 19:23:34 | INFO | [170/500] example_id=121139
2026-09-17 19:23:34 | INFO | Claim: Vedam only stars Seth Green.
2026-09-17 19:23:34 | INFO | [171/500] example_id=90338
2026-09-17 19:23:34 | INFO | Claim: Gordon Ramsay has hired four chefs.
2026-09-17 19:23:34 | INFO | [172/500] example_id=95839
2026-09-17 19:23:34 | INFO | Claim: Jens Stoltenberg was Prime Minister of Norway.
2026-09-17 19:23:34 | INFO | [173/500] example_id=199752
2026-09-17 19:23:34 | INFO | Claim: Tijuana is the largest city in Mexico.
2026-09-17 19:23:34 | INFO | [174/500] example_id=110873
2026-09-17 19:23:34 | INFO | Claim: Nuuk is outside of Greenland.
2026-09-17 19:23:34 | INFO | [175/500] example_id=103098
2026-09-17 19:23:34 | INFO | Claim: Kleshas only open the mind.
2026-09-17 19:23:34 | INFO | [176/500] example_id=201824
2026-09-17 19:23:34 | INFO | Claim: Dakota Fanning was involved with a film called Superman.
2026-09-17 19:25:32 | INFO | Prediction: SUPPORTS
2026-09-17 19:25:32 | INFO | Gold: NOT ENOUGH INFO
2026-09-17 19:25:32 | INFO | Winning label: SUPPORTS
2026-09-17 19:25:32 | INFO | Winning count: 21/21
2026-09-17 19:25:32 | INFO | Votes: {'SUPPORTS': 21}
2026-09-17 19:25:32 | INFO | Label accuracy: 0.0000
2026-09-17 19:25:32 | INFO | Result | Correct: False | Running Accuracy: 62.73% | Termination: cot_sc_majority | Steps: 21 | Tool calls: 0 | Latency: 7.399s
2026-09-17 19:25:32 | INFO | Prediction: SUPPORTS
2026-09-17 19:25:32 | INFO | Gold: SUPPORTS
2026-09-17 19:25:32 | INFO | Winning label: SUPPORTS
2026-09-17 19:25:32 | INFO | Winning count: 20/21
2026-09-17 19:25:32 | INFO | Votes: {'SUPPORTS': 20, 'NOT ENOUGH INFO': 1}
2026-09-17 19:25:32 | INFO | Label accuracy: 1.0000
2026-09-17 19:25:32 | INFO | Result | Correct: True | Running Accuracy: 62.96% | Termination: cot_sc_majority | Steps: 21 | Tool calls: 0 | Latency: 7.399s
2026-09-17 19:25:32 | INFO | Prediction: SUPPORTS
2026-09-17 19:25:32 | INFO | Gold: REFUTES
2026-09-17 19:25:32 | INFO | Winning label: SUPPORTS
2026-09-17 19:25:32 | INFO | Winning count: 20/21
2026-09-17 19:25:32 | INFO | Votes: {'SUPPORTS': 20, 'NOT ENOUGH INFO': 1}
2026-09-17 19:25:32 | INFO | Label accuracy: 0.0000
2026-09-17 19:25:32 | INFO | Result | Correct: False | Running Accuracy: 62.58% | Termination: cot_sc_majority | Steps: 21 | Tool calls: 0 | Latency: 7.399s
2026-09-17 19:25:32 | INFO | Prediction: REFUTES
2026-09-17 19:25:32 | INFO | Gold: NOT ENOUGH INFO
2026-09-17 19:25:32 | INFO | Winning label: REFUTES
2026-09-17 19:25:32 | INFO | Winning count: 20/21
2026-09-17 19:25:32 | INFO | Votes: {'REFUTES': 20}
2026-09-17 19:25:32 | INFO | Label accuracy: 0.0000
2026-09-17 19:25:32 | INFO | Result | Correct: False | Running Accuracy: 62.20% | Termination: cot_sc_majority | Steps: 21 | Tool calls: 0 | Latency: 7.399s
2026-09-17 19:25:32 | INFO | Prediction: REFUTES
2026-09-17 19:25:32 | INFO | Gold: NOT ENOUGH INFO
2026-09-17 19:25:32 | INFO | Winning label: REFUTES
2026-09-17 19:25:32 | INFO | Winning count: 21/21
2026-09-17 19:25:32 | INFO | Votes: {'REFUTES': 21}
2026-09-17 19:25:32 | INFO | Label accuracy: 0.0000
2026-09-17 19:25:32 | INFO | Result | Correct: False | Running Accuracy: 61.82% | Termination: cot_sc_majority | Steps: 21 | Tool calls: 0 | Latency: 7.399s
2026-09-17 19:25:32 | INFO | Prediction: REFUTES
2026-09-17 19:25:32 | INFO | Gold: REFUTES
2026-09-17 19:25:32 | INFO | Winning label: REFUTES
2026-09-17 19:25:32 | INFO | Winning count: 21/21
2026-09-17 19:25:32 | INFO | Votes: {'REFUTES': 21}
2026-09-17 19:25:32 | INFO | Label accuracy: 1.0000
2026-09-17 19:25:32 | INFO | Result | Correct: True | Running Accuracy: 62.05% | Termination: cot_sc_majority | Steps: 21 | Tool calls: 0 | Latency: 7.399s
2026-09-17 19:25:32 | INFO | Prediction: SUPPORTS
2026-09-17 19:25:32 | INFO | Gold: SUPPORTS
2026-09-17 19:25:32 | INFO | Winning label: SUPPORTS
2026-09-17 19:25:32 | INFO | Winning count: 11/21
2026-09-17 19:25:32 | INFO | Votes: {'SUPPORTS': 11, 'NOT ENOUGH INFO': 6, 'REFUTES': 4}
2026-09-17 19:25:32 | INFO | Label accuracy: 1.0000
2026-09-17 19:25:32 | INFO | Result | Correct: True | Running Accuracy: 62.28% | Termination: cot_sc_majority | Steps: 21 | Tool calls: 0 | Latency: 7.399s
2026-09-17 19:25:32 | INFO | Prediction: SUPPORTS
2026-09-17 19:25:32 | INFO | Gold: REFUTES
2026-09-17 19:25:32 | INFO | Winning label: SUPPORTS
2026-09-17 19:25:32 | INFO | Winning count: 8/21
2026-09-17 19:25:32 | INFO | Votes: {'SUPPORTS': 8, 'NOT ENOUGH INFO': 7, 'REFUTES': 6}
2026-09-17 19:25:32 | INFO | Label accuracy: 0.0000
2026-09-17 19:25:32 | INFO | Result | Correct: False | Running Accuracy: 61.90% | Termination: cot_sc_plurality | Steps: 21 | Tool calls: 0 | Latency: 7.399s
2026-09-17 19:25:32 | INFO | Prediction: REFUTES
2026-09-17 19:25:32 | INFO | Gold: REFUTES
2026-09-17 19:25:32 | INFO | Winning label: REFUTES
2026-09-17 19:25:32 | INFO | Winning count: 21/21
2026-09-17 19:25:32 | INFO | Votes: {'REFUTES': 21}
2026-09-17 19:25:32 | INFO | Label accuracy: 1.0000
2026-09-17 19:25:32 | INFO | Result | Correct: True | Running Accuracy: 62.13% | Termination: cot_sc_majority | Steps: 21 | Tool calls: 0 | Latency: 7.399s
2026-09-17 19:25:32 | INFO | Prediction: REFUTES
2026-09-17 19:25:32 | INFO | Gold: REFUTES
2026-09-17 19:25:32 | INFO | Winning label: REFUTES
2026-09-17 19:25:32 | INFO | Winning count: 21/21
2026-09-17 19:25:32 | INFO | Votes: {'REFUTES': 21}
2026-09-17 19:25:32 | INFO | Label accuracy: 1.0000
2026-09-17 19:25:32 | INFO | Result | Correct: True | Running Accuracy: 62.35% | Termination: cot_sc_majority | Steps: 21 | Tool calls: 0 | Latency: 7.399s
2026-09-17 19:25:32 | INFO | Prediction: NOT ENOUGH INFO
2026-09-17 19:25:32 | INFO | Gold: NOT ENOUGH INFO
2026-09-17 19:25:32 | INFO | Winning label: NOT ENOUGH INFO
2026-09-17 19:25:32 | INFO | Winning count: 20/21
2026-09-17 19:25:32 | INFO | Votes: {'NOT ENOUGH INFO': 20}
2026-09-17 19:25:32 | INFO | Label accuracy: 1.0000
2026-09-17 19:25:32 | INFO | Result | Correct: True | Running Accuracy: 62.57% | Termination: cot_sc_majority | Steps: 21 | Tool calls: 0 | Latency: 7.399s
2026-09-17 19:25:32 | INFO | Prediction: SUPPORTS
2026-09-17 19:25:32 | INFO | Gold: SUPPORTS
2026-09-17 19:25:32 | INFO | Winning label: SUPPORTS
2026-09-17 19:25:32 | INFO | Winning count: 21/21
2026-09-17 19:25:32 | INFO | Votes: {'SUPPORTS': 21}
2026-09-17 19:25:32 | INFO | Label accuracy: 1.0000
2026-09-17 19:25:32 | INFO | Result | Correct: True | Running Accuracy: 62.79% | Termination: cot_sc_majority | Steps: 21 | Tool calls: 0 | Latency: 7.399s
2026-09-17 19:25:32 | INFO | Prediction: REFUTES
2026-09-17 19:25:32 | INFO | Gold: NOT ENOUGH INFO
2026-09-17 19:25:32 | INFO | Winning label: REFUTES
2026-09-17 19:25:32 | INFO | Winning count: 21/21
2026-09-17 19:25:32 | INFO | Votes: {'REFUTES': 21}
2026-09-17 19:25:32 | INFO | Label accuracy: 0.0000
2026-09-17 19:25:32 | INFO | Result | Correct: False | Running Accuracy: 62.43% | Termination: cot_sc_majority | Steps: 21 | Tool calls: 0 | Latency: 7.399s
2026-09-17 19:25:32 | INFO | Prediction: REFUTES
2026-09-17 19:25:32 | INFO | Gold: REFUTES
2026-09-17 19:25:32 | INFO | Winning label: REFUTES
2026-09-17 19:25:32 | INFO | Winning count: 21/21
2026-09-17 19:25:32 | INFO | Votes: {'REFUTES': 21}
2026-09-17 19:25:32 | INFO | Label accuracy: 1.0000
2026-09-17 19:25:32 | INFO | Result | Correct: True | Running Accuracy: 62.64% | Termination: cot_sc_majority | Steps: 21 | Tool calls: 0 | Latency: 7.399s
2026-09-17 19:25:32 | INFO | Prediction: REFUTES
2026-09-17 19:25:32 | INFO | Gold: REFUTES
2026-09-17 19:25:32 | INFO | Winning label: REFUTES
2026-09-17 19:25:32 | INFO | Winning count: 20/21
2026-09-17 19:25:32 | INFO | Votes: {'REFUTES': 20, 'NOT ENOUGH INFO': 1}
2026-09-17 19:25:32 | INFO | Label accuracy: 1.0000
2026-09-17 19:25:32 | INFO | Result | Correct: True | Running Accuracy: 62.86% | Termination: cot_sc_majority | Steps: 21 | Tool calls: 0 | Latency: 7.399s
2026-09-17 19:25:32 | INFO | Prediction: SUPPORTS
2026-09-17 19:25:32 | INFO | Gold: NOT ENOUGH INFO
2026-09-17 19:25:32 | INFO | Winning label: SUPPORTS
2026-09-17 19:25:32 | INFO | Winning count: 21/21
2026-09-17 19:25:32 | INFO | Votes: {'SUPPORTS': 21}
2026-09-17 19:25:32 | INFO | Label accuracy: 0.0000
2026-09-17 19:25:32 | INFO | Result | Correct: False | Running Accuracy: 62.50% | Termination: cot_sc_majority | Steps: 21 | Tool calls: 0 | Latency: 7.399s
2026-09-17 19:25:32 | INFO | Inference batch [177-192/500] size=16
2026-09-17 19:25:32 | INFO | [177/500] example_id=171082
2026-09-17 19:25:32 | INFO | Claim: Lalla Ward is a writer.
2026-09-17 19:25:32 | INFO | [178/500] example_id=103643
2026-09-17 19:25:32 | INFO | Claim: John Dolmayan is a bear.
2026-09-17 19:25:32 | INFO | [179/500] example_id=110376
2026-09-17 19:25:32 | INFO | Claim: Appropriation (art) involves math.
2026-09-17 19:25:32 | INFO | [180/500] example_id=193897
2026-09-17 19:25:32 | INFO | Claim: Bea Arthur was raised in the United States.
2026-09-17 19:25:32 | INFO | [181/500] example_id=211773
2026-09-17 19:25:32 | INFO | Claim: Brick (film) was filmed in front of a live audience.
2026-09-17 19:25:32 | INFO | [182/500] example_id=118446
2026-09-17 19:25:32 | INFO | Claim: Raees (film) features Nawazuddin Siddiqui as an extra.
2026-09-17 19:25:32 | INFO | [183/500] example_id=81407
2026-09-17 19:25:32 | INFO | Claim: Billboard Dad was released in Spain.
2026-09-17 19:25:32 | INFO | [184/500] example_id=58417
2026-09-17 19:25:32 | INFO | Claim: Kelly Preston starred in films.
2026-09-17 19:25:32 | INFO | [185/500] example_id=64440
2026-09-17 19:25:32 | INFO | Claim: Wildfang was founded by Tom Waits and Julia Parsley.
2026-09-17 19:25:32 | INFO | [186/500] example_id=227120
2026-09-17 19:25:32 | INFO | Claim: New Orleans Pelicans compete in the NBA in the Western Conference .
2026-09-17 19:25:32 | INFO | [187/500] example_id=212188
2026-09-17 19:25:32 | INFO | Claim: Miracle at St. Anna tells the story of four soldiers in a Tuscan village.
2026-09-17 19:25:32 | INFO | [188/500] example_id=106660
2026-09-17 19:25:32 | INFO | Claim: Mick Thomson was born in a hospital.
2026-09-17 19:25:32 | INFO | [189/500] example_id=57910
2026-09-17 19:25:32 | INFO | Claim: The Columbia River has sailboats and yachts.
2026-09-17 19:25:32 | INFO | [190/500] example_id=183587
2026-09-17 19:25:32 | INFO | Claim: Finding Dory was penned by Victoria Strouse.
2026-09-17 19:25:32 | INFO | [191/500] example_id=46726
2026-09-17 19:25:32 | INFO | Claim: Chaka Khan has released at least five studio albums.
2026-09-17 19:25:32 | INFO | [192/500] example_id=36570
2026-09-17 19:25:32 | INFO | Claim: The Crips are a band.
2026-09-17 19:27:28 | INFO | Prediction: NOT ENOUGH INFO
2026-09-17 19:27:28 | INFO | Gold: SUPPORTS
2026-09-17 19:27:28 | INFO | Winning label: NOT ENOUGH INFO
2026-09-17 19:27:28 | INFO | Winning count: 11/21
2026-09-17 19:27:28 | INFO | Votes: {'NOT ENOUGH INFO': 11, 'REFUTES': 10}
2026-09-17 19:27:28 | INFO | Label accuracy: 0.0000
2026-09-17 19:27:28 | INFO | Result | Correct: False | Running Accuracy: 62.15% | Termination: cot_sc_majority | Steps: 21 | Tool calls: 0 | Latency: 7.219s
2026-09-17 19:27:28 | INFO | Prediction: REFUTES
2026-09-17 19:27:28 | INFO | Gold: REFUTES
2026-09-17 19:27:28 | INFO | Winning label: REFUTES
2026-09-17 19:27:28 | INFO | Winning count: 18/21
2026-09-17 19:27:28 | INFO | Votes: {'REFUTES': 18, 'NOT ENOUGH INFO': 2}
2026-09-17 19:27:28 | INFO | Label accuracy: 1.0000
2026-09-17 19:27:28 | INFO | Result | Correct: True | Running Accuracy: 62.36% | Termination: cot_sc_majority | Steps: 21 | Tool calls: 0 | Latency: 7.219s
2026-09-17 19:27:28 | INFO | Prediction: REFUTES
2026-09-17 19:27:28 | INFO | Gold: REFUTES
2026-09-17 19:27:28 | INFO | Winning label: REFUTES
2026-09-17 19:27:28 | INFO | Winning count: 12/21
2026-09-17 19:27:28 | INFO | Votes: {'REFUTES': 12, 'NOT ENOUGH INFO': 8}
2026-09-17 19:27:28 | INFO | Label accuracy: 1.0000
2026-09-17 19:27:28 | INFO | Result | Correct: True | Running Accuracy: 62.57% | Termination: cot_sc_majority | Steps: 21 | Tool calls: 0 | Latency: 7.219s
2026-09-17 19:27:28 | INFO | Prediction: SUPPORTS
2026-09-17 19:27:28 | INFO | Gold: NOT ENOUGH INFO
2026-09-17 19:27:28 | INFO | Winning label: SUPPORTS
2026-09-17 19:27:28 | INFO | Winning count: 18/21
2026-09-17 19:27:28 | INFO | Votes: {'SUPPORTS': 18, 'NOT ENOUGH INFO': 3}
2026-09-17 19:27:28 | INFO | Label accuracy: 0.0000
2026-09-17 19:27:28 | INFO | Result | Correct: False | Running Accuracy: 62.22% | Termination: cot_sc_majority | Steps: 21 | Tool calls: 0 | Latency: 7.219s
2026-09-17 19:27:28 | INFO | Prediction: NOT ENOUGH INFO
2026-09-17 19:27:28 | INFO | Gold: NOT ENOUGH INFO
2026-09-17 19:27:28 | INFO | Winning label: NOT ENOUGH INFO
2026-09-17 19:27:28 | INFO | Winning count: 16/21
2026-09-17 19:27:28 | INFO | Votes: {'NOT ENOUGH INFO': 16, 'REFUTES': 4}
2026-09-17 19:27:28 | INFO | Label accuracy: 1.0000
2026-09-17 19:27:28 | INFO | Result | Correct: True | Running Accuracy: 62.43% | Termination: cot_sc_majority | Steps: 21 | Tool calls: 0 | Latency: 7.219s
2026-09-17 19:27:28 | INFO | Prediction: REFUTES
2026-09-17 19:27:28 | INFO | Gold: REFUTES
2026-09-17 19:27:28 | INFO | Winning label: REFUTES
2026-09-17 19:27:28 | INFO | Winning count: 18/21
2026-09-17 19:27:28 | INFO | Votes: {'REFUTES': 18, 'NOT ENOUGH INFO': 3}
2026-09-17 19:27:28 | INFO | Label accuracy: 1.0000
2026-09-17 19:27:28 | INFO | Result | Correct: True | Running Accuracy: 62.64% | Termination: cot_sc_majority | Steps: 21 | Tool calls: 0 | Latency: 7.219s
2026-09-17 19:27:28 | INFO | Prediction: NOT ENOUGH INFO
2026-09-17 19:27:28 | INFO | Gold: NOT ENOUGH INFO
2026-09-17 19:27:28 | INFO | Winning label: NOT ENOUGH INFO
2026-09-17 19:27:28 | INFO | Winning count: 21/21
2026-09-17 19:27:28 | INFO | Votes: {'NOT ENOUGH INFO': 21}
2026-09-17 19:27:28 | INFO | Label accuracy: 1.0000
2026-09-17 19:27:28 | INFO | Result | Correct: True | Running Accuracy: 62.84% | Termination: cot_sc_majority | Steps: 21 | Tool calls: 0 | Latency: 7.219s
2026-09-17 19:27:28 | INFO | Prediction: SUPPORTS
2026-09-17 19:27:28 | INFO | Gold: SUPPORTS
2026-09-17 19:27:28 | INFO | Winning label: SUPPORTS
2026-09-17 19:27:28 | INFO | Winning count: 21/21
2026-09-17 19:27:28 | INFO | Votes: {'SUPPORTS': 21}
2026-09-17 19:27:28 | INFO | Label accuracy: 1.0000
2026-09-17 19:27:28 | INFO | Result | Correct: True | Running Accuracy: 63.04% | Termination: cot_sc_majority | Steps: 21 | Tool calls: 0 | Latency: 7.219s
2026-09-17 19:27:28 | INFO | Prediction: REFUTES
2026-09-17 19:27:28 | INFO | Gold: REFUTES
2026-09-17 19:27:28 | INFO | Winning label: REFUTES
2026-09-17 19:27:28 | INFO | Winning count: 14/21
2026-09-17 19:27:28 | INFO | Votes: {'REFUTES': 14, 'SUPPORTS': 7}
2026-09-17 19:27:28 | INFO | Label accuracy: 1.0000
2026-09-17 19:27:28 | INFO | Result | Correct: True | Running Accuracy: 63.24% | Termination: cot_sc_majority | Steps: 21 | Tool calls: 0 | Latency: 7.219s
2026-09-17 19:27:28 | INFO | Prediction: SUPPORTS
2026-09-17 19:27:28 | INFO | Gold: SUPPORTS
2026-09-17 19:27:28 | INFO | Winning label: SUPPORTS
2026-09-17 19:27:28 | INFO | Winning count: 21/21
2026-09-17 19:27:28 | INFO | Votes: {'SUPPORTS': 21}
2026-09-17 19:27:28 | INFO | Label accuracy: 1.0000
2026-09-17 19:27:28 | INFO | Result | Correct: True | Running Accuracy: 63.44% | Termination: cot_sc_majority | Steps: 21 | Tool calls: 0 | Latency: 7.219s
2026-09-17 19:27:28 | INFO | Prediction: SUPPORTS
2026-09-17 19:27:28 | INFO | Gold: SUPPORTS
2026-09-17 19:27:28 | INFO | Winning label: SUPPORTS
2026-09-17 19:27:28 | INFO | Winning count: 19/21
2026-09-17 19:27:28 | INFO | Votes: {'SUPPORTS': 19}
2026-09-17 19:27:28 | INFO | Label accuracy: 1.0000
2026-09-17 19:27:28 | INFO | Result | Correct: True | Running Accuracy: 63.64% | Termination: cot_sc_majority | Steps: 21 | Tool calls: 0 | Latency: 7.219s
2026-09-17 19:27:28 | INFO | Prediction: NOT ENOUGH INFO
2026-09-17 19:27:28 | INFO | Gold: NOT ENOUGH INFO
2026-09-17 19:27:28 | INFO | Winning label: NOT ENOUGH INFO
2026-09-17 19:27:28 | INFO | Winning count: 21/21
2026-09-17 19:27:28 | INFO | Votes: {'NOT ENOUGH INFO': 21}
2026-09-17 19:27:28 | INFO | Label accuracy: 1.0000
2026-09-17 19:27:28 | INFO | Result | Correct: True | Running Accuracy: 63.83% | Termination: cot_sc_majority | Steps: 21 | Tool calls: 0 | Latency: 7.219s
2026-09-17 19:27:28 | INFO | Prediction: SUPPORTS
2026-09-17 19:27:28 | INFO | Gold: NOT ENOUGH INFO
2026-09-17 19:27:28 | INFO | Winning label: SUPPORTS
2026-09-17 19:27:28 | INFO | Winning count: 11/21
2026-09-17 19:27:28 | INFO | Votes: {'SUPPORTS': 11, 'NOT ENOUGH INFO': 7, 'REFUTES': 1}
2026-09-17 19:27:28 | INFO | Label accuracy: 0.0000
2026-09-17 19:27:28 | INFO | Result | Correct: False | Running Accuracy: 63.49% | Termination: cot_sc_majority | Steps: 21 | Tool calls: 0 | Latency: 7.219s
2026-09-17 19:27:28 | INFO | Prediction: SUPPORTS
2026-09-17 19:27:28 | INFO | Gold: SUPPORTS
2026-09-17 19:27:28 | INFO | Winning label: SUPPORTS
2026-09-17 19:27:28 | INFO | Winning count: 20/21
2026-09-17 19:27:28 | INFO | Votes: {'SUPPORTS': 20, 'NOT ENOUGH INFO': 1}
2026-09-17 19:27:28 | INFO | Label accuracy: 1.0000
2026-09-17 19:27:28 | INFO | Result | Correct: True | Running Accuracy: 63.68% | Termination: cot_sc_majority | Steps: 21 | Tool calls: 0 | Latency: 7.219s
2026-09-17 19:27:28 | INFO | Prediction: SUPPORTS
2026-09-17 19:27:28 | INFO | Gold: NOT ENOUGH INFO
2026-09-17 19:27:28 | INFO | Winning label: SUPPORTS
2026-09-17 19:27:28 | INFO | Winning count: 15/21
2026-09-17 19:27:28 | INFO | Votes: {'SUPPORTS': 15, 'NOT ENOUGH INFO': 5}
2026-09-17 19:27:28 | INFO | Label accuracy: 0.0000
2026-09-17 19:27:28 | INFO | Result | Correct: False | Running Accuracy: 63.35% | Termination: cot_sc_majority | Steps: 21 | Tool calls: 0 | Latency: 7.219s
2026-09-17 19:27:28 | INFO | Prediction: REFUTES
2026-09-17 19:27:28 | INFO | Gold: REFUTES
2026-09-17 19:27:28 | INFO | Winning label: REFUTES
2026-09-17 19:27:28 | INFO | Winning count: 20/21
2026-09-17 19:27:28 | INFO | Votes: {'REFUTES': 20}
2026-09-17 19:27:28 | INFO | Label accuracy: 1.0000
2026-09-17 19:27:28 | INFO | Result | Correct: True | Running Accuracy: 63.54% | Termination: cot_sc_majority | Steps: 21 | Tool calls: 0 | Latency: 7.219s
2026-09-17 19:27:28 | INFO | Inference batch [193-208/500] size=16
2026-09-17 19:27:28 | INFO | [193/500] example_id=26446
2026-09-17 19:27:28 | INFO | Claim: There is a biographical film called Jackie (2016 film).
2026-09-17 19:27:28 | INFO | [194/500] example_id=134413
2026-09-17 19:27:28 | INFO | Claim: Murda Beatz is Irish.
2026-09-17 19:27:28 | INFO | [195/500] example_id=42072
2026-09-17 19:27:28 | INFO | Claim: You Belong with Me is an album.
2026-09-17 19:27:28 | INFO | [196/500] example_id=70021
2026-09-17 19:27:28 | INFO | Claim: Angela Bassett started her film career in Boston Massachusetts.
2026-09-17 19:27:28 | INFO | [197/500] example_id=121189
2026-09-17 19:27:28 | INFO | Claim: The Others (2001 film) lost Best Film.
2026-09-17 19:27:28 | INFO | [198/500] example_id=12967
2026-09-17 19:27:28 | INFO | Claim: The Good Wife is a theme park.
2026-09-17 19:27:28 | INFO | [199/500] example_id=97
2026-09-17 19:27:28 | INFO | Claim: Craig David is a pop music performer.
2026-09-17 19:27:28 | INFO | [200/500] example_id=217198
2026-09-17 19:27:28 | INFO | Claim: A monk lives alone or with other types of people.
2026-09-17 19:27:28 | INFO | [201/500] example_id=183629
2026-09-17 19:27:28 | INFO | Claim: Finding Dory was written.
2026-09-17 19:27:28 | INFO | [202/500] example_id=171627
2026-09-17 19:27:28 | INFO | Claim: Dave Gibbons has always been unable to write.
2026-09-17 19:27:28 | INFO | [203/500] example_id=35377
2026-09-17 19:27:28 | INFO | Claim: Sikkim is a part of the Andes.
2026-09-17 19:27:28 | INFO | [204/500] example_id=120315
2026-09-17 19:27:28 | INFO | Claim: Bret Easton Ellis barely wrote the screenplay for The Canyons.
2026-09-17 19:27:28 | INFO | [205/500] example_id=103111
2026-09-17 19:27:28 | INFO | Claim: The Winds of Winter is a grave digger.
2026-09-17 19:27:28 | INFO | [206/500] example_id=103778
2026-09-17 19:27:28 | INFO | Claim: Yale University's alumni includes 20 living millionaires.
2026-09-17 19:27:28 | INFO | [207/500] example_id=18752
2026-09-17 19:27:28 | INFO | Claim: Shawn Carlson writes about science.
2026-09-17 19:27:28 | INFO | [208/500] example_id=84561
2026-09-17 19:27:28 | INFO | Claim: The Bassoon King is only a film.
2026-09-17 19:29:29 | INFO | Prediction: SUPPORTS
2026-09-17 19:29:29 | INFO | Gold: SUPPORTS
2026-09-17 19:29:29 | INFO | Winning label: SUPPORTS
2026-09-17 19:29:29 | INFO | Winning count: 21/21
2026-09-17 19:29:29 | INFO | Votes: {'SUPPORTS': 21}
2026-09-17 19:29:29 | INFO | Label accuracy: 1.0000
2026-09-17 19:29:29 | INFO | Result | Correct: True | Running Accuracy: 63.73% | Termination: cot_sc_majority | Steps: 21 | Tool calls: 0 | Latency: 7.566s
2026-09-17 19:29:29 | INFO | Prediction: REFUTES
2026-09-17 19:29:29 | INFO | Gold: NOT ENOUGH INFO
2026-09-17 19:29:29 | INFO | Winning label: REFUTES
2026-09-17 19:29:29 | INFO | Winning count: 13/21
2026-09-17 19:29:29 | INFO | Votes: {'REFUTES': 13, 'SUPPORTS': 7}
2026-09-17 19:29:29 | INFO | Label accuracy: 0.0000
2026-09-17 19:29:29 | INFO | Result | Correct: False | Running Accuracy: 63.40% | Termination: cot_sc_majority | Steps: 21 | Tool calls: 0 | Latency: 7.566s
2026-09-17 19:29:29 | INFO | Prediction: REFUTES
2026-09-17 19:29:29 | INFO | Gold: REFUTES
2026-09-17 19:29:29 | INFO | Winning label: REFUTES
2026-09-17 19:29:29 | INFO | Winning count: 21/21
2026-09-17 19:29:29 | INFO | Votes: {'REFUTES': 21}
2026-09-17 19:29:29 | INFO | Label accuracy: 1.0000
2026-09-17 19:29:29 | INFO | Result | Correct: True | Running Accuracy: 63.59% | Termination: cot_sc_majority | Steps: 21 | Tool calls: 0 | Latency: 7.566s
2026-09-17 19:29:29 | INFO | Prediction: REFUTES
2026-09-17 19:29:29 | INFO | Gold: NOT ENOUGH INFO
2026-09-17 19:29:29 | INFO | Winning label: REFUTES
2026-09-17 19:29:29 | INFO | Winning count: 14/21
2026-09-17 19:29:29 | INFO | Votes: {'REFUTES': 14, 'NOT ENOUGH INFO': 7}
2026-09-17 19:29:29 | INFO | Label accuracy: 0.0000
2026-09-17 19:29:29 | INFO | Result | Correct: False | Running Accuracy: 63.27% | Termination: cot_sc_majority | Steps: 21 | Tool calls: 0 | Latency: 7.566s
2026-09-17 19:29:29 | INFO | Prediction: NOT ENOUGH INFO
2026-09-17 19:29:29 | INFO | Gold: REFUTES
2026-09-17 19:29:29 | INFO | Winning label: NOT ENOUGH INFO
2026-09-17 19:29:29 | INFO | Winning count: 19/21
2026-09-17 19:29:29 | INFO | Votes: {'NOT ENOUGH INFO': 19, 'SUPPORTS': 1}
2026-09-17 19:29:29 | INFO | Label accuracy: 0.0000
2026-09-17 19:29:29 | INFO | Result | Correct: False | Running Accuracy: 62.94% | Termination: cot_sc_majority | Steps: 21 | Tool calls: 0 | Latency: 7.566s
2026-09-17 19:29:29 | INFO | Prediction: REFUTES
2026-09-17 19:29:29 | INFO | Gold: REFUTES
2026-09-17 19:29:29 | INFO | Winning label: REFUTES
2026-09-17 19:29:29 | INFO | Winning count: 21/21
2026-09-17 19:29:29 | INFO | Votes: {'REFUTES': 21}
2026-09-17 19:29:29 | INFO | Label accuracy: 1.0000
2026-09-17 19:29:29 | INFO | Result | Correct: True | Running Accuracy: 63.13% | Termination: cot_sc_majority | Steps: 21 | Tool calls: 0 | Latency: 7.566s
2026-09-17 19:29:29 | INFO | Prediction: SUPPORTS
2026-09-17 19:29:29 | INFO | Gold: SUPPORTS
2026-09-17 19:29:29 | INFO | Winning label: SUPPORTS
2026-09-17 19:29:29 | INFO | Winning count: 17/21
2026-09-17 19:29:29 | INFO | Votes: {'SUPPORTS': 17, 'REFUTES': 3, 'NOT ENOUGH INFO': 1}
2026-09-17 19:29:29 | INFO | Label accuracy: 1.0000
2026-09-17 19:29:29 | INFO | Result | Correct: True | Running Accuracy: 63.32% | Termination: cot_sc_majority | Steps: 21 | Tool calls: 0 | Latency: 7.566s
2026-09-17 19:29:29 | INFO | Prediction: SUPPORTS
2026-09-17 19:29:29 | INFO | Gold: SUPPORTS
2026-09-17 19:29:29 | INFO | Winning label: SUPPORTS
2026-09-17 19:29:29 | INFO | Winning count: 17/21
2026-09-17 19:29:29 | INFO | Votes: {'SUPPORTS': 17, 'NOT ENOUGH INFO': 3}
2026-09-17 19:29:29 | INFO | Label accuracy: 1.0000
2026-09-17 19:29:29 | INFO | Result | Correct: True | Running Accuracy: 63.50% | Termination: cot_sc_majority | Steps: 21 | Tool calls: 0 | Latency: 7.566s
2026-09-17 19:29:29 | INFO | Prediction: SUPPORTS
2026-09-17 19:29:29 | INFO | Gold: SUPPORTS
2026-09-17 19:29:29 | INFO | Winning label: SUPPORTS
2026-09-17 19:29:29 | INFO | Winning count: 18/21
2026-09-17 19:29:29 | INFO | Votes: {'SUPPORTS': 18, 'NOT ENOUGH INFO': 3}
2026-09-17 19:29:29 | INFO | Label accuracy: 1.0000
2026-09-17 19:29:29 | INFO | Result | Correct: True | Running Accuracy: 63.68% | Termination: cot_sc_majority | Steps: 21 | Tool calls: 0 | Latency: 7.566s
2026-09-17 19:29:29 | INFO | Prediction: REFUTES
2026-09-17 19:29:29 | INFO | Gold: REFUTES
2026-09-17 19:29:29 | INFO | Winning label: REFUTES
2026-09-17 19:29:29 | INFO | Winning count: 16/21
2026-09-17 19:29:29 | INFO | Votes: {'REFUTES': 16, 'NOT ENOUGH INFO': 4}
2026-09-17 19:29:29 | INFO | Label accuracy: 1.0000
2026-09-17 19:29:29 | INFO | Result | Correct: True | Running Accuracy: 63.86% | Termination: cot_sc_majority | Steps: 21 | Tool calls: 0 | Latency: 7.566s
2026-09-17 19:29:29 | INFO | Prediction: REFUTES
2026-09-17 19:29:29 | INFO | Gold: NOT ENOUGH INFO
2026-09-17 19:29:29 | INFO | Winning label: REFUTES
2026-09-17 19:29:29 | INFO | Winning count: 21/21
2026-09-17 19:29:29 | INFO | Votes: {'REFUTES': 21}
2026-09-17 19:29:29 | INFO | Label accuracy: 0.0000
2026-09-17 19:29:29 | INFO | Result | Correct: False | Running Accuracy: 63.55% | Termination: cot_sc_majority | Steps: 21 | Tool calls: 0 | Latency: 7.566s
2026-09-17 19:29:29 | INFO | Prediction: REFUTES
2026-09-17 19:29:29 | INFO | Gold: REFUTES
2026-09-17 19:29:29 | INFO | Winning label: REFUTES
2026-09-17 19:29:29 | INFO | Winning count: 12/21
2026-09-17 19:29:29 | INFO | Votes: {'REFUTES': 12, 'NOT ENOUGH INFO': 6}
2026-09-17 19:29:29 | INFO | Label accuracy: 1.0000
2026-09-17 19:29:29 | INFO | Result | Correct: True | Running Accuracy: 63.73% | Termination: cot_sc_majority | Steps: 21 | Tool calls: 0 | Latency: 7.566s
2026-09-17 19:29:29 | INFO | Prediction: REFUTES
2026-09-17 19:29:29 | INFO | Gold: REFUTES
2026-09-17 19:29:29 | INFO | Winning label: REFUTES
2026-09-17 19:29:29 | INFO | Winning count: 18/21
2026-09-17 19:29:29 | INFO | Votes: {'REFUTES': 18, 'NOT ENOUGH INFO': 3}
2026-09-17 19:29:29 | INFO | Label accuracy: 1.0000
2026-09-17 19:29:29 | INFO | Result | Correct: True | Running Accuracy: 63.90% | Termination: cot_sc_majority | Steps: 21 | Tool calls: 0 | Latency: 7.566s
2026-09-17 19:29:29 | INFO | Prediction: NOT ENOUGH INFO
2026-09-17 19:29:29 | INFO | Gold: NOT ENOUGH INFO
2026-09-17 19:29:29 | INFO | Winning label: NOT ENOUGH INFO
2026-09-17 19:29:29 | INFO | Winning count: 21/21
2026-09-17 19:29:29 | INFO | Votes: {'NOT ENOUGH INFO': 21}
2026-09-17 19:29:29 | INFO | Label accuracy: 1.0000
2026-09-17 19:29:29 | INFO | Result | Correct: True | Running Accuracy: 64.08% | Termination: cot_sc_majority | Steps: 21 | Tool calls: 0 | Latency: 7.566s
2026-09-17 19:29:29 | INFO | Prediction: NOT ENOUGH INFO
2026-09-17 19:29:29 | INFO | Gold: SUPPORTS
2026-09-17 19:29:29 | INFO | Winning label: NOT ENOUGH INFO
2026-09-17 19:29:29 | INFO | Winning count: 19/21
2026-09-17 19:29:29 | INFO | Votes: {'NOT ENOUGH INFO': 19, 'SUPPORTS': 2}
2026-09-17 19:29:29 | INFO | Label accuracy: 0.0000
2026-09-17 19:29:29 | INFO | Result | Correct: False | Running Accuracy: 63.77% | Termination: cot_sc_majority | Steps: 21 | Tool calls: 0 | Latency: 7.566s
2026-09-17 19:29:29 | INFO | Prediction: NOT ENOUGH INFO
2026-09-17 19:29:29 | INFO | Gold: REFUTES
2026-09-17 19:29:29 | INFO | Winning label: NOT ENOUGH INFO
2026-09-17 19:29:29 | INFO | Winning count: 13/21
2026-09-17 19:29:29 | INFO | Votes: {'NOT ENOUGH INFO': 13, 'SUPPORTS': 8}
2026-09-17 19:29:29 | INFO | Label accuracy: 0.0000
2026-09-17 19:29:29 | INFO | Result | Correct: False | Running Accuracy: 63.46% | Termination: cot_sc_majority | Steps: 21 | Tool calls: 0 | Latency: 7.566s
2026-09-17 19:29:29 | INFO | Inference batch [209-224/500] size=16
2026-09-17 19:29:29 | INFO | [209/500] example_id=42201
2026-09-17 19:29:29 | INFO | Claim: House contains a character played by Omar Epps.
2026-09-17 19:29:29 | INFO | [210/500] example_id=102080
2026-09-17 19:29:29 | INFO | Claim: Steve McQueen stars in The Cincinnati Kid.
2026-09-17 19:29:29 | INFO | [211/500] example_id=201369
2026-09-17 19:29:29 | INFO | Claim: Varsity Blues (film) has a international box office gross of $12 million.
2026-09-17 19:29:29 | INFO | [212/500] example_id=173734
2026-09-17 19:29:29 | INFO | Claim: Earl Scruggs was born on January 6th, 1924 in a log cabin.
2026-09-17 19:29:29 | INFO | [213/500] example_id=59217
2026-09-17 19:29:29 | INFO | Claim: Thomas Jefferson helped to organize the Whig Party.
2026-09-17 19:29:29 | INFO | [214/500] example_id=139370
2026-09-17 19:29:29 | INFO | Claim: Stanley Williams was a police officer in California.
2026-09-17 19:29:29 | INFO | [215/500] example_id=103333
2026-09-17 19:29:29 | INFO | Claim: Danger UXB is from Prague.
2026-09-17 19:29:29 | INFO | [216/500] example_id=49785
2026-09-17 19:29:29 | INFO | Claim: Kendall Jenner is unfamous.
2026-09-17 19:29:29 | INFO | [217/500] example_id=193907
2026-09-17 19:29:29 | INFO | Claim: Bea Arthur was born on May 10th, 1920.
2026-09-17 19:29:29 | INFO | [218/500] example_id=6576
2026-09-17 19:29:29 | INFO | Claim: Janelle Monáe is an entertainer.
2026-09-17 19:29:29 | INFO | [219/500] example_id=121790
2026-09-17 19:29:29 | INFO | Claim: Randy Savage is a nudist.
2026-09-17 19:29:29 | INFO | [220/500] example_id=204445
2026-09-17 19:29:29 | INFO | Claim: Brad Wilk co-founded Nintendo in August 1991.
2026-09-17 19:29:29 | INFO | [221/500] example_id=57554
2026-09-17 19:29:29 | INFO | Claim: Anushka Sharma starred in a film.
2026-09-17 19:29:29 | INFO | [222/500] example_id=185409
2026-09-17 19:29:29 | INFO | Claim: Rick Rosner wrote the TV series that CHiPs is based on.
2026-09-17 19:29:29 | INFO | [223/500] example_id=18723
2026-09-17 19:29:29 | INFO | Claim: Wildfang was founded in orange.
2026-09-17 19:29:29 | INFO | [224/500] example_id=144087
2026-09-17 19:29:29 | INFO | Claim: San Diego Comic-Con was founded in San Diego in 1970.
2026-09-17 19:31:19 | INFO | Prediction: SUPPORTS
2026-09-17 19:31:19 | INFO | Gold: SUPPORTS
2026-09-17 19:31:19 | INFO | Winning label: SUPPORTS
2026-09-17 19:31:19 | INFO | Winning count: 14/21
2026-09-17 19:31:19 | INFO | Votes: {'SUPPORTS': 14, 'REFUTES': 7}
2026-09-17 19:31:19 | INFO | Label accuracy: 1.0000
2026-09-17 19:31:19 | INFO | Result | Correct: True | Running Accuracy: 63.64% | Termination: cot_sc_majority | Steps: 21 | Tool calls: 0 | Latency: 6.854s
2026-09-17 19:31:19 | INFO | Prediction: SUPPORTS
2026-09-17 19:31:19 | INFO | Gold: SUPPORTS
2026-09-17 19:31:19 | INFO | Winning label: SUPPORTS
2026-09-17 19:31:19 | INFO | Winning count: 20/21
2026-09-17 19:31:19 | INFO | Votes: {'SUPPORTS': 20, 'REFUTES': 1}
2026-09-17 19:31:19 | INFO | Label accuracy: 1.0000
2026-09-17 19:31:19 | INFO | Result | Correct: True | Running Accuracy: 63.81% | Termination: cot_sc_majority | Steps: 21 | Tool calls: 0 | Latency: 6.854s
2026-09-17 19:31:19 | INFO | Prediction: REFUTES
2026-09-17 19:31:19 | INFO | Gold: NOT ENOUGH INFO
2026-09-17 19:31:19 | INFO | Winning label: REFUTES
2026-09-17 19:31:19 | INFO | Winning count: 9/21
2026-09-17 19:31:19 | INFO | Votes: {'REFUTES': 9, 'NOT ENOUGH INFO': 7, 'SUPPORTS': 4}
2026-09-17 19:31:19 | INFO | Label accuracy: 0.0000
2026-09-17 19:31:19 | INFO | Result | Correct: False | Running Accuracy: 63.51% | Termination: cot_sc_plurality | Steps: 21 | Tool calls: 0 | Latency: 6.854s
2026-09-17 19:31:19 | INFO | Prediction: NOT ENOUGH INFO
2026-09-17 19:31:19 | INFO | Gold: NOT ENOUGH INFO
2026-09-17 19:31:19 | INFO | Winning label: NOT ENOUGH INFO
2026-09-17 19:31:19 | INFO | Winning count: 10/21
2026-09-17 19:31:19 | INFO | Votes: {'NOT ENOUGH INFO': 10, 'SUPPORTS': 6, 'REFUTES': 3}
2026-09-17 19:31:19 | INFO | Label accuracy: 1.0000
2026-09-17 19:31:19 | INFO | Result | Correct: True | Running Accuracy: 63.68% | Termination: cot_sc_plurality | Steps: 21 | Tool calls: 0 | Latency: 6.854s
2026-09-17 19:31:19 | INFO | Prediction: REFUTES
2026-09-17 19:31:19 | INFO | Gold: NOT ENOUGH INFO
2026-09-17 19:31:19 | INFO | Winning label: REFUTES
2026-09-17 19:31:19 | INFO | Winning count: 21/21
2026-09-17 19:31:19 | INFO | Votes: {'REFUTES': 21}
2026-09-17 19:31:19 | INFO | Label accuracy: 0.0000
2026-09-17 19:31:19 | INFO | Result | Correct: False | Running Accuracy: 63.38% | Termination: cot_sc_majority | Steps: 21 | Tool calls: 0 | Latency: 6.854s
2026-09-17 19:31:19 | INFO | Prediction: NOT ENOUGH INFO
2026-09-17 19:31:19 | INFO | Gold: NOT ENOUGH INFO
2026-09-17 19:31:19 | INFO | Winning label: NOT ENOUGH INFO
2026-09-17 19:31:19 | INFO | Winning count: 14/21
2026-09-17 19:31:19 | INFO | Votes: {'NOT ENOUGH INFO': 14, 'SUPPORTS': 7}
2026-09-17 19:31:19 | INFO | Label accuracy: 1.0000
2026-09-17 19:31:19 | INFO | Result | Correct: True | Running Accuracy: 63.55% | Termination: cot_sc_majority | Steps: 21 | Tool calls: 0 | Latency: 6.854s
2026-09-17 19:31:19 | INFO | Prediction: REFUTES
2026-09-17 19:31:19 | INFO | Gold: NOT ENOUGH INFO
2026-09-17 19:31:19 | INFO | Winning label: REFUTES
2026-09-17 19:31:19 | INFO | Winning count: 21/21
2026-09-17 19:31:19 | INFO | Votes: {'REFUTES': 21}
2026-09-17 19:31:19 | INFO | Label accuracy: 0.0000
2026-09-17 19:31:19 | INFO | Result | Correct: False | Running Accuracy: 63.26% | Termination: cot_sc_majority | Steps: 21 | Tool calls: 0 | Latency: 6.854s
2026-09-17 19:31:19 | INFO | Prediction: REFUTES
2026-09-17 19:31:19 | INFO | Gold: REFUTES
2026-09-17 19:31:19 | INFO | Winning label: REFUTES
2026-09-17 19:31:19 | INFO | Winning count: 19/21
2026-09-17 19:31:19 | INFO | Votes: {'REFUTES': 19, 'NOT ENOUGH INFO': 2}
2026-09-17 19:31:19 | INFO | Label accuracy: 1.0000
2026-09-17 19:31:19 | INFO | Result | Correct: True | Running Accuracy: 63.43% | Termination: cot_sc_majority | Steps: 21 | Tool calls: 0 | Latency: 6.854s
2026-09-17 19:31:19 | INFO | Prediction: REFUTES
2026-09-17 19:31:19 | INFO | Gold: REFUTES
2026-09-17 19:31:19 | INFO | Winning label: REFUTES
2026-09-17 19:31:19 | INFO | Winning count: 21/21
2026-09-17 19:31:19 | INFO | Votes: {'REFUTES': 21}
2026-09-17 19:31:19 | INFO | Label accuracy: 1.0000
2026-09-17 19:31:19 | INFO | Result | Correct: True | Running Accuracy: 63.59% | Termination: cot_sc_majority | Steps: 21 | Tool calls: 0 | Latency: 6.854s
2026-09-17 19:31:19 | INFO | Prediction: SUPPORTS
2026-09-17 19:31:19 | INFO | Gold: SUPPORTS
2026-09-17 19:31:19 | INFO | Winning label: SUPPORTS
2026-09-17 19:31:19 | INFO | Winning count: 21/21
2026-09-17 19:31:19 | INFO | Votes: {'SUPPORTS': 21}
2026-09-17 19:31:19 | INFO | Label accuracy: 1.0000
2026-09-17 19:31:19 | INFO | Result | Correct: True | Running Accuracy: 63.76% | Termination: cot_sc_majority | Steps: 21 | Tool calls: 0 | Latency: 6.854s
2026-09-17 19:31:19 | INFO | Prediction: REFUTES
2026-09-17 19:31:19 | INFO | Gold: NOT ENOUGH INFO
2026-09-17 19:31:19 | INFO | Winning label: REFUTES
2026-09-17 19:31:19 | INFO | Winning count: 17/21
2026-09-17 19:31:19 | INFO | Votes: {'REFUTES': 17, 'NOT ENOUGH INFO': 2}
2026-09-17 19:31:19 | INFO | Label accuracy: 0.0000
2026-09-17 19:31:19 | INFO | Result | Correct: False | Running Accuracy: 63.47% | Termination: cot_sc_majority | Steps: 21 | Tool calls: 0 | Latency: 6.854s
2026-09-17 19:31:19 | INFO | Prediction: REFUTES
2026-09-17 19:31:19 | INFO | Gold: NOT ENOUGH INFO
2026-09-17 19:31:19 | INFO | Winning label: REFUTES
2026-09-17 19:31:19 | INFO | Winning count: 21/21
2026-09-17 19:31:19 | INFO | Votes: {'REFUTES': 21}
2026-09-17 19:31:19 | INFO | Label accuracy: 0.0000
2026-09-17 19:31:19 | INFO | Result | Correct: False | Running Accuracy: 63.18% | Termination: cot_sc_majority | Steps: 21 | Tool calls: 0 | Latency: 6.854s
2026-09-17 19:31:19 | INFO | Prediction: SUPPORTS
2026-09-17 19:31:19 | INFO | Gold: SUPPORTS
2026-09-17 19:31:19 | INFO | Winning label: SUPPORTS
2026-09-17 19:31:19 | INFO | Winning count: 19/21
2026-09-17 19:31:19 | INFO | Votes: {'SUPPORTS': 19, 'NOT ENOUGH INFO': 2}
2026-09-17 19:31:19 | INFO | Label accuracy: 1.0000
2026-09-17 19:31:19 | INFO | Result | Correct: True | Running Accuracy: 63.35% | Termination: cot_sc_majority | Steps: 21 | Tool calls: 0 | Latency: 6.854s
2026-09-17 19:31:19 | INFO | Prediction: REFUTES
2026-09-17 19:31:19 | INFO | Gold: NOT ENOUGH INFO
2026-09-17 19:31:19 | INFO | Winning label: REFUTES
2026-09-17 19:31:19 | INFO | Winning count: 19/21
2026-09-17 19:31:19 | INFO | Votes: {'REFUTES': 19, 'NOT ENOUGH INFO': 1}
2026-09-17 19:31:19 | INFO | Label accuracy: 0.0000
2026-09-17 19:31:19 | INFO | Result | Correct: False | Running Accuracy: 63.06% | Termination: cot_sc_majority | Steps: 21 | Tool calls: 0 | Latency: 6.854s
2026-09-17 19:31:19 | INFO | Prediction: NOT ENOUGH INFO
2026-09-17 19:31:19 | INFO | Gold: REFUTES
2026-09-17 19:31:19 | INFO | Winning label: NOT ENOUGH INFO
2026-09-17 19:31:19 | INFO | Winning count: 19/21
2026-09-17 19:31:19 | INFO | Votes: {'NOT ENOUGH INFO': 19, 'REFUTES': 1}
2026-09-17 19:31:19 | INFO | Label accuracy: 0.0000
2026-09-17 19:31:19 | INFO | Result | Correct: False | Running Accuracy: 62.78% | Termination: cot_sc_majority | Steps: 21 | Tool calls: 0 | Latency: 6.854s
2026-09-17 19:31:19 | INFO | Prediction: SUPPORTS
2026-09-17 19:31:19 | INFO | Gold: SUPPORTS
2026-09-17 19:31:19 | INFO | Winning label: SUPPORTS
2026-09-17 19:31:19 | INFO | Winning count: 20/21
2026-09-17 19:31:19 | INFO | Votes: {'SUPPORTS': 20, 'REFUTES': 1}
2026-09-17 19:31:19 | INFO | Label accuracy: 1.0000
2026-09-17 19:31:19 | INFO | Result | Correct: True | Running Accuracy: 62.95% | Termination: cot_sc_majority | Steps: 21 | Tool calls: 0 | Latency: 6.854s
2026-09-17 19:31:19 | INFO | Inference batch [225-240/500] size=16
2026-09-17 19:31:19 | INFO | [225/500] example_id=201830
2026-09-17 19:31:19 | INFO | Claim: Dakota Fanning was involved with a film called Batman.
2026-09-17 19:31:19 | INFO | [226/500] example_id=64561
2026-09-17 19:31:19 | INFO | Claim: Martin Van Buren only served as senator.
2026-09-17 19:31:19 | INFO | [227/500] example_id=2466
2026-09-17 19:31:19 | INFO | Claim: Cheese in the Trap (TV series) stars Batman.
2026-09-17 19:31:19 | INFO | [228/500] example_id=170415
2026-09-17 19:31:19 | INFO | Claim: Michael Vick is a Canadian.
2026-09-17 19:31:19 | INFO | [229/500] example_id=204334
2026-09-17 19:31:19 | INFO | Claim: Pterosaurs and large marine reptiles died out in the Cretaceous
2026-09-17 19:31:19 | INFO | [230/500] example_id=81623
2026-09-17 19:31:19 | INFO | Claim: Marco Polo defected to China.
2026-09-17 19:31:19 | INFO | [231/500] example_id=135364
2026-09-17 19:31:19 | INFO | Claim: Bruce Shand was born on Monday, January 22nd, 1917.
2026-09-17 19:31:19 | INFO | [232/500] example_id=64842
2026-09-17 19:31:19 | INFO | Claim: Aarhus is in the geographical center of Denmark.
2026-09-17 19:31:19 | INFO | [233/500] example_id=14448
2026-09-17 19:31:19 | INFO | Claim: Sexual slavery is a reason for human trafficking.
2026-09-17 19:31:19 | INFO | [234/500] example_id=11404
2026-09-17 19:31:19 | INFO | Claim: Garden State was an official selection.
2026-09-17 19:31:19 | INFO | [235/500] example_id=215504
2026-09-17 19:31:19 | INFO | Claim: Weekly Idol is hosted by a rapper.
2026-09-17 19:31:19 | INFO | [236/500] example_id=189452
2026-09-17 19:31:19 | INFO | Claim: Yandex operates in Lithuania.
2026-09-17 19:31:19 | INFO | [237/500] example_id=204449
2026-09-17 19:31:19 | INFO | Claim: Tom Morello, Zack de la Rocha, and Brad Wilk co-founded Rage.
2026-09-17 19:31:19 | INFO | [238/500] example_id=155431
2026-09-17 19:31:19 | INFO | Claim: Bones is solely a television pitch.
2026-09-17 19:31:19 | INFO | [239/500] example_id=123500
2026-09-17 19:31:19 | INFO | Claim: X-Men: Apocalypse is a novel.
2026-09-17 19:31:19 | INFO | [240/500] example_id=67876
2026-09-17 19:31:19 | INFO | Claim: Britt Robertson was not in the television series Girlboss.
2026-09-17 19:33:25 | INFO | Prediction: REFUTES
2026-09-17 19:33:25 | INFO | Gold: NOT ENOUGH INFO
2026-09-17 19:33:25 | INFO | Winning label: REFUTES
2026-09-17 19:33:25 | INFO | Winning count: 13/21
2026-09-17 19:33:25 | INFO | Votes: {'REFUTES': 13, 'SUPPORTS': 5, 'NOT ENOUGH INFO': 1}
2026-09-17 19:33:25 | INFO | Label accuracy: 0.0000
2026-09-17 19:33:25 | INFO | Result | Correct: False | Running Accuracy: 62.67% | Termination: cot_sc_majority | Steps: 21 | Tool calls: 0 | Latency: 7.895s
2026-09-17 19:33:25 | INFO | Prediction: REFUTES
2026-09-17 19:33:25 | INFO | Gold: REFUTES
2026-09-17 19:33:25 | INFO | Winning label: REFUTES
2026-09-17 19:33:25 | INFO | Winning count: 17/21
2026-09-17 19:33:25 | INFO | Votes: {'REFUTES': 17, 'SUPPORTS': 2, 'NOT ENOUGH INFO': 1}
2026-09-17 19:33:25 | INFO | Label accuracy: 1.0000
2026-09-17 19:33:25 | INFO | Result | Correct: True | Running Accuracy: 62.83% | Termination: cot_sc_majority | Steps: 21 | Tool calls: 0 | Latency: 7.895s
2026-09-17 19:33:25 | INFO | Prediction: REFUTES
2026-09-17 19:33:25 | INFO | Gold: REFUTES
2026-09-17 19:33:25 | INFO | Winning label: REFUTES
2026-09-17 19:33:25 | INFO | Winning count: 20/21
2026-09-17 19:33:25 | INFO | Votes: {'REFUTES': 20, 'NOT ENOUGH INFO': 1}
2026-09-17 19:33:25 | INFO | Label accuracy: 1.0000
2026-09-17 19:33:25 | INFO | Result | Correct: True | Running Accuracy: 63.00% | Termination: cot_sc_majority | Steps: 21 | Tool calls: 0 | Latency: 7.895s
2026-09-17 19:33:25 | INFO | Prediction: REFUTES
2026-09-17 19:33:25 | INFO | Gold: NOT ENOUGH INFO
2026-09-17 19:33:25 | INFO | Winning label: REFUTES
2026-09-17 19:33:25 | INFO | Winning count: 21/21
2026-09-17 19:33:25 | INFO | Votes: {'REFUTES': 21}
2026-09-17 19:33:25 | INFO | Label accuracy: 0.0000
2026-09-17 19:33:25 | INFO | Result | Correct: False | Running Accuracy: 62.72% | Termination: cot_sc_majority | Steps: 21 | Tool calls: 0 | Latency: 7.895s
2026-09-17 19:33:25 | INFO | Prediction: SUPPORTS
2026-09-17 19:33:25 | INFO | Gold: SUPPORTS
2026-09-17 19:33:25 | INFO | Winning label: SUPPORTS
2026-09-17 19:33:25 | INFO | Winning count: 17/21
2026-09-17 19:33:25 | INFO | Votes: {'SUPPORTS': 17}
2026-09-17 19:33:25 | INFO | Label accuracy: 1.0000
2026-09-17 19:33:25 | INFO | Result | Correct: True | Running Accuracy: 62.88% | Termination: cot_sc_majority | Steps: 21 | Tool calls: 0 | Latency: 7.895s
2026-09-17 19:33:25 | INFO | Prediction: REFUTES
2026-09-17 19:33:25 | INFO | Gold: NOT ENOUGH INFO
2026-09-17 19:33:25 | INFO | Winning label: REFUTES
2026-09-17 19:33:25 | INFO | Winning count: 21/21
2026-09-17 19:33:25 | INFO | Votes: {'REFUTES': 21}
2026-09-17 19:33:25 | INFO | Label accuracy: 0.0000
2026-09-17 19:33:25 | INFO | Result | Correct: False | Running Accuracy: 62.61% | Termination: cot_sc_majority | Steps: 21 | Tool calls: 0 | Latency: 7.895s
2026-09-17 19:33:25 | INFO | Prediction: NOT ENOUGH INFO
2026-09-17 19:33:25 | INFO | Gold: NOT ENOUGH INFO
2026-09-17 19:33:25 | INFO | Winning label: NOT ENOUGH INFO
2026-09-17 19:33:25 | INFO | Winning count: 21/21
2026-09-17 19:33:25 | INFO | Votes: {'NOT ENOUGH INFO': 21}
2026-09-17 19:33:25 | INFO | Label accuracy: 1.0000
2026-09-17 19:33:25 | INFO | Result | Correct: True | Running Accuracy: 62.77% | Termination: cot_sc_majority | Steps: 21 | Tool calls: 0 | Latency: 7.895s
2026-09-17 19:33:25 | INFO | Prediction: REFUTES
2026-09-17 19:33:25 | INFO | Gold: SUPPORTS
2026-09-17 19:33:25 | INFO | Winning label: REFUTES
2026-09-17 19:33:25 | INFO | Winning count: 21/21
2026-09-17 19:33:25 | INFO | Votes: {'REFUTES': 21}
2026-09-17 19:33:25 | INFO | Label accuracy: 0.0000
2026-09-17 19:33:25 | INFO | Result | Correct: False | Running Accuracy: 62.50% | Termination: cot_sc_majority | Steps: 21 | Tool calls: 0 | Latency: 7.895s
2026-09-17 19:33:25 | INFO | Prediction: SUPPORTS
2026-09-17 19:33:25 | INFO | Gold: SUPPORTS
2026-09-17 19:33:25 | INFO | Winning label: SUPPORTS
2026-09-17 19:33:25 | INFO | Winning count: 21/21
2026-09-17 19:33:25 | INFO | Votes: {'SUPPORTS': 21}
2026-09-17 19:33:25 | INFO | Label accuracy: 1.0000
2026-09-17 19:33:25 | INFO | Result | Correct: True | Running Accuracy: 62.66% | Termination: cot_sc_majority | Steps: 21 | Tool calls: 0 | Latency: 7.895s
2026-09-17 19:33:25 | INFO | Prediction: NOT ENOUGH INFO
2026-09-17 19:33:25 | INFO | Gold: SUPPORTS
2026-09-17 19:33:25 | INFO | Winning label: NOT ENOUGH INFO
2026-09-17 19:33:25 | INFO | Winning count: 12/21
2026-09-17 19:33:25 | INFO | Votes: {'NOT ENOUGH INFO': 12, 'SUPPORTS': 9}
2026-09-17 19:33:25 | INFO | Label accuracy: 0.0000
2026-09-17 19:33:25 | INFO | Result | Correct: False | Running Accuracy: 62.39% | Termination: cot_sc_majority | Steps: 21 | Tool calls: 0 | Latency: 7.895s
2026-09-17 19:33:25 | INFO | Prediction: REFUTES
2026-09-17 19:33:25 | INFO | Gold: SUPPORTS
2026-09-17 19:33:25 | INFO | Winning label: REFUTES
2026-09-17 19:33:25 | INFO | Winning count: 12/21
2026-09-17 19:33:25 | INFO | Votes: {'REFUTES': 12, 'NOT ENOUGH INFO': 7}
2026-09-17 19:33:25 | INFO | Label accuracy: 0.0000
2026-09-17 19:33:25 | INFO | Result | Correct: False | Running Accuracy: 62.13% | Termination: cot_sc_majority | Steps: 21 | Tool calls: 0 | Latency: 7.895s
2026-09-17 19:33:25 | INFO | Prediction: NOT ENOUGH INFO
2026-09-17 19:33:25 | INFO | Gold: REFUTES
2026-09-17 19:33:25 | INFO | Winning label: NOT ENOUGH INFO
2026-09-17 19:33:25 | INFO | Winning count: 11/21
2026-09-17 19:33:25 | INFO | Votes: {'NOT ENOUGH INFO': 11, 'REFUTES': 6, 'SUPPORTS': 4}
2026-09-17 19:33:25 | INFO | Label accuracy: 0.0000
2026-09-17 19:33:25 | INFO | Result | Correct: False | Running Accuracy: 61.86% | Termination: cot_sc_majority | Steps: 21 | Tool calls: 0 | Latency: 7.895s
2026-09-17 19:33:25 | INFO | Prediction: REFUTES
2026-09-17 19:33:25 | INFO | Gold: SUPPORTS
2026-09-17 19:33:25 | INFO | Winning label: REFUTES
2026-09-17 19:33:25 | INFO | Winning count: 17/21
2026-09-17 19:33:25 | INFO | Votes: {'REFUTES': 17, 'NOT ENOUGH INFO': 2, 'SUPPORTS': 2}
2026-09-17 19:33:25 | INFO | Label accuracy: 0.0000
2026-09-17 19:33:25 | INFO | Result | Correct: False | Running Accuracy: 61.60% | Termination: cot_sc_majority | Steps: 21 | Tool calls: 0 | Latency: 7.895s
2026-09-17 19:33:25 | INFO | Prediction: REFUTES
2026-09-17 19:33:25 | INFO | Gold: REFUTES
2026-09-17 19:33:25 | INFO | Winning label: REFUTES
2026-09-17 19:33:25 | INFO | Winning count: 21/21
2026-09-17 19:33:25 | INFO | Votes: {'REFUTES': 21}
2026-09-17 19:33:25 | INFO | Label accuracy: 1.0000
2026-09-17 19:33:25 | INFO | Result | Correct: True | Running Accuracy: 61.76% | Termination: cot_sc_majority | Steps: 21 | Tool calls: 0 | Latency: 7.895s
2026-09-17 19:33:25 | INFO | Prediction: REFUTES
2026-09-17 19:33:25 | INFO | Gold: NOT ENOUGH INFO
2026-09-17 19:33:25 | INFO | Winning label: REFUTES
2026-09-17 19:33:25 | INFO | Winning count: 21/21
2026-09-17 19:33:25 | INFO | Votes: {'REFUTES': 21}
2026-09-17 19:33:25 | INFO | Label accuracy: 0.0000
2026-09-17 19:33:25 | INFO | Result | Correct: False | Running Accuracy: 61.51% | Termination: cot_sc_majority | Steps: 21 | Tool calls: 0 | Latency: 7.895s
2026-09-17 19:33:25 | INFO | Prediction: REFUTES
2026-09-17 19:33:25 | INFO | Gold: REFUTES
2026-09-17 19:33:25 | INFO | Winning label: REFUTES
2026-09-17 19:33:25 | INFO | Winning count: 21/21
2026-09-17 19:33:25 | INFO | Votes: {'REFUTES': 21}
2026-09-17 19:33:25 | INFO | Label accuracy: 1.0000
2026-09-17 19:33:25 | INFO | Result | Correct: True | Running Accuracy: 61.67% | Termination: cot_sc_majority | Steps: 21 | Tool calls: 0 | Latency: 7.895s
2026-09-17 19:33:25 | INFO | Inference batch [241-256/500] size=16
2026-09-17 19:33:25 | INFO | [241/500] example_id=116321
2026-09-17 19:33:25 | INFO | Claim: The Bloods have distinctive hand signals.
2026-09-17 19:33:25 | INFO | [242/500] example_id=95105
2026-09-17 19:33:25 | INFO | Claim: San Diego Comic-Con was not founded as the Golden State Comic Book Convention.
2026-09-17 19:33:25 | INFO | [243/500] example_id=37960
2026-09-17 19:33:25 | INFO | Claim: James Earl Jones was not a voice actor in The Lion King.
2026-09-17 19:33:25 | INFO | [244/500] example_id=203388
2026-09-17 19:33:25 | INFO | Claim: Goosebumps (film) was directed by Rob Letterman in 2002.
2026-09-17 19:33:25 | INFO | [245/500] example_id=53895
2026-09-17 19:33:25 | INFO | Claim: Angelsberg is a city.
2026-09-17 19:33:25 | INFO | [246/500] example_id=227370
2026-09-17 19:33:25 | INFO | Claim: Giada at Home aired on the Home & Garden Channel.
2026-09-17 19:33:25 | INFO | [247/500] example_id=229315
2026-09-17 19:33:25 | INFO | Claim: A working animal is a domesticated animal.
2026-09-17 19:33:25 | INFO | [248/500] example_id=53330
2026-09-17 19:33:25 | INFO | Claim: Trollhunters is computer-animated.
2026-09-17 19:33:25 | INFO | [249/500] example_id=81505
2026-09-17 19:33:25 | INFO | Claim: Viola Davis appeared in Buffy the Vampire Slayer in July.
2026-09-17 19:33:25 | INFO | [250/500] example_id=213947
2026-09-17 19:33:25 | INFO | Claim: Gray Matter Interactive Studios, Inc. was a computer game developer founded in Paris.
2026-09-17 19:33:25 | INFO | [251/500] example_id=183632
2026-09-17 19:33:25 | INFO | Claim: Finding Dory was written by Harry S. Truman.
2026-09-17 19:33:25 | INFO | [252/500] example_id=90065
2026-09-17 19:33:25 | INFO | Claim: About 55 percent of the University of Mississippi's graduates come from Mississippi.
2026-09-17 19:33:25 | INFO | [253/500] example_id=225292
2026-09-17 19:33:25 | INFO | Claim: Michaela Watkins is from New York City.
2026-09-17 19:33:25 | INFO | [254/500] example_id=6438
2026-09-17 19:33:25 | INFO | Claim: Luke Cage appear in a novel series.
2026-09-17 19:33:25 | INFO | [255/500] example_id=168536
2026-09-17 19:33:25 | INFO | Claim: Rick Yune was on a series that cancelled on December 13.
2026-09-17 19:33:25 | INFO | [256/500] example_id=200286
2026-09-17 19:33:25 | INFO | Claim: The musical score for Natural Born Killers was heavily revised by Richard Rutowski.
2026-09-17 19:35:14 | INFO | Prediction: SUPPORTS
2026-09-17 19:35:14 | INFO | Gold: SUPPORTS
2026-09-17 19:35:14 | INFO | Winning label: SUPPORTS
2026-09-17 19:35:14 | INFO | Winning count: 20/21
2026-09-17 19:35:14 | INFO | Votes: {'SUPPORTS': 20, 'NOT ENOUGH INFO': 1}
2026-09-17 19:35:14 | INFO | Label accuracy: 1.0000
2026-09-17 19:35:14 | INFO | Result | Correct: True | Running Accuracy: 61.83% | Termination: cot_sc_majority | Steps: 21 | Tool calls: 0 | Latency: 6.810s
2026-09-17 19:35:14 | INFO | Prediction: SUPPORTS
2026-09-17 19:35:14 | INFO | Gold: REFUTES
2026-09-17 19:35:14 | INFO | Winning label: SUPPORTS
2026-09-17 19:35:14 | INFO | Winning count: 12/21
2026-09-17 19:35:14 | INFO | Votes: {'SUPPORTS': 12, 'REFUTES': 8, 'NOT ENOUGH INFO': 1}
2026-09-17 19:35:14 | INFO | Label accuracy: 0.0000
2026-09-17 19:35:14 | INFO | Result | Correct: False | Running Accuracy: 61.57% | Termination: cot_sc_majority | Steps: 21 | Tool calls: 0 | Latency: 6.810s
2026-09-17 19:35:14 | INFO | Prediction: REFUTES
2026-09-17 19:35:14 | INFO | Gold: REFUTES
2026-09-17 19:35:14 | INFO | Winning label: REFUTES
2026-09-17 19:35:14 | INFO | Winning count: 21/21
2026-09-17 19:35:14 | INFO | Votes: {'REFUTES': 21}
2026-09-17 19:35:14 | INFO | Label accuracy: 1.0000
2026-09-17 19:35:14 | INFO | Result | Correct: True | Running Accuracy: 61.73% | Termination: cot_sc_majority | Steps: 21 | Tool calls: 0 | Latency: 6.810s
2026-09-17 19:35:14 | INFO | Prediction: REFUTES
2026-09-17 19:35:14 | INFO | Gold: NOT ENOUGH INFO
2026-09-17 19:35:14 | INFO | Winning label: REFUTES
2026-09-17 19:35:14 | INFO | Winning count: 12/21
2026-09-17 19:35:14 | INFO | Votes: {'REFUTES': 12, 'SUPPORTS': 9}
2026-09-17 19:35:14 | INFO | Label accuracy: 0.0000
2026-09-17 19:35:14 | INFO | Result | Correct: False | Running Accuracy: 61.48% | Termination: cot_sc_majority | Steps: 21 | Tool calls: 0 | Latency: 6.810s
2026-09-17 19:35:14 | INFO | Prediction: NOT ENOUGH INFO
2026-09-17 19:35:14 | INFO | Gold: REFUTES
2026-09-17 19:35:14 | INFO | Winning label: NOT ENOUGH INFO
2026-09-17 19:35:14 | INFO | Winning count: 12/21
2026-09-17 19:35:14 | INFO | Votes: {'NOT ENOUGH INFO': 12, 'SUPPORTS': 6, 'REFUTES': 3}
2026-09-17 19:35:14 | INFO | Label accuracy: 0.0000
2026-09-17 19:35:14 | INFO | Result | Correct: False | Running Accuracy: 61.22% | Termination: cot_sc_majority | Steps: 21 | Tool calls: 0 | Latency: 6.810s
2026-09-17 19:35:14 | INFO | Prediction: REFUTES
2026-09-17 19:35:14 | INFO | Gold: NOT ENOUGH INFO
2026-09-17 19:35:14 | INFO | Winning label: REFUTES
2026-09-17 19:35:14 | INFO | Winning count: 21/21
2026-09-17 19:35:14 | INFO | Votes: {'REFUTES': 21}
2026-09-17 19:35:14 | INFO | Label accuracy: 0.0000
2026-09-17 19:35:14 | INFO | Result | Correct: False | Running Accuracy: 60.98% | Termination: cot_sc_majority | Steps: 21 | Tool calls: 0 | Latency: 6.810s
2026-09-17 19:35:14 | INFO | Prediction: SUPPORTS
2026-09-17 19:35:14 | INFO | Gold: NOT ENOUGH INFO
2026-09-17 19:35:14 | INFO | Winning label: SUPPORTS
2026-09-17 19:35:14 | INFO | Winning count: 14/21
2026-09-17 19:35:14 | INFO | Votes: {'SUPPORTS': 14, 'NOT ENOUGH INFO': 2, 'REFUTES': 2}
2026-09-17 19:35:14 | INFO | Label accuracy: 0.0000
2026-09-17 19:35:14 | INFO | Result | Correct: False | Running Accuracy: 60.73% | Termination: cot_sc_majority | Steps: 21 | Tool calls: 0 | Latency: 6.810s
2026-09-17 19:35:14 | INFO | Prediction: SUPPORTS
2026-09-17 19:35:14 | INFO | Gold: SUPPORTS
2026-09-17 19:35:14 | INFO | Winning label: SUPPORTS
2026-09-17 19:35:14 | INFO | Winning count: 21/21
2026-09-17 19:35:14 | INFO | Votes: {'SUPPORTS': 21}
2026-09-17 19:35:14 | INFO | Label accuracy: 1.0000
2026-09-17 19:35:14 | INFO | Result | Correct: True | Running Accuracy: 60.89% | Termination: cot_sc_majority | Steps: 21 | Tool calls: 0 | Latency: 6.810s
2026-09-17 19:35:14 | INFO | Prediction: REFUTES
2026-09-17 19:35:14 | INFO | Gold: NOT ENOUGH INFO
2026-09-17 19:35:14 | INFO | Winning label: REFUTES
2026-09-17 19:35:14 | INFO | Winning count: 19/21
2026-09-17 19:35:14 | INFO | Votes: {'REFUTES': 19, 'NOT ENOUGH INFO': 2}
2026-09-17 19:35:14 | INFO | Label accuracy: 0.0000
2026-09-17 19:35:14 | INFO | Result | Correct: False | Running Accuracy: 60.64% | Termination: cot_sc_majority | Steps: 21 | Tool calls: 0 | Latency: 6.810s
2026-09-17 19:35:14 | INFO | Prediction: REFUTES
2026-09-17 19:35:14 | INFO | Gold: NOT ENOUGH INFO
2026-09-17 19:35:14 | INFO | Winning label: REFUTES
2026-09-17 19:35:14 | INFO | Winning count: 21/21
2026-09-17 19:35:14 | INFO | Votes: {'REFUTES': 21}
2026-09-17 19:35:14 | INFO | Label accuracy: 0.0000
2026-09-17 19:35:14 | INFO | Result | Correct: False | Running Accuracy: 60.40% | Termination: cot_sc_majority | Steps: 21 | Tool calls: 0 | Latency: 6.810s
2026-09-17 19:35:14 | INFO | Prediction: REFUTES
2026-09-17 19:35:14 | INFO | Gold: NOT ENOUGH INFO
2026-09-17 19:35:14 | INFO | Winning label: REFUTES
2026-09-17 19:35:14 | INFO | Winning count: 20/21
2026-09-17 19:35:14 | INFO | Votes: {'REFUTES': 20, 'NOT ENOUGH INFO': 1}
2026-09-17 19:35:14 | INFO | Label accuracy: 0.0000
2026-09-17 19:35:14 | INFO | Result | Correct: False | Running Accuracy: 60.16% | Termination: cot_sc_majority | Steps: 21 | Tool calls: 0 | Latency: 6.810s
2026-09-17 19:35:14 | INFO | Prediction: REFUTES
2026-09-17 19:35:14 | INFO | Gold: NOT ENOUGH INFO
2026-09-17 19:35:14 | INFO | Winning label: REFUTES
2026-09-17 19:35:14 | INFO | Winning count: 12/21
2026-09-17 19:35:14 | INFO | Votes: {'REFUTES': 12, 'NOT ENOUGH INFO': 5, 'SUPPORTS': 4}
2026-09-17 19:35:14 | INFO | Label accuracy: 0.0000
2026-09-17 19:35:14 | INFO | Result | Correct: False | Running Accuracy: 59.92% | Termination: cot_sc_majority | Steps: 21 | Tool calls: 0 | Latency: 6.810s
2026-09-17 19:35:14 | INFO | Prediction: NOT ENOUGH INFO
2026-09-17 19:35:14 | INFO | Gold: NOT ENOUGH INFO
2026-09-17 19:35:14 | INFO | Winning label: NOT ENOUGH INFO
2026-09-17 19:35:14 | INFO | Winning count: 19/21
2026-09-17 19:35:14 | INFO | Votes: {'NOT ENOUGH INFO': 19, 'SUPPORTS': 2}
2026-09-17 19:35:14 | INFO | Label accuracy: 1.0000
2026-09-17 19:35:14 | INFO | Result | Correct: True | Running Accuracy: 60.08% | Termination: cot_sc_majority | Steps: 21 | Tool calls: 0 | Latency: 6.810s
2026-09-17 19:35:14 | INFO | Prediction: NOT ENOUGH INFO
2026-09-17 19:35:14 | INFO | Gold: NOT ENOUGH INFO
2026-09-17 19:35:14 | INFO | Winning label: NOT ENOUGH INFO
2026-09-17 19:35:14 | INFO | Winning count: 8/21
2026-09-17 19:35:14 | INFO | Votes: {'NOT ENOUGH INFO': 8, 'SUPPORTS': 7, 'REFUTES': 6}
2026-09-17 19:35:14 | INFO | Label accuracy: 1.0000
2026-09-17 19:35:14 | INFO | Result | Correct: True | Running Accuracy: 60.24% | Termination: cot_sc_plurality | Steps: 21 | Tool calls: 0 | Latency: 6.810s
2026-09-17 19:35:14 | INFO | Prediction: NOT ENOUGH INFO
2026-09-17 19:35:14 | INFO | Gold: REFUTES
2026-09-17 19:35:14 | INFO | Winning label: NOT ENOUGH INFO
2026-09-17 19:35:14 | INFO | Winning count: 10/21
2026-09-17 19:35:14 | INFO | Votes: {'NOT ENOUGH INFO': 10, 'REFUTES': 6, 'SUPPORTS': 5}
2026-09-17 19:35:14 | INFO | Label accuracy: 0.0000
2026-09-17 19:35:14 | INFO | Result | Correct: False | Running Accuracy: 60.00% | Termination: cot_sc_plurality | Steps: 21 | Tool calls: 0 | Latency: 6.810s
2026-09-17 19:35:14 | INFO | Prediction: SUPPORTS
2026-09-17 19:35:14 | INFO | Gold: NOT ENOUGH INFO
2026-09-17 19:35:14 | INFO | Winning label: SUPPORTS
2026-09-17 19:35:14 | INFO | Winning count: 13/21
2026-09-17 19:35:14 | INFO | Votes: {'SUPPORTS': 13, 'NOT ENOUGH INFO': 8}
2026-09-17 19:35:14 | INFO | Label accuracy: 0.0000
2026-09-17 19:35:14 | INFO | Result | Correct: False | Running Accuracy: 59.77% | Termination: cot_sc_majority | Steps: 21 | Tool calls: 0 | Latency: 6.810s
2026-09-17 19:35:14 | INFO | Inference batch [257-272/500] size=16
2026-09-17 19:35:14 | INFO | [257/500] example_id=54679
2026-09-17 19:35:14 | INFO | Claim: Beaverton, Oregon is a city in Washington County.
2026-09-17 19:35:14 | INFO | [258/500] example_id=194789
2026-09-17 19:35:14 | INFO | Claim: Kenneth Branagh stars in Fortunes of War.
2026-09-17 19:35:14 | INFO | [259/500] example_id=220288
2026-09-17 19:35:14 | INFO | Claim: Peter Yates directed the film Bullitt.
2026-09-17 19:35:14 | INFO | [260/500] example_id=64721
2026-09-17 19:35:14 | INFO | Claim: Aristotle spent time in Athens.
2026-09-17 19:35:14 | INFO | [261/500] example_id=93410
2026-09-17 19:35:14 | INFO | Claim: The Bassoon King's subtitle is My Life in Art, Faith, and Idiocy referring to Rain Wilson's experiences in film and religion.
2026-09-17 19:35:14 | INFO | [262/500] example_id=147229
2026-09-17 19:35:14 | INFO | Claim: Steve Wozniak was born before the invention of a microcomputer.
2026-09-17 19:35:14 | INFO | [263/500] example_id=92576
2026-09-17 19:35:14 | INFO | Claim: Duff McKagan was born on a plane.
2026-09-17 19:35:14 | INFO | [264/500] example_id=38299
2026-09-17 19:35:14 | INFO | Claim: Helmand Province has a domestic airport.
2026-09-17 19:35:14 | INFO | [265/500] example_id=6286
2026-09-17 19:35:14 | INFO | Claim: Harold Macmillan was British and Spanish.
2026-09-17 19:35:14 | INFO | [266/500] example_id=199764
2026-09-17 19:35:14 | INFO | Claim: Tijuana is the largest city in the running for the 2020 Olympics.
2026-09-17 19:35:14 | INFO | [267/500] example_id=224
2026-09-17 19:35:14 | INFO | Claim: Advertising is an audio form of fiction writing.
2026-09-17 19:35:14 | INFO | [268/500] example_id=13942
2026-09-17 19:35:14 | INFO | Claim: Wish Upon starred a person.
2026-09-17 19:35:14 | INFO | [269/500] example_id=224957
2026-09-17 19:35:14 | INFO | Claim: Kentucky's horse racing is unpopular.
2026-09-17 19:35:14 | INFO | [270/500] example_id=215213
2026-09-17 19:35:14 | INFO | Claim: Dreamer (2005 film) is an American sports silent film.
2026-09-17 19:35:14 | INFO | [271/500] example_id=91165
2026-09-17 19:35:14 | INFO | Claim: Justin Chatwin performed in the BBC UK series Doctor Who.
2026-09-17 19:35:14 | INFO | [272/500] example_id=70373
2026-09-17 19:35:14 | INFO | Claim: A Milli is a song by a recording artist.
2026-09-17 19:37:13 | INFO | Prediction: SUPPORTS
2026-09-17 19:37:13 | INFO | Gold: SUPPORTS
2026-09-17 19:37:13 | INFO | Winning label: SUPPORTS
2026-09-17 19:37:13 | INFO | Winning count: 21/21
2026-09-17 19:37:13 | INFO | Votes: {'SUPPORTS': 21}
2026-09-17 19:37:13 | INFO | Label accuracy: 1.0000
2026-09-17 19:37:13 | INFO | Result | Correct: True | Running Accuracy: 59.92% | Termination: cot_sc_majority | Steps: 21 | Tool calls: 0 | Latency: 7.411s
2026-09-17 19:37:13 | INFO | Prediction: SUPPORTS
2026-09-17 19:37:13 | INFO | Gold: SUPPORTS
2026-09-17 19:37:13 | INFO | Winning label: SUPPORTS
2026-09-17 19:37:13 | INFO | Winning count: 21/21
2026-09-17 19:37:13 | INFO | Votes: {'SUPPORTS': 21}
2026-09-17 19:37:13 | INFO | Label accuracy: 1.0000
2026-09-17 19:37:13 | INFO | Result | Correct: True | Running Accuracy: 60.08% | Termination: cot_sc_majority | Steps: 21 | Tool calls: 0 | Latency: 7.411s
2026-09-17 19:37:13 | INFO | Prediction: SUPPORTS
2026-09-17 19:37:13 | INFO | Gold: SUPPORTS
2026-09-17 19:37:13 | INFO | Winning label: SUPPORTS
2026-09-17 19:37:13 | INFO | Winning count: 21/21
2026-09-17 19:37:13 | INFO | Votes: {'SUPPORTS': 21}
2026-09-17 19:37:13 | INFO | Label accuracy: 1.0000
2026-09-17 19:37:13 | INFO | Result | Correct: True | Running Accuracy: 60.23% | Termination: cot_sc_majority | Steps: 21 | Tool calls: 0 | Latency: 7.411s
2026-09-17 19:37:13 | INFO | Prediction: SUPPORTS
2026-09-17 19:37:13 | INFO | Gold: SUPPORTS
2026-09-17 19:37:13 | INFO | Winning label: SUPPORTS
2026-09-17 19:37:13 | INFO | Winning count: 20/21
2026-09-17 19:37:13 | INFO | Votes: {'SUPPORTS': 20, 'NOT ENOUGH INFO': 1}
2026-09-17 19:37:13 | INFO | Label accuracy: 1.0000
2026-09-17 19:37:13 | INFO | Result | Correct: True | Running Accuracy: 60.38% | Termination: cot_sc_majority | Steps: 21 | Tool calls: 0 | Latency: 7.411s
2026-09-17 19:37:13 | INFO | Prediction: NOT ENOUGH INFO
2026-09-17 19:37:13 | INFO | Gold: NOT ENOUGH INFO
2026-09-17 19:37:13 | INFO | Winning label: NOT ENOUGH INFO
2026-09-17 19:37:13 | INFO | Winning count: 15/21
2026-09-17 19:37:13 | INFO | Votes: {'NOT ENOUGH INFO': 15, 'SUPPORTS': 3}
2026-09-17 19:37:13 | INFO | Label accuracy: 1.0000
2026-09-17 19:37:13 | INFO | Result | Correct: True | Running Accuracy: 60.54% | Termination: cot_sc_majority | Steps: 21 | Tool calls: 0 | Latency: 7.411s
2026-09-17 19:37:13 | INFO | Prediction: SUPPORTS
2026-09-17 19:37:13 | INFO | Gold: NOT ENOUGH INFO
2026-09-17 19:37:13 | INFO | Winning label: SUPPORTS
2026-09-17 19:37:13 | INFO | Winning count: 19/21
2026-09-17 19:37:13 | INFO | Votes: {'SUPPORTS': 19, 'REFUTES': 2}
2026-09-17 19:37:13 | INFO | Label accuracy: 0.0000
2026-09-17 19:37:13 | INFO | Result | Correct: False | Running Accuracy: 60.31% | Termination: cot_sc_majority | Steps: 21 | Tool calls: 0 | Latency: 7.411s
2026-09-17 19:37:13 | INFO | Prediction: REFUTES
2026-09-17 19:37:13 | INFO | Gold: NOT ENOUGH INFO
2026-09-17 19:37:13 | INFO | Winning label: REFUTES
2026-09-17 19:37:13 | INFO | Winning count: 20/21
2026-09-17 19:37:13 | INFO | Votes: {'REFUTES': 20, 'NOT ENOUGH INFO': 1}
2026-09-17 19:37:13 | INFO | Label accuracy: 0.0000
2026-09-17 19:37:13 | INFO | Result | Correct: False | Running Accuracy: 60.08% | Termination: cot_sc_majority | Steps: 21 | Tool calls: 0 | Latency: 7.411s
2026-09-17 19:37:13 | INFO | Prediction: SUPPORTS
2026-09-17 19:37:13 | INFO | Gold: SUPPORTS
2026-09-17 19:37:13 | INFO | Winning label: SUPPORTS
2026-09-17 19:37:13 | INFO | Winning count: 14/21
2026-09-17 19:37:13 | INFO | Votes: {'SUPPORTS': 14, 'REFUTES': 4, 'NOT ENOUGH INFO': 3}
2026-09-17 19:37:13 | INFO | Label accuracy: 1.0000
2026-09-17 19:37:13 | INFO | Result | Correct: True | Running Accuracy: 60.23% | Termination: cot_sc_majority | Steps: 21 | Tool calls: 0 | Latency: 7.411s
2026-09-17 19:37:13 | INFO | Prediction: REFUTES
2026-09-17 19:37:13 | INFO | Gold: NOT ENOUGH INFO
2026-09-17 19:37:13 | INFO | Winning label: REFUTES
2026-09-17 19:37:13 | INFO | Winning count: 20/21
2026-09-17 19:37:13 | INFO | Votes: {'REFUTES': 20}
2026-09-17 19:37:13 | INFO | Label accuracy: 0.0000
2026-09-17 19:37:13 | INFO | Result | Correct: False | Running Accuracy: 60.00% | Termination: cot_sc_majority | Steps: 21 | Tool calls: 0 | Latency: 7.411s
2026-09-17 19:37:13 | INFO | Prediction: REFUTES
2026-09-17 19:37:13 | INFO | Gold: NOT ENOUGH INFO
2026-09-17 19:37:13 | INFO | Winning label: REFUTES
2026-09-17 19:37:13 | INFO | Winning count: 19/21
2026-09-17 19:37:13 | INFO | Votes: {'REFUTES': 19, 'NOT ENOUGH INFO': 2}
2026-09-17 19:37:13 | INFO | Label accuracy: 0.0000
2026-09-17 19:37:13 | INFO | Result | Correct: False | Running Accuracy: 59.77% | Termination: cot_sc_majority | Steps: 21 | Tool calls: 0 | Latency: 7.411s
2026-09-17 19:37:13 | INFO | Prediction: REFUTES
2026-09-17 19:37:13 | INFO | Gold: NOT ENOUGH INFO
2026-09-17 19:37:13 | INFO | Winning label: REFUTES
2026-09-17 19:37:13 | INFO | Winning count: 18/21
2026-09-17 19:37:13 | INFO | Votes: {'REFUTES': 18}
2026-09-17 19:37:13 | INFO | Label accuracy: 0.0000
2026-09-17 19:37:13 | INFO | Result | Correct: False | Running Accuracy: 59.55% | Termination: cot_sc_majority | Steps: 21 | Tool calls: 0 | Latency: 7.411s
2026-09-17 19:37:13 | INFO | Prediction: SUPPORTS
2026-09-17 19:37:13 | INFO | Gold: SUPPORTS
2026-09-17 19:37:13 | INFO | Winning label: SUPPORTS
2026-09-17 19:37:13 | INFO | Winning count: 20/21
2026-09-17 19:37:13 | INFO | Votes: {'SUPPORTS': 20, 'REFUTES': 1}
2026-09-17 19:37:13 | INFO | Label accuracy: 1.0000
2026-09-17 19:37:13 | INFO | Result | Correct: True | Running Accuracy: 59.70% | Termination: cot_sc_majority | Steps: 21 | Tool calls: 0 | Latency: 7.411s
2026-09-17 19:37:13 | INFO | Prediction: NOT ENOUGH INFO
2026-09-17 19:37:13 | INFO | Gold: NOT ENOUGH INFO
2026-09-17 19:37:13 | INFO | Winning label: NOT ENOUGH INFO
2026-09-17 19:37:13 | INFO | Winning count: 19/21
2026-09-17 19:37:13 | INFO | Votes: {'NOT ENOUGH INFO': 19, 'REFUTES': 2}
2026-09-17 19:37:13 | INFO | Label accuracy: 1.0000
2026-09-17 19:37:13 | INFO | Result | Correct: True | Running Accuracy: 59.85% | Termination: cot_sc_majority | Steps: 21 | Tool calls: 0 | Latency: 7.411s
2026-09-17 19:37:13 | INFO | Prediction: REFUTES
2026-09-17 19:37:13 | INFO | Gold: NOT ENOUGH INFO
2026-09-17 19:37:13 | INFO | Winning label: REFUTES
2026-09-17 19:37:13 | INFO | Winning count: 21/21
2026-09-17 19:37:13 | INFO | Votes: {'REFUTES': 21}
2026-09-17 19:37:13 | INFO | Label accuracy: 0.0000
2026-09-17 19:37:13 | INFO | Result | Correct: False | Running Accuracy: 59.63% | Termination: cot_sc_majority | Steps: 21 | Tool calls: 0 | Latency: 7.411s
2026-09-17 19:37:13 | INFO | Prediction: REFUTES
2026-09-17 19:37:13 | INFO | Gold: SUPPORTS
2026-09-17 19:37:13 | INFO | Winning label: REFUTES
2026-09-17 19:37:13 | INFO | Winning count: 13/21
2026-09-17 19:37:13 | INFO | Votes: {'REFUTES': 13, 'SUPPORTS': 8}
2026-09-17 19:37:13 | INFO | Label accuracy: 0.0000
2026-09-17 19:37:13 | INFO | Result | Correct: False | Running Accuracy: 59.41% | Termination: cot_sc_majority | Steps: 21 | Tool calls: 0 | Latency: 7.411s
2026-09-17 19:37:13 | INFO | Prediction: SUPPORTS
2026-09-17 19:37:13 | INFO | Gold: SUPPORTS
2026-09-17 19:37:13 | INFO | Winning label: SUPPORTS
2026-09-17 19:37:13 | INFO | Winning count: 12/21
2026-09-17 19:37:13 | INFO | Votes: {'SUPPORTS': 12, 'NOT ENOUGH INFO': 9}
2026-09-17 19:37:13 | INFO | Label accuracy: 1.0000
2026-09-17 19:37:13 | INFO | Result | Correct: True | Running Accuracy: 59.56% | Termination: cot_sc_majority | Steps: 21 | Tool calls: 0 | Latency: 7.411s
2026-09-17 19:37:13 | INFO | Inference batch [273-288/500] size=16
2026-09-17 19:37:13 | INFO | [273/500] example_id=209858
2026-09-17 19:37:13 | INFO | Claim: Tie Your Mother Down was absent from Queen's 1976 album.
2026-09-17 19:37:13 | INFO | [274/500] example_id=142668
2026-09-17 19:37:13 | INFO | Claim: Alan Metter directed Billboard Dad.
2026-09-17 19:37:13 | INFO | [275/500] example_id=175645
2026-09-17 19:37:13 | INFO | Claim: Fabian Nicieza has yet to work on a comic book.
2026-09-17 19:37:13 | INFO | [276/500] example_id=194471
2026-09-17 19:37:13 | INFO | Claim: Tilda Swinton is Irish.
2026-09-17 19:37:13 | INFO | [277/500] example_id=170404
2026-09-17 19:37:13 | INFO | Claim: Michael Vick is an American male.
2026-09-17 19:37:13 | INFO | [278/500] example_id=49268
2026-09-17 19:37:13 | INFO | Claim: Hedda Gabler's world premiere took place before January 31st, 1891.
2026-09-17 19:37:13 | INFO | [279/500] example_id=101504
2026-09-17 19:37:13 | INFO | Claim: Harold Macmillan was Irish.
2026-09-17 19:37:13 | INFO | [280/500] example_id=64523
2026-09-17 19:37:13 | INFO | Claim: Sandra Bullock worked with HBO.
2026-09-17 19:37:13 | INFO | [281/500] example_id=145967
2026-09-17 19:37:13 | INFO | Claim: The Columbia River has channels.
2026-09-17 19:37:13 | INFO | [282/500] example_id=35018
2026-09-17 19:37:13 | INFO | Claim: Shane McMahon is a football player.
2026-09-17 19:37:13 | INFO | [283/500] example_id=22851
2026-09-17 19:37:13 | INFO | Claim: Steve Wozniak was a colleague of Rod Holt.
2026-09-17 19:37:13 | INFO | [284/500] example_id=85172
2026-09-17 19:37:13 | INFO | Claim: Billboard Dad was directed by a man.
2026-09-17 19:37:13 | INFO | [285/500] example_id=173728
2026-09-17 19:37:13 | INFO | Claim: Earl Scruggs was Jewish.
2026-09-17 19:37:13 | INFO | [286/500] example_id=2416
2026-09-17 19:37:13 | INFO | Claim: Wales' population rapidly expanded.
2026-09-17 19:37:13 | INFO | [287/500] example_id=2947
2026-09-17 19:37:13 | INFO | Claim: The Mod Squad is an American television series.
2026-09-17 19:37:13 | INFO | [288/500] example_id=185287
2026-09-17 19:37:13 | INFO | Claim: Bradley Fuller refuses to be a filmmaker.
2026-09-17 19:39:20 | INFO | Prediction: REFUTES
2026-09-17 19:39:20 | INFO | Gold: SUPPORTS
2026-09-17 19:39:20 | INFO | Winning label: REFUTES
2026-09-17 19:39:20 | INFO | Winning count: 18/21
2026-09-17 19:39:20 | INFO | Votes: {'REFUTES': 18, 'SUPPORTS': 3}
2026-09-17 19:39:20 | INFO | Label accuracy: 0.0000
2026-09-17 19:39:20 | INFO | Result | Correct: False | Running Accuracy: 59.34% | Termination: cot_sc_majority | Steps: 21 | Tool calls: 0 | Latency: 7.934s
2026-09-17 19:39:20 | INFO | Prediction: NOT ENOUGH INFO
2026-09-17 19:39:20 | INFO | Gold: SUPPORTS
2026-09-17 19:39:20 | INFO | Winning label: NOT ENOUGH INFO
2026-09-17 19:39:20 | INFO | Winning count: 18/21
2026-09-17 19:39:20 | INFO | Votes: {'NOT ENOUGH INFO': 18, 'REFUTES': 1}
2026-09-17 19:39:20 | INFO | Label accuracy: 0.0000
2026-09-17 19:39:20 | INFO | Result | Correct: False | Running Accuracy: 59.12% | Termination: cot_sc_majority | Steps: 21 | Tool calls: 0 | Latency: 7.934s
2026-09-17 19:39:20 | INFO | Prediction: REFUTES
2026-09-17 19:39:20 | INFO | Gold: REFUTES
2026-09-17 19:39:20 | INFO | Winning label: REFUTES
2026-09-17 19:39:20 | INFO | Winning count: 20/21
2026-09-17 19:39:20 | INFO | Votes: {'REFUTES': 20, 'NOT ENOUGH INFO': 1}
2026-09-17 19:39:20 | INFO | Label accuracy: 1.0000
2026-09-17 19:39:20 | INFO | Result | Correct: True | Running Accuracy: 59.27% | Termination: cot_sc_majority | Steps: 21 | Tool calls: 0 | Latency: 7.934s
2026-09-17 19:39:20 | INFO | Prediction: REFUTES
2026-09-17 19:39:20 | INFO | Gold: NOT ENOUGH INFO
2026-09-17 19:39:20 | INFO | Winning label: REFUTES
2026-09-17 19:39:20 | INFO | Winning count: 21/21
2026-09-17 19:39:20 | INFO | Votes: {'REFUTES': 21}
2026-09-17 19:39:20 | INFO | Label accuracy: 0.0000
2026-09-17 19:39:20 | INFO | Result | Correct: False | Running Accuracy: 59.06% | Termination: cot_sc_majority | Steps: 21 | Tool calls: 0 | Latency: 7.934s
2026-09-17 19:39:20 | INFO | Prediction: SUPPORTS
2026-09-17 19:39:20 | INFO | Gold: NOT ENOUGH INFO
2026-09-17 19:39:20 | INFO | Winning label: SUPPORTS
2026-09-17 19:39:20 | INFO | Winning count: 21/21
2026-09-17 19:39:20 | INFO | Votes: {'SUPPORTS': 21}
2026-09-17 19:39:20 | INFO | Label accuracy: 0.0000
2026-09-17 19:39:20 | INFO | Result | Correct: False | Running Accuracy: 58.84% | Termination: cot_sc_majority | Steps: 21 | Tool calls: 0 | Latency: 7.934s
2026-09-17 19:39:20 | INFO | Prediction: SUPPORTS
2026-09-17 19:39:20 | INFO | Gold: REFUTES
2026-09-17 19:39:20 | INFO | Winning label: SUPPORTS
2026-09-17 19:39:20 | INFO | Winning count: 11/21
2026-09-17 19:39:20 | INFO | Votes: {'SUPPORTS': 11, 'REFUTES': 10}
2026-09-17 19:39:20 | INFO | Label accuracy: 0.0000
2026-09-17 19:39:20 | INFO | Result | Correct: False | Running Accuracy: 58.63% | Termination: cot_sc_majority | Steps: 21 | Tool calls: 0 | Latency: 7.934s
2026-09-17 19:39:20 | INFO | Prediction: REFUTES
2026-09-17 19:39:20 | INFO | Gold: NOT ENOUGH INFO
2026-09-17 19:39:20 | INFO | Winning label: REFUTES
2026-09-17 19:39:20 | INFO | Winning count: 21/21
2026-09-17 19:39:20 | INFO | Votes: {'REFUTES': 21}
2026-09-17 19:39:20 | INFO | Label accuracy: 0.0000
2026-09-17 19:39:20 | INFO | Result | Correct: False | Running Accuracy: 58.42% | Termination: cot_sc_majority | Steps: 21 | Tool calls: 0 | Latency: 7.934s
2026-09-17 19:39:20 | INFO | Prediction: SUPPORTS
2026-09-17 19:39:20 | INFO | Gold: NOT ENOUGH INFO
2026-09-17 19:39:20 | INFO | Winning label: SUPPORTS
2026-09-17 19:39:20 | INFO | Winning count: 20/21
2026-09-17 19:39:20 | INFO | Votes: {'SUPPORTS': 20, 'REFUTES': 1}
2026-09-17 19:39:20 | INFO | Label accuracy: 0.0000
2026-09-17 19:39:20 | INFO | Result | Correct: False | Running Accuracy: 58.21% | Termination: cot_sc_majority | Steps: 21 | Tool calls: 0 | Latency: 7.934s
2026-09-17 19:39:20 | INFO | Prediction: SUPPORTS
2026-09-17 19:39:20 | INFO | Gold: SUPPORTS
2026-09-17 19:39:20 | INFO | Winning label: SUPPORTS
2026-09-17 19:39:20 | INFO | Winning count: 21/21
2026-09-17 19:39:20 | INFO | Votes: {'SUPPORTS': 21}
2026-09-17 19:39:20 | INFO | Label accuracy: 1.0000
2026-09-17 19:39:20 | INFO | Result | Correct: True | Running Accuracy: 58.36% | Termination: cot_sc_majority | Steps: 21 | Tool calls: 0 | Latency: 7.934s
2026-09-17 19:39:20 | INFO | Prediction: REFUTES
2026-09-17 19:39:20 | INFO | Gold: NOT ENOUGH INFO
2026-09-17 19:39:20 | INFO | Winning label: REFUTES
2026-09-17 19:39:20 | INFO | Winning count: 21/21
2026-09-17 19:39:20 | INFO | Votes: {'REFUTES': 21}
2026-09-17 19:39:20 | INFO | Label accuracy: 0.0000
2026-09-17 19:39:20 | INFO | Result | Correct: False | Running Accuracy: 58.16% | Termination: cot_sc_majority | Steps: 21 | Tool calls: 0 | Latency: 7.934s
2026-09-17 19:39:20 | INFO | Prediction: NOT ENOUGH INFO
2026-09-17 19:39:20 | INFO | Gold: SUPPORTS
2026-09-17 19:39:20 | INFO | Winning label: NOT ENOUGH INFO
2026-09-17 19:39:20 | INFO | Winning count: 9/21
2026-09-17 19:39:20 | INFO | Votes: {'NOT ENOUGH INFO': 9, 'SUPPORTS': 9, 'REFUTES': 3}
2026-09-17 19:39:20 | INFO | Label accuracy: 0.0000
2026-09-17 19:39:20 | INFO | Result | Correct: False | Running Accuracy: 57.95% | Termination: cot_sc_plurality | Steps: 21 | Tool calls: 0 | Latency: 7.934s
2026-09-17 19:39:20 | INFO | Prediction: NOT ENOUGH INFO
2026-09-17 19:39:20 | INFO | Gold: SUPPORTS
2026-09-17 19:39:20 | INFO | Winning label: NOT ENOUGH INFO
2026-09-17 19:39:20 | INFO | Winning count: 18/21
2026-09-17 19:39:20 | INFO | Votes: {'NOT ENOUGH INFO': 18, 'REFUTES': 2, 'SUPPORTS': 1}
2026-09-17 19:39:20 | INFO | Label accuracy: 0.0000
2026-09-17 19:39:20 | INFO | Result | Correct: False | Running Accuracy: 57.75% | Termination: cot_sc_majority | Steps: 21 | Tool calls: 0 | Latency: 7.934s
2026-09-17 19:39:20 | INFO | Prediction: REFUTES
2026-09-17 19:39:20 | INFO | Gold: NOT ENOUGH INFO
2026-09-17 19:39:20 | INFO | Winning label: REFUTES
2026-09-17 19:39:20 | INFO | Winning count: 21/21
2026-09-17 19:39:20 | INFO | Votes: {'REFUTES': 21}
2026-09-17 19:39:20 | INFO | Label accuracy: 0.0000
2026-09-17 19:39:20 | INFO | Result | Correct: False | Running Accuracy: 57.54% | Termination: cot_sc_majority | Steps: 21 | Tool calls: 0 | Latency: 7.934s
2026-09-17 19:39:20 | INFO | Prediction: NOT ENOUGH INFO
2026-09-17 19:39:20 | INFO | Gold: SUPPORTS
2026-09-17 19:39:20 | INFO | Winning label: NOT ENOUGH INFO
2026-09-17 19:39:20 | INFO | Winning count: 20/21
2026-09-17 19:39:20 | INFO | Votes: {'NOT ENOUGH INFO': 20, 'SUPPORTS': 1}
2026-09-17 19:39:20 | INFO | Label accuracy: 0.0000
2026-09-17 19:39:20 | INFO | Result | Correct: False | Running Accuracy: 57.34% | Termination: cot_sc_majority | Steps: 21 | Tool calls: 0 | Latency: 7.934s
2026-09-17 19:39:20 | INFO | Prediction: SUPPORTS
2026-09-17 19:39:20 | INFO | Gold: SUPPORTS
2026-09-17 19:39:20 | INFO | Winning label: SUPPORTS
2026-09-17 19:39:20 | INFO | Winning count: 21/21
2026-09-17 19:39:20 | INFO | Votes: {'SUPPORTS': 21}
2026-09-17 19:39:20 | INFO | Label accuracy: 1.0000
2026-09-17 19:39:20 | INFO | Result | Correct: True | Running Accuracy: 57.49% | Termination: cot_sc_majority | Steps: 21 | Tool calls: 0 | Latency: 7.934s
2026-09-17 19:39:20 | INFO | Prediction: NOT ENOUGH INFO
2026-09-17 19:39:20 | INFO | Gold: REFUTES
2026-09-17 19:39:20 | INFO | Winning label: NOT ENOUGH INFO
2026-09-17 19:39:20 | INFO | Winning count: 21/21
2026-09-17 19:39:20 | INFO | Votes: {'NOT ENOUGH INFO': 21}
2026-09-17 19:39:20 | INFO | Label accuracy: 0.0000
2026-09-17 19:39:20 | INFO | Result | Correct: False | Running Accuracy: 57.29% | Termination: cot_sc_majority | Steps: 21 | Tool calls: 0 | Latency: 7.934s
2026-09-17 19:39:20 | INFO | Inference batch [289-304/500] size=16
2026-09-17 19:39:20 | INFO | [289/500] example_id=179263
2026-09-17 19:39:20 | INFO | Claim: Tylenol is a brand of books.
2026-09-17 19:39:20 | INFO | [290/500] example_id=207520
2026-09-17 19:39:20 | INFO | Claim: Mel B released "I Want You Back" in 2010.
2026-09-17 19:39:20 | INFO | [291/500] example_id=52868
2026-09-17 19:39:20 | INFO | Claim: The Indian Army is a conscription-based group.
2026-09-17 19:39:20 | INFO | [292/500] example_id=121723
2026-09-17 19:39:20 | INFO | Claim: Qui-Gon Jinn is a character in the Avengers franchise.
2026-09-17 19:39:20 | INFO | [293/500] example_id=12772
2026-09-17 19:39:20 | INFO | Claim: Ron Weasley is only a real person.
2026-09-17 19:39:20 | INFO | [294/500] example_id=145072
2026-09-17 19:39:20 | INFO | Claim: The foundation of what had been Italy's first church lies near Naples.
2026-09-17 19:39:20 | INFO | [295/500] example_id=62971
2026-09-17 19:39:20 | INFO | Claim: Mount Rushmore was built by Tim Howd and his pet snake Lincoln Borglum.
2026-09-17 19:39:20 | INFO | [296/500] example_id=135823
2026-09-17 19:39:20 | INFO | Claim: Nuuk is the island of Greenland.
2026-09-17 19:39:20 | INFO | [297/500] example_id=205652
2026-09-17 19:39:20 | INFO | Claim: St. Anger was released by a record label.
2026-09-17 19:39:20 | INFO | [298/500] example_id=165890
2026-09-17 19:39:20 | INFO | Claim: Alice Cooper was born on February 4th, 1948.
2026-09-17 19:39:20 | INFO | [299/500] example_id=212195
2026-09-17 19:39:20 | INFO | Claim: Miracle at St. Anna is set exclusively in Germany.
2026-09-17 19:39:20 | INFO | [300/500] example_id=219281
2026-09-17 19:39:20 | INFO | Claim: Capsicum chinense is native to France.
2026-09-17 19:39:20 | INFO | [301/500] example_id=45364
2026-09-17 19:39:20 | INFO | Claim: Sophia Bush appeared in a teen romantic comedy.
2026-09-17 19:39:20 | INFO | [302/500] example_id=42725
2026-09-17 19:39:20 | INFO | Claim: Creedence Clearwater Revival was active in September 1968.
2026-09-17 19:39:20 | INFO | [303/500] example_id=184056
2026-09-17 19:39:20 | INFO | Claim: Kenneth Lonergan is Canadian.
2026-09-17 19:39:20 | INFO | [304/500] example_id=154619
2026-09-17 19:39:20 | INFO | Claim: Civilization IV was praised.
2026-09-17 19:41:09 | INFO | Prediction: REFUTES
2026-09-17 19:41:09 | INFO | Gold: NOT ENOUGH INFO
2026-09-17 19:41:09 | INFO | Winning label: REFUTES
2026-09-17 19:41:09 | INFO | Winning count: 21/21
2026-09-17 19:41:09 | INFO | Votes: {'REFUTES': 21}
2026-09-17 19:41:09 | INFO | Label accuracy: 0.0000
2026-09-17 19:41:09 | INFO | Result | Correct: False | Running Accuracy: 57.09% | Termination: cot_sc_majority | Steps: 21 | Tool calls: 0 | Latency: 6.777s
2026-09-17 19:41:09 | INFO | Prediction: REFUTES
2026-09-17 19:41:09 | INFO | Gold: NOT ENOUGH INFO
2026-09-17 19:41:09 | INFO | Winning label: REFUTES
2026-09-17 19:41:09 | INFO | Winning count: 21/21
2026-09-17 19:41:09 | INFO | Votes: {'REFUTES': 21}
2026-09-17 19:41:09 | INFO | Label accuracy: 0.0000
2026-09-17 19:41:09 | INFO | Result | Correct: False | Running Accuracy: 56.90% | Termination: cot_sc_majority | Steps: 21 | Tool calls: 0 | Latency: 6.777s
2026-09-17 19:41:09 | INFO | Prediction: REFUTES
2026-09-17 19:41:09 | INFO | Gold: NOT ENOUGH INFO
2026-09-17 19:41:09 | INFO | Winning label: REFUTES
2026-09-17 19:41:09 | INFO | Winning count: 9/21
2026-09-17 19:41:09 | INFO | Votes: {'REFUTES': 9, 'SUPPORTS': 6, 'NOT ENOUGH INFO': 1}
2026-09-17 19:41:09 | INFO | Label accuracy: 0.0000
2026-09-17 19:41:09 | INFO | Result | Correct: False | Running Accuracy: 56.70% | Termination: cot_sc_plurality | Steps: 21 | Tool calls: 0 | Latency: 6.777s
2026-09-17 19:41:09 | INFO | Prediction: REFUTES
2026-09-17 19:41:09 | INFO | Gold: REFUTES
2026-09-17 19:41:09 | INFO | Winning label: REFUTES
2026-09-17 19:41:09 | INFO | Winning count: 21/21
2026-09-17 19:41:09 | INFO | Votes: {'REFUTES': 21}
2026-09-17 19:41:09 | INFO | Label accuracy: 1.0000
2026-09-17 19:41:09 | INFO | Result | Correct: True | Running Accuracy: 56.85% | Termination: cot_sc_majority | Steps: 21 | Tool calls: 0 | Latency: 6.777s
2026-09-17 19:41:09 | INFO | Prediction: REFUTES
2026-09-17 19:41:09 | INFO | Gold: REFUTES
2026-09-17 19:41:09 | INFO | Winning label: REFUTES
2026-09-17 19:41:09 | INFO | Winning count: 20/21
2026-09-17 19:41:09 | INFO | Votes: {'REFUTES': 20, 'SUPPORTS': 1}
2026-09-17 19:41:09 | INFO | Label accuracy: 1.0000
2026-09-17 19:41:09 | INFO | Result | Correct: True | Running Accuracy: 57.00% | Termination: cot_sc_majority | Steps: 21 | Tool calls: 0 | Latency: 6.777s
2026-09-17 19:41:09 | INFO | Prediction: SUPPORTS
2026-09-17 19:41:09 | INFO | Gold: NOT ENOUGH INFO
2026-09-17 19:41:09 | INFO | Winning label: SUPPORTS
2026-09-17 19:41:09 | INFO | Winning count: 18/21
2026-09-17 19:41:09 | INFO | Votes: {'SUPPORTS': 18, 'NOT ENOUGH INFO': 2, 'REFUTES': 1}
2026-09-17 19:41:09 | INFO | Label accuracy: 0.0000
2026-09-17 19:41:09 | INFO | Result | Correct: False | Running Accuracy: 56.80% | Termination: cot_sc_majority | Steps: 21 | Tool calls: 0 | Latency: 6.777s
2026-09-17 19:41:09 | INFO | Prediction: REFUTES
2026-09-17 19:41:09 | INFO | Gold: REFUTES
2026-09-17 19:41:09 | INFO | Winning label: REFUTES
2026-09-17 19:41:09 | INFO | Winning count: 20/21
2026-09-17 19:41:09 | INFO | Votes: {'REFUTES': 20}
2026-09-17 19:41:09 | INFO | Label accuracy: 1.0000
2026-09-17 19:41:09 | INFO | Result | Correct: True | Running Accuracy: 56.95% | Termination: cot_sc_majority | Steps: 21 | Tool calls: 0 | Latency: 6.777s
2026-09-17 19:41:09 | INFO | Prediction: REFUTES
2026-09-17 19:41:09 | INFO | Gold: NOT ENOUGH INFO
2026-09-17 19:41:09 | INFO | Winning label: REFUTES
2026-09-17 19:41:09 | INFO | Winning count: 21/21
2026-09-17 19:41:09 | INFO | Votes: {'REFUTES': 21}
2026-09-17 19:41:09 | INFO | Label accuracy: 0.0000
2026-09-17 19:41:09 | INFO | Result | Correct: False | Running Accuracy: 56.76% | Termination: cot_sc_majority | Steps: 21 | Tool calls: 0 | Latency: 6.777s
2026-09-17 19:41:09 | INFO | Prediction: SUPPORTS
2026-09-17 19:41:09 | INFO | Gold: SUPPORTS
2026-09-17 19:41:09 | INFO | Winning label: SUPPORTS
2026-09-17 19:41:09 | INFO | Winning count: 21/21
2026-09-17 19:41:09 | INFO | Votes: {'SUPPORTS': 21}
2026-09-17 19:41:09 | INFO | Label accuracy: 1.0000
2026-09-17 19:41:09 | INFO | Result | Correct: True | Running Accuracy: 56.90% | Termination: cot_sc_majority | Steps: 21 | Tool calls: 0 | Latency: 6.777s
2026-09-17 19:41:09 | INFO | Prediction: SUPPORTS
2026-09-17 19:41:09 | INFO | Gold: SUPPORTS
2026-09-17 19:41:09 | INFO | Winning label: SUPPORTS
2026-09-17 19:41:09 | INFO | Winning count: 16/21
2026-09-17 19:41:09 | INFO | Votes: {'SUPPORTS': 16, 'REFUTES': 4, 'NOT ENOUGH INFO': 1}
2026-09-17 19:41:09 | INFO | Label accuracy: 1.0000
2026-09-17 19:41:09 | INFO | Result | Correct: True | Running Accuracy: 57.05% | Termination: cot_sc_majority | Steps: 21 | Tool calls: 0 | Latency: 6.777s
2026-09-17 19:41:09 | INFO | Prediction: REFUTES
2026-09-17 19:41:09 | INFO | Gold: REFUTES
2026-09-17 19:41:09 | INFO | Winning label: REFUTES
2026-09-17 19:41:09 | INFO | Winning count: 21/21
2026-09-17 19:41:09 | INFO | Votes: {'REFUTES': 21}
2026-09-17 19:41:09 | INFO | Label accuracy: 1.0000
2026-09-17 19:41:09 | INFO | Result | Correct: True | Running Accuracy: 57.19% | Termination: cot_sc_majority | Steps: 21 | Tool calls: 0 | Latency: 6.777s
2026-09-17 19:41:09 | INFO | Prediction: REFUTES
2026-09-17 19:41:09 | INFO | Gold: NOT ENOUGH INFO
2026-09-17 19:41:09 | INFO | Winning label: REFUTES
2026-09-17 19:41:09 | INFO | Winning count: 21/21
2026-09-17 19:41:09 | INFO | Votes: {'REFUTES': 21}
2026-09-17 19:41:09 | INFO | Label accuracy: 0.0000
2026-09-17 19:41:09 | INFO | Result | Correct: False | Running Accuracy: 57.00% | Termination: cot_sc_majority | Steps: 21 | Tool calls: 0 | Latency: 6.777s
2026-09-17 19:41:09 | INFO | Prediction: SUPPORTS
2026-09-17 19:41:09 | INFO | Gold: SUPPORTS
2026-09-17 19:41:09 | INFO | Winning label: SUPPORTS
2026-09-17 19:41:09 | INFO | Winning count: 20/21
2026-09-17 19:41:09 | INFO | Votes: {'SUPPORTS': 20, 'NOT ENOUGH INFO': 1}
2026-09-17 19:41:09 | INFO | Label accuracy: 1.0000
2026-09-17 19:41:09 | INFO | Result | Correct: True | Running Accuracy: 57.14% | Termination: cot_sc_majority | Steps: 21 | Tool calls: 0 | Latency: 6.777s
2026-09-17 19:41:09 | INFO | Prediction: SUPPORTS
2026-09-17 19:41:09 | INFO | Gold: NOT ENOUGH INFO
2026-09-17 19:41:09 | INFO | Winning label: SUPPORTS
2026-09-17 19:41:09 | INFO | Winning count: 20/21
2026-09-17 19:41:09 | INFO | Votes: {'SUPPORTS': 20, 'NOT ENOUGH INFO': 1}
2026-09-17 19:41:09 | INFO | Label accuracy: 0.0000
2026-09-17 19:41:09 | INFO | Result | Correct: False | Running Accuracy: 56.95% | Termination: cot_sc_majority | Steps: 21 | Tool calls: 0 | Latency: 6.777s
2026-09-17 19:41:09 | INFO | Prediction: REFUTES
2026-09-17 19:41:09 | INFO | Gold: NOT ENOUGH INFO
2026-09-17 19:41:09 | INFO | Winning label: REFUTES
2026-09-17 19:41:09 | INFO | Winning count: 21/21
2026-09-17 19:41:09 | INFO | Votes: {'REFUTES': 21}
2026-09-17 19:41:09 | INFO | Label accuracy: 0.0000
2026-09-17 19:41:09 | INFO | Result | Correct: False | Running Accuracy: 56.77% | Termination: cot_sc_majority | Steps: 21 | Tool calls: 0 | Latency: 6.777s
2026-09-17 19:41:09 | INFO | Prediction: SUPPORTS
2026-09-17 19:41:09 | INFO | Gold: NOT ENOUGH INFO
2026-09-17 19:41:09 | INFO | Winning label: SUPPORTS
2026-09-17 19:41:09 | INFO | Winning count: 21/21
2026-09-17 19:41:09 | INFO | Votes: {'SUPPORTS': 21}
2026-09-17 19:41:09 | INFO | Label accuracy: 0.0000
2026-09-17 19:41:09 | INFO | Result | Correct: False | Running Accuracy: 56.58% | Termination: cot_sc_majority | Steps: 21 | Tool calls: 0 | Latency: 6.777s
2026-09-17 19:41:09 | INFO | Inference batch [305-320/500] size=16
2026-09-17 19:41:09 | INFO | [305/500] example_id=167985
2026-09-17 19:41:09 | INFO | Claim: Don Bradman was a Test coach.
2026-09-17 19:41:09 | INFO | [306/500] example_id=99066
2026-09-17 19:41:09 | INFO | Claim: Brazzers is a pornographic production company started in 2004.
2026-09-17 19:41:09 | INFO | [307/500] example_id=76482
2026-09-17 19:41:09 | INFO | Claim: Charles Manson led a quasi-commune that arose in Vermont in the late 1960s.
2026-09-17 19:41:09 | INFO | [308/500] example_id=56523
2026-09-17 19:41:09 | INFO | Claim: Wildfang was founded.
2026-09-17 19:41:09 | INFO | [309/500] example_id=218245
2026-09-17 19:41:09 | INFO | Claim: Libya is the 13th largest country in the world.
2026-09-17 19:41:09 | INFO | [310/500] example_id=165254
2026-09-17 19:41:09 | INFO | Claim: Phillip Glass has listened to film scores.
2026-09-17 19:41:09 | INFO | [311/500] example_id=75794
2026-09-17 19:41:09 | INFO | Claim: The Saw franchise is a collection of TV shows.
2026-09-17 19:41:09 | INFO | [312/500] example_id=44156
2026-09-17 19:41:09 | INFO | Claim: Chaka Khan only went into politics.
2026-09-17 19:41:09 | INFO | [313/500] example_id=128802
2026-09-17 19:41:09 | INFO | Claim: Billboard Dad stars a dog.
2026-09-17 19:41:09 | INFO | [314/500] example_id=151207
2026-09-17 19:41:09 | INFO | Claim: Cheese in the Trap (TV series) is a movie.
2026-09-17 19:41:09 | INFO | [315/500] example_id=36828
2026-09-17 19:41:09 | INFO | Claim: Highway to Heaven is an American television series.
2026-09-17 19:41:09 | INFO | [316/500] example_id=182276
2026-09-17 19:41:09 | INFO | Claim: Saturn Corporation is also known as Toyota LLC.
2026-09-17 19:41:09 | INFO | [317/500] example_id=27081
2026-09-17 19:41:09 | INFO | Claim: The Gifted was based on Marvel Comics' X-Men properties.
2026-09-17 19:41:09 | INFO | [318/500] example_id=148167
2026-09-17 19:41:09 | INFO | Claim: Hush (2016 film) was produced.
2026-09-17 19:41:09 | INFO | [319/500] example_id=127363
2026-09-17 19:41:09 | INFO | Claim: Colin Kaepernick is quarterback for the 49ers.
2026-09-17 19:41:09 | INFO | [320/500] example_id=165113
2026-09-17 19:41:09 | INFO | Claim: Mickey Rourke wrote Iron Man 2.
2026-09-17 19:42:55 | INFO | Prediction: REFUTES
2026-09-17 19:42:55 | INFO | Gold: NOT ENOUGH INFO
2026-09-17 19:42:55 | INFO | Winning label: REFUTES
2026-09-17 19:42:55 | INFO | Winning count: 21/21
2026-09-17 19:42:55 | INFO | Votes: {'REFUTES': 21}
2026-09-17 19:42:55 | INFO | Label accuracy: 0.0000
2026-09-17 19:42:55 | INFO | Result | Correct: False | Running Accuracy: 56.39% | Termination: cot_sc_majority | Steps: 21 | Tool calls: 0 | Latency: 6.618s
2026-09-17 19:42:55 | INFO | Prediction: SUPPORTS
2026-09-17 19:42:55 | INFO | Gold: NOT ENOUGH INFO
2026-09-17 19:42:55 | INFO | Winning label: SUPPORTS
2026-09-17 19:42:55 | INFO | Winning count: 21/21
2026-09-17 19:42:55 | INFO | Votes: {'SUPPORTS': 21}
2026-09-17 19:42:55 | INFO | Label accuracy: 0.0000
2026-09-17 19:42:55 | INFO | Result | Correct: False | Running Accuracy: 56.21% | Termination: cot_sc_majority | Steps: 21 | Tool calls: 0 | Latency: 6.618s
2026-09-17 19:42:55 | INFO | Prediction: REFUTES
2026-09-17 19:42:55 | INFO | Gold: REFUTES
2026-09-17 19:42:55 | INFO | Winning label: REFUTES
2026-09-17 19:42:55 | INFO | Winning count: 20/21
2026-09-17 19:42:55 | INFO | Votes: {'REFUTES': 20}
2026-09-17 19:42:55 | INFO | Label accuracy: 1.0000
2026-09-17 19:42:55 | INFO | Result | Correct: True | Running Accuracy: 56.35% | Termination: cot_sc_majority | Steps: 21 | Tool calls: 0 | Latency: 6.618s
2026-09-17 19:42:55 | INFO | Prediction: NOT ENOUGH INFO
2026-09-17 19:42:55 | INFO | Gold: SUPPORTS
2026-09-17 19:42:55 | INFO | Winning label: NOT ENOUGH INFO
2026-09-17 19:42:55 | INFO | Winning count: 15/21
2026-09-17 19:42:55 | INFO | Votes: {'NOT ENOUGH INFO': 15, 'SUPPORTS': 6}
2026-09-17 19:42:55 | INFO | Label accuracy: 0.0000
2026-09-17 19:42:55 | INFO | Result | Correct: False | Running Accuracy: 56.17% | Termination: cot_sc_majority | Steps: 21 | Tool calls: 0 | Latency: 6.618s
2026-09-17 19:42:55 | INFO | Prediction: SUPPORTS
2026-09-17 19:42:55 | INFO | Gold: REFUTES
2026-09-17 19:42:55 | INFO | Winning label: SUPPORTS
2026-09-17 19:42:55 | INFO | Winning count: 17/21
2026-09-17 19:42:55 | INFO | Votes: {'SUPPORTS': 17, 'REFUTES': 3}
2026-09-17 19:42:55 | INFO | Label accuracy: 0.0000
2026-09-17 19:42:55 | INFO | Result | Correct: False | Running Accuracy: 55.99% | Termination: cot_sc_majority | Steps: 21 | Tool calls: 0 | Latency: 6.618s
2026-09-17 19:42:55 | INFO | Prediction: NOT ENOUGH INFO
2026-09-17 19:42:55 | INFO | Gold: NOT ENOUGH INFO
2026-09-17 19:42:55 | INFO | Winning label: NOT ENOUGH INFO
2026-09-17 19:42:55 | INFO | Winning count: 16/21
2026-09-17 19:42:55 | INFO | Votes: {'NOT ENOUGH INFO': 16, 'SUPPORTS': 5}
2026-09-17 19:42:55 | INFO | Label accuracy: 1.0000
2026-09-17 19:42:55 | INFO | Result | Correct: True | Running Accuracy: 56.13% | Termination: cot_sc_majority | Steps: 21 | Tool calls: 0 | Latency: 6.618s
2026-09-17 19:42:55 | INFO | Prediction: REFUTES
2026-09-17 19:42:55 | INFO | Gold: REFUTES
2026-09-17 19:42:55 | INFO | Winning label: REFUTES
2026-09-17 19:42:55 | INFO | Winning count: 21/21
2026-09-17 19:42:55 | INFO | Votes: {'REFUTES': 21}
2026-09-17 19:42:55 | INFO | Label accuracy: 1.0000
2026-09-17 19:42:55 | INFO | Result | Correct: True | Running Accuracy: 56.27% | Termination: cot_sc_majority | Steps: 21 | Tool calls: 0 | Latency: 6.618s
2026-09-17 19:42:55 | INFO | Prediction: REFUTES
2026-09-17 19:42:55 | INFO | Gold: REFUTES
2026-09-17 19:42:55 | INFO | Winning label: REFUTES
2026-09-17 19:42:55 | INFO | Winning count: 20/21
2026-09-17 19:42:55 | INFO | Votes: {'REFUTES': 20, 'NOT ENOUGH INFO': 1}
2026-09-17 19:42:55 | INFO | Label accuracy: 1.0000
2026-09-17 19:42:55 | INFO | Result | Correct: True | Running Accuracy: 56.41% | Termination: cot_sc_majority | Steps: 21 | Tool calls: 0 | Latency: 6.618s
2026-09-17 19:42:55 | INFO | Prediction: REFUTES
2026-09-17 19:42:55 | INFO | Gold: NOT ENOUGH INFO
2026-09-17 19:42:55 | INFO | Winning label: REFUTES
2026-09-17 19:42:55 | INFO | Winning count: 19/21
2026-09-17 19:42:55 | INFO | Votes: {'REFUTES': 19, 'NOT ENOUGH INFO': 2}
2026-09-17 19:42:55 | INFO | Label accuracy: 0.0000
2026-09-17 19:42:55 | INFO | Result | Correct: False | Running Accuracy: 56.23% | Termination: cot_sc_majority | Steps: 21 | Tool calls: 0 | Latency: 6.618s
2026-09-17 19:42:55 | INFO | Prediction: REFUTES
2026-09-17 19:42:55 | INFO | Gold: REFUTES
2026-09-17 19:42:55 | INFO | Winning label: REFUTES
2026-09-17 19:42:55 | INFO | Winning count: 19/21
2026-09-17 19:42:55 | INFO | Votes: {'REFUTES': 19, 'NOT ENOUGH INFO': 2}
2026-09-17 19:42:55 | INFO | Label accuracy: 1.0000
2026-09-17 19:42:55 | INFO | Result | Correct: True | Running Accuracy: 56.37% | Termination: cot_sc_majority | Steps: 21 | Tool calls: 0 | Latency: 6.618s
2026-09-17 19:42:55 | INFO | Prediction: SUPPORTS
2026-09-17 19:42:55 | INFO | Gold: SUPPORTS
2026-09-17 19:42:55 | INFO | Winning label: SUPPORTS
2026-09-17 19:42:55 | INFO | Winning count: 21/21
2026-09-17 19:42:55 | INFO | Votes: {'SUPPORTS': 21}
2026-09-17 19:42:55 | INFO | Label accuracy: 1.0000
2026-09-17 19:42:55 | INFO | Result | Correct: True | Running Accuracy: 56.51% | Termination: cot_sc_majority | Steps: 21 | Tool calls: 0 | Latency: 6.618s
2026-09-17 19:42:55 | INFO | Prediction: REFUTES
2026-09-17 19:42:55 | INFO | Gold: REFUTES
2026-09-17 19:42:55 | INFO | Winning label: REFUTES
2026-09-17 19:42:55 | INFO | Winning count: 20/21
2026-09-17 19:42:55 | INFO | Votes: {'REFUTES': 20, 'NOT ENOUGH INFO': 1}
2026-09-17 19:42:55 | INFO | Label accuracy: 1.0000
2026-09-17 19:42:55 | INFO | Result | Correct: True | Running Accuracy: 56.65% | Termination: cot_sc_majority | Steps: 21 | Tool calls: 0 | Latency: 6.618s
2026-09-17 19:42:55 | INFO | Prediction: SUPPORTS
2026-09-17 19:42:55 | INFO | Gold: SUPPORTS
2026-09-17 19:42:55 | INFO | Winning label: SUPPORTS
2026-09-17 19:42:55 | INFO | Winning count: 21/21
2026-09-17 19:42:55 | INFO | Votes: {'SUPPORTS': 21}
2026-09-17 19:42:55 | INFO | Label accuracy: 1.0000
2026-09-17 19:42:55 | INFO | Result | Correct: True | Running Accuracy: 56.78% | Termination: cot_sc_majority | Steps: 21 | Tool calls: 0 | Latency: 6.618s
2026-09-17 19:42:55 | INFO | Prediction: SUPPORTS
2026-09-17 19:42:55 | INFO | Gold: SUPPORTS
2026-09-17 19:42:55 | INFO | Winning label: SUPPORTS
2026-09-17 19:42:55 | INFO | Winning count: 19/21
2026-09-17 19:42:55 | INFO | Votes: {'SUPPORTS': 19, 'NOT ENOUGH INFO': 2}
2026-09-17 19:42:55 | INFO | Label accuracy: 1.0000
2026-09-17 19:42:55 | INFO | Result | Correct: True | Running Accuracy: 56.92% | Termination: cot_sc_majority | Steps: 21 | Tool calls: 0 | Latency: 6.618s
2026-09-17 19:42:55 | INFO | Prediction: SUPPORTS
2026-09-17 19:42:55 | INFO | Gold: SUPPORTS
2026-09-17 19:42:55 | INFO | Winning label: SUPPORTS
2026-09-17 19:42:55 | INFO | Winning count: 12/21
2026-09-17 19:42:55 | INFO | Votes: {'SUPPORTS': 12, 'REFUTES': 3, 'NOT ENOUGH INFO': 2}
2026-09-17 19:42:55 | INFO | Label accuracy: 1.0000
2026-09-17 19:42:55 | INFO | Result | Correct: True | Running Accuracy: 57.05% | Termination: cot_sc_majority | Steps: 21 | Tool calls: 0 | Latency: 6.618s
2026-09-17 19:42:55 | INFO | Prediction: REFUTES
2026-09-17 19:42:55 | INFO | Gold: NOT ENOUGH INFO
2026-09-17 19:42:55 | INFO | Winning label: REFUTES
2026-09-17 19:42:55 | INFO | Winning count: 21/21
2026-09-17 19:42:55 | INFO | Votes: {'REFUTES': 21}
2026-09-17 19:42:55 | INFO | Label accuracy: 0.0000
2026-09-17 19:42:55 | INFO | Result | Correct: False | Running Accuracy: 56.88% | Termination: cot_sc_majority | Steps: 21 | Tool calls: 0 | Latency: 6.618s
2026-09-17 19:42:55 | INFO | Inference batch [321-336/500] size=16
2026-09-17 19:42:55 | INFO | [321/500] example_id=97783
2026-09-17 19:42:55 | INFO | Claim: Lithuanians are alien to Lithuania.
2026-09-17 19:42:55 | INFO | [322/500] example_id=119043
2026-09-17 19:42:55 | INFO | Claim: All or part of Dilwale Dulhania Le Jayenge was filmed outside of London.
2026-09-17 19:42:55 | INFO | [323/500] example_id=133227
2026-09-17 19:42:55 | INFO | Claim: Mary of Teck's son abdicated the throne in 1902.
2026-09-17 19:42:55 | INFO | [324/500] example_id=121453
2026-09-17 19:42:55 | INFO | Claim: Jack Falahee is a military official.
2026-09-17 19:42:55 | INFO | [325/500] example_id=229306
2026-09-17 19:42:55 | INFO | Claim: A working animal have to attend a domestic university.
2026-09-17 19:42:55 | INFO | [326/500] example_id=152564
2026-09-17 19:42:55 | INFO | Claim: Colombiana was directed by a man.
2026-09-17 19:42:55 | INFO | [327/500] example_id=192856
2026-09-17 19:42:55 | INFO | Claim: Ian Brennan has no role in media creation.
2026-09-17 19:42:55 | INFO | [328/500] example_id=11405
2026-09-17 19:42:55 | INFO | Claim: Garden State was an official selection and it was praised.
2026-09-17 19:42:55 | INFO | [329/500] example_id=219128
2026-09-17 19:42:55 | INFO | Claim: Valencia is in Valencia, Spain.
2026-09-17 19:42:55 | INFO | [330/500] example_id=205726
2026-09-17 19:42:55 | INFO | Claim: First Motion Picture Unit produced zero informative films.
2026-09-17 19:42:55 | INFO | [331/500] example_id=25178
2026-09-17 19:42:55 | INFO | Claim: Chris Kyle died on March 2, 2013.
2026-09-17 19:42:55 | INFO | [332/500] example_id=43811
2026-09-17 19:42:55 | INFO | Claim: DNA is a work.
2026-09-17 19:42:55 | INFO | [333/500] example_id=90151
2026-09-17 19:42:55 | INFO | Claim: Amyotrophic lateral sclerosis starts later in inherited cases.
2026-09-17 19:42:55 | INFO | [334/500] example_id=37691
2026-09-17 19:42:55 | INFO | Claim: Lockhead Martin F-35 Lightning II first flew in 2007.
2026-09-17 19:42:55 | INFO | [335/500] example_id=47911
2026-09-17 19:42:55 | INFO | Claim: The Mod Squad is a series that fits into the genre of crime drama.
2026-09-17 19:42:55 | INFO | [336/500] example_id=143565
2026-09-17 19:42:55 | INFO | Claim: Shane McMahon never officially retired.
2026-09-17 19:44:56 | INFO | Prediction: REFUTES
2026-09-17 19:44:56 | INFO | Gold: REFUTES
2026-09-17 19:44:56 | INFO | Winning label: REFUTES
2026-09-17 19:44:56 | INFO | Winning count: 20/21
2026-09-17 19:44:56 | INFO | Votes: {'REFUTES': 20}
2026-09-17 19:44:56 | INFO | Label accuracy: 1.0000
2026-09-17 19:44:56 | INFO | Result | Correct: True | Running Accuracy: 57.01% | Termination: cot_sc_majority | Steps: 21 | Tool calls: 0 | Latency: 7.592s
2026-09-17 19:44:56 | INFO | Prediction: NOT ENOUGH INFO
2026-09-17 19:44:56 | INFO | Gold: NOT ENOUGH INFO
2026-09-17 19:44:56 | INFO | Winning label: NOT ENOUGH INFO
2026-09-17 19:44:56 | INFO | Winning count: 8/21
2026-09-17 19:44:56 | INFO | Votes: {'NOT ENOUGH INFO': 8, 'SUPPORTS': 7, 'REFUTES': 6}
2026-09-17 19:44:56 | INFO | Label accuracy: 1.0000
2026-09-17 19:44:56 | INFO | Result | Correct: True | Running Accuracy: 57.14% | Termination: cot_sc_plurality | Steps: 21 | Tool calls: 0 | Latency: 7.592s
2026-09-17 19:44:56 | INFO | Prediction: REFUTES
2026-09-17 19:44:56 | INFO | Gold: NOT ENOUGH INFO
2026-09-17 19:44:56 | INFO | Winning label: REFUTES
2026-09-17 19:44:56 | INFO | Winning count: 21/21
2026-09-17 19:44:56 | INFO | Votes: {'REFUTES': 21}
2026-09-17 19:44:56 | INFO | Label accuracy: 0.0000
2026-09-17 19:44:56 | INFO | Result | Correct: False | Running Accuracy: 56.97% | Termination: cot_sc_majority | Steps: 21 | Tool calls: 0 | Latency: 7.592s
2026-09-17 19:44:56 | INFO | Prediction: NOT ENOUGH INFO
2026-09-17 19:44:56 | INFO | Gold: NOT ENOUGH INFO
2026-09-17 19:44:56 | INFO | Winning label: NOT ENOUGH INFO
2026-09-17 19:44:56 | INFO | Winning count: 18/21
2026-09-17 19:44:56 | INFO | Votes: {'NOT ENOUGH INFO': 18, 'REFUTES': 3}
2026-09-17 19:44:56 | INFO | Label accuracy: 1.0000
2026-09-17 19:44:56 | INFO | Result | Correct: True | Running Accuracy: 57.10% | Termination: cot_sc_majority | Steps: 21 | Tool calls: 0 | Latency: 7.592s
2026-09-17 19:44:56 | INFO | Prediction: REFUTES
2026-09-17 19:44:56 | INFO | Gold: NOT ENOUGH INFO
2026-09-17 19:44:56 | INFO | Winning label: REFUTES
2026-09-17 19:44:56 | INFO | Winning count: 21/21
2026-09-17 19:44:56 | INFO | Votes: {'REFUTES': 21}
2026-09-17 19:44:56 | INFO | Label accuracy: 0.0000
2026-09-17 19:44:56 | INFO | Result | Correct: False | Running Accuracy: 56.92% | Termination: cot_sc_majority | Steps: 21 | Tool calls: 0 | Latency: 7.592s
2026-09-17 19:44:56 | INFO | Prediction: SUPPORTS
2026-09-17 19:44:56 | INFO | Gold: NOT ENOUGH INFO
2026-09-17 19:44:56 | INFO | Winning label: SUPPORTS
2026-09-17 19:44:56 | INFO | Winning count: 20/21
2026-09-17 19:44:56 | INFO | Votes: {'SUPPORTS': 20}
2026-09-17 19:44:56 | INFO | Label accuracy: 0.0000
2026-09-17 19:44:56 | INFO | Result | Correct: False | Running Accuracy: 56.75% | Termination: cot_sc_majority | Steps: 21 | Tool calls: 0 | Latency: 7.592s
2026-09-17 19:44:56 | INFO | Prediction: NOT ENOUGH INFO
2026-09-17 19:44:56 | INFO | Gold: REFUTES
2026-09-17 19:44:56 | INFO | Winning label: NOT ENOUGH INFO
2026-09-17 19:44:56 | INFO | Winning count: 11/21
2026-09-17 19:44:56 | INFO | Votes: {'NOT ENOUGH INFO': 11, 'REFUTES': 10}
2026-09-17 19:44:56 | INFO | Label accuracy: 0.0000
2026-09-17 19:44:56 | INFO | Result | Correct: False | Running Accuracy: 56.57% | Termination: cot_sc_majority | Steps: 21 | Tool calls: 0 | Latency: 7.592s
2026-09-17 19:44:56 | INFO | Prediction: SUPPORTS
2026-09-17 19:44:56 | INFO | Gold: SUPPORTS
2026-09-17 19:44:56 | INFO | Winning label: SUPPORTS
2026-09-17 19:44:56 | INFO | Winning count: 18/21
2026-09-17 19:44:56 | INFO | Votes: {'SUPPORTS': 18, 'NOT ENOUGH INFO': 1}
2026-09-17 19:44:56 | INFO | Label accuracy: 1.0000
2026-09-17 19:44:56 | INFO | Result | Correct: True | Running Accuracy: 56.71% | Termination: cot_sc_majority | Steps: 21 | Tool calls: 0 | Latency: 7.592s
2026-09-17 19:44:56 | INFO | Prediction: SUPPORTS
2026-09-17 19:44:56 | INFO | Gold: SUPPORTS
2026-09-17 19:44:56 | INFO | Winning label: SUPPORTS
2026-09-17 19:44:56 | INFO | Winning count: 21/21
2026-09-17 19:44:56 | INFO | Votes: {'SUPPORTS': 21}
2026-09-17 19:44:56 | INFO | Label accuracy: 1.0000
2026-09-17 19:44:56 | INFO | Result | Correct: True | Running Accuracy: 56.84% | Termination: cot_sc_majority | Steps: 21 | Tool calls: 0 | Latency: 7.592s
2026-09-17 19:44:56 | INFO | Prediction: NOT ENOUGH INFO
2026-09-17 19:44:56 | INFO | Gold: REFUTES
2026-09-17 19:44:56 | INFO | Winning label: NOT ENOUGH INFO
2026-09-17 19:44:56 | INFO | Winning count: 14/21
2026-09-17 19:44:56 | INFO | Votes: {'NOT ENOUGH INFO': 14, 'REFUTES': 7}
2026-09-17 19:44:56 | INFO | Label accuracy: 0.0000
2026-09-17 19:44:56 | INFO | Result | Correct: False | Running Accuracy: 56.67% | Termination: cot_sc_majority | Steps: 21 | Tool calls: 0 | Latency: 7.592s
2026-09-17 19:44:56 | INFO | Prediction: REFUTES
2026-09-17 19:44:56 | INFO | Gold: REFUTES
2026-09-17 19:44:56 | INFO | Winning label: REFUTES
2026-09-17 19:44:56 | INFO | Winning count: 21/21
2026-09-17 19:44:56 | INFO | Votes: {'REFUTES': 21}
2026-09-17 19:44:56 | INFO | Label accuracy: 1.0000
2026-09-17 19:44:56 | INFO | Result | Correct: True | Running Accuracy: 56.80% | Termination: cot_sc_majority | Steps: 21 | Tool calls: 0 | Latency: 7.592s
2026-09-17 19:44:56 | INFO | Prediction: REFUTES
2026-09-17 19:44:56 | INFO | Gold: SUPPORTS
2026-09-17 19:44:56 | INFO | Winning label: REFUTES
2026-09-17 19:44:56 | INFO | Winning count: 13/21
2026-09-17 19:44:56 | INFO | Votes: {'REFUTES': 13, 'NOT ENOUGH INFO': 6, 'SUPPORTS': 1}
2026-09-17 19:44:56 | INFO | Label accuracy: 0.0000
2026-09-17 19:44:56 | INFO | Result | Correct: False | Running Accuracy: 56.63% | Termination: cot_sc_majority | Steps: 21 | Tool calls: 0 | Latency: 7.592s
2026-09-17 19:44:56 | INFO | Prediction: SUPPORTS
2026-09-17 19:44:56 | INFO | Gold: SUPPORTS
2026-09-17 19:44:56 | INFO | Winning label: SUPPORTS
2026-09-17 19:44:56 | INFO | Winning count: 19/21
2026-09-17 19:44:56 | INFO | Votes: {'SUPPORTS': 19, 'NOT ENOUGH INFO': 2}
2026-09-17 19:44:56 | INFO | Label accuracy: 1.0000
2026-09-17 19:44:56 | INFO | Result | Correct: True | Running Accuracy: 56.76% | Termination: cot_sc_majority | Steps: 21 | Tool calls: 0 | Latency: 7.592s
2026-09-17 19:44:56 | INFO | Prediction: REFUTES
2026-09-17 19:44:56 | INFO | Gold: REFUTES
2026-09-17 19:44:56 | INFO | Winning label: REFUTES
2026-09-17 19:44:56 | INFO | Winning count: 19/21
2026-09-17 19:44:56 | INFO | Votes: {'REFUTES': 19, 'SUPPORTS': 2}
2026-09-17 19:44:56 | INFO | Label accuracy: 1.0000
2026-09-17 19:44:56 | INFO | Result | Correct: True | Running Accuracy: 56.89% | Termination: cot_sc_majority | Steps: 21 | Tool calls: 0 | Latency: 7.592s
2026-09-17 19:44:56 | INFO | Prediction: SUPPORTS
2026-09-17 19:44:56 | INFO | Gold: SUPPORTS
2026-09-17 19:44:56 | INFO | Winning label: SUPPORTS
2026-09-17 19:44:56 | INFO | Winning count: 20/21
2026-09-17 19:44:56 | INFO | Votes: {'SUPPORTS': 20, 'REFUTES': 1}
2026-09-17 19:44:56 | INFO | Label accuracy: 1.0000
2026-09-17 19:44:56 | INFO | Result | Correct: True | Running Accuracy: 57.01% | Termination: cot_sc_majority | Steps: 21 | Tool calls: 0 | Latency: 7.592s
2026-09-17 19:44:56 | INFO | Prediction: NOT ENOUGH INFO
2026-09-17 19:44:56 | INFO | Gold: NOT ENOUGH INFO
2026-09-17 19:44:56 | INFO | Winning label: NOT ENOUGH INFO
2026-09-17 19:44:56 | INFO | Winning count: 13/21
2026-09-17 19:44:56 | INFO | Votes: {'NOT ENOUGH INFO': 13, 'REFUTES': 5, 'SUPPORTS': 1}
2026-09-17 19:44:56 | INFO | Label accuracy: 1.0000
2026-09-17 19:44:56 | INFO | Result | Correct: True | Running Accuracy: 57.14% | Termination: cot_sc_majority | Steps: 21 | Tool calls: 0 | Latency: 7.592s
2026-09-17 19:44:56 | INFO | Inference batch [337-352/500] size=16
2026-09-17 19:44:56 | INFO | [337/500] example_id=220216
2026-09-17 19:44:56 | INFO | Claim: Raabta (song) is a love Hindi song.
2026-09-17 19:44:56 | INFO | [338/500] example_id=31916
2026-09-17 19:44:56 | INFO | Claim: English people are descended from the Jutes and Frisians as a result of migration.
2026-09-17 19:44:56 | INFO | [339/500] example_id=18574
2026-09-17 19:44:56 | INFO | Claim: West Ham United F.C. was called Thames Ironworks until 1900.
2026-09-17 19:44:56 | INFO | [340/500] example_id=93823
2026-09-17 19:44:56 | INFO | Claim: Aaron Burr murdered one of the American Founding Fathers.
2026-09-17 19:44:56 | INFO | [341/500] example_id=41711
2026-09-17 19:44:56 | INFO | Claim: Bret Easton Ellis wrote the screenplay for a film directed by Paul Schrader and he was criticized.
2026-09-17 19:44:56 | INFO | [342/500] example_id=226108
2026-09-17 19:44:56 | INFO | Claim: Bongwater follows the story of a heroine dealer.
2026-09-17 19:44:56 | INFO | [343/500] example_id=193894
2026-09-17 19:44:56 | INFO | Claim: Bea Arthur's birth name was Bernice Frankel.
2026-09-17 19:44:56 | INFO | [344/500] example_id=181190
2026-09-17 19:44:56 | INFO | Claim: Southpaw is an American hero.
2026-09-17 19:44:56 | INFO | [345/500] example_id=145352
2026-09-17 19:44:56 | INFO | Claim: Chaka Khan is a DJ.
2026-09-17 19:44:56 | INFO | [346/500] example_id=193450
2026-09-17 19:44:56 | INFO | Claim: Superhero name Captain America uses the Captain America's shield.
2026-09-17 19:44:56 | INFO | [347/500] example_id=66519
2026-09-17 19:44:56 | INFO | Claim: Men in Black II is a serious realistic drama.
2026-09-17 19:44:56 | INFO | [348/500] example_id=68459
2026-09-17 19:44:56 | INFO | Claim: Randy Savage is a basketball player.
2026-09-17 19:44:56 | INFO | [349/500] example_id=50061
2026-09-17 19:44:56 | INFO | Claim: Awkward Black Girl stars Nidhi Singh.
2026-09-17 19:44:56 | INFO | [350/500] example_id=62516
2026-09-17 19:44:56 | INFO | Claim: Sleipnir is only a ferret.
2026-09-17 19:44:56 | INFO | [351/500] example_id=186331
2026-09-17 19:44:56 | INFO | Claim: The Hunchback of Notre Dame kills Quasimodo.
2026-09-17 19:44:56 | INFO | [352/500] example_id=94624
2026-09-17 19:44:56 | INFO | Claim: Angela Bassett started her film career in 1954.
2026-09-17 19:47:13 | INFO | Prediction: SUPPORTS
2026-09-17 19:47:13 | INFO | Gold: SUPPORTS
2026-09-17 19:47:13 | INFO | Winning label: SUPPORTS
2026-09-17 19:47:13 | INFO | Winning count: 19/21
2026-09-17 19:47:13 | INFO | Votes: {'SUPPORTS': 19, 'NOT ENOUGH INFO': 2}
2026-09-17 19:47:13 | INFO | Label accuracy: 1.0000
2026-09-17 19:47:13 | INFO | Result | Correct: True | Running Accuracy: 57.27% | Termination: cot_sc_majority | Steps: 21 | Tool calls: 0 | Latency: 8.517s
2026-09-17 19:47:13 | INFO | Prediction: SUPPORTS
2026-09-17 19:47:13 | INFO | Gold: SUPPORTS
2026-09-17 19:47:13 | INFO | Winning label: SUPPORTS
2026-09-17 19:47:13 | INFO | Winning count: 15/21
2026-09-17 19:47:13 | INFO | Votes: {'SUPPORTS': 15, 'REFUTES': 1}
2026-09-17 19:47:13 | INFO | Label accuracy: 1.0000
2026-09-17 19:47:13 | INFO | Result | Correct: True | Running Accuracy: 57.40% | Termination: cot_sc_majority | Steps: 21 | Tool calls: 0 | Latency: 8.517s
2026-09-17 19:47:13 | INFO | Prediction: SUPPORTS
2026-09-17 19:47:13 | INFO | Gold: SUPPORTS
2026-09-17 19:47:13 | INFO | Winning label: SUPPORTS
2026-09-17 19:47:13 | INFO | Winning count: 19/21
2026-09-17 19:47:13 | INFO | Votes: {'SUPPORTS': 19, 'REFUTES': 2}
2026-09-17 19:47:13 | INFO | Label accuracy: 1.0000
2026-09-17 19:47:13 | INFO | Result | Correct: True | Running Accuracy: 57.52% | Termination: cot_sc_majority | Steps: 21 | Tool calls: 0 | Latency: 8.517s
2026-09-17 19:47:13 | INFO | Prediction: REFUTES
2026-09-17 19:47:13 | INFO | Gold: REFUTES
2026-09-17 19:47:13 | INFO | Winning label: REFUTES
2026-09-17 19:47:13 | INFO | Winning count: 19/21
2026-09-17 19:47:13 | INFO | Votes: {'REFUTES': 19, 'SUPPORTS': 2}
2026-09-17 19:47:13 | INFO | Label accuracy: 1.0000
2026-09-17 19:47:13 | INFO | Result | Correct: True | Running Accuracy: 57.65% | Termination: cot_sc_majority | Steps: 21 | Tool calls: 0 | Latency: 8.517s
2026-09-17 19:47:13 | INFO | Prediction: NOT ENOUGH INFO
2026-09-17 19:47:13 | INFO | Gold: SUPPORTS
2026-09-17 19:47:13 | INFO | Winning label: NOT ENOUGH INFO
2026-09-17 19:47:13 | INFO | Winning count: 13/21
2026-09-17 19:47:13 | INFO | Votes: {'NOT ENOUGH INFO': 13, 'REFUTES': 3}
2026-09-17 19:47:13 | INFO | Label accuracy: 0.0000
2026-09-17 19:47:13 | INFO | Result | Correct: False | Running Accuracy: 57.48% | Termination: cot_sc_majority | Steps: 21 | Tool calls: 0 | Latency: 8.517s
2026-09-17 19:47:13 | INFO | Prediction: NOT ENOUGH INFO
2026-09-17 19:47:13 | INFO | Gold: NOT ENOUGH INFO
2026-09-17 19:47:13 | INFO | Winning label: NOT ENOUGH INFO
2026-09-17 19:47:13 | INFO | Winning count: 12/21
2026-09-17 19:47:13 | INFO | Votes: {'NOT ENOUGH INFO': 12, 'REFUTES': 6, 'SUPPORTS': 2}
2026-09-17 19:47:13 | INFO | Label accuracy: 1.0000
2026-09-17 19:47:13 | INFO | Result | Correct: True | Running Accuracy: 57.60% | Termination: cot_sc_majority | Steps: 21 | Tool calls: 0 | Latency: 8.517s
2026-09-17 19:47:13 | INFO | Prediction: SUPPORTS
2026-09-17 19:47:13 | INFO | Gold: SUPPORTS
2026-09-17 19:47:13 | INFO | Winning label: SUPPORTS
2026-09-17 19:47:13 | INFO | Winning count: 20/21
2026-09-17 19:47:13 | INFO | Votes: {'SUPPORTS': 20}
2026-09-17 19:47:13 | INFO | Label accuracy: 1.0000
2026-09-17 19:47:13 | INFO | Result | Correct: True | Running Accuracy: 57.73% | Termination: cot_sc_majority | Steps: 21 | Tool calls: 0 | Latency: 8.517s
2026-09-17 19:47:13 | INFO | Prediction: NOT ENOUGH INFO
2026-09-17 19:47:13 | INFO | Gold: REFUTES
2026-09-17 19:47:13 | INFO | Winning label: NOT ENOUGH INFO
2026-09-17 19:47:13 | INFO | Winning count: 18/21
2026-09-17 19:47:13 | INFO | Votes: {'NOT ENOUGH INFO': 18, 'REFUTES': 1, 'SUPPORTS': 1}
2026-09-17 19:47:13 | INFO | Label accuracy: 0.0000
2026-09-17 19:47:13 | INFO | Result | Correct: False | Running Accuracy: 57.56% | Termination: cot_sc_majority | Steps: 21 | Tool calls: 0 | Latency: 8.517s
2026-09-17 19:47:13 | INFO | Prediction: REFUTES
2026-09-17 19:47:13 | INFO | Gold: NOT ENOUGH INFO
2026-09-17 19:47:13 | INFO | Winning label: REFUTES
2026-09-17 19:47:13 | INFO | Winning count: 21/21
2026-09-17 19:47:13 | INFO | Votes: {'REFUTES': 21}
2026-09-17 19:47:13 | INFO | Label accuracy: 0.0000
2026-09-17 19:47:13 | INFO | Result | Correct: False | Running Accuracy: 57.39% | Termination: cot_sc_majority | Steps: 21 | Tool calls: 0 | Latency: 8.517s
2026-09-17 19:47:13 | INFO | Prediction: SUPPORTS
2026-09-17 19:47:13 | INFO | Gold: SUPPORTS
2026-09-17 19:47:13 | INFO | Winning label: SUPPORTS
2026-09-17 19:47:13 | INFO | Winning count: 20/21
2026-09-17 19:47:13 | INFO | Votes: {'SUPPORTS': 20, 'NOT ENOUGH INFO': 1}
2026-09-17 19:47:13 | INFO | Label accuracy: 1.0000
2026-09-17 19:47:13 | INFO | Result | Correct: True | Running Accuracy: 57.51% | Termination: cot_sc_majority | Steps: 21 | Tool calls: 0 | Latency: 8.517s
2026-09-17 19:47:13 | INFO | Prediction: REFUTES
2026-09-17 19:47:13 | INFO | Gold: REFUTES
2026-09-17 19:47:13 | INFO | Winning label: REFUTES
2026-09-17 19:47:13 | INFO | Winning count: 21/21
2026-09-17 19:47:13 | INFO | Votes: {'REFUTES': 21}
2026-09-17 19:47:13 | INFO | Label accuracy: 1.0000
2026-09-17 19:47:13 | INFO | Result | Correct: True | Running Accuracy: 57.64% | Termination: cot_sc_majority | Steps: 21 | Tool calls: 0 | Latency: 8.517s
2026-09-17 19:47:13 | INFO | Prediction: REFUTES
2026-09-17 19:47:13 | INFO | Gold: REFUTES
2026-09-17 19:47:13 | INFO | Winning label: REFUTES
2026-09-17 19:47:13 | INFO | Winning count: 21/21
2026-09-17 19:47:13 | INFO | Votes: {'REFUTES': 21}
2026-09-17 19:47:13 | INFO | Label accuracy: 1.0000
2026-09-17 19:47:13 | INFO | Result | Correct: True | Running Accuracy: 57.76% | Termination: cot_sc_majority | Steps: 21 | Tool calls: 0 | Latency: 8.517s
2026-09-17 19:47:13 | INFO | Prediction: REFUTES
2026-09-17 19:47:13 | INFO | Gold: NOT ENOUGH INFO
2026-09-17 19:47:13 | INFO | Winning label: REFUTES
2026-09-17 19:47:13 | INFO | Winning count: 20/21
2026-09-17 19:47:13 | INFO | Votes: {'REFUTES': 20, 'SUPPORTS': 1}
2026-09-17 19:47:13 | INFO | Label accuracy: 0.0000
2026-09-17 19:47:13 | INFO | Result | Correct: False | Running Accuracy: 57.59% | Termination: cot_sc_majority | Steps: 21 | Tool calls: 0 | Latency: 8.517s
2026-09-17 19:47:13 | INFO | Prediction: REFUTES
2026-09-17 19:47:13 | INFO | Gold: REFUTES
2026-09-17 19:47:13 | INFO | Winning label: REFUTES
2026-09-17 19:47:13 | INFO | Winning count: 21/21
2026-09-17 19:47:13 | INFO | Votes: {'REFUTES': 21}
2026-09-17 19:47:13 | INFO | Label accuracy: 1.0000
2026-09-17 19:47:13 | INFO | Result | Correct: True | Running Accuracy: 57.71% | Termination: cot_sc_majority | Steps: 21 | Tool calls: 0 | Latency: 8.517s
2026-09-17 19:47:13 | INFO | Prediction: REFUTES
2026-09-17 19:47:13 | INFO | Gold: NOT ENOUGH INFO
2026-09-17 19:47:13 | INFO | Winning label: REFUTES
2026-09-17 19:47:13 | INFO | Winning count: 20/21
2026-09-17 19:47:13 | INFO | Votes: {'REFUTES': 20}
2026-09-17 19:47:13 | INFO | Label accuracy: 0.0000
2026-09-17 19:47:13 | INFO | Result | Correct: False | Running Accuracy: 57.55% | Termination: cot_sc_majority | Steps: 21 | Tool calls: 0 | Latency: 8.517s
2026-09-17 19:47:13 | INFO | Prediction: REFUTES
2026-09-17 19:47:13 | INFO | Gold: REFUTES
2026-09-17 19:47:13 | INFO | Winning label: REFUTES
2026-09-17 19:47:13 | INFO | Winning count: 21/21
2026-09-17 19:47:13 | INFO | Votes: {'REFUTES': 21}
2026-09-17 19:47:13 | INFO | Label accuracy: 1.0000
2026-09-17 19:47:13 | INFO | Result | Correct: True | Running Accuracy: 57.67% | Termination: cot_sc_majority | Steps: 21 | Tool calls: 0 | Latency: 8.517s
2026-09-17 19:47:13 | INFO | Inference batch [353-368/500] size=16
2026-09-17 19:47:13 | INFO | [353/500] example_id=201383
2026-09-17 19:47:13 | INFO | Claim: Varsity Blues (film) was pirated 52 million times.
2026-09-17 19:47:13 | INFO | [354/500] example_id=20590
2026-09-17 19:47:13 | INFO | Claim: The CONCACAF Champions League is organized.
2026-09-17 19:47:13 | INFO | [355/500] example_id=16202
2026-09-17 19:47:13 | INFO | Claim: Jewell is a rapper.
2026-09-17 19:47:13 | INFO | [356/500] example_id=30186
2026-09-17 19:47:13 | INFO | Claim: Blue Jasmine was filmed in San Francisco.
2026-09-17 19:47:13 | INFO | [357/500] example_id=66638
2026-09-17 19:47:13 | INFO | Claim: The Adventures of Pluto Nash was reviewed by Ron Underwood.
2026-09-17 19:47:13 | INFO | [358/500] example_id=82280
2026-09-17 19:47:13 | INFO | Claim: Thomas Jefferson helped to organize the Democratic-Republican Party in 1790.
2026-09-17 19:47:13 | INFO | [359/500] example_id=99197
2026-09-17 19:47:13 | INFO | Claim: Emma Watson was born in a hospital.
2026-09-17 19:47:13 | INFO | [360/500] example_id=151957
2026-09-17 19:47:13 | INFO | Claim: Edmund H. North was born June 12, 1911.
2026-09-17 19:47:13 | INFO | [361/500] example_id=116159
2026-09-17 19:47:13 | INFO | Claim: Kerplunk was Green Day's third album with Tré Cool as their drummer.
2026-09-17 19:47:13 | INFO | [362/500] example_id=137672
2026-09-17 19:47:13 | INFO | Claim: Lizzy Caplan reviewed the television show The Class.
2026-09-17 19:47:13 | INFO | [363/500] example_id=49217
2026-09-17 19:47:13 | INFO | Claim: Kellyanne Conway has used a phrase.
2026-09-17 19:47:13 | INFO | [364/500] example_id=76374
2026-09-17 19:47:13 | INFO | Claim: The Indian Army comprises more than 80% of the country's jazz musicians.
2026-09-17 19:47:13 | INFO | [365/500] example_id=28517
2026-09-17 19:47:13 | INFO | Claim: Shawn Carlson is a squid.
2026-09-17 19:47:13 | INFO | [366/500] example_id=113560
2026-09-17 19:47:13 | INFO | Claim: AMGTV does not have drama television programming.
2026-09-17 19:47:13 | INFO | [367/500] example_id=53021
2026-09-17 19:47:13 | INFO | Claim: Sebastian Stan was nominated for an award.
2026-09-17 19:47:13 | INFO | [368/500] example_id=51328
2026-09-17 19:47:13 | INFO | Claim: Billboard Dad was directed by Alan Metter in 2001.
2026-09-17 19:49:21 | INFO | Prediction: NOT ENOUGH INFO
2026-09-17 19:49:21 | INFO | Gold: NOT ENOUGH INFO
2026-09-17 19:49:21 | INFO | Winning label: NOT ENOUGH INFO
2026-09-17 19:49:21 | INFO | Winning count: 21/21
2026-09-17 19:49:21 | INFO | Votes: {'NOT ENOUGH INFO': 21}
2026-09-17 19:49:21 | INFO | Label accuracy: 1.0000
2026-09-17 19:49:21 | INFO | Result | Correct: True | Running Accuracy: 57.79% | Termination: cot_sc_majority | Steps: 21 | Tool calls: 0 | Latency: 7.991s
2026-09-17 19:49:21 | INFO | Prediction: SUPPORTS
2026-09-17 19:49:21 | INFO | Gold: SUPPORTS
2026-09-17 19:49:21 | INFO | Winning label: SUPPORTS
2026-09-17 19:49:21 | INFO | Winning count: 21/21
2026-09-17 19:49:21 | INFO | Votes: {'SUPPORTS': 21}
2026-09-17 19:49:21 | INFO | Label accuracy: 1.0000
2026-09-17 19:49:21 | INFO | Result | Correct: True | Running Accuracy: 57.91% | Termination: cot_sc_majority | Steps: 21 | Tool calls: 0 | Latency: 7.991s
2026-09-17 19:49:21 | INFO | Prediction: NOT ENOUGH INFO
2026-09-17 19:49:21 | INFO | Gold: NOT ENOUGH INFO
2026-09-17 19:49:21 | INFO | Winning label: NOT ENOUGH INFO
2026-09-17 19:49:21 | INFO | Winning count: 20/21
2026-09-17 19:49:21 | INFO | Votes: {'NOT ENOUGH INFO': 20}
2026-09-17 19:49:21 | INFO | Label accuracy: 1.0000
2026-09-17 19:49:21 | INFO | Result | Correct: True | Running Accuracy: 58.03% | Termination: cot_sc_majority | Steps: 21 | Tool calls: 0 | Latency: 7.991s
2026-09-17 19:49:21 | INFO | Prediction: SUPPORTS
2026-09-17 19:49:21 | INFO | Gold: NOT ENOUGH INFO
2026-09-17 19:49:21 | INFO | Winning label: SUPPORTS
2026-09-17 19:49:21 | INFO | Winning count: 15/21
2026-09-17 19:49:21 | INFO | Votes: {'SUPPORTS': 15, 'REFUTES': 4, 'NOT ENOUGH INFO': 1}
2026-09-17 19:49:21 | INFO | Label accuracy: 0.0000
2026-09-17 19:49:21 | INFO | Result | Correct: False | Running Accuracy: 57.87% | Termination: cot_sc_majority | Steps: 21 | Tool calls: 0 | Latency: 7.991s
2026-09-17 19:49:21 | INFO | Prediction: NOT ENOUGH INFO
2026-09-17 19:49:21 | INFO | Gold: REFUTES
2026-09-17 19:49:21 | INFO | Winning label: NOT ENOUGH INFO
2026-09-17 19:49:21 | INFO | Winning count: 17/21
2026-09-17 19:49:21 | INFO | Votes: {'NOT ENOUGH INFO': 17, 'REFUTES': 2, 'SUPPORTS': 1}
2026-09-17 19:49:21 | INFO | Label accuracy: 0.0000
2026-09-17 19:49:21 | INFO | Result | Correct: False | Running Accuracy: 57.70% | Termination: cot_sc_majority | Steps: 21 | Tool calls: 0 | Latency: 7.991s
2026-09-17 19:49:21 | INFO | Prediction: SUPPORTS
2026-09-17 19:49:21 | INFO | Gold: NOT ENOUGH INFO
2026-09-17 19:49:21 | INFO | Winning label: SUPPORTS
2026-09-17 19:49:21 | INFO | Winning count: 17/21
2026-09-17 19:49:21 | INFO | Votes: {'SUPPORTS': 17, 'REFUTES': 3}
2026-09-17 19:49:21 | INFO | Label accuracy: 0.0000
2026-09-17 19:49:21 | INFO | Result | Correct: False | Running Accuracy: 57.54% | Termination: cot_sc_majority | Steps: 21 | Tool calls: 0 | Latency: 7.991s
2026-09-17 19:49:21 | INFO | Prediction: SUPPORTS
2026-09-17 19:49:21 | INFO | Gold: NOT ENOUGH INFO
2026-09-17 19:49:21 | INFO | Winning label: SUPPORTS
2026-09-17 19:49:21 | INFO | Winning count: 19/21
2026-09-17 19:49:21 | INFO | Votes: {'SUPPORTS': 19, 'NOT ENOUGH INFO': 2}
2026-09-17 19:49:21 | INFO | Label accuracy: 0.0000
2026-09-17 19:49:21 | INFO | Result | Correct: False | Running Accuracy: 57.38% | Termination: cot_sc_majority | Steps: 21 | Tool calls: 0 | Latency: 7.991s
2026-09-17 19:49:21 | INFO | Prediction: NOT ENOUGH INFO
2026-09-17 19:49:21 | INFO | Gold: REFUTES
2026-09-17 19:49:21 | INFO | Winning label: NOT ENOUGH INFO
2026-09-17 19:49:21 | INFO | Winning count: 20/21
2026-09-17 19:49:21 | INFO | Votes: {'NOT ENOUGH INFO': 20, 'SUPPORTS': 1}
2026-09-17 19:49:21 | INFO | Label accuracy: 0.0000
2026-09-17 19:49:21 | INFO | Result | Correct: False | Running Accuracy: 57.22% | Termination: cot_sc_majority | Steps: 21 | Tool calls: 0 | Latency: 7.991s
2026-09-17 19:49:21 | INFO | Prediction: SUPPORTS
2026-09-17 19:49:21 | INFO | Gold: REFUTES
2026-09-17 19:49:21 | INFO | Winning label: SUPPORTS
2026-09-17 19:49:21 | INFO | Winning count: 13/21
2026-09-17 19:49:21 | INFO | Votes: {'SUPPORTS': 13, 'REFUTES': 5, 'NOT ENOUGH INFO': 3}
2026-09-17 19:49:21 | INFO | Label accuracy: 0.0000
2026-09-17 19:49:21 | INFO | Result | Correct: False | Running Accuracy: 57.06% | Termination: cot_sc_majority | Steps: 21 | Tool calls: 0 | Latency: 7.991s
2026-09-17 19:49:21 | INFO | Prediction: NOT ENOUGH INFO
2026-09-17 19:49:21 | INFO | Gold: NOT ENOUGH INFO
2026-09-17 19:49:21 | INFO | Winning label: NOT ENOUGH INFO
2026-09-17 19:49:21 | INFO | Winning count: 19/21
2026-09-17 19:49:21 | INFO | Votes: {'NOT ENOUGH INFO': 19, 'REFUTES': 2}
2026-09-17 19:49:21 | INFO | Label accuracy: 1.0000
2026-09-17 19:49:21 | INFO | Result | Correct: True | Running Accuracy: 57.18% | Termination: cot_sc_majority | Steps: 21 | Tool calls: 0 | Latency: 7.991s
2026-09-17 19:49:21 | INFO | Prediction: SUPPORTS
2026-09-17 19:49:21 | INFO | Gold: SUPPORTS
2026-09-17 19:49:21 | INFO | Winning label: SUPPORTS
2026-09-17 19:49:21 | INFO | Winning count: 20/21
2026-09-17 19:49:21 | INFO | Votes: {'SUPPORTS': 20}
2026-09-17 19:49:21 | INFO | Label accuracy: 1.0000
2026-09-17 19:49:21 | INFO | Result | Correct: True | Running Accuracy: 57.30% | Termination: cot_sc_majority | Steps: 21 | Tool calls: 0 | Latency: 7.991s
2026-09-17 19:49:21 | INFO | Prediction: REFUTES
2026-09-17 19:49:21 | INFO | Gold: NOT ENOUGH INFO
2026-09-17 19:49:21 | INFO | Winning label: REFUTES
2026-09-17 19:49:21 | INFO | Winning count: 12/21
2026-09-17 19:49:21 | INFO | Votes: {'REFUTES': 12, 'NOT ENOUGH INFO': 8}
2026-09-17 19:49:21 | INFO | Label accuracy: 0.0000
2026-09-17 19:49:21 | INFO | Result | Correct: False | Running Accuracy: 57.14% | Termination: cot_sc_majority | Steps: 21 | Tool calls: 0 | Latency: 7.991s
2026-09-17 19:49:21 | INFO | Prediction: NOT ENOUGH INFO
2026-09-17 19:49:21 | INFO | Gold: REFUTES
2026-09-17 19:49:21 | INFO | Winning label: NOT ENOUGH INFO
2026-09-17 19:49:21 | INFO | Winning count: 10/21
2026-09-17 19:49:21 | INFO | Votes: {'NOT ENOUGH INFO': 10, 'REFUTES': 7}
2026-09-17 19:49:21 | INFO | Label accuracy: 0.0000
2026-09-17 19:49:21 | INFO | Result | Correct: False | Running Accuracy: 56.99% | Termination: cot_sc_plurality | Steps: 21 | Tool calls: 0 | Latency: 7.991s
2026-09-17 19:49:21 | INFO | Prediction: NOT ENOUGH INFO
2026-09-17 19:49:21 | INFO | Gold: REFUTES
2026-09-17 19:49:21 | INFO | Winning label: NOT ENOUGH INFO
2026-09-17 19:49:21 | INFO | Winning count: 18/21
2026-09-17 19:49:21 | INFO | Votes: {'NOT ENOUGH INFO': 18, 'SUPPORTS': 3}
2026-09-17 19:49:21 | INFO | Label accuracy: 0.0000
2026-09-17 19:49:21 | INFO | Result | Correct: False | Running Accuracy: 56.83% | Termination: cot_sc_majority | Steps: 21 | Tool calls: 0 | Latency: 7.991s
2026-09-17 19:49:21 | INFO | Prediction: NOT ENOUGH INFO
2026-09-17 19:49:21 | INFO | Gold: SUPPORTS
2026-09-17 19:49:21 | INFO | Winning label: NOT ENOUGH INFO
2026-09-17 19:49:21 | INFO | Winning count: 11/21
2026-09-17 19:49:21 | INFO | Votes: {'NOT ENOUGH INFO': 11, 'SUPPORTS': 9}
2026-09-17 19:49:21 | INFO | Label accuracy: 0.0000
2026-09-17 19:49:21 | INFO | Result | Correct: False | Running Accuracy: 56.68% | Termination: cot_sc_majority | Steps: 21 | Tool calls: 0 | Latency: 7.991s
2026-09-17 19:49:21 | INFO | Prediction: NOT ENOUGH INFO
2026-09-17 19:49:21 | INFO | Gold: REFUTES
2026-09-17 19:49:21 | INFO | Winning label: NOT ENOUGH INFO
2026-09-17 19:49:21 | INFO | Winning count: 15/21
2026-09-17 19:49:21 | INFO | Votes: {'NOT ENOUGH INFO': 15, 'REFUTES': 5}
2026-09-17 19:49:21 | INFO | Label accuracy: 0.0000
2026-09-17 19:49:21 | INFO | Result | Correct: False | Running Accuracy: 56.52% | Termination: cot_sc_majority | Steps: 21 | Tool calls: 0 | Latency: 7.991s
2026-09-17 19:49:21 | INFO | Inference batch [369-384/500] size=16
2026-09-17 19:49:21 | INFO | [369/500] example_id=203996
2026-09-17 19:49:21 | INFO | Claim: The website Glee.com was first launched in 2010.
2026-09-17 19:49:21 | INFO | [370/500] example_id=199425
2026-09-17 19:49:21 | INFO | Claim: Mason Evans, Jr. was assassinated in Texas.
2026-09-17 19:49:21 | INFO | [371/500] example_id=5980
2026-09-17 19:49:21 | INFO | Claim: Camden, New Jersey is the home of Yale School of Medicine.
2026-09-17 19:49:21 | INFO | [372/500] example_id=149869
2026-09-17 19:49:21 | INFO | Claim: Seohyun is a director.
2026-09-17 19:49:21 | INFO | [373/500] example_id=120235
2026-09-17 19:49:21 | INFO | Claim: Caroline Kennedy is Japanese.
2026-09-17 19:49:21 | INFO | [374/500] example_id=48948
2026-09-17 19:49:21 | INFO | Claim: Ashley Graham has appeared on America's Next Top Model.
2026-09-17 19:49:21 | INFO | [375/500] example_id=205641
2026-09-17 19:49:21 | INFO | Claim: St. Anger was released by Hillary Clinton.
2026-09-17 19:49:21 | INFO | [376/500] example_id=160424
2026-09-17 19:49:21 | INFO | Claim: in 2015, Gal Gadot was ranked ahead of Shlomit Malka for highest earning actress/models in Israel.
2026-09-17 19:49:21 | INFO | [377/500] example_id=47540
2026-09-17 19:49:21 | INFO | Claim: Bethany Hamilton was a victim of a bear attack.
2026-09-17 19:49:21 | INFO | [378/500] example_id=111807
2026-09-17 19:49:21 | INFO | Claim: Highway to Heaven is the longest running American television series.
2026-09-17 19:49:21 | INFO | [379/500] example_id=165241
2026-09-17 19:49:21 | INFO | Claim: Phillip Glass has listened to numerous operas.
2026-09-17 19:49:21 | INFO | [380/500] example_id=18316
2026-09-17 19:49:21 | INFO | Claim: The horse began to become domesticated around 2000 BC.
2026-09-17 19:49:21 | INFO | [381/500] example_id=205749
2026-09-17 19:49:21 | INFO | Claim: First Motion Picture Unit produced scary films.
2026-09-17 19:49:21 | INFO | [382/500] example_id=195008
2026-09-17 19:49:21 | INFO | Claim: Girl is by an American singer.
2026-09-17 19:49:21 | INFO | [383/500] example_id=70049
2026-09-17 19:49:21 | INFO | Claim: Croatia is harmful to tourists.
2026-09-17 19:49:21 | INFO | [384/500] example_id=138301
2026-09-17 19:49:21 | INFO | Claim: Birthday Song (2 Chainz song) was produced by a producer.
2026-09-17 19:51:25 | INFO | Prediction: SUPPORTS
2026-09-17 19:51:25 | INFO | Gold: REFUTES
2026-09-17 19:51:25 | INFO | Winning label: SUPPORTS
2026-09-17 19:51:25 | INFO | Winning count: 10/21
2026-09-17 19:51:25 | INFO | Votes: {'SUPPORTS': 10, 'NOT ENOUGH INFO': 6, 'REFUTES': 5}
2026-09-17 19:51:25 | INFO | Label accuracy: 0.0000
2026-09-17 19:51:25 | INFO | Result | Correct: False | Running Accuracy: 56.37% | Termination: cot_sc_plurality | Steps: 21 | Tool calls: 0 | Latency: 7.791s
2026-09-17 19:51:25 | INFO | Prediction: NOT ENOUGH INFO
2026-09-17 19:51:25 | INFO | Gold: NOT ENOUGH INFO
2026-09-17 19:51:25 | INFO | Winning label: NOT ENOUGH INFO
2026-09-17 19:51:25 | INFO | Winning count: 20/21
2026-09-17 19:51:25 | INFO | Votes: {'NOT ENOUGH INFO': 20, 'REFUTES': 1}
2026-09-17 19:51:25 | INFO | Label accuracy: 1.0000
2026-09-17 19:51:25 | INFO | Result | Correct: True | Running Accuracy: 56.49% | Termination: cot_sc_majority | Steps: 21 | Tool calls: 0 | Latency: 7.791s
2026-09-17 19:51:25 | INFO | Prediction: REFUTES
2026-09-17 19:51:25 | INFO | Gold: REFUTES
2026-09-17 19:51:25 | INFO | Winning label: REFUTES
2026-09-17 19:51:25 | INFO | Winning count: 21/21
2026-09-17 19:51:25 | INFO | Votes: {'REFUTES': 21}
2026-09-17 19:51:25 | INFO | Label accuracy: 1.0000
2026-09-17 19:51:25 | INFO | Result | Correct: True | Running Accuracy: 56.60% | Termination: cot_sc_majority | Steps: 21 | Tool calls: 0 | Latency: 7.791s
2026-09-17 19:51:25 | INFO | Prediction: REFUTES
2026-09-17 19:51:25 | INFO | Gold: NOT ENOUGH INFO
2026-09-17 19:51:25 | INFO | Winning label: REFUTES
2026-09-17 19:51:25 | INFO | Winning count: 21/21
2026-09-17 19:51:25 | INFO | Votes: {'REFUTES': 21}
2026-09-17 19:51:25 | INFO | Label accuracy: 0.0000
2026-09-17 19:51:25 | INFO | Result | Correct: False | Running Accuracy: 56.45% | Termination: cot_sc_majority | Steps: 21 | Tool calls: 0 | Latency: 7.791s
2026-09-17 19:51:25 | INFO | Prediction: REFUTES
2026-09-17 19:51:25 | INFO | Gold: NOT ENOUGH INFO
2026-09-17 19:51:25 | INFO | Winning label: REFUTES
2026-09-17 19:51:25 | INFO | Winning count: 21/21
2026-09-17 19:51:25 | INFO | Votes: {'REFUTES': 21}
2026-09-17 19:51:25 | INFO | Label accuracy: 0.0000
2026-09-17 19:51:25 | INFO | Result | Correct: False | Running Accuracy: 56.30% | Termination: cot_sc_majority | Steps: 21 | Tool calls: 0 | Latency: 7.791s
2026-09-17 19:51:25 | INFO | Prediction: SUPPORTS
2026-09-17 19:51:25 | INFO | Gold: NOT ENOUGH INFO
2026-09-17 19:51:25 | INFO | Winning label: SUPPORTS
2026-09-17 19:51:25 | INFO | Winning count: 21/21
2026-09-17 19:51:25 | INFO | Votes: {'SUPPORTS': 21}
2026-09-17 19:51:25 | INFO | Label accuracy: 0.0000
2026-09-17 19:51:25 | INFO | Result | Correct: False | Running Accuracy: 56.15% | Termination: cot_sc_majority | Steps: 21 | Tool calls: 0 | Latency: 7.791s
2026-09-17 19:51:25 | INFO | Prediction: REFUTES
2026-09-17 19:51:25 | INFO | Gold: REFUTES
2026-09-17 19:51:25 | INFO | Winning label: REFUTES
2026-09-17 19:51:25 | INFO | Winning count: 20/21
2026-09-17 19:51:25 | INFO | Votes: {'REFUTES': 20, 'NOT ENOUGH INFO': 1}
2026-09-17 19:51:25 | INFO | Label accuracy: 1.0000
2026-09-17 19:51:25 | INFO | Result | Correct: True | Running Accuracy: 56.27% | Termination: cot_sc_majority | Steps: 21 | Tool calls: 0 | Latency: 7.791s
2026-09-17 19:51:25 | INFO | Prediction: NOT ENOUGH INFO
2026-09-17 19:51:25 | INFO | Gold: NOT ENOUGH INFO
2026-09-17 19:51:25 | INFO | Winning label: NOT ENOUGH INFO
2026-09-17 19:51:25 | INFO | Winning count: 20/21
2026-09-17 19:51:25 | INFO | Votes: {'NOT ENOUGH INFO': 20, 'REFUTES': 1}
2026-09-17 19:51:25 | INFO | Label accuracy: 1.0000
2026-09-17 19:51:25 | INFO | Result | Correct: True | Running Accuracy: 56.38% | Termination: cot_sc_majority | Steps: 21 | Tool calls: 0 | Latency: 7.791s
2026-09-17 19:51:25 | INFO | Prediction: REFUTES
2026-09-17 19:51:25 | INFO | Gold: NOT ENOUGH INFO
2026-09-17 19:51:25 | INFO | Winning label: REFUTES
2026-09-17 19:51:25 | INFO | Winning count: 21/21
2026-09-17 19:51:25 | INFO | Votes: {'REFUTES': 21}
2026-09-17 19:51:25 | INFO | Label accuracy: 0.0000
2026-09-17 19:51:25 | INFO | Result | Correct: False | Running Accuracy: 56.23% | Termination: cot_sc_majority | Steps: 21 | Tool calls: 0 | Latency: 7.791s
2026-09-17 19:51:25 | INFO | Prediction: REFUTES
2026-09-17 19:51:25 | INFO | Gold: NOT ENOUGH INFO
2026-09-17 19:51:25 | INFO | Winning label: REFUTES
2026-09-17 19:51:25 | INFO | Winning count: 17/21
2026-09-17 19:51:25 | INFO | Votes: {'REFUTES': 17, 'NOT ENOUGH INFO': 4}
2026-09-17 19:51:25 | INFO | Label accuracy: 0.0000
2026-09-17 19:51:25 | INFO | Result | Correct: False | Running Accuracy: 56.08% | Termination: cot_sc_majority | Steps: 21 | Tool calls: 0 | Latency: 7.791s
2026-09-17 19:51:25 | INFO | Prediction: NOT ENOUGH INFO
2026-09-17 19:51:25 | INFO | Gold: NOT ENOUGH INFO
2026-09-17 19:51:25 | INFO | Winning label: NOT ENOUGH INFO
2026-09-17 19:51:25 | INFO | Winning count: 20/21
2026-09-17 19:51:25 | INFO | Votes: {'NOT ENOUGH INFO': 20, 'SUPPORTS': 1}
2026-09-17 19:51:25 | INFO | Label accuracy: 1.0000
2026-09-17 19:51:25 | INFO | Result | Correct: True | Running Accuracy: 56.20% | Termination: cot_sc_majority | Steps: 21 | Tool calls: 0 | Latency: 7.791s
2026-09-17 19:51:25 | INFO | Prediction: REFUTES
2026-09-17 19:51:25 | INFO | Gold: REFUTES
2026-09-17 19:51:25 | INFO | Winning label: REFUTES
2026-09-17 19:51:25 | INFO | Winning count: 12/21
2026-09-17 19:51:25 | INFO | Votes: {'REFUTES': 12, 'SUPPORTS': 8}
2026-09-17 19:51:25 | INFO | Label accuracy: 1.0000
2026-09-17 19:51:25 | INFO | Result | Correct: True | Running Accuracy: 56.32% | Termination: cot_sc_majority | Steps: 21 | Tool calls: 0 | Latency: 7.791s
2026-09-17 19:51:25 | INFO | Prediction: REFUTES
2026-09-17 19:51:25 | INFO | Gold: NOT ENOUGH INFO
2026-09-17 19:51:25 | INFO | Winning label: REFUTES
2026-09-17 19:51:25 | INFO | Winning count: 12/21
2026-09-17 19:51:25 | INFO | Votes: {'REFUTES': 12, 'NOT ENOUGH INFO': 9}
2026-09-17 19:51:25 | INFO | Label accuracy: 0.0000
2026-09-17 19:51:25 | INFO | Result | Correct: False | Running Accuracy: 56.17% | Termination: cot_sc_majority | Steps: 21 | Tool calls: 0 | Latency: 7.791s
2026-09-17 19:51:25 | INFO | Prediction: SUPPORTS
2026-09-17 19:51:25 | INFO | Gold: SUPPORTS
2026-09-17 19:51:25 | INFO | Winning label: SUPPORTS
2026-09-17 19:51:25 | INFO | Winning count: 12/21
2026-09-17 19:51:25 | INFO | Votes: {'SUPPORTS': 12, 'REFUTES': 5, 'NOT ENOUGH INFO': 4}
2026-09-17 19:51:25 | INFO | Label accuracy: 1.0000
2026-09-17 19:51:25 | INFO | Result | Correct: True | Running Accuracy: 56.28% | Termination: cot_sc_majority | Steps: 21 | Tool calls: 0 | Latency: 7.791s
2026-09-17 19:51:25 | INFO | Prediction: NOT ENOUGH INFO
2026-09-17 19:51:26 | INFO | Gold: NOT ENOUGH INFO
2026-09-17 19:51:26 | INFO | Winning label: NOT ENOUGH INFO
2026-09-17 19:51:26 | INFO | Winning count: 19/21
2026-09-17 19:51:26 | INFO | Votes: {'NOT ENOUGH INFO': 19, 'REFUTES': 1}
2026-09-17 19:51:26 | INFO | Label accuracy: 1.0000
2026-09-17 19:51:26 | INFO | Result | Correct: True | Running Accuracy: 56.40% | Termination: cot_sc_majority | Steps: 21 | Tool calls: 0 | Latency: 7.791s
2026-09-17 19:51:26 | INFO | Prediction: SUPPORTS
2026-09-17 19:51:26 | INFO | Gold: SUPPORTS
2026-09-17 19:51:26 | INFO | Winning label: SUPPORTS
2026-09-17 19:51:26 | INFO | Winning count: 16/21
2026-09-17 19:51:26 | INFO | Votes: {'SUPPORTS': 16, 'NOT ENOUGH INFO': 2}
2026-09-17 19:51:26 | INFO | Label accuracy: 1.0000
2026-09-17 19:51:26 | INFO | Result | Correct: True | Running Accuracy: 56.51% | Termination: cot_sc_majority | Steps: 21 | Tool calls: 0 | Latency: 7.791s
2026-09-17 19:51:26 | INFO | Inference batch [385-400/500] size=16
2026-09-17 19:51:26 | INFO | [385/500] example_id=202789
2026-09-17 19:51:26 | INFO | Claim: Despicable Me 2 was produced for Universal Pictures in 2014.
2026-09-17 19:51:26 | INFO | [386/500] example_id=74871
2026-09-17 19:51:26 | INFO | Claim: The Greek language is spoken in novels.
2026-09-17 19:51:26 | INFO | [387/500] example_id=140019
2026-09-17 19:51:26 | INFO | Claim: West Ham United F.C. was founded by two men.
2026-09-17 19:51:26 | INFO | [388/500] example_id=55821
2026-09-17 19:51:26 | INFO | Claim: Michael B. Jordan is a director.
2026-09-17 19:51:26 | INFO | [389/500] example_id=64986
2026-09-17 19:51:26 | INFO | Claim: Nuuk is the largest economic center in autumn.
2026-09-17 19:51:26 | INFO | [390/500] example_id=89167
2026-09-17 19:51:26 | INFO | Claim: Harris Jayaraj is an Indian man.
2026-09-17 19:51:26 | INFO | [391/500] example_id=54731
2026-09-17 19:51:26 | INFO | Claim: Thomas Jefferson was a presidential scholar.
2026-09-17 19:51:26 | INFO | [392/500] example_id=90554
2026-09-17 19:51:26 | INFO | Claim: Shooter features the character Edward Cullen.
2026-09-17 19:51:26 | INFO | [393/500] example_id=183601
2026-09-17 19:51:26 | INFO | Claim: Finding Dory was written by a Finn.
2026-09-17 19:51:26 | INFO | [394/500] example_id=187117
2026-09-17 19:51:26 | INFO | Claim: Eva Mendes has only ever been a singer.
2026-09-17 19:51:26 | INFO | [395/500] example_id=46384
2026-09-17 19:51:26 | INFO | Claim: The White House Press Secretary is a senior White House official.
2026-09-17 19:51:26 | INFO | [396/500] example_id=54015
2026-09-17 19:51:26 | INFO | Claim: Annette Badland played Doomsday Dora in The Sparticle Mystery.
2026-09-17 19:51:26 | INFO | [397/500] example_id=202932
2026-09-17 19:51:26 | INFO | Claim: In 2007, on the day before Halloween, Avenged Sevenfold was released.
2026-09-17 19:51:26 | INFO | [398/500] example_id=25894
2026-09-17 19:51:26 | INFO | Claim: Angelsberg had a population of 283 in 2008.
2026-09-17 19:51:26 | INFO | [399/500] example_id=370
2026-09-17 19:51:26 | INFO | Claim: The State of Palestine claims a territory in East Asia.
2026-09-17 19:51:26 | INFO | [400/500] example_id=101716
2026-09-17 19:51:26 | INFO | Claim: Ingushetia was established on the 2nd.
2026-09-17 19:53:31 | INFO | Prediction: REFUTES
2026-09-17 19:53:31 | INFO | Gold: REFUTES
2026-09-17 19:53:31 | INFO | Winning label: REFUTES
2026-09-17 19:53:31 | INFO | Winning count: 19/21
2026-09-17 19:53:31 | INFO | Votes: {'REFUTES': 19, 'SUPPORTS': 1, 'NOT ENOUGH INFO': 1}
2026-09-17 19:53:31 | INFO | Label accuracy: 1.0000
2026-09-17 19:53:31 | INFO | Result | Correct: True | Running Accuracy: 56.62% | Termination: cot_sc_majority | Steps: 21 | Tool calls: 0 | Latency: 7.829s
2026-09-17 19:53:31 | INFO | Prediction: NOT ENOUGH INFO
2026-09-17 19:53:31 | INFO | Gold: NOT ENOUGH INFO
2026-09-17 19:53:31 | INFO | Winning label: NOT ENOUGH INFO
2026-09-17 19:53:31 | INFO | Winning count: 14/21
2026-09-17 19:53:31 | INFO | Votes: {'NOT ENOUGH INFO': 14, 'SUPPORTS': 6}
2026-09-17 19:53:31 | INFO | Label accuracy: 1.0000
2026-09-17 19:53:31 | INFO | Result | Correct: True | Running Accuracy: 56.74% | Termination: cot_sc_majority | Steps: 21 | Tool calls: 0 | Latency: 7.829s
2026-09-17 19:53:31 | INFO | Prediction: SUPPORTS
2026-09-17 19:53:31 | INFO | Gold: NOT ENOUGH INFO
2026-09-17 19:53:31 | INFO | Winning label: SUPPORTS
2026-09-17 19:53:31 | INFO | Winning count: 13/21
2026-09-17 19:53:31 | INFO | Votes: {'SUPPORTS': 13, 'REFUTES': 6, 'NOT ENOUGH INFO': 2}
2026-09-17 19:53:31 | INFO | Label accuracy: 0.0000
2026-09-17 19:53:31 | INFO | Result | Correct: False | Running Accuracy: 56.59% | Termination: cot_sc_majority | Steps: 21 | Tool calls: 0 | Latency: 7.829s
2026-09-17 19:53:31 | INFO | Prediction: REFUTES
2026-09-17 19:53:31 | INFO | Gold: NOT ENOUGH INFO
2026-09-17 19:53:31 | INFO | Winning label: REFUTES
2026-09-17 19:53:31 | INFO | Winning count: 8/21
2026-09-17 19:53:31 | INFO | Votes: {'REFUTES': 8, 'SUPPORTS': 4, 'NOT ENOUGH INFO': 4}
2026-09-17 19:53:31 | INFO | Label accuracy: 0.0000
2026-09-17 19:53:31 | INFO | Result | Correct: False | Running Accuracy: 56.44% | Termination: cot_sc_plurality | Steps: 21 | Tool calls: 0 | Latency: 7.829s
2026-09-17 19:53:31 | INFO | Prediction: NOT ENOUGH INFO
2026-09-17 19:53:31 | INFO | Gold: NOT ENOUGH INFO
2026-09-17 19:53:31 | INFO | Winning label: NOT ENOUGH INFO
2026-09-17 19:53:31 | INFO | Winning count: 20/21
2026-09-17 19:53:31 | INFO | Votes: {'NOT ENOUGH INFO': 20}
2026-09-17 19:53:31 | INFO | Label accuracy: 1.0000
2026-09-17 19:53:31 | INFO | Result | Correct: True | Running Accuracy: 56.56% | Termination: cot_sc_majority | Steps: 21 | Tool calls: 0 | Latency: 7.829s
2026-09-17 19:53:31 | INFO | Prediction: SUPPORTS
2026-09-17 19:53:31 | INFO | Gold: SUPPORTS
2026-09-17 19:53:31 | INFO | Winning label: SUPPORTS
2026-09-17 19:53:31 | INFO | Winning count: 20/21
2026-09-17 19:53:31 | INFO | Votes: {'SUPPORTS': 20, 'NOT ENOUGH INFO': 1}
2026-09-17 19:53:31 | INFO | Label accuracy: 1.0000
2026-09-17 19:53:31 | INFO | Result | Correct: True | Running Accuracy: 56.67% | Termination: cot_sc_majority | Steps: 21 | Tool calls: 0 | Latency: 7.829s
2026-09-17 19:53:31 | INFO | Prediction: NOT ENOUGH INFO
2026-09-17 19:53:31 | INFO | Gold: NOT ENOUGH INFO
2026-09-17 19:53:31 | INFO | Winning label: NOT ENOUGH INFO
2026-09-17 19:53:31 | INFO | Winning count: 11/21
2026-09-17 19:53:31 | INFO | Votes: {'NOT ENOUGH INFO': 11, 'REFUTES': 10}
2026-09-17 19:53:31 | INFO | Label accuracy: 1.0000
2026-09-17 19:53:31 | INFO | Result | Correct: True | Running Accuracy: 56.78% | Termination: cot_sc_majority | Steps: 21 | Tool calls: 0 | Latency: 7.829s
2026-09-17 19:53:31 | INFO | Prediction: REFUTES
2026-09-17 19:53:31 | INFO | Gold: NOT ENOUGH INFO
2026-09-17 19:53:31 | INFO | Winning label: REFUTES
2026-09-17 19:53:31 | INFO | Winning count: 21/21
2026-09-17 19:53:31 | INFO | Votes: {'REFUTES': 21}
2026-09-17 19:53:31 | INFO | Label accuracy: 0.0000
2026-09-17 19:53:31 | INFO | Result | Correct: False | Running Accuracy: 56.63% | Termination: cot_sc_majority | Steps: 21 | Tool calls: 0 | Latency: 7.829s
2026-09-17 19:53:31 | INFO | Prediction: REFUTES
2026-09-17 19:53:31 | INFO | Gold: NOT ENOUGH INFO
2026-09-17 19:53:31 | INFO | Winning label: REFUTES
2026-09-17 19:53:31 | INFO | Winning count: 17/21
2026-09-17 19:53:31 | INFO | Votes: {'REFUTES': 17, 'NOT ENOUGH INFO': 4}
2026-09-17 19:53:31 | INFO | Label accuracy: 0.0000
2026-09-17 19:53:31 | INFO | Result | Correct: False | Running Accuracy: 56.49% | Termination: cot_sc_majority | Steps: 21 | Tool calls: 0 | Latency: 7.829s
2026-09-17 19:53:31 | INFO | Prediction: REFUTES
2026-09-17 19:53:31 | INFO | Gold: REFUTES
2026-09-17 19:53:31 | INFO | Winning label: REFUTES
2026-09-17 19:53:31 | INFO | Winning count: 21/21
2026-09-17 19:53:31 | INFO | Votes: {'REFUTES': 21}
2026-09-17 19:53:31 | INFO | Label accuracy: 1.0000
2026-09-17 19:53:31 | INFO | Result | Correct: True | Running Accuracy: 56.60% | Termination: cot_sc_majority | Steps: 21 | Tool calls: 0 | Latency: 7.829s
2026-09-17 19:53:31 | INFO | Prediction: SUPPORTS
2026-09-17 19:53:31 | INFO | Gold: SUPPORTS
2026-09-17 19:53:31 | INFO | Winning label: SUPPORTS
2026-09-17 19:53:31 | INFO | Winning count: 21/21
2026-09-17 19:53:31 | INFO | Votes: {'SUPPORTS': 21}
2026-09-17 19:53:31 | INFO | Label accuracy: 1.0000
2026-09-17 19:53:31 | INFO | Result | Correct: True | Running Accuracy: 56.71% | Termination: cot_sc_majority | Steps: 21 | Tool calls: 0 | Latency: 7.829s
2026-09-17 19:53:31 | INFO | Prediction: NOT ENOUGH INFO
2026-09-17 19:53:31 | INFO | Gold: SUPPORTS
2026-09-17 19:53:31 | INFO | Winning label: NOT ENOUGH INFO
2026-09-17 19:53:31 | INFO | Winning count: 11/21
2026-09-17 19:53:31 | INFO | Votes: {'NOT ENOUGH INFO': 11, 'SUPPORTS': 9}
2026-09-17 19:53:31 | INFO | Label accuracy: 0.0000
2026-09-17 19:53:31 | INFO | Result | Correct: False | Running Accuracy: 56.57% | Termination: cot_sc_majority | Steps: 21 | Tool calls: 0 | Latency: 7.829s
2026-09-17 19:53:31 | INFO | Prediction: NOT ENOUGH INFO
2026-09-17 19:53:31 | INFO | Gold: SUPPORTS
2026-09-17 19:53:31 | INFO | Winning label: NOT ENOUGH INFO
2026-09-17 19:53:31 | INFO | Winning count: 16/21
2026-09-17 19:53:31 | INFO | Votes: {'NOT ENOUGH INFO': 16, 'REFUTES': 4}
2026-09-17 19:53:31 | INFO | Label accuracy: 0.0000
2026-09-17 19:53:31 | INFO | Result | Correct: False | Running Accuracy: 56.42% | Termination: cot_sc_majority | Steps: 21 | Tool calls: 0 | Latency: 7.829s
2026-09-17 19:53:31 | INFO | Prediction: NOT ENOUGH INFO
2026-09-17 19:53:31 | INFO | Gold: NOT ENOUGH INFO
2026-09-17 19:53:31 | INFO | Winning label: NOT ENOUGH INFO
2026-09-17 19:53:31 | INFO | Winning count: 21/21
2026-09-17 19:53:31 | INFO | Votes: {'NOT ENOUGH INFO': 21}
2026-09-17 19:53:31 | INFO | Label accuracy: 1.0000
2026-09-17 19:53:31 | INFO | Result | Correct: True | Running Accuracy: 56.53% | Termination: cot_sc_majority | Steps: 21 | Tool calls: 0 | Latency: 7.829s
2026-09-17 19:53:31 | INFO | Prediction: REFUTES
2026-09-17 19:53:31 | INFO | Gold: REFUTES
2026-09-17 19:53:31 | INFO | Winning label: REFUTES
2026-09-17 19:53:31 | INFO | Winning count: 21/21
2026-09-17 19:53:31 | INFO | Votes: {'REFUTES': 21}
2026-09-17 19:53:31 | INFO | Label accuracy: 1.0000
2026-09-17 19:53:31 | INFO | Result | Correct: True | Running Accuracy: 56.64% | Termination: cot_sc_majority | Steps: 21 | Tool calls: 0 | Latency: 7.829s
2026-09-17 19:53:31 | INFO | Prediction: NOT ENOUGH INFO
2026-09-17 19:53:31 | INFO | Gold: REFUTES
2026-09-17 19:53:31 | INFO | Winning label: NOT ENOUGH INFO
2026-09-17 19:53:31 | INFO | Winning count: 17/21
2026-09-17 19:53:31 | INFO | Votes: {'NOT ENOUGH INFO': 17, 'REFUTES': 4}
2026-09-17 19:53:31 | INFO | Label accuracy: 0.0000
2026-09-17 19:53:31 | INFO | Result | Correct: False | Running Accuracy: 56.50% | Termination: cot_sc_majority | Steps: 21 | Tool calls: 0 | Latency: 7.829s
2026-09-17 19:53:31 | INFO | Inference batch [401-416/500] size=16
2026-09-17 19:53:31 | INFO | [401/500] example_id=55647
2026-09-17 19:53:31 | INFO | Claim: Same Old Love is from the album Don't Forget.
2026-09-17 19:53:31 | INFO | [402/500] example_id=135681
2026-09-17 19:53:31 | INFO | Claim: Blade Runner 2049 stars Keanu Reeves.
2026-09-17 19:53:31 | INFO | [403/500] example_id=166907
2026-09-17 19:53:31 | INFO | Claim: Johanna Braddy starred in a game show tv series in 2015.
2026-09-17 19:53:31 | INFO | [404/500] example_id=112163
2026-09-17 19:53:31 | INFO | Claim: Knocked Up was released worldwide in 2003.
2026-09-17 19:53:31 | INFO | [405/500] example_id=74799
2026-09-17 19:53:31 | INFO | Claim: Sandra Bullock was a director.
2026-09-17 19:53:31 | INFO | [406/500] example_id=69612
2026-09-17 19:53:31 | INFO | Claim: The horse did not begin to become domesticated around 4000 BC.
2026-09-17 19:53:31 | INFO | [407/500] example_id=105400
2026-09-17 19:53:31 | INFO | Claim: The horse was called a Eohippus when it had multiple houses.
2026-09-17 19:53:31 | INFO | [408/500] example_id=138357
2026-09-17 19:53:31 | INFO | Claim: House ran for 9 seasons.
2026-09-17 19:53:31 | INFO | [409/500] example_id=106296
2026-09-17 19:53:31 | INFO | Claim: Tim McGraw acted in The Blind Side.
2026-09-17 19:53:31 | INFO | [410/500] example_id=95585
2026-09-17 19:53:31 | INFO | Claim: Kesha is an American.
2026-09-17 19:53:31 | INFO | [411/500] example_id=63506
2026-09-17 19:53:31 | INFO | Claim: Reign Over Me stars pretzels.
2026-09-17 19:53:31 | INFO | [412/500] example_id=142855
2026-09-17 19:53:31 | INFO | Claim: Dilwale Dulhania Le Jayenge started filming in September 1994.
2026-09-17 19:53:31 | INFO | [413/500] example_id=9234
2026-09-17 19:53:31 | INFO | Claim: Wilhelmina Slater is portrayed in a comedy-drama television series.
2026-09-17 19:53:31 | INFO | [414/500] example_id=186600
2026-09-17 19:53:31 | INFO | Claim: Asylum Records is an English record label.
2026-09-17 19:53:31 | INFO | [415/500] example_id=26008
2026-09-17 19:53:31 | INFO | Claim: Jackie (2016 film) was directed by Pablo Larrain.
2026-09-17 19:53:31 | INFO | [416/500] example_id=12610
2026-09-17 19:53:31 | INFO | Claim: Paul Nicholls did not play Joe Wicks.
2026-09-17 19:55:25 | INFO | Prediction: SUPPORTS
2026-09-17 19:55:25 | INFO | Gold: REFUTES
2026-09-17 19:55:25 | INFO | Winning label: SUPPORTS
2026-09-17 19:55:25 | INFO | Winning count: 17/21
2026-09-17 19:55:25 | INFO | Votes: {'SUPPORTS': 17, 'REFUTES': 3, 'NOT ENOUGH INFO': 1}
2026-09-17 19:55:25 | INFO | Label accuracy: 0.0000
2026-09-17 19:55:25 | INFO | Result | Correct: False | Running Accuracy: 56.36% | Termination: cot_sc_majority | Steps: 21 | Tool calls: 0 | Latency: 7.105s
2026-09-17 19:55:25 | INFO | Prediction: REFUTES
2026-09-17 19:55:25 | INFO | Gold: NOT ENOUGH INFO
2026-09-17 19:55:25 | INFO | Winning label: REFUTES
2026-09-17 19:55:25 | INFO | Winning count: 21/21
2026-09-17 19:55:25 | INFO | Votes: {'REFUTES': 21}
2026-09-17 19:55:25 | INFO | Label accuracy: 0.0000
2026-09-17 19:55:25 | INFO | Result | Correct: False | Running Accuracy: 56.22% | Termination: cot_sc_majority | Steps: 21 | Tool calls: 0 | Latency: 7.105s
2026-09-17 19:55:25 | INFO | Prediction: NOT ENOUGH INFO
2026-09-17 19:55:25 | INFO | Gold: NOT ENOUGH INFO
2026-09-17 19:55:25 | INFO | Winning label: NOT ENOUGH INFO
2026-09-17 19:55:25 | INFO | Winning count: 19/21
2026-09-17 19:55:25 | INFO | Votes: {'NOT ENOUGH INFO': 19, 'REFUTES': 2}
2026-09-17 19:55:25 | INFO | Label accuracy: 1.0000
2026-09-17 19:55:25 | INFO | Result | Correct: True | Running Accuracy: 56.33% | Termination: cot_sc_majority | Steps: 21 | Tool calls: 0 | Latency: 7.105s
2026-09-17 19:55:25 | INFO | Prediction: REFUTES
2026-09-17 19:55:25 | INFO | Gold: REFUTES
2026-09-17 19:55:25 | INFO | Winning label: REFUTES
2026-09-17 19:55:25 | INFO | Winning count: 21/21
2026-09-17 19:55:25 | INFO | Votes: {'REFUTES': 21}
2026-09-17 19:55:25 | INFO | Label accuracy: 1.0000
2026-09-17 19:55:25 | INFO | Result | Correct: True | Running Accuracy: 56.44% | Termination: cot_sc_majority | Steps: 21 | Tool calls: 0 | Latency: 7.105s
2026-09-17 19:55:25 | INFO | Prediction: SUPPORTS
2026-09-17 19:55:25 | INFO | Gold: NOT ENOUGH INFO
2026-09-17 19:55:25 | INFO | Winning label: SUPPORTS
2026-09-17 19:55:25 | INFO | Winning count: 19/21
2026-09-17 19:55:25 | INFO | Votes: {'SUPPORTS': 19, 'NOT ENOUGH INFO': 1}
2026-09-17 19:55:25 | INFO | Label accuracy: 0.0000
2026-09-17 19:55:25 | INFO | Result | Correct: False | Running Accuracy: 56.30% | Termination: cot_sc_majority | Steps: 21 | Tool calls: 0 | Latency: 7.105s
2026-09-17 19:55:25 | INFO | Prediction: REFUTES
2026-09-17 19:55:25 | INFO | Gold: REFUTES
2026-09-17 19:55:25 | INFO | Winning label: REFUTES
2026-09-17 19:55:25 | INFO | Winning count: 20/21
2026-09-17 19:55:25 | INFO | Votes: {'REFUTES': 20, 'NOT ENOUGH INFO': 1}
2026-09-17 19:55:25 | INFO | Label accuracy: 1.0000
2026-09-17 19:55:25 | INFO | Result | Correct: True | Running Accuracy: 56.40% | Termination: cot_sc_majority | Steps: 21 | Tool calls: 0 | Latency: 7.105s
2026-09-17 19:55:25 | INFO | Prediction: REFUTES
2026-09-17 19:55:25 | INFO | Gold: NOT ENOUGH INFO
2026-09-17 19:55:25 | INFO | Winning label: REFUTES
2026-09-17 19:55:25 | INFO | Winning count: 14/21
2026-09-17 19:55:25 | INFO | Votes: {'REFUTES': 14, 'NOT ENOUGH INFO': 2}
2026-09-17 19:55:25 | INFO | Label accuracy: 0.0000
2026-09-17 19:55:25 | INFO | Result | Correct: False | Running Accuracy: 56.27% | Termination: cot_sc_majority | Steps: 21 | Tool calls: 0 | Latency: 7.105s
2026-09-17 19:55:25 | INFO | Prediction: SUPPORTS
2026-09-17 19:55:25 | INFO | Gold: REFUTES
2026-09-17 19:55:25 | INFO | Winning label: SUPPORTS
2026-09-17 19:55:25 | INFO | Winning count: 19/21
2026-09-17 19:55:25 | INFO | Votes: {'SUPPORTS': 19, 'REFUTES': 2}
2026-09-17 19:55:25 | INFO | Label accuracy: 0.0000
2026-09-17 19:55:25 | INFO | Result | Correct: False | Running Accuracy: 56.13% | Termination: cot_sc_majority | Steps: 21 | Tool calls: 0 | Latency: 7.105s
2026-09-17 19:55:25 | INFO | Prediction: REFUTES
2026-09-17 19:55:25 | INFO | Gold: SUPPORTS
2026-09-17 19:55:25 | INFO | Winning label: REFUTES
2026-09-17 19:55:25 | INFO | Winning count: 21/21
2026-09-17 19:55:25 | INFO | Votes: {'REFUTES': 21}
2026-09-17 19:55:25 | INFO | Label accuracy: 0.0000
2026-09-17 19:55:25 | INFO | Result | Correct: False | Running Accuracy: 55.99% | Termination: cot_sc_majority | Steps: 21 | Tool calls: 0 | Latency: 7.105s
2026-09-17 19:55:25 | INFO | Prediction: SUPPORTS
2026-09-17 19:55:25 | INFO | Gold: SUPPORTS
2026-09-17 19:55:25 | INFO | Winning label: SUPPORTS
2026-09-17 19:55:25 | INFO | Winning count: 20/21
2026-09-17 19:55:25 | INFO | Votes: {'SUPPORTS': 20}
2026-09-17 19:55:25 | INFO | Label accuracy: 1.0000
2026-09-17 19:55:25 | INFO | Result | Correct: True | Running Accuracy: 56.10% | Termination: cot_sc_majority | Steps: 21 | Tool calls: 0 | Latency: 7.105s
2026-09-17 19:55:25 | INFO | Prediction: REFUTES
2026-09-17 19:55:25 | INFO | Gold: REFUTES
2026-09-17 19:55:25 | INFO | Winning label: REFUTES
2026-09-17 19:55:25 | INFO | Winning count: 18/21
2026-09-17 19:55:25 | INFO | Votes: {'REFUTES': 18}
2026-09-17 19:55:25 | INFO | Label accuracy: 1.0000
2026-09-17 19:55:25 | INFO | Result | Correct: True | Running Accuracy: 56.20% | Termination: cot_sc_majority | Steps: 21 | Tool calls: 0 | Latency: 7.105s
2026-09-17 19:55:25 | INFO | Prediction: REFUTES
2026-09-17 19:55:25 | INFO | Gold: SUPPORTS
2026-09-17 19:55:25 | INFO | Winning label: REFUTES
2026-09-17 19:55:25 | INFO | Winning count: 11/21
2026-09-17 19:55:25 | INFO | Votes: {'REFUTES': 11, 'SUPPORTS': 5, 'NOT ENOUGH INFO': 4}
2026-09-17 19:55:25 | INFO | Label accuracy: 0.0000
2026-09-17 19:55:25 | INFO | Result | Correct: False | Running Accuracy: 56.07% | Termination: cot_sc_majority | Steps: 21 | Tool calls: 0 | Latency: 7.105s
2026-09-17 19:55:25 | INFO | Prediction: SUPPORTS
2026-09-17 19:55:25 | INFO | Gold: SUPPORTS
2026-09-17 19:55:25 | INFO | Winning label: SUPPORTS
2026-09-17 19:55:25 | INFO | Winning count: 12/21
2026-09-17 19:55:25 | INFO | Votes: {'SUPPORTS': 12, 'REFUTES': 4, 'NOT ENOUGH INFO': 4}
2026-09-17 19:55:25 | INFO | Label accuracy: 1.0000
2026-09-17 19:55:25 | INFO | Result | Correct: True | Running Accuracy: 56.17% | Termination: cot_sc_majority | Steps: 21 | Tool calls: 0 | Latency: 7.105s
2026-09-17 19:55:25 | INFO | Prediction: REFUTES
2026-09-17 19:55:25 | INFO | Gold: REFUTES
2026-09-17 19:55:25 | INFO | Winning label: REFUTES
2026-09-17 19:55:25 | INFO | Winning count: 21/21
2026-09-17 19:55:25 | INFO | Votes: {'REFUTES': 21}
2026-09-17 19:55:25 | INFO | Label accuracy: 1.0000
2026-09-17 19:55:25 | INFO | Result | Correct: True | Running Accuracy: 56.28% | Termination: cot_sc_majority | Steps: 21 | Tool calls: 0 | Latency: 7.105s
2026-09-17 19:55:25 | INFO | Prediction: SUPPORTS
2026-09-17 19:55:25 | INFO | Gold: SUPPORTS
2026-09-17 19:55:25 | INFO | Winning label: SUPPORTS
2026-09-17 19:55:25 | INFO | Winning count: 20/21
2026-09-17 19:55:25 | INFO | Votes: {'SUPPORTS': 20, 'NOT ENOUGH INFO': 1}
2026-09-17 19:55:25 | INFO | Label accuracy: 1.0000
2026-09-17 19:55:25 | INFO | Result | Correct: True | Running Accuracy: 56.39% | Termination: cot_sc_majority | Steps: 21 | Tool calls: 0 | Latency: 7.105s
2026-09-17 19:55:25 | INFO | Prediction: SUPPORTS
2026-09-17 19:55:25 | INFO | Gold: REFUTES
2026-09-17 19:55:25 | INFO | Winning label: SUPPORTS
2026-09-17 19:55:25 | INFO | Winning count: 21/21
2026-09-17 19:55:25 | INFO | Votes: {'SUPPORTS': 21}
2026-09-17 19:55:25 | INFO | Label accuracy: 0.0000
2026-09-17 19:55:25 | INFO | Result | Correct: False | Running Accuracy: 56.25% | Termination: cot_sc_majority | Steps: 21 | Tool calls: 0 | Latency: 7.105s
2026-09-17 19:55:25 | INFO | Inference batch [417-432/500] size=16
2026-09-17 19:55:25 | INFO | [417/500] example_id=57339
2026-09-17 19:55:25 | INFO | Claim: Shane Black was born on December 16th, 1961.
2026-09-17 19:55:25 | INFO | [418/500] example_id=104658
2026-09-17 19:55:25 | INFO | Claim: Nestor Carbonell played baseball in Lost.
2026-09-17 19:55:25 | INFO | [419/500] example_id=83812
2026-09-17 19:55:25 | INFO | Claim: Same Old Love is a song.
2026-09-17 19:55:25 | INFO | [420/500] example_id=36424
2026-09-17 19:55:25 | INFO | Claim: Noah Cyrus is a younger sister of Miley Cyrus.
2026-09-17 19:55:25 | INFO | [421/500] example_id=165867
2026-09-17 19:55:25 | INFO | Claim: Buffy Summers appears in a film.
2026-09-17 19:55:25 | INFO | [422/500] example_id=25379
2026-09-17 19:55:25 | INFO | Claim: Vietnam is a populous country.
2026-09-17 19:55:25 | INFO | [423/500] example_id=67349
2026-09-17 19:55:25 | INFO | Claim: Penguin Books is a publishing pretzel.
2026-09-17 19:55:25 | INFO | [424/500] example_id=203997
2026-09-17 19:55:25 | INFO | Claim: In 2007 the website Glee.com was launched.
2026-09-17 19:55:25 | INFO | [425/500] example_id=80722
2026-09-17 19:55:25 | INFO | Claim: Highway to Heaven started in 1996.
2026-09-17 19:55:25 | INFO | [426/500] example_id=171075
2026-09-17 19:55:25 | INFO | Claim: Lalla Ward has only ever been an actress.
2026-09-17 19:55:25 | INFO | [427/500] example_id=199407
2026-09-17 19:55:25 | INFO | Claim: Richard Linklater's daughter was in Boyhood.
2026-09-17 19:55:25 | INFO | [428/500] example_id=89076
2026-09-17 19:55:25 | INFO | Claim: Chris Eubank Jr. has only ever been a professional golfer.
2026-09-17 19:55:25 | INFO | [429/500] example_id=193396
2026-09-17 19:55:25 | INFO | Claim: The Eighth Doctor is a superhero.
2026-09-17 19:55:25 | INFO | [430/500] example_id=123393
2026-09-17 19:55:25 | INFO | Claim: The Prowler is a fictional pig.
2026-09-17 19:55:25 | INFO | [431/500] example_id=168549
2026-09-17 19:55:25 | INFO | Claim: Rick Yune has only been cast in series that are still airing new episodes in 2017.
2026-09-17 19:55:25 | INFO | [432/500] example_id=107005
2026-09-17 19:55:25 | INFO | Claim: Rob Sheridan is an American photographer.
2026-09-17 19:57:26 | INFO | Prediction: SUPPORTS
2026-09-17 19:57:26 | INFO | Gold: SUPPORTS
2026-09-17 19:57:26 | INFO | Winning label: SUPPORTS
2026-09-17 19:57:26 | INFO | Winning count: 20/21
2026-09-17 19:57:26 | INFO | Votes: {'SUPPORTS': 20, 'NOT ENOUGH INFO': 1}
2026-09-17 19:57:26 | INFO | Label accuracy: 1.0000
2026-09-17 19:57:26 | INFO | Result | Correct: True | Running Accuracy: 56.35% | Termination: cot_sc_majority | Steps: 21 | Tool calls: 0 | Latency: 7.554s
2026-09-17 19:57:26 | INFO | Prediction: REFUTES
2026-09-17 19:57:26 | INFO | Gold: NOT ENOUGH INFO
2026-09-17 19:57:26 | INFO | Winning label: REFUTES
2026-09-17 19:57:26 | INFO | Winning count: 13/21
2026-09-17 19:57:26 | INFO | Votes: {'REFUTES': 13, 'NOT ENOUGH INFO': 7, 'SUPPORTS': 1}
2026-09-17 19:57:26 | INFO | Label accuracy: 0.0000
2026-09-17 19:57:26 | INFO | Result | Correct: False | Running Accuracy: 56.22% | Termination: cot_sc_majority | Steps: 21 | Tool calls: 0 | Latency: 7.554s
2026-09-17 19:57:26 | INFO | Prediction: SUPPORTS
2026-09-17 19:57:26 | INFO | Gold: SUPPORTS
2026-09-17 19:57:26 | INFO | Winning label: SUPPORTS
2026-09-17 19:57:26 | INFO | Winning count: 20/21
2026-09-17 19:57:26 | INFO | Votes: {'SUPPORTS': 20, 'NOT ENOUGH INFO': 1}
2026-09-17 19:57:26 | INFO | Label accuracy: 1.0000
2026-09-17 19:57:26 | INFO | Result | Correct: True | Running Accuracy: 56.32% | Termination: cot_sc_majority | Steps: 21 | Tool calls: 0 | Latency: 7.554s
2026-09-17 19:57:26 | INFO | Prediction: SUPPORTS
2026-09-17 19:57:26 | INFO | Gold: SUPPORTS
2026-09-17 19:57:26 | INFO | Winning label: SUPPORTS
2026-09-17 19:57:26 | INFO | Winning count: 21/21
2026-09-17 19:57:26 | INFO | Votes: {'SUPPORTS': 21}
2026-09-17 19:57:26 | INFO | Label accuracy: 1.0000
2026-09-17 19:57:26 | INFO | Result | Correct: True | Running Accuracy: 56.43% | Termination: cot_sc_majority | Steps: 21 | Tool calls: 0 | Latency: 7.554s
2026-09-17 19:57:26 | INFO | Prediction: SUPPORTS
2026-09-17 19:57:26 | INFO | Gold: SUPPORTS
2026-09-17 19:57:26 | INFO | Winning label: SUPPORTS
2026-09-17 19:57:26 | INFO | Winning count: 17/21
2026-09-17 19:57:26 | INFO | Votes: {'SUPPORTS': 17, 'REFUTES': 3, 'NOT ENOUGH INFO': 1}
2026-09-17 19:57:26 | INFO | Label accuracy: 1.0000
2026-09-17 19:57:26 | INFO | Result | Correct: True | Running Accuracy: 56.53% | Termination: cot_sc_majority | Steps: 21 | Tool calls: 0 | Latency: 7.554s
2026-09-17 19:57:26 | INFO | Prediction: SUPPORTS
2026-09-17 19:57:26 | INFO | Gold: SUPPORTS
2026-09-17 19:57:26 | INFO | Winning label: SUPPORTS
2026-09-17 19:57:26 | INFO | Winning count: 21/21
2026-09-17 19:57:26 | INFO | Votes: {'SUPPORTS': 21}
2026-09-17 19:57:26 | INFO | Label accuracy: 1.0000
2026-09-17 19:57:26 | INFO | Result | Correct: True | Running Accuracy: 56.64% | Termination: cot_sc_majority | Steps: 21 | Tool calls: 0 | Latency: 7.554s
2026-09-17 19:57:26 | INFO | Prediction: REFUTES
2026-09-17 19:57:26 | INFO | Gold: NOT ENOUGH INFO
2026-09-17 19:57:26 | INFO | Winning label: REFUTES
2026-09-17 19:57:26 | INFO | Winning count: 21/21
2026-09-17 19:57:26 | INFO | Votes: {'REFUTES': 21}
2026-09-17 19:57:26 | INFO | Label accuracy: 0.0000
2026-09-17 19:57:26 | INFO | Result | Correct: False | Running Accuracy: 56.50% | Termination: cot_sc_majority | Steps: 21 | Tool calls: 0 | Latency: 7.554s
2026-09-17 19:57:26 | INFO | Prediction: REFUTES
2026-09-17 19:57:26 | INFO | Gold: SUPPORTS
2026-09-17 19:57:26 | INFO | Winning label: REFUTES
2026-09-17 19:57:26 | INFO | Winning count: 11/21
2026-09-17 19:57:26 | INFO | Votes: {'REFUTES': 11, 'NOT ENOUGH INFO': 8, 'SUPPORTS': 1}
2026-09-17 19:57:26 | INFO | Label accuracy: 0.0000
2026-09-17 19:57:26 | INFO | Result | Correct: False | Running Accuracy: 56.37% | Termination: cot_sc_majority | Steps: 21 | Tool calls: 0 | Latency: 7.554s
2026-09-17 19:57:26 | INFO | Prediction: REFUTES
2026-09-17 19:57:26 | INFO | Gold: NOT ENOUGH INFO
2026-09-17 19:57:26 | INFO | Winning label: REFUTES
2026-09-17 19:57:26 | INFO | Winning count: 20/21
2026-09-17 19:57:26 | INFO | Votes: {'REFUTES': 20, 'SUPPORTS': 1}
2026-09-17 19:57:26 | INFO | Label accuracy: 0.0000
2026-09-17 19:57:26 | INFO | Result | Correct: False | Running Accuracy: 56.24% | Termination: cot_sc_majority | Steps: 21 | Tool calls: 0 | Latency: 7.554s
2026-09-17 19:57:26 | INFO | Prediction: NOT ENOUGH INFO
2026-09-17 19:57:26 | INFO | Gold: REFUTES
2026-09-17 19:57:26 | INFO | Winning label: NOT ENOUGH INFO
2026-09-17 19:57:26 | INFO | Winning count: 19/21
2026-09-17 19:57:26 | INFO | Votes: {'NOT ENOUGH INFO': 19, 'REFUTES': 2}
2026-09-17 19:57:26 | INFO | Label accuracy: 0.0000
2026-09-17 19:57:26 | INFO | Result | Correct: False | Running Accuracy: 56.10% | Termination: cot_sc_majority | Steps: 21 | Tool calls: 0 | Latency: 7.554s
2026-09-17 19:57:26 | INFO | Prediction: SUPPORTS
2026-09-17 19:57:26 | INFO | Gold: NOT ENOUGH INFO
2026-09-17 19:57:26 | INFO | Winning label: SUPPORTS
2026-09-17 19:57:26 | INFO | Winning count: 11/21
2026-09-17 19:57:26 | INFO | Votes: {'SUPPORTS': 11, 'REFUTES': 10}
2026-09-17 19:57:26 | INFO | Label accuracy: 0.0000
2026-09-17 19:57:26 | INFO | Result | Correct: False | Running Accuracy: 55.97% | Termination: cot_sc_majority | Steps: 21 | Tool calls: 0 | Latency: 7.554s
2026-09-17 19:57:26 | INFO | Prediction: REFUTES
2026-09-17 19:57:26 | INFO | Gold: REFUTES
2026-09-17 19:57:26 | INFO | Winning label: REFUTES
2026-09-17 19:57:26 | INFO | Winning count: 21/21
2026-09-17 19:57:26 | INFO | Votes: {'REFUTES': 21}
2026-09-17 19:57:26 | INFO | Label accuracy: 1.0000
2026-09-17 19:57:26 | INFO | Result | Correct: True | Running Accuracy: 56.07% | Termination: cot_sc_majority | Steps: 21 | Tool calls: 0 | Latency: 7.554s
2026-09-17 19:57:26 | INFO | Prediction: REFUTES
2026-09-17 19:57:26 | INFO | Gold: NOT ENOUGH INFO
2026-09-17 19:57:26 | INFO | Winning label: REFUTES
2026-09-17 19:57:26 | INFO | Winning count: 21/21
2026-09-17 19:57:26 | INFO | Votes: {'REFUTES': 21}
2026-09-17 19:57:26 | INFO | Label accuracy: 0.0000
2026-09-17 19:57:26 | INFO | Result | Correct: False | Running Accuracy: 55.94% | Termination: cot_sc_majority | Steps: 21 | Tool calls: 0 | Latency: 7.554s
2026-09-17 19:57:26 | INFO | Prediction: NOT ENOUGH INFO
2026-09-17 19:57:26 | INFO | Gold: NOT ENOUGH INFO
2026-09-17 19:57:26 | INFO | Winning label: NOT ENOUGH INFO
2026-09-17 19:57:26 | INFO | Winning count: 8/21
2026-09-17 19:57:26 | INFO | Votes: {'NOT ENOUGH INFO': 8, 'REFUTES': 8, 'SUPPORTS': 4}
2026-09-17 19:57:26 | INFO | Label accuracy: 1.0000
2026-09-17 19:57:26 | INFO | Result | Correct: True | Running Accuracy: 56.05% | Termination: cot_sc_plurality | Steps: 21 | Tool calls: 0 | Latency: 7.554s
2026-09-17 19:57:26 | INFO | Prediction: REFUTES
2026-09-17 19:57:26 | INFO | Gold: REFUTES
2026-09-17 19:57:26 | INFO | Winning label: REFUTES
2026-09-17 19:57:26 | INFO | Winning count: 16/21
2026-09-17 19:57:26 | INFO | Votes: {'REFUTES': 16, 'NOT ENOUGH INFO': 4}
2026-09-17 19:57:26 | INFO | Label accuracy: 1.0000
2026-09-17 19:57:26 | INFO | Result | Correct: True | Running Accuracy: 56.15% | Termination: cot_sc_majority | Steps: 21 | Tool calls: 0 | Latency: 7.554s
2026-09-17 19:57:26 | INFO | Prediction: NOT ENOUGH INFO
2026-09-17 19:57:26 | INFO | Gold: SUPPORTS
2026-09-17 19:57:26 | INFO | Winning label: NOT ENOUGH INFO
2026-09-17 19:57:26 | INFO | Winning count: 17/21
2026-09-17 19:57:26 | INFO | Votes: {'NOT ENOUGH INFO': 17, 'REFUTES': 3, 'SUPPORTS': 1}
2026-09-17 19:57:26 | INFO | Label accuracy: 0.0000
2026-09-17 19:57:26 | INFO | Result | Correct: False | Running Accuracy: 56.02% | Termination: cot_sc_majority | Steps: 21 | Tool calls: 0 | Latency: 7.554s
2026-09-17 19:57:26 | INFO | Inference batch [433-448/500] size=16
2026-09-17 19:57:26 | INFO | [433/500] example_id=181890
2026-09-17 19:57:26 | INFO | Claim: Princess Mononoke only has a pacifistic tone.
2026-09-17 19:57:26 | INFO | [434/500] example_id=154067
2026-09-17 19:57:26 | INFO | Claim: L.A. Reid hasn't served as a CEO.
2026-09-17 19:57:26 | INFO | [435/500] example_id=46649
2026-09-17 19:57:26 | INFO | Claim: Peking University was founded in September 1898.
2026-09-17 19:57:26 | INFO | [436/500] example_id=79912
2026-09-17 19:57:26 | INFO | Claim: Billie Joe Armstrong was born on February 17th, 1972.
2026-09-17 19:57:26 | INFO | [437/500] example_id=22195
2026-09-17 19:57:26 | INFO | Claim: Snoop Dogg worked with Jewell.
2026-09-17 19:57:26 | INFO | [438/500] example_id=96711
2026-09-17 19:57:26 | INFO | Claim: San Diego Comic-Con was founded in 1990.
2026-09-17 19:57:26 | INFO | [439/500] example_id=115832
2026-09-17 19:57:26 | INFO | Claim: Brian Michael Bendis has worked in the movie industry.
2026-09-17 19:57:26 | INFO | [440/500] example_id=198011
2026-09-17 19:57:26 | INFO | Claim: The New York City Landmarks Preservation Commission includes an antiquarian.
2026-09-17 19:57:26 | INFO | [441/500] example_id=202059
2026-09-17 19:57:26 | INFO | Claim: Tamerlan Tsarnaev has been a law abiding citizen his entire life.
2026-09-17 19:57:26 | INFO | [442/500] example_id=187000
2026-09-17 19:57:26 | INFO | Claim: Bermuda Triangle is in the western part of the Himalayas.
2026-09-17 19:57:26 | INFO | [443/500] example_id=221077
2026-09-17 19:57:26 | INFO | Claim: A&E is an American channel.
2026-09-17 19:57:26 | INFO | [444/500] example_id=192972
2026-09-17 19:57:26 | INFO | Claim: Roland Emmerich is a campaigner for the LGBT community.
2026-09-17 19:57:26 | INFO | [445/500] example_id=68057
2026-09-17 19:57:26 | INFO | Claim: Philomena is a TV show.
2026-09-17 19:57:26 | INFO | [446/500] example_id=96908
2026-09-17 19:57:26 | INFO | Claim: Kendall Jenner was in Time magazine.
2026-09-17 19:57:26 | INFO | [447/500] example_id=132786
2026-09-17 19:57:26 | INFO | Claim: Shawn Carlson is a social science writer.
2026-09-17 19:57:26 | INFO | [448/500] example_id=78666
2026-09-17 19:57:26 | INFO | Claim: Civilization IV is the most expensive of the Civilization games.
2026-09-17 19:59:23 | INFO | Prediction: REFUTES
2026-09-17 19:59:23 | INFO | Gold: NOT ENOUGH INFO
2026-09-17 19:59:23 | INFO | Winning label: REFUTES
2026-09-17 19:59:23 | INFO | Winning count: 20/21
2026-09-17 19:59:23 | INFO | Votes: {'REFUTES': 20, 'NOT ENOUGH INFO': 1}
2026-09-17 19:59:23 | INFO | Label accuracy: 0.0000
2026-09-17 19:59:23 | INFO | Result | Correct: False | Running Accuracy: 55.89% | Termination: cot_sc_majority | Steps: 21 | Tool calls: 0 | Latency: 7.331s
2026-09-17 19:59:23 | INFO | Prediction: REFUTES
2026-09-17 19:59:23 | INFO | Gold: REFUTES
2026-09-17 19:59:23 | INFO | Winning label: REFUTES
2026-09-17 19:59:23 | INFO | Winning count: 19/21
2026-09-17 19:59:23 | INFO | Votes: {'REFUTES': 19, 'NOT ENOUGH INFO': 2}
2026-09-17 19:59:23 | INFO | Label accuracy: 1.0000
2026-09-17 19:59:23 | INFO | Result | Correct: True | Running Accuracy: 55.99% | Termination: cot_sc_majority | Steps: 21 | Tool calls: 0 | Latency: 7.331s
2026-09-17 19:59:23 | INFO | Prediction: SUPPORTS
2026-09-17 19:59:23 | INFO | Gold: NOT ENOUGH INFO
2026-09-17 19:59:23 | INFO | Winning label: SUPPORTS
2026-09-17 19:59:23 | INFO | Winning count: 21/21
2026-09-17 19:59:23 | INFO | Votes: {'SUPPORTS': 21}
2026-09-17 19:59:23 | INFO | Label accuracy: 0.0000
2026-09-17 19:59:23 | INFO | Result | Correct: False | Running Accuracy: 55.86% | Termination: cot_sc_majority | Steps: 21 | Tool calls: 0 | Latency: 7.331s
2026-09-17 19:59:23 | INFO | Prediction: SUPPORTS
2026-09-17 19:59:23 | INFO | Gold: SUPPORTS
2026-09-17 19:59:23 | INFO | Winning label: SUPPORTS
2026-09-17 19:59:23 | INFO | Winning count: 21/21
2026-09-17 19:59:23 | INFO | Votes: {'SUPPORTS': 21}
2026-09-17 19:59:23 | INFO | Label accuracy: 1.0000
2026-09-17 19:59:23 | INFO | Result | Correct: True | Running Accuracy: 55.96% | Termination: cot_sc_majority | Steps: 21 | Tool calls: 0 | Latency: 7.331s
2026-09-17 19:59:23 | INFO | Prediction: NOT ENOUGH INFO
2026-09-17 19:59:23 | INFO | Gold: SUPPORTS
2026-09-17 19:59:23 | INFO | Winning label: NOT ENOUGH INFO
2026-09-17 19:59:23 | INFO | Winning count: 10/21
2026-09-17 19:59:23 | INFO | Votes: {'NOT ENOUGH INFO': 10, 'SUPPORTS': 9}
2026-09-17 19:59:23 | INFO | Label accuracy: 0.0000
2026-09-17 19:59:23 | INFO | Result | Correct: False | Running Accuracy: 55.84% | Termination: cot_sc_plurality | Steps: 21 | Tool calls: 0 | Latency: 7.331s
2026-09-17 19:59:23 | INFO | Prediction: REFUTES
2026-09-17 19:59:23 | INFO | Gold: REFUTES
2026-09-17 19:59:23 | INFO | Winning label: REFUTES
2026-09-17 19:59:23 | INFO | Winning count: 21/21
2026-09-17 19:59:23 | INFO | Votes: {'REFUTES': 21}
2026-09-17 19:59:23 | INFO | Label accuracy: 1.0000
2026-09-17 19:59:23 | INFO | Result | Correct: True | Running Accuracy: 55.94% | Termination: cot_sc_majority | Steps: 21 | Tool calls: 0 | Latency: 7.331s
2026-09-17 19:59:23 | INFO | Prediction: SUPPORTS
2026-09-17 19:59:23 | INFO | Gold: SUPPORTS
2026-09-17 19:59:23 | INFO | Winning label: SUPPORTS
2026-09-17 19:59:23 | INFO | Winning count: 14/21
2026-09-17 19:59:23 | INFO | Votes: {'SUPPORTS': 14, 'NOT ENOUGH INFO': 4, 'REFUTES': 1}
2026-09-17 19:59:23 | INFO | Label accuracy: 1.0000
2026-09-17 19:59:23 | INFO | Result | Correct: True | Running Accuracy: 56.04% | Termination: cot_sc_majority | Steps: 21 | Tool calls: 0 | Latency: 7.331s
2026-09-17 19:59:23 | INFO | Prediction: NOT ENOUGH INFO
2026-09-17 19:59:23 | INFO | Gold: NOT ENOUGH INFO
2026-09-17 19:59:23 | INFO | Winning label: NOT ENOUGH INFO
2026-09-17 19:59:23 | INFO | Winning count: 21/21
2026-09-17 19:59:23 | INFO | Votes: {'NOT ENOUGH INFO': 21}
2026-09-17 19:59:23 | INFO | Label accuracy: 1.0000
2026-09-17 19:59:23 | INFO | Result | Correct: True | Running Accuracy: 56.14% | Termination: cot_sc_majority | Steps: 21 | Tool calls: 0 | Latency: 7.331s
2026-09-17 19:59:23 | INFO | Prediction: REFUTES
2026-09-17 19:59:23 | INFO | Gold: REFUTES
2026-09-17 19:59:23 | INFO | Winning label: REFUTES
2026-09-17 19:59:23 | INFO | Winning count: 14/21
2026-09-17 19:59:23 | INFO | Votes: {'REFUTES': 14, 'NOT ENOUGH INFO': 6}
2026-09-17 19:59:23 | INFO | Label accuracy: 1.0000
2026-09-17 19:59:23 | INFO | Result | Correct: True | Running Accuracy: 56.24% | Termination: cot_sc_majority | Steps: 21 | Tool calls: 0 | Latency: 7.331s
2026-09-17 19:59:23 | INFO | Prediction: REFUTES
2026-09-17 19:59:23 | INFO | Gold: REFUTES
2026-09-17 19:59:23 | INFO | Winning label: REFUTES
2026-09-17 19:59:23 | INFO | Winning count: 21/21
2026-09-17 19:59:23 | INFO | Votes: {'REFUTES': 21}
2026-09-17 19:59:23 | INFO | Label accuracy: 1.0000
2026-09-17 19:59:23 | INFO | Result | Correct: True | Running Accuracy: 56.33% | Termination: cot_sc_majority | Steps: 21 | Tool calls: 0 | Latency: 7.331s
2026-09-17 19:59:23 | INFO | Prediction: SUPPORTS
2026-09-17 19:59:23 | INFO | Gold: SUPPORTS
2026-09-17 19:59:23 | INFO | Winning label: SUPPORTS
2026-09-17 19:59:23 | INFO | Winning count: 21/21
2026-09-17 19:59:23 | INFO | Votes: {'SUPPORTS': 21}
2026-09-17 19:59:23 | INFO | Label accuracy: 1.0000
2026-09-17 19:59:23 | INFO | Result | Correct: True | Running Accuracy: 56.43% | Termination: cot_sc_majority | Steps: 21 | Tool calls: 0 | Latency: 7.331s
2026-09-17 19:59:23 | INFO | Prediction: NOT ENOUGH INFO
2026-09-17 19:59:23 | INFO | Gold: SUPPORTS
2026-09-17 19:59:23 | INFO | Winning label: NOT ENOUGH INFO
2026-09-17 19:59:23 | INFO | Winning count: 21/21
2026-09-17 19:59:23 | INFO | Votes: {'NOT ENOUGH INFO': 21}
2026-09-17 19:59:23 | INFO | Label accuracy: 0.0000
2026-09-17 19:59:23 | INFO | Result | Correct: False | Running Accuracy: 56.31% | Termination: cot_sc_majority | Steps: 21 | Tool calls: 0 | Latency: 7.331s
2026-09-17 19:59:23 | INFO | Prediction: REFUTES
2026-09-17 19:59:23 | INFO | Gold: REFUTES
2026-09-17 19:59:23 | INFO | Winning label: REFUTES
2026-09-17 19:59:23 | INFO | Winning count: 21/21
2026-09-17 19:59:23 | INFO | Votes: {'REFUTES': 21}
2026-09-17 19:59:23 | INFO | Label accuracy: 1.0000
2026-09-17 19:59:23 | INFO | Result | Correct: True | Running Accuracy: 56.40% | Termination: cot_sc_majority | Steps: 21 | Tool calls: 0 | Latency: 7.331s
2026-09-17 19:59:23 | INFO | Prediction: SUPPORTS
2026-09-17 19:59:23 | INFO | Gold: NOT ENOUGH INFO
2026-09-17 19:59:23 | INFO | Winning label: SUPPORTS
2026-09-17 19:59:23 | INFO | Winning count: 21/21
2026-09-17 19:59:23 | INFO | Votes: {'SUPPORTS': 21}
2026-09-17 19:59:23 | INFO | Label accuracy: 0.0000
2026-09-17 19:59:23 | INFO | Result | Correct: False | Running Accuracy: 56.28% | Termination: cot_sc_majority | Steps: 21 | Tool calls: 0 | Latency: 7.331s
2026-09-17 19:59:23 | INFO | Prediction: NOT ENOUGH INFO
2026-09-17 19:59:23 | INFO | Gold: REFUTES
2026-09-17 19:59:23 | INFO | Winning label: NOT ENOUGH INFO
2026-09-17 19:59:23 | INFO | Winning count: 21/21
2026-09-17 19:59:23 | INFO | Votes: {'NOT ENOUGH INFO': 21}
2026-09-17 19:59:23 | INFO | Label accuracy: 0.0000
2026-09-17 19:59:23 | INFO | Result | Correct: False | Running Accuracy: 56.15% | Termination: cot_sc_majority | Steps: 21 | Tool calls: 0 | Latency: 7.331s
2026-09-17 19:59:23 | INFO | Prediction: NOT ENOUGH INFO
2026-09-17 19:59:23 | INFO | Gold: NOT ENOUGH INFO
2026-09-17 19:59:23 | INFO | Winning label: NOT ENOUGH INFO
2026-09-17 19:59:23 | INFO | Winning count: 21/21
2026-09-17 19:59:23 | INFO | Votes: {'NOT ENOUGH INFO': 21}
2026-09-17 19:59:23 | INFO | Label accuracy: 1.0000
2026-09-17 19:59:23 | INFO | Result | Correct: True | Running Accuracy: 56.25% | Termination: cot_sc_majority | Steps: 21 | Tool calls: 0 | Latency: 7.331s
2026-09-17 19:59:23 | INFO | Inference batch [449-464/500] size=16
2026-09-17 19:59:23 | INFO | [449/500] example_id=226104
2026-09-17 19:59:23 | INFO | Claim: Bongwater was based on a Pulitzer Prize-winning book.
2026-09-17 19:59:23 | INFO | [450/500] example_id=16008
2026-09-17 19:59:23 | INFO | Claim: Riverdale is an original work.
2026-09-17 19:59:23 | INFO | [451/500] example_id=164982
2026-09-17 19:59:23 | INFO | Claim: Polar bears depend on the ocean as their main food source.
2026-09-17 19:59:23 | INFO | [452/500] example_id=152461
2026-09-17 19:59:23 | INFO | Claim: Eddie Guerrero had problems with substance abuse.
2026-09-17 19:59:23 | INFO | [453/500] example_id=116676
2026-09-17 19:59:23 | INFO | Claim: Life is inapplicable to some objects.
2026-09-17 19:59:23 | INFO | [454/500] example_id=215220
2026-09-17 19:59:23 | INFO | Claim: Dreamer (2005 film) was reviewed by John Gatins.
2026-09-17 19:59:23 | INFO | [455/500] example_id=128723
2026-09-17 19:59:23 | INFO | Claim: Underdog features the voice talents of Amy Adams as a lead role.
2026-09-17 19:59:23 | INFO | [456/500] example_id=194033
2026-09-17 19:59:23 | INFO | Claim: Kim Jong-il is North Korean.
2026-09-17 19:59:23 | INFO | [457/500] example_id=97004
2026-09-17 19:59:23 | INFO | Claim: There is a screenwriter by the name of Fred Armisen.
2026-09-17 19:59:23 | INFO | [458/500] example_id=202052
2026-09-17 19:59:23 | INFO | Claim: The FBI always declared there was a zero percent chance that Tamerlan Tsarnaev could be involved in any bombing.
2026-09-17 19:59:23 | INFO | [459/500] example_id=174586
2026-09-17 19:59:23 | INFO | Claim: Artpop debuted at number one on the United States Billboard 200 in 1999.
2026-09-17 19:59:23 | INFO | [460/500] example_id=107783
2026-09-17 19:59:23 | INFO | Claim: Bhagat Singh was an Indian citizen.
2026-09-17 19:59:23 | INFO | [461/500] example_id=8584
2026-09-17 19:59:23 | INFO | Claim: Tiber Oil Field is operated by BP.
2026-09-17 19:59:23 | INFO | [462/500] example_id=80919
2026-09-17 19:59:23 | INFO | Claim: Match Point has been compared to Blue Jasmine.
2026-09-17 19:59:23 | INFO | [463/500] example_id=50258
2026-09-17 19:59:23 | INFO | Claim: House is a one-man show starring Hugh Laurie.
2026-09-17 19:59:23 | INFO | [464/500] example_id=177150
2026-09-17 19:59:23 | INFO | Claim: Invasion literature is a genre.
2026-09-17 20:01:23 | INFO | Prediction: REFUTES
2026-09-17 20:01:23 | INFO | Gold: NOT ENOUGH INFO
2026-09-17 20:01:23 | INFO | Winning label: REFUTES
2026-09-17 20:01:23 | INFO | Winning count: 15/21
2026-09-17 20:01:23 | INFO | Votes: {'REFUTES': 15, 'NOT ENOUGH INFO': 5}
2026-09-17 20:01:23 | INFO | Label accuracy: 0.0000
2026-09-17 20:01:23 | INFO | Result | Correct: False | Running Accuracy: 56.12% | Termination: cot_sc_majority | Steps: 21 | Tool calls: 0 | Latency: 7.521s
2026-09-17 20:01:23 | INFO | Prediction: SUPPORTS
2026-09-17 20:01:23 | INFO | Gold: REFUTES
2026-09-17 20:01:23 | INFO | Winning label: SUPPORTS
2026-09-17 20:01:23 | INFO | Winning count: 15/21
2026-09-17 20:01:23 | INFO | Votes: {'SUPPORTS': 15, 'REFUTES': 5}
2026-09-17 20:01:23 | INFO | Label accuracy: 0.0000
2026-09-17 20:01:23 | INFO | Result | Correct: False | Running Accuracy: 56.00% | Termination: cot_sc_majority | Steps: 21 | Tool calls: 0 | Latency: 7.521s
2026-09-17 20:01:23 | INFO | Prediction: REFUTES
2026-09-17 20:01:23 | INFO | Gold: SUPPORTS
2026-09-17 20:01:23 | INFO | Winning label: REFUTES
2026-09-17 20:01:23 | INFO | Winning count: 21/21
2026-09-17 20:01:23 | INFO | Votes: {'REFUTES': 21}
2026-09-17 20:01:23 | INFO | Label accuracy: 0.0000
2026-09-17 20:01:23 | INFO | Result | Correct: False | Running Accuracy: 55.88% | Termination: cot_sc_majority | Steps: 21 | Tool calls: 0 | Latency: 7.521s
2026-09-17 20:01:24 | INFO | Prediction: SUPPORTS
2026-09-17 20:01:24 | INFO | Gold: SUPPORTS
2026-09-17 20:01:24 | INFO | Winning label: SUPPORTS
2026-09-17 20:01:24 | INFO | Winning count: 21/21
2026-09-17 20:01:24 | INFO | Votes: {'SUPPORTS': 21}
2026-09-17 20:01:24 | INFO | Label accuracy: 1.0000
2026-09-17 20:01:24 | INFO | Result | Correct: True | Running Accuracy: 55.97% | Termination: cot_sc_majority | Steps: 21 | Tool calls: 0 | Latency: 7.521s
2026-09-17 20:01:24 | INFO | Prediction: SUPPORTS
2026-09-17 20:01:24 | INFO | Gold: SUPPORTS
2026-09-17 20:01:24 | INFO | Winning label: SUPPORTS
2026-09-17 20:01:24 | INFO | Winning count: 12/21
2026-09-17 20:01:24 | INFO | Votes: {'SUPPORTS': 12, 'NOT ENOUGH INFO': 8}
2026-09-17 20:01:24 | INFO | Label accuracy: 1.0000
2026-09-17 20:01:24 | INFO | Result | Correct: True | Running Accuracy: 56.07% | Termination: cot_sc_majority | Steps: 21 | Tool calls: 0 | Latency: 7.521s
2026-09-17 20:01:24 | INFO | Prediction: NOT ENOUGH INFO
2026-09-17 20:01:24 | INFO | Gold: NOT ENOUGH INFO
2026-09-17 20:01:24 | INFO | Winning label: NOT ENOUGH INFO
2026-09-17 20:01:24 | INFO | Winning count: 16/21
2026-09-17 20:01:24 | INFO | Votes: {'NOT ENOUGH INFO': 16, 'SUPPORTS': 4, 'REFUTES': 1}
2026-09-17 20:01:24 | INFO | Label accuracy: 1.0000
2026-09-17 20:01:24 | INFO | Result | Correct: True | Running Accuracy: 56.17% | Termination: cot_sc_majority | Steps: 21 | Tool calls: 0 | Latency: 7.521s
2026-09-17 20:01:24 | INFO | Prediction: SUPPORTS
2026-09-17 20:01:24 | INFO | Gold: SUPPORTS
2026-09-17 20:01:24 | INFO | Winning label: SUPPORTS
2026-09-17 20:01:24 | INFO | Winning count: 9/21
2026-09-17 20:01:24 | INFO | Votes: {'SUPPORTS': 9, 'REFUTES': 9, 'NOT ENOUGH INFO': 3}
2026-09-17 20:01:24 | INFO | Label accuracy: 1.0000
2026-09-17 20:01:24 | INFO | Result | Correct: True | Running Accuracy: 56.26% | Termination: cot_sc_plurality | Steps: 21 | Tool calls: 0 | Latency: 7.521s
2026-09-17 20:01:24 | INFO | Prediction: SUPPORTS
2026-09-17 20:01:24 | INFO | Gold: NOT ENOUGH INFO
2026-09-17 20:01:24 | INFO | Winning label: SUPPORTS
2026-09-17 20:01:24 | INFO | Winning count: 21/21
2026-09-17 20:01:24 | INFO | Votes: {'SUPPORTS': 21}
2026-09-17 20:01:24 | INFO | Label accuracy: 0.0000
2026-09-17 20:01:24 | INFO | Result | Correct: False | Running Accuracy: 56.14% | Termination: cot_sc_majority | Steps: 21 | Tool calls: 0 | Latency: 7.521s
2026-09-17 20:01:24 | INFO | Prediction: REFUTES
2026-09-17 20:01:24 | INFO | Gold: SUPPORTS
2026-09-17 20:01:24 | INFO | Winning label: REFUTES
2026-09-17 20:01:24 | INFO | Winning count: 15/21
2026-09-17 20:01:24 | INFO | Votes: {'REFUTES': 15, 'NOT ENOUGH INFO': 3, 'SUPPORTS': 1}
2026-09-17 20:01:24 | INFO | Label accuracy: 0.0000
2026-09-17 20:01:24 | INFO | Result | Correct: False | Running Accuracy: 56.02% | Termination: cot_sc_majority | Steps: 21 | Tool calls: 0 | Latency: 7.521s
2026-09-17 20:01:24 | INFO | Prediction: REFUTES
2026-09-17 20:01:24 | INFO | Gold: NOT ENOUGH INFO
2026-09-17 20:01:24 | INFO | Winning label: REFUTES
2026-09-17 20:01:24 | INFO | Winning count: 14/21
2026-09-17 20:01:24 | INFO | Votes: {'REFUTES': 14, 'NOT ENOUGH INFO': 7}
2026-09-17 20:01:24 | INFO | Label accuracy: 0.0000
2026-09-17 20:01:24 | INFO | Result | Correct: False | Running Accuracy: 55.90% | Termination: cot_sc_majority | Steps: 21 | Tool calls: 0 | Latency: 7.521s
2026-09-17 20:01:24 | INFO | Prediction: REFUTES
2026-09-17 20:01:24 | INFO | Gold: REFUTES
2026-09-17 20:01:24 | INFO | Winning label: REFUTES
2026-09-17 20:01:24 | INFO | Winning count: 21/21
2026-09-17 20:01:24 | INFO | Votes: {'REFUTES': 21}
2026-09-17 20:01:24 | INFO | Label accuracy: 1.0000
2026-09-17 20:01:24 | INFO | Result | Correct: True | Running Accuracy: 55.99% | Termination: cot_sc_majority | Steps: 21 | Tool calls: 0 | Latency: 7.521s
2026-09-17 20:01:24 | INFO | Prediction: SUPPORTS
2026-09-17 20:01:24 | INFO | Gold: SUPPORTS
2026-09-17 20:01:24 | INFO | Winning label: SUPPORTS
2026-09-17 20:01:24 | INFO | Winning count: 21/21
2026-09-17 20:01:24 | INFO | Votes: {'SUPPORTS': 21}
2026-09-17 20:01:24 | INFO | Label accuracy: 1.0000
2026-09-17 20:01:24 | INFO | Result | Correct: True | Running Accuracy: 56.09% | Termination: cot_sc_majority | Steps: 21 | Tool calls: 0 | Latency: 7.521s
2026-09-17 20:01:24 | INFO | Prediction: SUPPORTS
2026-09-17 20:01:24 | INFO | Gold: SUPPORTS
2026-09-17 20:01:24 | INFO | Winning label: SUPPORTS
2026-09-17 20:01:24 | INFO | Winning count: 12/21
2026-09-17 20:01:24 | INFO | Votes: {'SUPPORTS': 12, 'NOT ENOUGH INFO': 9}
2026-09-17 20:01:24 | INFO | Label accuracy: 1.0000
2026-09-17 20:01:24 | INFO | Result | Correct: True | Running Accuracy: 56.18% | Termination: cot_sc_majority | Steps: 21 | Tool calls: 0 | Latency: 7.521s
2026-09-17 20:01:24 | INFO | Prediction: NOT ENOUGH INFO
2026-09-17 20:01:24 | INFO | Gold: NOT ENOUGH INFO
2026-09-17 20:01:24 | INFO | Winning label: NOT ENOUGH INFO
2026-09-17 20:01:24 | INFO | Winning count: 21/21
2026-09-17 20:01:24 | INFO | Votes: {'NOT ENOUGH INFO': 21}
2026-09-17 20:01:24 | INFO | Label accuracy: 1.0000
2026-09-17 20:01:24 | INFO | Result | Correct: True | Running Accuracy: 56.28% | Termination: cot_sc_majority | Steps: 21 | Tool calls: 0 | Latency: 7.521s
2026-09-17 20:01:24 | INFO | Prediction: REFUTES
2026-09-17 20:01:24 | INFO | Gold: REFUTES
2026-09-17 20:01:24 | INFO | Winning label: REFUTES
2026-09-17 20:01:24 | INFO | Winning count: 21/21
2026-09-17 20:01:24 | INFO | Votes: {'REFUTES': 21}
2026-09-17 20:01:24 | INFO | Label accuracy: 1.0000
2026-09-17 20:01:24 | INFO | Result | Correct: True | Running Accuracy: 56.37% | Termination: cot_sc_majority | Steps: 21 | Tool calls: 0 | Latency: 7.521s
2026-09-17 20:01:24 | INFO | Prediction: SUPPORTS
2026-09-17 20:01:24 | INFO | Gold: SUPPORTS
2026-09-17 20:01:24 | INFO | Winning label: SUPPORTS
2026-09-17 20:01:24 | INFO | Winning count: 21/21
2026-09-17 20:01:24 | INFO | Votes: {'SUPPORTS': 21}
2026-09-17 20:01:24 | INFO | Label accuracy: 1.0000
2026-09-17 20:01:24 | INFO | Result | Correct: True | Running Accuracy: 56.47% | Termination: cot_sc_majority | Steps: 21 | Tool calls: 0 | Latency: 7.521s
2026-09-17 20:01:24 | INFO | Inference batch [465-480/500] size=16
2026-09-17 20:01:24 | INFO | [465/500] example_id=204458
2026-09-17 20:01:24 | INFO | Claim: Brad Wilk co-founded Rage five years before August 1991.
2026-09-17 20:01:24 | INFO | [466/500] example_id=14854
2026-09-17 20:01:24 | INFO | Claim: Rupert Murdoch is a broadcaster.
2026-09-17 20:01:24 | INFO | [467/500] example_id=183615
2026-09-17 20:01:24 | INFO | Claim: Finding Dory was written by someone.
2026-09-17 20:01:24 | INFO | [468/500] example_id=165904
2026-09-17 20:01:24 | INFO | Claim: Alice Cooper sings, writes songs, and acts for a living.
2026-09-17 20:01:24 | INFO | [469/500] example_id=181634
2026-09-17 20:01:24 | INFO | Claim: There is a capital called Mogadishu.
2026-09-17 20:01:24 | INFO | [470/500] example_id=81351
2026-09-17 20:01:24 | INFO | Claim: Touchscreens are only used in tablet computers.
2026-09-17 20:01:24 | INFO | [471/500] example_id=180736
2026-09-17 20:01:24 | INFO | Claim: Victoria (Dance Exponents song) was a book released in 1982.
2026-09-17 20:01:24 | INFO | [472/500] example_id=222031
2026-09-17 20:01:24 | INFO | Claim: Stuart Rosenberg refused to direct Brubaker.
2026-09-17 20:01:24 | INFO | [473/500] example_id=118420
2026-09-17 20:01:24 | INFO | Claim: Matthew Gray Gubler is not a citizen of the United States of America.
2026-09-17 20:01:24 | INFO | [474/500] example_id=45702
2026-09-17 20:01:24 | INFO | Claim: Viola Davis appeared in 6 films and 3 television series in the 1990s and early 2000s.
2026-09-17 20:01:24 | INFO | [475/500] example_id=87358
2026-09-17 20:01:24 | INFO | Claim: Chile is part of South America.
2026-09-17 20:01:24 | INFO | [476/500] example_id=64402
2026-09-17 20:01:24 | INFO | Claim: The Columbia River is too small for shipping channels.
2026-09-17 20:01:24 | INFO | [477/500] example_id=125225
2026-09-17 20:01:24 | INFO | Claim: Omar Khadr has always been free.
2026-09-17 20:01:24 | INFO | [478/500] example_id=198008
2026-09-17 20:01:24 | INFO | Claim: The New York City Landmarks Preservation Commission consists of 11 commissioners.
2026-09-17 20:01:24 | INFO | [479/500] example_id=154931
2026-09-17 20:01:24 | INFO | Claim: The Greek language is spoken in Athens.
2026-09-17 20:01:24 | INFO | [480/500] example_id=64029
2026-09-17 20:01:24 | INFO | Claim: Magic Johnson was a basketball player for the Lakers.
2026-09-17 20:03:44 | INFO | Prediction: SUPPORTS
2026-09-17 20:03:44 | INFO | Gold: REFUTES
2026-09-17 20:03:44 | INFO | Winning label: SUPPORTS
2026-09-17 20:03:44 | INFO | Winning count: 11/21
2026-09-17 20:03:44 | INFO | Votes: {'SUPPORTS': 11, 'REFUTES': 6, 'NOT ENOUGH INFO': 2}
2026-09-17 20:03:44 | INFO | Label accuracy: 0.0000
2026-09-17 20:03:44 | INFO | Result | Correct: False | Running Accuracy: 56.34% | Termination: cot_sc_majority | Steps: 21 | Tool calls: 0 | Latency: 8.766s
2026-09-17 20:03:44 | INFO | Prediction: SUPPORTS
2026-09-17 20:03:44 | INFO | Gold: NOT ENOUGH INFO
2026-09-17 20:03:44 | INFO | Winning label: SUPPORTS
2026-09-17 20:03:44 | INFO | Winning count: 21/21
2026-09-17 20:03:44 | INFO | Votes: {'SUPPORTS': 21}
2026-09-17 20:03:44 | INFO | Label accuracy: 0.0000
2026-09-17 20:03:44 | INFO | Result | Correct: False | Running Accuracy: 56.22% | Termination: cot_sc_majority | Steps: 21 | Tool calls: 0 | Latency: 8.766s
2026-09-17 20:03:44 | INFO | Prediction: SUPPORTS
2026-09-17 20:03:44 | INFO | Gold: SUPPORTS
2026-09-17 20:03:44 | INFO | Winning label: SUPPORTS
2026-09-17 20:03:44 | INFO | Winning count: 21/21
2026-09-17 20:03:44 | INFO | Votes: {'SUPPORTS': 21}
2026-09-17 20:03:44 | INFO | Label accuracy: 1.0000
2026-09-17 20:03:44 | INFO | Result | Correct: True | Running Accuracy: 56.32% | Termination: cot_sc_majority | Steps: 21 | Tool calls: 0 | Latency: 8.766s
2026-09-17 20:03:44 | INFO | Prediction: SUPPORTS
2026-09-17 20:03:44 | INFO | Gold: SUPPORTS
2026-09-17 20:03:44 | INFO | Winning label: SUPPORTS
2026-09-17 20:03:44 | INFO | Winning count: 12/21
2026-09-17 20:03:44 | INFO | Votes: {'SUPPORTS': 12, 'NOT ENOUGH INFO': 2}
2026-09-17 20:03:44 | INFO | Label accuracy: 1.0000
2026-09-17 20:03:44 | INFO | Result | Correct: True | Running Accuracy: 56.41% | Termination: cot_sc_majority | Steps: 21 | Tool calls: 0 | Latency: 8.766s
2026-09-17 20:03:44 | INFO | Prediction: SUPPORTS
2026-09-17 20:03:44 | INFO | Gold: SUPPORTS
2026-09-17 20:03:44 | INFO | Winning label: SUPPORTS
2026-09-17 20:03:44 | INFO | Winning count: 21/21
2026-09-17 20:03:44 | INFO | Votes: {'SUPPORTS': 21}
2026-09-17 20:03:44 | INFO | Label accuracy: 1.0000
2026-09-17 20:03:44 | INFO | Result | Correct: True | Running Accuracy: 56.50% | Termination: cot_sc_majority | Steps: 21 | Tool calls: 0 | Latency: 8.766s
2026-09-17 20:03:44 | INFO | Prediction: REFUTES
2026-09-17 20:03:44 | INFO | Gold: REFUTES
2026-09-17 20:03:44 | INFO | Winning label: REFUTES
2026-09-17 20:03:44 | INFO | Winning count: 21/21
2026-09-17 20:03:44 | INFO | Votes: {'REFUTES': 21}
2026-09-17 20:03:44 | INFO | Label accuracy: 1.0000
2026-09-17 20:03:44 | INFO | Result | Correct: True | Running Accuracy: 56.60% | Termination: cot_sc_majority | Steps: 21 | Tool calls: 0 | Latency: 8.766s
2026-09-17 20:03:44 | INFO | Prediction: REFUTES
2026-09-17 20:03:44 | INFO | Gold: REFUTES
2026-09-17 20:03:44 | INFO | Winning label: REFUTES
2026-09-17 20:03:44 | INFO | Winning count: 21/21
2026-09-17 20:03:44 | INFO | Votes: {'REFUTES': 21}
2026-09-17 20:03:44 | INFO | Label accuracy: 1.0000
2026-09-17 20:03:44 | INFO | Result | Correct: True | Running Accuracy: 56.69% | Termination: cot_sc_majority | Steps: 21 | Tool calls: 0 | Latency: 8.766s
2026-09-17 20:03:44 | INFO | Prediction: NOT ENOUGH INFO
2026-09-17 20:03:44 | INFO | Gold: REFUTES
2026-09-17 20:03:44 | INFO | Winning label: NOT ENOUGH INFO
2026-09-17 20:03:44 | INFO | Winning count: 20/21
2026-09-17 20:03:44 | INFO | Votes: {'NOT ENOUGH INFO': 20, 'REFUTES': 1}
2026-09-17 20:03:44 | INFO | Label accuracy: 0.0000
2026-09-17 20:03:44 | INFO | Result | Correct: False | Running Accuracy: 56.57% | Termination: cot_sc_majority | Steps: 21 | Tool calls: 0 | Latency: 8.766s
2026-09-17 20:03:44 | INFO | Prediction: REFUTES
2026-09-17 20:03:44 | INFO | Gold: NOT ENOUGH INFO
2026-09-17 20:03:44 | INFO | Winning label: REFUTES
2026-09-17 20:03:44 | INFO | Winning count: 11/21
2026-09-17 20:03:44 | INFO | Votes: {'REFUTES': 11, 'NOT ENOUGH INFO': 6}
2026-09-17 20:03:44 | INFO | Label accuracy: 0.0000
2026-09-17 20:03:44 | INFO | Result | Correct: False | Running Accuracy: 56.45% | Termination: cot_sc_majority | Steps: 21 | Tool calls: 0 | Latency: 8.766s
2026-09-17 20:03:44 | INFO | Prediction: NOT ENOUGH INFO
2026-09-17 20:03:44 | INFO | Gold: NOT ENOUGH INFO
2026-09-17 20:03:44 | INFO | Winning label: NOT ENOUGH INFO
2026-09-17 20:03:44 | INFO | Winning count: 14/21
2026-09-17 20:03:44 | INFO | Votes: {'NOT ENOUGH INFO': 14, 'SUPPORTS': 1, 'REFUTES': 1}
2026-09-17 20:03:44 | INFO | Label accuracy: 1.0000
2026-09-17 20:03:44 | INFO | Result | Correct: True | Running Accuracy: 56.54% | Termination: cot_sc_majority | Steps: 21 | Tool calls: 0 | Latency: 8.766s
2026-09-17 20:03:44 | INFO | Prediction: SUPPORTS
2026-09-17 20:03:44 | INFO | Gold: SUPPORTS
2026-09-17 20:03:44 | INFO | Winning label: SUPPORTS
2026-09-17 20:03:44 | INFO | Winning count: 21/21
2026-09-17 20:03:44 | INFO | Votes: {'SUPPORTS': 21}
2026-09-17 20:03:44 | INFO | Label accuracy: 1.0000
2026-09-17 20:03:44 | INFO | Result | Correct: True | Running Accuracy: 56.63% | Termination: cot_sc_majority | Steps: 21 | Tool calls: 0 | Latency: 8.766s
2026-09-17 20:03:44 | INFO | Prediction: REFUTES
2026-09-17 20:03:44 | INFO | Gold: REFUTES
2026-09-17 20:03:44 | INFO | Winning label: REFUTES
2026-09-17 20:03:44 | INFO | Winning count: 21/21
2026-09-17 20:03:44 | INFO | Votes: {'REFUTES': 21}
2026-09-17 20:03:44 | INFO | Label accuracy: 1.0000
2026-09-17 20:03:44 | INFO | Result | Correct: True | Running Accuracy: 56.72% | Termination: cot_sc_majority | Steps: 21 | Tool calls: 0 | Latency: 8.766s
2026-09-17 20:03:44 | INFO | Prediction: REFUTES
2026-09-17 20:03:44 | INFO | Gold: REFUTES
2026-09-17 20:03:44 | INFO | Winning label: REFUTES
2026-09-17 20:03:44 | INFO | Winning count: 19/21
2026-09-17 20:03:44 | INFO | Votes: {'REFUTES': 19, 'NOT ENOUGH INFO': 2}
2026-09-17 20:03:44 | INFO | Label accuracy: 1.0000
2026-09-17 20:03:44 | INFO | Result | Correct: True | Running Accuracy: 56.81% | Termination: cot_sc_majority | Steps: 21 | Tool calls: 0 | Latency: 8.766s
2026-09-17 20:03:44 | INFO | Prediction: SUPPORTS
2026-09-17 20:03:44 | INFO | Gold: SUPPORTS
2026-09-17 20:03:44 | INFO | Winning label: SUPPORTS
2026-09-17 20:03:44 | INFO | Winning count: 21/21
2026-09-17 20:03:44 | INFO | Votes: {'SUPPORTS': 21}
2026-09-17 20:03:44 | INFO | Label accuracy: 1.0000
2026-09-17 20:03:44 | INFO | Result | Correct: True | Running Accuracy: 56.90% | Termination: cot_sc_majority | Steps: 21 | Tool calls: 0 | Latency: 8.766s
2026-09-17 20:03:44 | INFO | Prediction: SUPPORTS
2026-09-17 20:03:44 | INFO | Gold: NOT ENOUGH INFO
2026-09-17 20:03:44 | INFO | Winning label: SUPPORTS
2026-09-17 20:03:44 | INFO | Winning count: 21/21
2026-09-17 20:03:44 | INFO | Votes: {'SUPPORTS': 21}
2026-09-17 20:03:44 | INFO | Label accuracy: 0.0000
2026-09-17 20:03:44 | INFO | Result | Correct: False | Running Accuracy: 56.78% | Termination: cot_sc_majority | Steps: 21 | Tool calls: 0 | Latency: 8.766s
2026-09-17 20:03:44 | INFO | Prediction: SUPPORTS
2026-09-17 20:03:44 | INFO | Gold: SUPPORTS
2026-09-17 20:03:44 | INFO | Winning label: SUPPORTS
2026-09-17 20:03:44 | INFO | Winning count: 21/21
2026-09-17 20:03:44 | INFO | Votes: {'SUPPORTS': 21}
2026-09-17 20:03:44 | INFO | Label accuracy: 1.0000
2026-09-17 20:03:44 | INFO | Result | Correct: True | Running Accuracy: 56.88% | Termination: cot_sc_majority | Steps: 21 | Tool calls: 0 | Latency: 8.766s
2026-09-17 20:03:44 | INFO | Inference batch [481-496/500] size=16
2026-09-17 20:03:44 | INFO | [481/500] example_id=51852
2026-09-17 20:03:44 | INFO | Claim: Stephen Colbert is on CBS as host of The Late Show.
2026-09-17 20:03:44 | INFO | [482/500] example_id=67144
2026-09-17 20:03:44 | INFO | Claim: Noah Cyrus is the youngest daughter of Garth Brooks.
2026-09-17 20:03:44 | INFO | [483/500] example_id=103158
2026-09-17 20:03:44 | INFO | Claim: Blue Jasmine has an Australian actress in it.
2026-09-17 20:03:44 | INFO | [484/500] example_id=143176
2026-09-17 20:03:44 | INFO | Claim: Bessie Smith died, of lung cancer, on September 26, 1937.
2026-09-17 20:03:44 | INFO | [485/500] example_id=65516
2026-09-17 20:03:44 | INFO | Claim: In the End was released through Warner Bros entertainment company.
2026-09-17 20:03:44 | INFO | [486/500] example_id=197377
2026-09-17 20:03:44 | INFO | Claim: Simón Bolívar graduated college on July 24th, 1783.
2026-09-17 20:03:44 | INFO | [487/500] example_id=115261
2026-09-17 20:03:44 | INFO | Claim: A monster is frequently ugly.
2026-09-17 20:03:44 | INFO | [488/500] example_id=13934
2026-09-17 20:03:44 | INFO | Claim: The Republic of Macedonia is in the Balkan Peninsula.
2026-09-17 20:03:44 | INFO | [489/500] example_id=17657
2026-09-17 20:03:44 | INFO | Claim: TakePart is the digital division of a Chilean film production company.
2026-09-17 20:03:44 | INFO | [490/500] example_id=152011
2026-09-17 20:03:44 | INFO | Claim: Around the age of 60, amyotrophic lateral sclerosis usually starts.
2026-09-17 20:03:44 | INFO | [491/500] example_id=7792
2026-09-17 20:03:44 | INFO | Claim: The Bassoon King's writer is Rainn Wilson.
2026-09-17 20:03:44 | INFO | [492/500] example_id=10204
2026-09-17 20:03:44 | INFO | Claim: The Battle of France was the German invasion of France.
2026-09-17 20:03:44 | INFO | [493/500] example_id=38080
2026-09-17 20:03:44 | INFO | Claim: Tiber Oil Field is located in the Keathley Canyon block 102 of the United States tank of the Gulf of Mexico.
2026-09-17 20:03:44 | INFO | [494/500] example_id=202454
2026-09-17 20:03:44 | INFO | Claim: Tinker Tailor Soldier Spy is a music video.
2026-09-17 20:03:44 | INFO | [495/500] example_id=93624
2026-09-17 20:03:44 | INFO | Claim: Lockhead Martin F-35 Lightning II first flew on December 15th, 2006.
2026-09-17 20:03:44 | INFO | [496/500] example_id=187315
2026-09-17 20:03:44 | INFO | Claim: Diana, Princess of Wales has yet to be married.
2026-09-17 20:05:40 | INFO | Prediction: SUPPORTS
2026-09-17 20:05:40 | INFO | Gold: SUPPORTS
2026-09-17 20:05:40 | INFO | Winning label: SUPPORTS
2026-09-17 20:05:40 | INFO | Winning count: 21/21
2026-09-17 20:05:40 | INFO | Votes: {'SUPPORTS': 21}
2026-09-17 20:05:40 | INFO | Label accuracy: 1.0000
2026-09-17 20:05:40 | INFO | Result | Correct: True | Running Accuracy: 56.96% | Termination: cot_sc_majority | Steps: 21 | Tool calls: 0 | Latency: 7.261s
2026-09-17 20:05:40 | INFO | Prediction: REFUTES
2026-09-17 20:05:40 | INFO | Gold: NOT ENOUGH INFO
2026-09-17 20:05:40 | INFO | Winning label: REFUTES
2026-09-17 20:05:40 | INFO | Winning count: 19/21
2026-09-17 20:05:40 | INFO | Votes: {'REFUTES': 19, 'SUPPORTS': 1}
2026-09-17 20:05:40 | INFO | Label accuracy: 0.0000
2026-09-17 20:05:40 | INFO | Result | Correct: False | Running Accuracy: 56.85% | Termination: cot_sc_majority | Steps: 21 | Tool calls: 0 | Latency: 7.261s
2026-09-17 20:05:40 | INFO | Prediction: SUPPORTS
2026-09-17 20:05:40 | INFO | Gold: REFUTES
2026-09-17 20:05:40 | INFO | Winning label: SUPPORTS
2026-09-17 20:05:40 | INFO | Winning count: 21/21
2026-09-17 20:05:40 | INFO | Votes: {'SUPPORTS': 21}
2026-09-17 20:05:40 | INFO | Label accuracy: 0.0000
2026-09-17 20:05:40 | INFO | Result | Correct: False | Running Accuracy: 56.73% | Termination: cot_sc_majority | Steps: 21 | Tool calls: 0 | Latency: 7.261s
2026-09-17 20:05:40 | INFO | Prediction: REFUTES
2026-09-17 20:05:40 | INFO | Gold: NOT ENOUGH INFO
2026-09-17 20:05:40 | INFO | Winning label: REFUTES
2026-09-17 20:05:40 | INFO | Winning count: 21/21
2026-09-17 20:05:40 | INFO | Votes: {'REFUTES': 21}
2026-09-17 20:05:40 | INFO | Label accuracy: 0.0000
2026-09-17 20:05:40 | INFO | Result | Correct: False | Running Accuracy: 56.61% | Termination: cot_sc_majority | Steps: 21 | Tool calls: 0 | Latency: 7.261s
2026-09-17 20:05:40 | INFO | Prediction: SUPPORTS
2026-09-17 20:05:40 | INFO | Gold: SUPPORTS
2026-09-17 20:05:40 | INFO | Winning label: SUPPORTS
2026-09-17 20:05:40 | INFO | Winning count: 19/21
2026-09-17 20:05:40 | INFO | Votes: {'SUPPORTS': 19, 'REFUTES': 1, 'NOT ENOUGH INFO': 1}
2026-09-17 20:05:40 | INFO | Label accuracy: 1.0000
2026-09-17 20:05:40 | INFO | Result | Correct: True | Running Accuracy: 56.70% | Termination: cot_sc_majority | Steps: 21 | Tool calls: 0 | Latency: 7.261s
2026-09-17 20:05:40 | INFO | Prediction: REFUTES
2026-09-17 20:05:40 | INFO | Gold: REFUTES
2026-09-17 20:05:40 | INFO | Winning label: REFUTES
2026-09-17 20:05:40 | INFO | Winning count: 19/21
2026-09-17 20:05:40 | INFO | Votes: {'REFUTES': 19, 'NOT ENOUGH INFO': 2}
2026-09-17 20:05:40 | INFO | Label accuracy: 1.0000
2026-09-17 20:05:40 | INFO | Result | Correct: True | Running Accuracy: 56.79% | Termination: cot_sc_majority | Steps: 21 | Tool calls: 0 | Latency: 7.261s
2026-09-17 20:05:40 | INFO | Prediction: NOT ENOUGH INFO
2026-09-17 20:05:40 | INFO | Gold: NOT ENOUGH INFO
2026-09-17 20:05:40 | INFO | Winning label: NOT ENOUGH INFO
2026-09-17 20:05:40 | INFO | Winning count: 17/21
2026-09-17 20:05:40 | INFO | Votes: {'NOT ENOUGH INFO': 17, 'SUPPORTS': 4}
2026-09-17 20:05:40 | INFO | Label accuracy: 1.0000
2026-09-17 20:05:40 | INFO | Result | Correct: True | Running Accuracy: 56.88% | Termination: cot_sc_majority | Steps: 21 | Tool calls: 0 | Latency: 7.261s
2026-09-17 20:05:40 | INFO | Prediction: SUPPORTS
2026-09-17 20:05:40 | INFO | Gold: SUPPORTS
2026-09-17 20:05:40 | INFO | Winning label: SUPPORTS
2026-09-17 20:05:40 | INFO | Winning count: 21/21
2026-09-17 20:05:40 | INFO | Votes: {'SUPPORTS': 21}
2026-09-17 20:05:40 | INFO | Label accuracy: 1.0000
2026-09-17 20:05:40 | INFO | Result | Correct: True | Running Accuracy: 56.97% | Termination: cot_sc_majority | Steps: 21 | Tool calls: 0 | Latency: 7.261s
2026-09-17 20:05:40 | INFO | Prediction: REFUTES
2026-09-17 20:05:40 | INFO | Gold: NOT ENOUGH INFO
2026-09-17 20:05:40 | INFO | Winning label: REFUTES
2026-09-17 20:05:40 | INFO | Winning count: 21/21
2026-09-17 20:05:40 | INFO | Votes: {'REFUTES': 21}
2026-09-17 20:05:40 | INFO | Label accuracy: 0.0000
2026-09-17 20:05:40 | INFO | Result | Correct: False | Running Accuracy: 56.85% | Termination: cot_sc_majority | Steps: 21 | Tool calls: 0 | Latency: 7.261s
2026-09-17 20:05:40 | INFO | Prediction: SUPPORTS
2026-09-17 20:05:40 | INFO | Gold: SUPPORTS
2026-09-17 20:05:40 | INFO | Winning label: SUPPORTS
2026-09-17 20:05:40 | INFO | Winning count: 21/21
2026-09-17 20:05:40 | INFO | Votes: {'SUPPORTS': 21}
2026-09-17 20:05:40 | INFO | Label accuracy: 1.0000
2026-09-17 20:05:40 | INFO | Result | Correct: True | Running Accuracy: 56.94% | Termination: cot_sc_majority | Steps: 21 | Tool calls: 0 | Latency: 7.261s
2026-09-17 20:05:40 | INFO | Prediction: NOT ENOUGH INFO
2026-09-17 20:05:40 | INFO | Gold: SUPPORTS
2026-09-17 20:05:40 | INFO | Winning label: NOT ENOUGH INFO
2026-09-17 20:05:40 | INFO | Winning count: 16/21
2026-09-17 20:05:40 | INFO | Votes: {'NOT ENOUGH INFO': 16, 'REFUTES': 5}
2026-09-17 20:05:40 | INFO | Label accuracy: 0.0000
2026-09-17 20:05:40 | INFO | Result | Correct: False | Running Accuracy: 56.82% | Termination: cot_sc_majority | Steps: 21 | Tool calls: 0 | Latency: 7.261s
2026-09-17 20:05:40 | INFO | Prediction: SUPPORTS
2026-09-17 20:05:40 | INFO | Gold: SUPPORTS
2026-09-17 20:05:40 | INFO | Winning label: SUPPORTS
2026-09-17 20:05:40 | INFO | Winning count: 21/21
2026-09-17 20:05:40 | INFO | Votes: {'SUPPORTS': 21}
2026-09-17 20:05:40 | INFO | Label accuracy: 1.0000
2026-09-17 20:05:40 | INFO | Result | Correct: True | Running Accuracy: 56.91% | Termination: cot_sc_majority | Steps: 21 | Tool calls: 0 | Latency: 7.261s
2026-09-17 20:05:40 | INFO | Prediction: SUPPORTS
2026-09-17 20:05:40 | INFO | Gold: NOT ENOUGH INFO
2026-09-17 20:05:40 | INFO | Winning label: SUPPORTS
2026-09-17 20:05:40 | INFO | Winning count: 18/21
2026-09-17 20:05:40 | INFO | Votes: {'SUPPORTS': 18, 'NOT ENOUGH INFO': 3}
2026-09-17 20:05:40 | INFO | Label accuracy: 0.0000
2026-09-17 20:05:40 | INFO | Result | Correct: False | Running Accuracy: 56.80% | Termination: cot_sc_majority | Steps: 21 | Tool calls: 0 | Latency: 7.261s
2026-09-17 20:05:40 | INFO | Prediction: REFUTES
2026-09-17 20:05:40 | INFO | Gold: REFUTES
2026-09-17 20:05:40 | INFO | Winning label: REFUTES
2026-09-17 20:05:40 | INFO | Winning count: 20/21
2026-09-17 20:05:40 | INFO | Votes: {'REFUTES': 20, 'NOT ENOUGH INFO': 1}
2026-09-17 20:05:40 | INFO | Label accuracy: 1.0000
2026-09-17 20:05:40 | INFO | Result | Correct: True | Running Accuracy: 56.88% | Termination: cot_sc_majority | Steps: 21 | Tool calls: 0 | Latency: 7.261s
2026-09-17 20:05:40 | INFO | Prediction: SUPPORTS
2026-09-17 20:05:40 | INFO | Gold: SUPPORTS
2026-09-17 20:05:40 | INFO | Winning label: SUPPORTS
2026-09-17 20:05:40 | INFO | Winning count: 21/21
2026-09-17 20:05:40 | INFO | Votes: {'SUPPORTS': 21}
2026-09-17 20:05:40 | INFO | Label accuracy: 1.0000
2026-09-17 20:05:40 | INFO | Result | Correct: True | Running Accuracy: 56.97% | Termination: cot_sc_majority | Steps: 21 | Tool calls: 0 | Latency: 7.261s
2026-09-17 20:05:40 | INFO | Prediction: REFUTES
2026-09-17 20:05:40 | INFO | Gold: REFUTES
2026-09-17 20:05:40 | INFO | Winning label: REFUTES
2026-09-17 20:05:40 | INFO | Winning count: 21/21
2026-09-17 20:05:40 | INFO | Votes: {'REFUTES': 21}
2026-09-17 20:05:40 | INFO | Label accuracy: 1.0000
2026-09-17 20:05:40 | INFO | Result | Correct: True | Running Accuracy: 57.06% | Termination: cot_sc_majority | Steps: 21 | Tool calls: 0 | Latency: 7.261s
2026-09-17 20:05:40 | INFO | Inference batch [497-500/500] size=4
2026-09-17 20:05:40 | INFO | [497/500] example_id=70833
2026-09-17 20:05:40 | INFO | Claim: The Quran pertains to Islam.
2026-09-17 20:05:40 | INFO | [498/500] example_id=180577
2026-09-17 20:05:40 | INFO | Claim: Swordfish (film) is a film that is about a person who is targeted for a crime conspiracy.
2026-09-17 20:05:40 | INFO | [499/500] example_id=194486
2026-09-17 20:05:40 | INFO | Claim: Tilda Swinton acts.
2026-09-17 20:05:40 | INFO | [500/500] example_id=122081
2026-09-17 20:05:40 | INFO | Claim: Lost won numerous prizes.
2026-09-17 20:06:50 | INFO | Prediction: SUPPORTS
2026-09-17 20:06:50 | INFO | Gold: SUPPORTS
2026-09-17 20:06:50 | INFO | Winning label: SUPPORTS
2026-09-17 20:06:50 | INFO | Winning count: 21/21
2026-09-17 20:06:50 | INFO | Votes: {'SUPPORTS': 21}
2026-09-17 20:06:50 | INFO | Label accuracy: 1.0000
2026-09-17 20:06:50 | INFO | Result | Correct: True | Running Accuracy: 57.14% | Termination: cot_sc_majority | Steps: 21 | Tool calls: 0 | Latency: 17.434s
2026-09-17 20:06:50 | INFO | Prediction: SUPPORTS
2026-09-17 20:06:50 | INFO | Gold: SUPPORTS
2026-09-17 20:06:50 | INFO | Winning label: SUPPORTS
2026-09-17 20:06:50 | INFO | Winning count: 19/21
2026-09-17 20:06:50 | INFO | Votes: {'SUPPORTS': 19}
2026-09-17 20:06:50 | INFO | Label accuracy: 1.0000
2026-09-17 20:06:50 | INFO | Result | Correct: True | Running Accuracy: 57.23% | Termination: cot_sc_majority | Steps: 21 | Tool calls: 0 | Latency: 17.434s
2026-09-17 20:06:50 | INFO | Prediction: SUPPORTS
2026-09-17 20:06:50 | INFO | Gold: SUPPORTS
2026-09-17 20:06:50 | INFO | Winning label: SUPPORTS
2026-09-17 20:06:50 | INFO | Winning count: 21/21
2026-09-17 20:06:50 | INFO | Votes: {'SUPPORTS': 21}
2026-09-17 20:06:50 | INFO | Label accuracy: 1.0000
2026-09-17 20:06:50 | INFO | Result | Correct: True | Running Accuracy: 57.31% | Termination: cot_sc_majority | Steps: 21 | Tool calls: 0 | Latency: 17.434s
2026-09-17 20:06:50 | INFO | Prediction: SUPPORTS
2026-09-17 20:06:50 | INFO | Gold: NOT ENOUGH INFO
2026-09-17 20:06:50 | INFO | Winning label: SUPPORTS
2026-09-17 20:06:50 | INFO | Winning count: 21/21
2026-09-17 20:06:50 | INFO | Votes: {'SUPPORTS': 21}
2026-09-17 20:06:50 | INFO | Label accuracy: 0.0000
2026-09-17 20:06:50 | INFO | Result | Correct: False | Running Accuracy: 57.20% | Termination: cot_sc_majority | Steps: 21 | Tool calls: 0 | Latency: 17.434s
2026-09-17 20:06:50 | INFO | === FINAL FEVER METRICS ===
2026-09-17 20:06:50 | INFO | metric.accuracy=0.572000
2026-09-17 20:06:50 | INFO | metric.invalid_unparsed=0
2026-09-17 20:06:50 | INFO | metric.per_class_accuracy={'SUPPORTS': 0.7873563218390804, 'REFUTES': 0.6830985915492958, 'NOT ENOUGH INFO': 0.2826086956521739}
2026-09-17 20:06:50 | INFO | metric.confusion_matrix={'SUPPORTS': {'SUPPORTS': 137, 'REFUTES': 14, 'NOT ENOUGH INFO': 23, 'INVALID': 0}, 'REFUTES': {'SUPPORTS': 20, 'REFUTES': 97, 'NOT ENOUGH INFO': 25, 'INVALID': 0}, 'NOT ENOUGH INFO': {'SUPPORTS': 43, 'REFUTES': 89, 'NOT ENOUGH INFO': 52, 'INVALID': 0}}
2026-09-17 20:06:50 | INFO | metric.total_examples=500
2026-09-17 20:06:50 | INFO | metric.correct=286
2026-09-17 20:06:50 | INFO | metric.incorrect=214
2026-09-17 20:06:50 | INFO | metric.average_steps=21.000000
2026-09-17 20:06:50 | INFO | metric.average_tool_calls=0.000000
2026-09-17 20:06:50 | INFO | metric.runtime_seconds=3775.698980
2026-09-17 20:06:50 | INFO | metric.termination_reasons={'cot_sc_majority': 482, 'cot_sc_plurality': 18}
2026-09-17 20:06:50 | INFO | === END FINAL FEVER METRICS ===
2026-09-17 20:06:50 | INFO | Benchmark complete: primary_metric=0.5720
2026-09-17 20:06:50 | INFO | Metrics: /content/drive/MyDrive/ReACT_ICLR_2023_Reproduction/fever_benchmarks/qwen25_7b_seed42/80066d6d/paper/outputs/fever/cot-sc/2026-09-17_190339/metrics.json
